Message,Label
Win your loan approval #0. Reply YES.,Spam
Get your coupon #1. Limited offer.,Spam
Win your cash reward #2. Act fast.,Spam
Grab your coupon #3. Reply YES.,Spam
Get your gift card #4. Act fast.,Spam
Claim your coupon #5. Limited offer.,Spam
Claim your bonus #6. Visit today.,Spam
Grab your bonus #7. Click now.,Spam
Claim your cash reward #8. Visit today.,Spam
Win your cash reward #9. Limited offer.,Spam
Claim your bonus #10. Limited offer.,Spam
Unlock your iPhone #11. Limited offer.,Spam
Get your cash reward #12. Reply YES.,Spam
Unlock your bonus #13. Register now.,Spam
Win your cash reward #14. Click now.,Spam
Win your gift card #15. Act fast.,Spam
Grab your vacation #16. Limited offer.,Spam
Grab your loan approval #17. Act fast.,Spam
Claim your vacation #18. Register now.,Spam
Get your coupon #19. Visit today.,Spam
Grab your gift card #20. Visit today.,Spam
Unlock your iPhone #21. Limited offer.,Spam
Win your bonus #22. Register now.,Spam
Win your iPhone #23. Visit today.,Spam
Win your vacation #24. Click now.,Spam
Get your iPhone #25. Limited offer.,Spam
Unlock your vacation #26. Reply YES.,Spam
Claim your cash reward #27. Act fast.,Spam
Unlock your bonus #28. Limited offer.,Spam
Claim your gift card #29. Reply YES.,Spam
Receive your loan approval #30. Visit today.,Spam
Claim your gift card #31. Click now.,Spam
Win your gift card #32. Limited offer.,Spam
Win your iPhone #33. Click now.,Spam
Get your loan approval #34. Register now.,Spam
Grab your loan approval #35. Reply YES.,Spam
Get your bonus #36. Limited offer.,Spam
Unlock your iPhone #37. Register now.,Spam
Claim your gift card #38. Act fast.,Spam
Get your cash reward #39. Reply YES.,Spam
Grab your vacation #40. Act fast.,Spam
Get your iPhone #41. Limited offer.,Spam
Receive your bonus #42. Reply YES.,Spam
Get your cash reward #43. Click now.,Spam
Receive your bonus #44. Limited offer.,Spam
Get your loan approval #45. Register now.,Spam
Get your vacation #46. Reply YES.,Spam
Unlock your gift card #47. Reply YES.,Spam
Get your bonus #48. Act fast.,Spam
Grab your coupon #49. Act fast.,Spam
Win your gift card #50. Visit today.,Spam
Unlock your loan approval #51. Act fast.,Spam
Unlock your iPhone #52. Click now.,Spam
Receive your loan approval #53. Register now.,Spam
Win your loan approval #54. Register now.,Spam
Win your cash reward #55. Reply YES.,Spam
Unlock your coupon #56. Reply YES.,Spam
Claim your iPhone #57. Limited offer.,Spam
Grab your gift card #58. Register now.,Spam
Grab your cash reward #59. Register now.,Spam
Get your gift card #60. Reply YES.,Spam
Win your gift card #61. Limited offer.,Spam
Get your gift card #62. Reply YES.,Spam
Receive your bonus #63. Click now.,Spam
Receive your gift card #64. Click now.,Spam
Win your loan approval #65. Limited offer.,Spam
Grab your cash reward #66. Register now.,Spam
Grab your gift card #67. Register now.,Spam
Unlock your iPhone #68. Visit today.,Spam
Grab your bonus #69. Click now.,Spam
Receive your cash reward #70. Click now.,Spam
Win your bonus #71. Register now.,Spam
Get your iPhone #72. Limited offer.,Spam
Get your vacation #73. Act fast.,Spam
Claim your vacation #74. Click now.,Spam
Win your cash reward #75. Limited offer.,Spam
Unlock your iPhone #76. Click now.,Spam
Receive your bonus #77. Register now.,Spam
Receive your iPhone #78. Reply YES.,Spam
Win your gift card #79. Visit today.,Spam
Unlock your vacation #80. Click now.,Spam
Grab your iPhone #81. Click now.,Spam
Claim your iPhone #82. Register now.,Spam
Claim your vacation #83. Limited offer.,Spam
Win your iPhone #84. Click now.,Spam
Receive your vacation #85. Limited offer.,Spam
Get your coupon #86. Reply YES.,Spam
Claim your cash reward #87. Visit today.,Spam
Grab your vacation #88. Visit today.,Spam
Unlock your vacation #89. Limited offer.,Spam
Receive your gift card #90. Act fast.,Spam
Receive your vacation #91. Visit today.,Spam
Claim your coupon #92. Act fast.,Spam
Claim your gift card #93. Act fast.,Spam
Get your cash reward #94. Visit today.,Spam
Unlock your bonus #95. Click now.,Spam
Receive your bonus #96. Register now.,Spam
Grab your iPhone #97. Act fast.,Spam
Receive your coupon #98. Limited offer.,Spam
Unlock your bonus #99. Act fast.,Spam
Grab your vacation #100. Register now.,Spam
Get your loan approval #101. Visit today.,Spam
Receive your coupon #102. Register now.,Spam
Unlock your vacation #103. Reply YES.,Spam
Get your gift card #104. Visit today.,Spam
Grab your iPhone #105. Register now.,Spam
Grab your gift card #106. Reply YES.,Spam
Unlock your cash reward #107. Click now.,Spam
Unlock your gift card #108. Act fast.,Spam
Claim your bonus #109. Visit today.,Spam
Grab your iPhone #110. Act fast.,Spam
Win your vacation #111. Act fast.,Spam
Grab your vacation #112. Register now.,Spam
Get your iPhone #113. Register now.,Spam
Claim your cash reward #114. Reply YES.,Spam
Win your cash reward #115. Click now.,Spam
Get your bonus #116. Register now.,Spam
Grab your coupon #117. Click now.,Spam
Unlock your bonus #118. Register now.,Spam
Win your coupon #119. Act fast.,Spam
Claim your iPhone #120. Act fast.,Spam
Grab your bonus #121. Limited offer.,Spam
Receive your coupon #122. Reply YES.,Spam
Receive your iPhone #123. Act fast.,Spam
Grab your coupon #124. Click now.,Spam
Win your iPhone #125. Act fast.,Spam
Win your coupon #126. Click now.,Spam
Grab your loan approval #127. Register now.,Spam
Claim your gift card #128. Reply YES.,Spam
Grab your cash reward #129. Register now.,Spam
Receive your bonus #130. Click now.,Spam
Receive your cash reward #131. Register now.,Spam
Receive your cash reward #132. Reply YES.,Spam
Claim your vacation #133. Limited offer.,Spam
Get your loan approval #134. Register now.,Spam
Win your iPhone #135. Limited offer.,Spam
Get your vacation #136. Act fast.,Spam
Get your coupon #137. Click now.,Spam
Claim your bonus #138. Register now.,Spam
Claim your iPhone #139. Click now.,Spam
Claim your coupon #140. Visit today.,Spam
Get your vacation #141. Visit today.,Spam
Unlock your cash reward #142. Click now.,Spam
Win your bonus #143. Register now.,Spam
Unlock your cash reward #144. Limited offer.,Spam
Grab your loan approval #145. Visit today.,Spam
Receive your coupon #146. Click now.,Spam
Claim your bonus #147. Act fast.,Spam
Get your vacation #148. Click now.,Spam
Grab your cash reward #149. Visit today.,Spam
Receive your cash reward #150. Act fast.,Spam
Claim your iPhone #151. Click now.,Spam
Grab your vacation #152. Register now.,Spam
Grab your coupon #153. Register now.,Spam
Grab your bonus #154. Visit today.,Spam
Receive your vacation #155. Register now.,Spam
Claim your cash reward #156. Act fast.,Spam
Win your gift card #157. Click now.,Spam
Grab your coupon #158. Visit today.,Spam
Claim your coupon #159. Register now.,Spam
Claim your gift card #160. Click now.,Spam
Claim your bonus #161. Visit today.,Spam
Grab your bonus #162. Click now.,Spam
Get your coupon #163. Reply YES.,Spam
Get your coupon #164. Limited offer.,Spam
Grab your cash reward #165. Act fast.,Spam
Claim your coupon #166. Visit today.,Spam
Receive your vacation #167. Register now.,Spam
Claim your loan approval #168. Reply YES.,Spam
Grab your coupon #169. Visit today.,Spam
Win your gift card #170. Register now.,Spam
Receive your gift card #171. Limited offer.,Spam
Unlock your vacation #172. Limited offer.,Spam
Receive your loan approval #173. Act fast.,Spam
Receive your coupon #174. Click now.,Spam
Receive your loan approval #175. Register now.,Spam
Get your vacation #176. Register now.,Spam
Win your cash reward #177. Act fast.,Spam
Claim your vacation #178. Register now.,Spam
Claim your cash reward #179. Limited offer.,Spam
Get your gift card #180. Act fast.,Spam
Get your loan approval #181. Reply YES.,Spam
Unlock your vacation #182. Visit today.,Spam
Claim your vacation #183. Reply YES.,Spam
Grab your cash reward #184. Limited offer.,Spam
Get your iPhone #185. Act fast.,Spam
Claim your coupon #186. Limited offer.,Spam
Unlock your iPhone #187. Visit today.,Spam
Get your iPhone #188. Reply YES.,Spam
Unlock your vacation #189. Act fast.,Spam
Unlock your coupon #190. Act fast.,Spam
Win your vacation #191. Act fast.,Spam
Grab your bonus #192. Visit today.,Spam
Unlock your loan approval #193. Act fast.,Spam
Grab your coupon #194. Limited offer.,Spam
Unlock your bonus #195. Register now.,Spam
Receive your vacation #196. Limited offer.,Spam
Grab your loan approval #197. Click now.,Spam
Grab your cash reward #198. Visit today.,Spam
Unlock your coupon #199. Act fast.,Spam
Unlock your gift card #200. Reply YES.,Spam
Get your cash reward #201. Visit today.,Spam
Grab your gift card #202. Register now.,Spam
Receive your loan approval #203. Act fast.,Spam
Unlock your loan approval #204. Register now.,Spam
Grab your coupon #205. Limited offer.,Spam
Receive your cash reward #206. Click now.,Spam
Grab your cash reward #207. Visit today.,Spam
Receive your vacation #208. Register now.,Spam
Grab your iPhone #209. Limited offer.,Spam
Unlock your iPhone #210. Register now.,Spam
Unlock your vacation #211. Register now.,Spam
Receive your coupon #212. Reply YES.,Spam
Grab your vacation #213. Click now.,Spam
Win your bonus #214. Visit today.,Spam
Get your iPhone #215. Register now.,Spam
Receive your loan approval #216. Register now.,Spam
Grab your bonus #217. Register now.,Spam
Get your gift card #218. Visit today.,Spam
Get your loan approval #219. Click now.,Spam
Claim your loan approval #220. Register now.,Spam
Unlock your coupon #221. Visit today.,Spam
Claim your gift card #222. Act fast.,Spam
Grab your coupon #223. Click now.,Spam
Unlock your bonus #224. Register now.,Spam
Claim your vacation #225. Reply YES.,Spam
Grab your coupon #226. Register now.,Spam
Win your iPhone #227. Visit today.,Spam
Win your gift card #228. Click now.,Spam
Grab your bonus #229. Visit today.,Spam
Get your gift card #230. Reply YES.,Spam
Win your coupon #231. Reply YES.,Spam
Grab your cash reward #232. Register now.,Spam
Unlock your gift card #233. Register now.,Spam
Grab your bonus #234. Visit today.,Spam
Unlock your coupon #235. Reply YES.,Spam
Receive your vacation #236. Visit today.,Spam
Get your loan approval #237. Register now.,Spam
Receive your coupon #238. Visit today.,Spam
Win your bonus #239. Limited offer.,Spam
Claim your loan approval #240. Reply YES.,Spam
Win your vacation #241. Reply YES.,Spam
Grab your coupon #242. Register now.,Spam
Claim your gift card #243. Reply YES.,Spam
Receive your vacation #244. Click now.,Spam
Unlock your coupon #245. Act fast.,Spam
Get your vacation #246. Click now.,Spam
Grab your iPhone #247. Visit today.,Spam
Win your vacation #248. Act fast.,Spam
Get your cash reward #249. Visit today.,Spam
Win your vacation #250. Act fast.,Spam
Win your gift card #251. Register now.,Spam
Claim your gift card #252. Limited offer.,Spam
Unlock your cash reward #253. Register now.,Spam
Unlock your gift card #254. Click now.,Spam
Get your gift card #255. Reply YES.,Spam
Claim your coupon #256. Click now.,Spam
Win your cash reward #257. Limited offer.,Spam
Get your bonus #258. Register now.,Spam
Win your loan approval #259. Click now.,Spam
Receive your coupon #260. Act fast.,Spam
Claim your loan approval #261. Limited offer.,Spam
Win your vacation #262. Reply YES.,Spam
Grab your loan approval #263. Click now.,Spam
Get your coupon #264. Act fast.,Spam
Get your vacation #265. Reply YES.,Spam
Win your bonus #266. Click now.,Spam
Get your loan approval #267. Register now.,Spam
Unlock your coupon #268. Limited offer.,Spam
Get your loan approval #269. Reply YES.,Spam
Win your coupon #270. Act fast.,Spam
Receive your bonus #271. Limited offer.,Spam
Grab your iPhone #272. Act fast.,Spam
Grab your coupon #273. Click now.,Spam
Get your gift card #274. Act fast.,Spam
Grab your bonus #275. Act fast.,Spam
Get your iPhone #276. Act fast.,Spam
Get your iPhone #277. Click now.,Spam
Grab your vacation #278. Limited offer.,Spam
Receive your gift card #279. Limited offer.,Spam
Grab your cash reward #280. Act fast.,Spam
Receive your coupon #281. Click now.,Spam
Get your bonus #282. Act fast.,Spam
Unlock your coupon #283. Click now.,Spam
Win your cash reward #284. Limited offer.,Spam
Get your vacation #285. Click now.,Spam
Grab your bonus #286. Reply YES.,Spam
Win your coupon #287. Act fast.,Spam
Receive your vacation #288. Act fast.,Spam
Claim your cash reward #289. Reply YES.,Spam
Unlock your bonus #290. Click now.,Spam
Win your bonus #291. Register now.,Spam
Unlock your vacation #292. Register now.,Spam
Win your coupon #293. Reply YES.,Spam
Claim your vacation #294. Reply YES.,Spam
Receive your coupon #295. Click now.,Spam
Claim your coupon #296. Register now.,Spam
Claim your bonus #297. Act fast.,Spam
Claim your gift card #298. Click now.,Spam
Grab your iPhone #299. Act fast.,Spam
Claim your bonus #300. Visit today.,Spam
Get your gift card #301. Act fast.,Spam
Claim your bonus #302. Click now.,Spam
Grab your iPhone #303. Reply YES.,Spam
Grab your loan approval #304. Reply YES.,Spam
Receive your bonus #305. Limited offer.,Spam
Get your vacation #306. Reply YES.,Spam
Grab your loan approval #307. Act fast.,Spam
Receive your iPhone #308. Reply YES.,Spam
Win your iPhone #309. Reply YES.,Spam
Unlock your bonus #310. Act fast.,Spam
Grab your loan approval #311. Visit today.,Spam
Get your bonus #312. Register now.,Spam
Receive your gift card #313. Act fast.,Spam
Claim your cash reward #314. Limited offer.,Spam
Receive your gift card #315. Visit today.,Spam
Win your coupon #316. Limited offer.,Spam
Receive your gift card #317. Act fast.,Spam
Claim your iPhone #318. Reply YES.,Spam
Claim your gift card #319. Register now.,Spam
Grab your iPhone #320. Click now.,Spam
Claim your iPhone #321. Act fast.,Spam
Grab your loan approval #322. Limited offer.,Spam
Claim your vacation #323. Visit today.,Spam
Claim your coupon #324. Visit today.,Spam
Win your vacation #325. Act fast.,Spam
Receive your iPhone #326. Visit today.,Spam
Unlock your vacation #327. Act fast.,Spam
Grab your loan approval #328. Limited offer.,Spam
Claim your iPhone #329. Register now.,Spam
Receive your bonus #330. Act fast.,Spam
Win your coupon #331. Act fast.,Spam
Receive your bonus #332. Register now.,Spam
Unlock your vacation #333. Register now.,Spam
Unlock your iPhone #334. Click now.,Spam
Grab your iPhone #335. Click now.,Spam
Receive your bonus #336. Limited offer.,Spam
Receive your coupon #337. Limited offer.,Spam
Unlock your bonus #338. Visit today.,Spam
Grab your coupon #339. Click now.,Spam
Unlock your gift card #340. Register now.,Spam
Get your cash reward #341. Act fast.,Spam
Claim your cash reward #342. Register now.,Spam
Grab your cash reward #343. Register now.,Spam
Unlock your loan approval #344. Limited offer.,Spam
Grab your bonus #345. Act fast.,Spam
Receive your cash reward #346. Click now.,Spam
Win your loan approval #347. Act fast.,Spam
Claim your bonus #348. Register now.,Spam
Get your cash reward #349. Register now.,Spam
Receive your bonus #350. Visit today.,Spam
Get your vacation #351. Click now.,Spam
Receive your iPhone #352. Visit today.,Spam
Grab your cash reward #353. Visit today.,Spam
Claim your vacation #354. Reply YES.,Spam
Receive your bonus #355. Register now.,Spam
Unlock your cash reward #356. Limited offer.,Spam
Receive your cash reward #357. Act fast.,Spam
Unlock your vacation #358. Act fast.,Spam
Receive your vacation #359. Click now.,Spam
Receive your loan approval #360. Act fast.,Spam
Claim your vacation #361. Act fast.,Spam
Win your cash reward #362. Reply YES.,Spam
Claim your loan approval #363. Visit today.,Spam
Get your cash reward #364. Visit today.,Spam
Grab your loan approval #365. Reply YES.,Spam
Receive your bonus #366. Register now.,Spam
Get your vacation #367. Reply YES.,Spam
Grab your iPhone #368. Limited offer.,Spam
Grab your loan approval #369. Limited offer.,Spam
Grab your loan approval #370. Limited offer.,Spam
Win your loan approval #371. Limited offer.,Spam
Grab your coupon #372. Visit today.,Spam
Receive your gift card #373. Register now.,Spam
Claim your vacation #374. Act fast.,Spam
Win your coupon #375. Act fast.,Spam
Win your iPhone #376. Register now.,Spam
Win your cash reward #377. Act fast.,Spam
Win your vacation #378. Visit today.,Spam
Claim your vacation #379. Register now.,Spam
Receive your bonus #380. Register now.,Spam
Receive your coupon #381. Visit today.,Spam
Grab your bonus #382. Reply YES.,Spam
Claim your cash reward #383. Reply YES.,Spam
Receive your cash reward #384. Act fast.,Spam
Win your vacation #385. Act fast.,Spam
Get your coupon #386. Limited offer.,Spam
Claim your iPhone #387. Act fast.,Spam
Get your cash reward #388. Visit today.,Spam
Unlock your gift card #389. Visit today.,Spam
Get your loan approval #390. Limited offer.,Spam
Claim your loan approval #391. Reply YES.,Spam
Claim your vacation #392. Limited offer.,Spam
Unlock your coupon #393. Visit today.,Spam
Grab your bonus #394. Register now.,Spam
Claim your loan approval #395. Act fast.,Spam
Unlock your iPhone #396. Register now.,Spam
Unlock your gift card #397. Reply YES.,Spam
Claim your cash reward #398. Reply YES.,Spam
Receive your coupon #399. Limited offer.,Spam
Unlock your coupon #400. Visit today.,Spam
Receive your vacation #401. Register now.,Spam
Grab your cash reward #402. Act fast.,Spam
Receive your loan approval #403. Visit today.,Spam
Grab your cash reward #404. Visit today.,Spam
Get your iPhone #405. Limited offer.,Spam
Claim your coupon #406. Click now.,Spam
Grab your coupon #407. Reply YES.,Spam
Win your vacation #408. Limited offer.,Spam
Claim your iPhone #409. Act fast.,Spam
Win your loan approval #410. Limited offer.,Spam
Grab your loan approval #411. Visit today.,Spam
Get your coupon #412. Click now.,Spam
Grab your vacation #413. Act fast.,Spam
Grab your loan approval #414. Click now.,Spam
Get your bonus #415. Reply YES.,Spam
Claim your loan approval #416. Limited offer.,Spam
Receive your cash reward #417. Register now.,Spam
Claim your vacation #418. Click now.,Spam
Win your cash reward #419. Register now.,Spam
Receive your bonus #420. Click now.,Spam
Get your gift card #421. Reply YES.,Spam
Receive your coupon #422. Act fast.,Spam
Win your coupon #423. Limited offer.,Spam
Grab your vacation #424. Click now.,Spam
Claim your bonus #425. Click now.,Spam
Get your vacation #426. Reply YES.,Spam
Grab your cash reward #427. Limited offer.,Spam
Unlock your cash reward #428. Act fast.,Spam
Get your iPhone #429. Act fast.,Spam
Win your bonus #430. Limited offer.,Spam
Grab your gift card #431. Limited offer.,Spam
Grab your cash reward #432. Click now.,Spam
Receive your iPhone #433. Click now.,Spam
Grab your gift card #434. Limited offer.,Spam
Claim your gift card #435. Reply YES.,Spam
Claim your cash reward #436. Click now.,Spam
Claim your coupon #437. Visit today.,Spam
Win your vacation #438. Act fast.,Spam
Unlock your coupon #439. Register now.,Spam
Get your coupon #440. Click now.,Spam
Get your cash reward #441. Click now.,Spam
Unlock your iPhone #442. Register now.,Spam
Receive your iPhone #443. Limited offer.,Spam
Get your iPhone #444. Register now.,Spam
Claim your cash reward #445. Click now.,Spam
Receive your vacation #446. Act fast.,Spam
Unlock your coupon #447. Limited offer.,Spam
Grab your gift card #448. Click now.,Spam
Receive your vacation #449. Visit today.,Spam
Grab your bonus #450. Reply YES.,Spam
Win your cash reward #451. Limited offer.,Spam
Get your gift card #452. Register now.,Spam
Unlock your bonus #453. Reply YES.,Spam
Receive your cash reward #454. Register now.,Spam
Grab your cash reward #455. Click now.,Spam
Receive your cash reward #456. Act fast.,Spam
Unlock your gift card #457. Visit today.,Spam
Win your iPhone #458. Click now.,Spam
Receive your vacation #459. Reply YES.,Spam
Receive your bonus #460. Click now.,Spam
Receive your bonus #461. Click now.,Spam
Win your coupon #462. Click now.,Spam
Grab your cash reward #463. Limited offer.,Spam
Get your gift card #464. Register now.,Spam
Win your gift card #465. Click now.,Spam
Unlock your vacation #466. Register now.,Spam
Claim your iPhone #467. Limited offer.,Spam
Unlock your iPhone #468. Reply YES.,Spam
Get your cash reward #469. Reply YES.,Spam
Unlock your vacation #470. Click now.,Spam
Receive your iPhone #471. Limited offer.,Spam
Win your bonus #472. Act fast.,Spam
Claim your iPhone #473. Click now.,Spam
Unlock your cash reward #474. Click now.,Spam
Receive your cash reward #475. Click now.,Spam
Grab your gift card #476. Register now.,Spam
Grab your gift card #477. Reply YES.,Spam
Get your loan approval #478. Visit today.,Spam
Receive your coupon #479. Register now.,Spam
Claim your bonus #480. Register now.,Spam
Grab your iPhone #481. Visit today.,Spam
Grab your iPhone #482. Visit today.,Spam
Win your loan approval #483. Act fast.,Spam
Receive your bonus #484. Visit today.,Spam
Unlock your vacation #485. Reply YES.,Spam
Unlock your coupon #486. Act fast.,Spam
Receive your coupon #487. Register now.,Spam
Receive your cash reward #488. Register now.,Spam
Grab your cash reward #489. Visit today.,Spam
Win your cash reward #490. Reply YES.,Spam
Grab your bonus #491. Limited offer.,Spam
Claim your iPhone #492. Click now.,Spam
Get your coupon #493. Reply YES.,Spam
Get your gift card #494. Register now.,Spam
Grab your coupon #495. Click now.,Spam
Unlock your gift card #496. Limited offer.,Spam
Win your bonus #497. Act fast.,Spam
Win your loan approval #498. Visit today.,Spam
Win your gift card #499. Click now.,Spam
Unlock your vacation #500. Register now.,Spam
Grab your loan approval #501. Reply YES.,Spam
Grab your vacation #502. Act fast.,Spam
Unlock your loan approval #503. Act fast.,Spam
Get your gift card #504. Register now.,Spam
Win your iPhone #505. Reply YES.,Spam
Grab your coupon #506. Visit today.,Spam
Get your cash reward #507. Click now.,Spam
Grab your iPhone #508. Reply YES.,Spam
Claim your vacation #509. Act fast.,Spam
Grab your loan approval #510. Visit today.,Spam
Grab your vacation #511. Limited offer.,Spam
Unlock your iPhone #512. Visit today.,Spam
Grab your bonus #513. Limited offer.,Spam
Unlock your bonus #514. Visit today.,Spam
Unlock your gift card #515. Limited offer.,Spam
Win your bonus #516. Reply YES.,Spam
Unlock your coupon #517. Reply YES.,Spam
Unlock your loan approval #518. Register now.,Spam
Unlock your gift card #519. Register now.,Spam
Get your loan approval #520. Register now.,Spam
Get your gift card #521. Register now.,Spam
Get your cash reward #522. Limited offer.,Spam
Unlock your bonus #523. Limited offer.,Spam
Get your loan approval #524. Limited offer.,Spam
Unlock your vacation #525. Act fast.,Spam
Get your iPhone #526. Visit today.,Spam
Get your coupon #527. Limited offer.,Spam
Receive your coupon #528. Click now.,Spam
Receive your loan approval #529. Visit today.,Spam
Unlock your coupon #530. Limited offer.,Spam
Grab your cash reward #531. Act fast.,Spam
Get your coupon #532. Reply YES.,Spam
Unlock your cash reward #533. Click now.,Spam
Unlock your gift card #534. Reply YES.,Spam
Receive your bonus #535. Visit today.,Spam
Win your cash reward #536. Register now.,Spam
Grab your iPhone #537. Click now.,Spam
Win your bonus #538. Click now.,Spam
Win your vacation #539. Register now.,Spam
Unlock your vacation #540. Click now.,Spam
Win your coupon #541. Act fast.,Spam
Unlock your iPhone #542. Act fast.,Spam
Grab your iPhone #543. Register now.,Spam
Claim your loan approval #544. Limited offer.,Spam
Claim your bonus #545. Act fast.,Spam
Unlock your gift card #546. Reply YES.,Spam
Win your loan approval #547. Visit today.,Spam
Win your gift card #548. Visit today.,Spam
Unlock your loan approval #549. Click now.,Spam
Unlock your gift card #550. Reply YES.,Spam
Unlock your coupon #551. Limited offer.,Spam
Receive your loan approval #552. Act fast.,Spam
Unlock your iPhone #553. Visit today.,Spam
Grab your coupon #554. Click now.,Spam
Receive your gift card #555. Reply YES.,Spam
Win your loan approval #556. Limited offer.,Spam
Win your cash reward #557. Register now.,Spam
Get your loan approval #558. Act fast.,Spam
Get your gift card #559. Act fast.,Spam
Claim your vacation #560. Click now.,Spam
Get your vacation #561. Register now.,Spam
Win your bonus #562. Visit today.,Spam
Claim your vacation #563. Act fast.,Spam
Unlock your loan approval #564. Visit today.,Spam
Claim your loan approval #565. Reply YES.,Spam
Win your bonus #566. Visit today.,Spam
Grab your cash reward #567. Visit today.,Spam
Get your bonus #568. Click now.,Spam
Win your cash reward #569. Act fast.,Spam
Unlock your vacation #570. Limited offer.,Spam
Win your iPhone #571. Visit today.,Spam
Get your iPhone #572. Click now.,Spam
Get your gift card #573. Act fast.,Spam
Claim your iPhone #574. Reply YES.,Spam
Receive your iPhone #575. Visit today.,Spam
Unlock your bonus #576. Register now.,Spam
Get your loan approval #577. Limited offer.,Spam
Claim your loan approval #578. Limited offer.,Spam
Claim your loan approval #579. Limited offer.,Spam
Get your vacation #580. Click now.,Spam
Unlock your vacation #581. Visit today.,Spam
Get your cash reward #582. Register now.,Spam
Receive your iPhone #583. Act fast.,Spam
Receive your loan approval #584. Reply YES.,Spam
Claim your bonus #585. Register now.,Spam
Unlock your vacation #586. Register now.,Spam
Get your cash reward #587. Reply YES.,Spam
Claim your gift card #588. Reply YES.,Spam
Claim your bonus #589. Limited offer.,Spam
Get your vacation #590. Click now.,Spam
Unlock your loan approval #591. Act fast.,Spam
Claim your coupon #592. Visit today.,Spam
Unlock your loan approval #593. Act fast.,Spam
Receive your loan approval #594. Visit today.,Spam
Receive your loan approval #595. Reply YES.,Spam
Get your coupon #596. Register now.,Spam
Claim your bonus #597. Reply YES.,Spam
Claim your iPhone #598. Click now.,Spam
Unlock your iPhone #599. Register now.,Spam
Unlock your loan approval #600. Register now.,Spam
Receive your vacation #601. Act fast.,Spam
Claim your loan approval #602. Visit today.,Spam
Receive your gift card #603. Click now.,Spam
Grab your gift card #604. Act fast.,Spam
Get your bonus #605. Visit today.,Spam
Receive your loan approval #606. Register now.,Spam
Claim your cash reward #607. Visit today.,Spam
Win your coupon #608. Limited offer.,Spam
Grab your bonus #609. Limited offer.,Spam
Grab your bonus #610. Act fast.,Spam
Win your coupon #611. Visit today.,Spam
Receive your vacation #612. Visit today.,Spam
Get your cash reward #613. Act fast.,Spam
Claim your gift card #614. Reply YES.,Spam
Grab your gift card #615. Act fast.,Spam
Receive your loan approval #616. Reply YES.,Spam
Grab your bonus #617. Limited offer.,Spam
Receive your vacation #618. Limited offer.,Spam
Unlock your iPhone #619. Reply YES.,Spam
Win your cash reward #620. Limited offer.,Spam
Win your iPhone #621. Click now.,Spam
Claim your vacation #622. Act fast.,Spam
Get your gift card #623. Reply YES.,Spam
Unlock your coupon #624. Limited offer.,Spam
Win your coupon #625. Act fast.,Spam
Claim your gift card #626. Act fast.,Spam
Get your iPhone #627. Reply YES.,Spam
Get your vacation #628. Reply YES.,Spam
Unlock your cash reward #629. Visit today.,Spam
Grab your iPhone #630. Click now.,Spam
Grab your vacation #631. Act fast.,Spam
Get your cash reward #632. Act fast.,Spam
Claim your iPhone #633. Reply YES.,Spam
Claim your cash reward #634. Visit today.,Spam
Unlock your cash reward #635. Limited offer.,Spam
Unlock your vacation #636. Reply YES.,Spam
Grab your cash reward #637. Visit today.,Spam
Unlock your loan approval #638. Reply YES.,Spam
Get your iPhone #639. Act fast.,Spam
Win your gift card #640. Reply YES.,Spam
Unlock your loan approval #641. Reply YES.,Spam
Grab your cash reward #642. Visit today.,Spam
Claim your gift card #643. Visit today.,Spam
Win your loan approval #644. Click now.,Spam
Get your iPhone #645. Visit today.,Spam
Unlock your gift card #646. Reply YES.,Spam
Get your loan approval #647. Reply YES.,Spam
Get your loan approval #648. Limited offer.,Spam
Grab your coupon #649. Limited offer.,Spam
Claim your bonus #650. Visit today.,Spam
Unlock your iPhone #651. Limited offer.,Spam
Get your gift card #652. Click now.,Spam
Claim your loan approval #653. Click now.,Spam
Get your coupon #654. Click now.,Spam
Grab your cash reward #655. Visit today.,Spam
Win your coupon #656. Click now.,Spam
Unlock your loan approval #657. Register now.,Spam
Get your iPhone #658. Limited offer.,Spam
Unlock your gift card #659. Reply YES.,Spam
Claim your loan approval #660. Reply YES.,Spam
Grab your iPhone #661. Act fast.,Spam
Unlock your loan approval #662. Limited offer.,Spam
Claim your cash reward #663. Visit today.,Spam
Grab your coupon #664. Limited offer.,Spam
Unlock your cash reward #665. Reply YES.,Spam
Win your cash reward #666. Reply YES.,Spam
Receive your iPhone #667. Visit today.,Spam
Receive your loan approval #668. Reply YES.,Spam
Get your cash reward #669. Act fast.,Spam
Receive your loan approval #670. Register now.,Spam
Get your coupon #671. Register now.,Spam
Unlock your coupon #672. Limited offer.,Spam
Grab your bonus #673. Register now.,Spam
Get your cash reward #674. Reply YES.,Spam
Receive your vacation #675. Limited offer.,Spam
Win your cash reward #676. Reply YES.,Spam
Claim your iPhone #677. Limited offer.,Spam
Win your iPhone #678. Visit today.,Spam
Get your vacation #679. Limited offer.,Spam
Claim your iPhone #680. Click now.,Spam
Receive your iPhone #681. Visit today.,Spam
Receive your loan approval #682. Reply YES.,Spam
Unlock your gift card #683. Visit today.,Spam
Win your gift card #684. Reply YES.,Spam
Win your loan approval #685. Click now.,Spam
Receive your coupon #686. Register now.,Spam
Receive your loan approval #687. Reply YES.,Spam
Unlock your iPhone #688. Act fast.,Spam
Claim your iPhone #689. Click now.,Spam
Get your loan approval #690. Visit today.,Spam
Receive your iPhone #691. Click now.,Spam
Claim your loan approval #692. Act fast.,Spam
Get your vacation #693. Click now.,Spam
Unlock your gift card #694. Reply YES.,Spam
Win your coupon #695. Click now.,Spam
Claim your coupon #696. Register now.,Spam
Win your cash reward #697. Reply YES.,Spam
Grab your vacation #698. Register now.,Spam
Win your bonus #699. Register now.,Spam
Get your iPhone #700. Click now.,Spam
Grab your vacation #701. Visit today.,Spam
Claim your cash reward #702. Act fast.,Spam
Grab your coupon #703. Limited offer.,Spam
Win your bonus #704. Register now.,Spam
Receive your cash reward #705. Reply YES.,Spam
Unlock your loan approval #706. Act fast.,Spam
Claim your bonus #707. Click now.,Spam
Claim your vacation #708. Limited offer.,Spam
Unlock your bonus #709. Reply YES.,Spam
Get your iPhone #710. Limited offer.,Spam
Get your loan approval #711. Register now.,Spam
Win your bonus #712. Act fast.,Spam
Receive your loan approval #713. Click now.,Spam
Receive your gift card #714. Register now.,Spam
Win your vacation #715. Act fast.,Spam
Claim your iPhone #716. Visit today.,Spam
Win your coupon #717. Reply YES.,Spam
Grab your vacation #718. Visit today.,Spam
Win your cash reward #719. Register now.,Spam
Grab your cash reward #720. Act fast.,Spam
Get your gift card #721. Limited offer.,Spam
Receive your bonus #722. Act fast.,Spam
Unlock your coupon #723. Limited offer.,Spam
Get your coupon #724. Click now.,Spam
Unlock your coupon #725. Visit today.,Spam
Get your coupon #726. Act fast.,Spam
Get your gift card #727. Limited offer.,Spam
Grab your gift card #728. Register now.,Spam
Grab your coupon #729. Act fast.,Spam
Receive your bonus #730. Act fast.,Spam
Unlock your cash reward #731. Limited offer.,Spam
Win your bonus #732. Visit today.,Spam
Unlock your loan approval #733. Click now.,Spam
Win your gift card #734. Visit today.,Spam
Claim your iPhone #735. Reply YES.,Spam
Get your bonus #736. Limited offer.,Spam
Grab your coupon #737. Limited offer.,Spam
Grab your bonus #738. Visit today.,Spam
Receive your cash reward #739. Click now.,Spam
Grab your loan approval #740. Act fast.,Spam
Claim your coupon #741. Limited offer.,Spam
Win your gift card #742. Visit today.,Spam
Win your coupon #743. Click now.,Spam
Receive your vacation #744. Visit today.,Spam
Unlock your iPhone #745. Register now.,Spam
Win your loan approval #746. Click now.,Spam
Win your vacation #747. Limited offer.,Spam
Unlock your gift card #748. Click now.,Spam
Claim your loan approval #749. Reply YES.,Spam
Unlock your bonus #750. Click now.,Spam
Receive your loan approval #751. Limited offer.,Spam
Receive your coupon #752. Reply YES.,Spam
Receive your iPhone #753. Click now.,Spam
Grab your iPhone #754. Reply YES.,Spam
Get your cash reward #755. Limited offer.,Spam
Receive your bonus #756. Register now.,Spam
Claim your cash reward #757. Limited offer.,Spam
Receive your cash reward #758. Reply YES.,Spam
Get your iPhone #759. Act fast.,Spam
Get your bonus #760. Reply YES.,Spam
Receive your bonus #761. Act fast.,Spam
Claim your coupon #762. Click now.,Spam
Claim your bonus #763. Reply YES.,Spam
Claim your iPhone #764. Click now.,Spam
Get your iPhone #765. Act fast.,Spam
Grab your bonus #766. Register now.,Spam
Grab your loan approval #767. Limited offer.,Spam
Unlock your bonus #768. Visit today.,Spam
Win your cash reward #769. Limited offer.,Spam
Claim your cash reward #770. Reply YES.,Spam
Receive your bonus #771. Limited offer.,Spam
Receive your bonus #772. Limited offer.,Spam
Unlock your loan approval #773. Limited offer.,Spam
Unlock your coupon #774. Register now.,Spam
Unlock your bonus #775. Reply YES.,Spam
Claim your bonus #776. Reply YES.,Spam
Get your gift card #777. Click now.,Spam
Receive your vacation #778. Visit today.,Spam
Win your cash reward #779. Visit today.,Spam
Unlock your loan approval #780. Act fast.,Spam
Get your coupon #781. Register now.,Spam
Win your cash reward #782. Limited offer.,Spam
Claim your bonus #783. Visit today.,Spam
Grab your gift card #784. Limited offer.,Spam
Get your cash reward #785. Click now.,Spam
Receive your vacation #786. Register now.,Spam
Get your vacation #787. Reply YES.,Spam
Win your gift card #788. Visit today.,Spam
Unlock your iPhone #789. Register now.,Spam
Unlock your coupon #790. Visit today.,Spam
Receive your bonus #791. Register now.,Spam
Claim your bonus #792. Visit today.,Spam
Grab your bonus #793. Reply YES.,Spam
Win your loan approval #794. Limited offer.,Spam
Unlock your bonus #795. Click now.,Spam
Win your iPhone #796. Reply YES.,Spam
Receive your bonus #797. Act fast.,Spam
Win your coupon #798. Register now.,Spam
Claim your iPhone #799. Click now.,Spam
Unlock your cash reward #800. Register now.,Spam
Win your gift card #801. Reply YES.,Spam
Claim your vacation #802. Reply YES.,Spam
Claim your coupon #803. Visit today.,Spam
Receive your coupon #804. Limited offer.,Spam
Grab your loan approval #805. Reply YES.,Spam
Grab your cash reward #806. Limited offer.,Spam
Grab your gift card #807. Act fast.,Spam
Get your vacation #808. Reply YES.,Spam
Claim your loan approval #809. Register now.,Spam
Receive your loan approval #810. Act fast.,Spam
Get your bonus #811. Act fast.,Spam
Grab your loan approval #812. Register now.,Spam
Receive your bonus #813. Register now.,Spam
Grab your bonus #814. Visit today.,Spam
Get your coupon #815. Reply YES.,Spam
Claim your bonus #816. Act fast.,Spam
Claim your vacation #817. Register now.,Spam
Win your cash reward #818. Limited offer.,Spam
Grab your coupon #819. Act fast.,Spam
Grab your cash reward #820. Act fast.,Spam
Win your vacation #821. Visit today.,Spam
Grab your loan approval #822. Register now.,Spam
Grab your bonus #823. Act fast.,Spam
Claim your coupon #824. Click now.,Spam
Grab your bonus #825. Reply YES.,Spam
Receive your loan approval #826. Limited offer.,Spam
Unlock your iPhone #827. Register now.,Spam
Get your gift card #828. Click now.,Spam
Get your loan approval #829. Visit today.,Spam
Unlock your gift card #830. Click now.,Spam
Grab your gift card #831. Act fast.,Spam
Claim your iPhone #832. Visit today.,Spam
Win your gift card #833. Reply YES.,Spam
Win your cash reward #834. Click now.,Spam
Get your vacation #835. Act fast.,Spam
Claim your gift card #836. Click now.,Spam
Receive your coupon #837. Visit today.,Spam
Get your loan approval #838. Click now.,Spam
Receive your gift card #839. Reply YES.,Spam
Grab your cash reward #840. Act fast.,Spam
Get your bonus #841. Limited offer.,Spam
Unlock your coupon #842. Click now.,Spam
Receive your gift card #843. Act fast.,Spam
Claim your loan approval #844. Act fast.,Spam
Win your bonus #845. Visit today.,Spam
Win your loan approval #846. Limited offer.,Spam
Receive your coupon #847. Act fast.,Spam
Claim your iPhone #848. Act fast.,Spam
Claim your cash reward #849. Visit today.,Spam
Claim your cash reward #850. Click now.,Spam
Receive your cash reward #851. Click now.,Spam
Receive your coupon #852. Act fast.,Spam
Get your iPhone #853. Reply YES.,Spam
Unlock your bonus #854. Click now.,Spam
Claim your vacation #855. Register now.,Spam
Get your bonus #856. Limited offer.,Spam
Claim your cash reward #857. Visit today.,Spam
Receive your coupon #858. Visit today.,Spam
Receive your bonus #859. Register now.,Spam
Unlock your coupon #860. Limited offer.,Spam
Unlock your iPhone #861. Visit today.,Spam
Win your bonus #862. Register now.,Spam
Get your vacation #863. Reply YES.,Spam
Grab your cash reward #864. Limited offer.,Spam
Receive your gift card #865. Register now.,Spam
Get your gift card #866. Reply YES.,Spam
Unlock your vacation #867. Reply YES.,Spam
Get your coupon #868. Act fast.,Spam
Claim your coupon #869. Limited offer.,Spam
Claim your vacation #870. Click now.,Spam
Receive your gift card #871. Limited offer.,Spam
Win your cash reward #872. Act fast.,Spam
Grab your gift card #873. Register now.,Spam
Receive your bonus #874. Click now.,Spam
Grab your gift card #875. Click now.,Spam
Get your iPhone #876. Limited offer.,Spam
Win your gift card #877. Limited offer.,Spam
Receive your vacation #878. Limited offer.,Spam
Claim your vacation #879. Register now.,Spam
Unlock your vacation #880. Limited offer.,Spam
Receive your loan approval #881. Visit today.,Spam
Win your gift card #882. Click now.,Spam
Receive your gift card #883. Visit today.,Spam
Grab your loan approval #884. Visit today.,Spam
Unlock your loan approval #885. Reply YES.,Spam
Receive your gift card #886. Limited offer.,Spam
Unlock your bonus #887. Click now.,Spam
Grab your cash reward #888. Act fast.,Spam
Claim your loan approval #889. Limited offer.,Spam
Win your gift card #890. Limited offer.,Spam
Win your gift card #891. Register now.,Spam
Get your bonus #892. Register now.,Spam
Claim your bonus #893. Act fast.,Spam
Receive your coupon #894. Register now.,Spam
Receive your iPhone #895. Reply YES.,Spam
Win your coupon #896. Limited offer.,Spam
Get your loan approval #897. Reply YES.,Spam
Win your coupon #898. Limited offer.,Spam
Claim your iPhone #899. Limited offer.,Spam
Get your loan approval #900. Click now.,Spam
Unlock your iPhone #901. Register now.,Spam
Receive your coupon #902. Visit today.,Spam
Win your cash reward #903. Visit today.,Spam
Grab your bonus #904. Register now.,Spam
Get your loan approval #905. Act fast.,Spam
Get your gift card #906. Visit today.,Spam
Receive your vacation #907. Register now.,Spam
Unlock your bonus #908. Register now.,Spam
Unlock your vacation #909. Act fast.,Spam
Receive your vacation #910. Click now.,Spam
Claim your coupon #911. Click now.,Spam
Claim your cash reward #912. Limited offer.,Spam
Receive your vacation #913. Act fast.,Spam
Win your loan approval #914. Limited offer.,Spam
Get your gift card #915. Limited offer.,Spam
Win your cash reward #916. Reply YES.,Spam
Get your coupon #917. Limited offer.,Spam
Grab your loan approval #918. Click now.,Spam
Unlock your bonus #919. Act fast.,Spam
Receive your gift card #920. Register now.,Spam
Claim your vacation #921. Act fast.,Spam
Unlock your vacation #922. Visit today.,Spam
Unlock your iPhone #923. Register now.,Spam
Win your vacation #924. Register now.,Spam
Claim your gift card #925. Click now.,Spam
Grab your bonus #926. Click now.,Spam
Claim your gift card #927. Visit today.,Spam
Get your loan approval #928. Reply YES.,Spam
Receive your cash reward #929. Limited offer.,Spam
Claim your loan approval #930. Click now.,Spam
Get your gift card #931. Register now.,Spam
Claim your loan approval #932. Click now.,Spam
Grab your gift card #933. Visit today.,Spam
Grab your coupon #934. Limited offer.,Spam
Win your bonus #935. Limited offer.,Spam
Receive your coupon #936. Reply YES.,Spam
Unlock your bonus #937. Register now.,Spam
Receive your loan approval #938. Visit today.,Spam
Unlock your cash reward #939. Register now.,Spam
Receive your iPhone #940. Visit today.,Spam
Receive your coupon #941. Register now.,Spam
Claim your iPhone #942. Visit today.,Spam
Win your gift card #943. Visit today.,Spam
Receive your gift card #944. Visit today.,Spam
Unlock your cash reward #945. Click now.,Spam
Get your iPhone #946. Act fast.,Spam
Win your coupon #947. Click now.,Spam
Receive your iPhone #948. Visit today.,Spam
Claim your bonus #949. Act fast.,Spam
Get your iPhone #950. Register now.,Spam
Unlock your coupon #951. Visit today.,Spam
Grab your loan approval #952. Click now.,Spam
Receive your loan approval #953. Click now.,Spam
Claim your cash reward #954. Click now.,Spam
Win your coupon #955. Act fast.,Spam
Receive your gift card #956. Limited offer.,Spam
Claim your cash reward #957. Reply YES.,Spam
Receive your gift card #958. Act fast.,Spam
Grab your gift card #959. Limited offer.,Spam
Get your bonus #960. Reply YES.,Spam
Win your gift card #961. Visit today.,Spam
Receive your loan approval #962. Reply YES.,Spam
Unlock your cash reward #963. Act fast.,Spam
Get your iPhone #964. Limited offer.,Spam
Receive your gift card #965. Limited offer.,Spam
Get your iPhone #966. Reply YES.,Spam
Grab your loan approval #967. Register now.,Spam
Win your iPhone #968. Reply YES.,Spam
Claim your cash reward #969. Reply YES.,Spam
Claim your vacation #970. Visit today.,Spam
Get your coupon #971. Reply YES.,Spam
Get your gift card #972. Limited offer.,Spam
Grab your coupon #973. Reply YES.,Spam
Grab your gift card #974. Register now.,Spam
Win your bonus #975. Limited offer.,Spam
Win your bonus #976. Reply YES.,Spam
Get your bonus #977. Visit today.,Spam
Claim your bonus #978. Visit today.,Spam
Claim your bonus #979. Act fast.,Spam
Unlock your cash reward #980. Click now.,Spam
Unlock your gift card #981. Act fast.,Spam
Get your gift card #982. Visit today.,Spam
Unlock your cash reward #983. Act fast.,Spam
Claim your bonus #984. Click now.,Spam
Win your gift card #985. Act fast.,Spam
Receive your bonus #986. Register now.,Spam
Claim your cash reward #987. Visit today.,Spam
Get your vacation #988. Act fast.,Spam
Claim your iPhone #989. Act fast.,Spam
Grab your cash reward #990. Visit today.,Spam
Grab your vacation #991. Register now.,Spam
Get your iPhone #992. Act fast.,Spam
Claim your iPhone #993. Reply YES.,Spam
Claim your vacation #994. Visit today.,Spam
Grab your coupon #995. Register now.,Spam
Receive your loan approval #996. Act fast.,Spam
Win your vacation #997. Register now.,Spam
Grab your cash reward #998. Register now.,Spam
Unlock your coupon #999. Reply YES.,Spam
Win your bonus #1000. Reply YES.,Spam
Unlock your bonus #1001. Register now.,Spam
Receive your iPhone #1002. Reply YES.,Spam
Get your coupon #1003. Click now.,Spam
Get your gift card #1004. Visit today.,Spam
Claim your bonus #1005. Act fast.,Spam
Claim your iPhone #1006. Visit today.,Spam
Receive your vacation #1007. Register now.,Spam
Grab your iPhone #1008. Click now.,Spam
Get your coupon #1009. Click now.,Spam
Get your iPhone #1010. Register now.,Spam
Claim your iPhone #1011. Limited offer.,Spam
Unlock your iPhone #1012. Register now.,Spam
Claim your loan approval #1013. Limited offer.,Spam
Get your gift card #1014. Reply YES.,Spam
Get your gift card #1015. Register now.,Spam
Claim your bonus #1016. Limited offer.,Spam
Unlock your loan approval #1017. Limited offer.,Spam
Grab your bonus #1018. Register now.,Spam
Unlock your bonus #1019. Visit today.,Spam
Grab your gift card #1020. Visit today.,Spam
Win your coupon #1021. Register now.,Spam
Get your coupon #1022. Visit today.,Spam
Unlock your loan approval #1023. Click now.,Spam
Win your cash reward #1024. Limited offer.,Spam
Grab your coupon #1025. Act fast.,Spam
Receive your iPhone #1026. Limited offer.,Spam
Get your vacation #1027. Reply YES.,Spam
Get your loan approval #1028. Register now.,Spam
Get your coupon #1029. Act fast.,Spam
Win your cash reward #1030. Visit today.,Spam
Claim your iPhone #1031. Visit today.,Spam
Unlock your bonus #1032. Limited offer.,Spam
Unlock your gift card #1033. Act fast.,Spam
Win your coupon #1034. Click now.,Spam
Unlock your gift card #1035. Act fast.,Spam
Win your loan approval #1036. Register now.,Spam
Unlock your vacation #1037. Limited offer.,Spam
Unlock your loan approval #1038. Click now.,Spam
Claim your coupon #1039. Register now.,Spam
Receive your bonus #1040. Click now.,Spam
Unlock your vacation #1041. Register now.,Spam
Get your loan approval #1042. Reply YES.,Spam
Get your bonus #1043. Limited offer.,Spam
Claim your iPhone #1044. Visit today.,Spam
Unlock your iPhone #1045. Register now.,Spam
Claim your coupon #1046. Limited offer.,Spam
Get your loan approval #1047. Click now.,Spam
Receive your coupon #1048. Click now.,Spam
Claim your cash reward #1049. Click now.,Spam
Grab your loan approval #1050. Act fast.,Spam
Grab your vacation #1051. Register now.,Spam
Unlock your gift card #1052. Register now.,Spam
Grab your cash reward #1053. Reply YES.,Spam
Claim your vacation #1054. Register now.,Spam
Grab your vacation #1055. Register now.,Spam
Win your loan approval #1056. Reply YES.,Spam
Win your vacation #1057. Register now.,Spam
Receive your gift card #1058. Register now.,Spam
Get your vacation #1059. Visit today.,Spam
Get your iPhone #1060. Limited offer.,Spam
Receive your iPhone #1061. Click now.,Spam
Receive your iPhone #1062. Visit today.,Spam
Get your vacation #1063. Act fast.,Spam
Grab your cash reward #1064. Register now.,Spam
Claim your bonus #1065. Visit today.,Spam
Receive your bonus #1066. Register now.,Spam
Unlock your loan approval #1067. Act fast.,Spam
Receive your bonus #1068. Act fast.,Spam
Unlock your loan approval #1069. Visit today.,Spam
Get your gift card #1070. Click now.,Spam
Claim your iPhone #1071. Visit today.,Spam
Get your vacation #1072. Register now.,Spam
Win your loan approval #1073. Visit today.,Spam
Claim your cash reward #1074. Act fast.,Spam
Claim your bonus #1075. Limited offer.,Spam
Get your vacation #1076. Limited offer.,Spam
Get your coupon #1077. Click now.,Spam
Get your cash reward #1078. Click now.,Spam
Unlock your loan approval #1079. Click now.,Spam
Claim your vacation #1080. Act fast.,Spam
Unlock your vacation #1081. Click now.,Spam
Win your coupon #1082. Act fast.,Spam
Unlock your loan approval #1083. Reply YES.,Spam
Unlock your loan approval #1084. Limited offer.,Spam
Get your iPhone #1085. Click now.,Spam
Claim your bonus #1086. Reply YES.,Spam
Win your vacation #1087. Limited offer.,Spam
Unlock your coupon #1088. Act fast.,Spam
Receive your loan approval #1089. Click now.,Spam
Grab your bonus #1090. Reply YES.,Spam
Get your coupon #1091. Visit today.,Spam
Receive your gift card #1092. Visit today.,Spam
Get your coupon #1093. Limited offer.,Spam
Win your cash reward #1094. Act fast.,Spam
Grab your loan approval #1095. Visit today.,Spam
Claim your gift card #1096. Click now.,Spam
Receive your bonus #1097. Act fast.,Spam
Win your vacation #1098. Reply YES.,Spam
Unlock your cash reward #1099. Reply YES.,Spam
Receive your iPhone #1100. Click now.,Spam
Get your bonus #1101. Reply YES.,Spam
Grab your cash reward #1102. Visit today.,Spam
Grab your cash reward #1103. Reply YES.,Spam
Claim your gift card #1104. Reply YES.,Spam
Claim your loan approval #1105. Visit today.,Spam
Win your iPhone #1106. Act fast.,Spam
Claim your cash reward #1107. Limited offer.,Spam
Win your loan approval #1108. Limited offer.,Spam
Receive your iPhone #1109. Act fast.,Spam
Grab your iPhone #1110. Limited offer.,Spam
Claim your vacation #1111. Click now.,Spam
Claim your loan approval #1112. Act fast.,Spam
Claim your vacation #1113. Visit today.,Spam
Get your vacation #1114. Click now.,Spam
Grab your bonus #1115. Act fast.,Spam
Claim your gift card #1116. Register now.,Spam
Grab your loan approval #1117. Visit today.,Spam
Receive your loan approval #1118. Limited offer.,Spam
Get your bonus #1119. Visit today.,Spam
Claim your bonus #1120. Register now.,Spam
Unlock your coupon #1121. Limited offer.,Spam
Win your iPhone #1122. Click now.,Spam
Receive your gift card #1123. Reply YES.,Spam
Claim your vacation #1124. Reply YES.,Spam
Win your bonus #1125. Act fast.,Spam
Claim your bonus #1126. Act fast.,Spam
Get your vacation #1127. Register now.,Spam
Receive your coupon #1128. Act fast.,Spam
Claim your vacation #1129. Reply YES.,Spam
Claim your coupon #1130. Register now.,Spam
Get your loan approval #1131. Register now.,Spam
Win your gift card #1132. Reply YES.,Spam
Unlock your loan approval #1133. Register now.,Spam
Receive your loan approval #1134. Reply YES.,Spam
Win your iPhone #1135. Register now.,Spam
Claim your gift card #1136. Visit today.,Spam
Get your coupon #1137. Act fast.,Spam
Get your iPhone #1138. Register now.,Spam
Grab your gift card #1139. Limited offer.,Spam
Get your bonus #1140. Act fast.,Spam
Unlock your cash reward #1141. Visit today.,Spam
Claim your gift card #1142. Register now.,Spam
Grab your gift card #1143. Act fast.,Spam
Grab your bonus #1144. Visit today.,Spam
Receive your iPhone #1145. Limited offer.,Spam
Grab your gift card #1146. Visit today.,Spam
Get your bonus #1147. Reply YES.,Spam
Receive your coupon #1148. Click now.,Spam
Win your iPhone #1149. Limited offer.,Spam
Grab your gift card #1150. Register now.,Spam
Claim your loan approval #1151. Act fast.,Spam
Claim your bonus #1152. Visit today.,Spam
Win your cash reward #1153. Click now.,Spam
Get your vacation #1154. Limited offer.,Spam
Get your iPhone #1155. Visit today.,Spam
Get your vacation #1156. Reply YES.,Spam
Get your gift card #1157. Click now.,Spam
Win your gift card #1158. Reply YES.,Spam
Receive your iPhone #1159. Click now.,Spam
Win your gift card #1160. Limited offer.,Spam
Unlock your iPhone #1161. Click now.,Spam
Win your cash reward #1162. Reply YES.,Spam
Grab your gift card #1163. Act fast.,Spam
Claim your bonus #1164. Act fast.,Spam
Receive your bonus #1165. Limited offer.,Spam
Receive your gift card #1166. Click now.,Spam
Unlock your gift card #1167. Act fast.,Spam
Unlock your iPhone #1168. Reply YES.,Spam
Receive your cash reward #1169. Click now.,Spam
Claim your bonus #1170. Visit today.,Spam
Unlock your cash reward #1171. Click now.,Spam
Claim your gift card #1172. Limited offer.,Spam
Win your vacation #1173. Click now.,Spam
Unlock your bonus #1174. Reply YES.,Spam
Claim your loan approval #1175. Register now.,Spam
Win your vacation #1176. Limited offer.,Spam
Get your vacation #1177. Register now.,Spam
Grab your bonus #1178. Click now.,Spam
Unlock your iPhone #1179. Act fast.,Spam
Get your coupon #1180. Click now.,Spam
Claim your iPhone #1181. Act fast.,Spam
Unlock your bonus #1182. Limited offer.,Spam
Get your vacation #1183. Act fast.,Spam
Receive your bonus #1184. Click now.,Spam
Get your gift card #1185. Register now.,Spam
Get your bonus #1186. Reply YES.,Spam
Claim your gift card #1187. Click now.,Spam
Grab your vacation #1188. Reply YES.,Spam
Unlock your cash reward #1189. Act fast.,Spam
Grab your loan approval #1190. Register now.,Spam
Get your vacation #1191. Limited offer.,Spam
Receive your iPhone #1192. Act fast.,Spam
Unlock your vacation #1193. Visit today.,Spam
Get your cash reward #1194. Limited offer.,Spam
Grab your cash reward #1195. Click now.,Spam
Get your bonus #1196. Act fast.,Spam
Receive your vacation #1197. Reply YES.,Spam
Unlock your gift card #1198. Act fast.,Spam
Claim your vacation #1199. Act fast.,Spam
Receive your loan approval #1200. Limited offer.,Spam
Grab your iPhone #1201. Visit today.,Spam
Grab your bonus #1202. Limited offer.,Spam
Grab your loan approval #1203. Register now.,Spam
Receive your coupon #1204. Click now.,Spam
Get your bonus #1205. Click now.,Spam
Grab your coupon #1206. Visit today.,Spam
Unlock your loan approval #1207. Click now.,Spam
Claim your vacation #1208. Visit today.,Spam
Receive your coupon #1209. Limited offer.,Spam
Unlock your loan approval #1210. Register now.,Spam
Receive your cash reward #1211. Register now.,Spam
Win your vacation #1212. Register now.,Spam
Grab your cash reward #1213. Reply YES.,Spam
Unlock your vacation #1214. Click now.,Spam
Unlock your gift card #1215. Limited offer.,Spam
Grab your loan approval #1216. Visit today.,Spam
Receive your coupon #1217. Act fast.,Spam
Get your coupon #1218. Register now.,Spam
Receive your bonus #1219. Limited offer.,Spam
Unlock your vacation #1220. Register now.,Spam
Get your coupon #1221. Register now.,Spam
Receive your bonus #1222. Limited offer.,Spam
Unlock your gift card #1223. Register now.,Spam
Claim your bonus #1224. Limited offer.,Spam
Get your iPhone #1225. Click now.,Spam
Get your vacation #1226. Reply YES.,Spam
Receive your loan approval #1227. Register now.,Spam
Unlock your cash reward #1228. Act fast.,Spam
Claim your vacation #1229. Reply YES.,Spam
Unlock your coupon #1230. Limited offer.,Spam
Win your vacation #1231. Act fast.,Spam
Claim your gift card #1232. Reply YES.,Spam
Win your coupon #1233. Register now.,Spam
Win your coupon #1234. Act fast.,Spam
Win your coupon #1235. Reply YES.,Spam
Unlock your loan approval #1236. Click now.,Spam
Get your loan approval #1237. Act fast.,Spam
Get your loan approval #1238. Limited offer.,Spam
Receive your bonus #1239. Act fast.,Spam
Unlock your gift card #1240. Act fast.,Spam
Unlock your iPhone #1241. Click now.,Spam
Unlock your coupon #1242. Register now.,Spam
Win your vacation #1243. Reply YES.,Spam
Win your coupon #1244. Reply YES.,Spam
Claim your cash reward #1245. Limited offer.,Spam
Win your iPhone #1246. Visit today.,Spam
Grab your cash reward #1247. Reply YES.,Spam
Receive your vacation #1248. Act fast.,Spam
Unlock your gift card #1249. Register now.,Spam
Win your loan approval #1250. Reply YES.,Spam
Receive your iPhone #1251. Reply YES.,Spam
Win your loan approval #1252. Register now.,Spam
Win your bonus #1253. Click now.,Spam
Win your cash reward #1254. Click now.,Spam
Unlock your coupon #1255. Limited offer.,Spam
Unlock your vacation #1256. Reply YES.,Spam
Grab your loan approval #1257. Visit today.,Spam
Claim your bonus #1258. Click now.,Spam
Grab your vacation #1259. Visit today.,Spam
Get your bonus #1260. Reply YES.,Spam
Win your bonus #1261. Act fast.,Spam
Claim your cash reward #1262. Act fast.,Spam
Grab your iPhone #1263. Reply YES.,Spam
Unlock your gift card #1264. Limited offer.,Spam
Grab your loan approval #1265. Limited offer.,Spam
Unlock your loan approval #1266. Register now.,Spam
Win your loan approval #1267. Click now.,Spam
Get your loan approval #1268. Click now.,Spam
Receive your cash reward #1269. Click now.,Spam
Claim your gift card #1270. Visit today.,Spam
Unlock your iPhone #1271. Click now.,Spam
Grab your coupon #1272. Visit today.,Spam
Receive your cash reward #1273. Visit today.,Spam
Claim your iPhone #1274. Limited offer.,Spam
Receive your cash reward #1275. Register now.,Spam
Receive your cash reward #1276. Click now.,Spam
Receive your vacation #1277. Reply YES.,Spam
Receive your gift card #1278. Reply YES.,Spam
Grab your cash reward #1279. Act fast.,Spam
Claim your loan approval #1280. Click now.,Spam
Win your cash reward #1281. Register now.,Spam
Claim your gift card #1282. Reply YES.,Spam
Win your gift card #1283. Register now.,Spam
Grab your vacation #1284. Reply YES.,Spam
Receive your cash reward #1285. Limited offer.,Spam
Claim your coupon #1286. Act fast.,Spam
Win your coupon #1287. Click now.,Spam
Grab your iPhone #1288. Register now.,Spam
Claim your gift card #1289. Limited offer.,Spam
Receive your bonus #1290. Limited offer.,Spam
Get your iPhone #1291. Reply YES.,Spam
Grab your bonus #1292. Act fast.,Spam
Receive your iPhone #1293. Click now.,Spam
Claim your loan approval #1294. Visit today.,Spam
Receive your gift card #1295. Limited offer.,Spam
Claim your iPhone #1296. Register now.,Spam
Receive your iPhone #1297. Visit today.,Spam
Win your vacation #1298. Limited offer.,Spam
Unlock your cash reward #1299. Reply YES.,Spam
Unlock your vacation #1300. Act fast.,Spam
Grab your vacation #1301. Register now.,Spam
Grab your gift card #1302. Register now.,Spam
Get your coupon #1303. Act fast.,Spam
Grab your coupon #1304. Visit today.,Spam
Unlock your bonus #1305. Limited offer.,Spam
Unlock your vacation #1306. Register now.,Spam
Receive your coupon #1307. Act fast.,Spam
Receive your coupon #1308. Limited offer.,Spam
Unlock your cash reward #1309. Click now.,Spam
Win your bonus #1310. Click now.,Spam
Win your coupon #1311. Act fast.,Spam
Receive your gift card #1312. Click now.,Spam
Claim your coupon #1313. Click now.,Spam
Get your iPhone #1314. Register now.,Spam
Win your vacation #1315. Register now.,Spam
Unlock your bonus #1316. Act fast.,Spam
Claim your iPhone #1317. Act fast.,Spam
Receive your coupon #1318. Act fast.,Spam
Claim your gift card #1319. Act fast.,Spam
Get your vacation #1320. Act fast.,Spam
Receive your gift card #1321. Click now.,Spam
Win your coupon #1322. Click now.,Spam
Receive your bonus #1323. Click now.,Spam
Receive your vacation #1324. Reply YES.,Spam
Unlock your vacation #1325. Visit today.,Spam
Grab your cash reward #1326. Reply YES.,Spam
Claim your loan approval #1327. Register now.,Spam
Get your coupon #1328. Act fast.,Spam
Win your bonus #1329. Visit today.,Spam
Unlock your coupon #1330. Click now.,Spam
Get your iPhone #1331. Register now.,Spam
Unlock your coupon #1332. Visit today.,Spam
Receive your bonus #1333. Click now.,Spam
Claim your iPhone #1334. Limited offer.,Spam
Claim your cash reward #1335. Visit today.,Spam
Receive your coupon #1336. Reply YES.,Spam
Get your bonus #1337. Click now.,Spam
Receive your bonus #1338. Register now.,Spam
Get your cash reward #1339. Click now.,Spam
Unlock your coupon #1340. Reply YES.,Spam
Unlock your cash reward #1341. Limited offer.,Spam
Unlock your iPhone #1342. Click now.,Spam
Unlock your loan approval #1343. Limited offer.,Spam
Win your cash reward #1344. Register now.,Spam
Receive your gift card #1345. Register now.,Spam
Claim your bonus #1346. Visit today.,Spam
Get your coupon #1347. Act fast.,Spam
Receive your coupon #1348. Limited offer.,Spam
Grab your coupon #1349. Visit today.,Spam
Claim your gift card #1350. Visit today.,Spam
Grab your vacation #1351. Click now.,Spam
Grab your coupon #1352. Reply YES.,Spam
Receive your vacation #1353. Act fast.,Spam
Grab your loan approval #1354. Reply YES.,Spam
Win your gift card #1355. Act fast.,Spam
Unlock your iPhone #1356. Click now.,Spam
Grab your iPhone #1357. Click now.,Spam
Receive your coupon #1358. Register now.,Spam
Get your loan approval #1359. Limited offer.,Spam
Grab your loan approval #1360. Limited offer.,Spam
Unlock your bonus #1361. Limited offer.,Spam
Grab your vacation #1362. Visit today.,Spam
Receive your bonus #1363. Visit today.,Spam
Receive your iPhone #1364. Visit today.,Spam
Unlock your coupon #1365. Register now.,Spam
Receive your loan approval #1366. Act fast.,Spam
Claim your cash reward #1367. Click now.,Spam
Receive your cash reward #1368. Limited offer.,Spam
Get your cash reward #1369. Reply YES.,Spam
Win your bonus #1370. Limited offer.,Spam
Get your bonus #1371. Act fast.,Spam
Receive your gift card #1372. Visit today.,Spam
Unlock your gift card #1373. Reply YES.,Spam
Unlock your bonus #1374. Reply YES.,Spam
Claim your bonus #1375. Visit today.,Spam
Claim your cash reward #1376. Visit today.,Spam
Win your loan approval #1377. Limited offer.,Spam
Receive your vacation #1378. Limited offer.,Spam
Claim your bonus #1379. Limited offer.,Spam
Win your iPhone #1380. Act fast.,Spam
Grab your cash reward #1381. Reply YES.,Spam
Unlock your bonus #1382. Visit today.,Spam
Win your loan approval #1383. Act fast.,Spam
Get your loan approval #1384. Limited offer.,Spam
Receive your coupon #1385. Click now.,Spam
Claim your iPhone #1386. Click now.,Spam
Unlock your iPhone #1387. Limited offer.,Spam
Win your cash reward #1388. Click now.,Spam
Get your bonus #1389. Act fast.,Spam
Win your cash reward #1390. Visit today.,Spam
Unlock your gift card #1391. Limited offer.,Spam
Claim your cash reward #1392. Click now.,Spam
Win your cash reward #1393. Click now.,Spam
Receive your iPhone #1394. Limited offer.,Spam
Claim your loan approval #1395. Limited offer.,Spam
Win your coupon #1396. Act fast.,Spam
Receive your loan approval #1397. Visit today.,Spam
Grab your bonus #1398. Act fast.,Spam
Receive your coupon #1399. Reply YES.,Spam
Get your cash reward #1400. Click now.,Spam
Win your gift card #1401. Act fast.,Spam
Unlock your gift card #1402. Act fast.,Spam
Win your bonus #1403. Reply YES.,Spam
Claim your gift card #1404. Reply YES.,Spam
Get your gift card #1405. Limited offer.,Spam
Win your iPhone #1406. Reply YES.,Spam
Claim your iPhone #1407. Click now.,Spam
Grab your cash reward #1408. Reply YES.,Spam
Claim your cash reward #1409. Click now.,Spam
Get your loan approval #1410. Limited offer.,Spam
Claim your coupon #1411. Register now.,Spam
Grab your vacation #1412. Act fast.,Spam
Unlock your loan approval #1413. Click now.,Spam
Win your gift card #1414. Reply YES.,Spam
Grab your bonus #1415. Visit today.,Spam
Claim your vacation #1416. Click now.,Spam
Grab your bonus #1417. Register now.,Spam
Unlock your loan approval #1418. Act fast.,Spam
Claim your iPhone #1419. Act fast.,Spam
Claim your gift card #1420. Register now.,Spam
Receive your loan approval #1421. Register now.,Spam
Get your loan approval #1422. Visit today.,Spam
Win your iPhone #1423. Limited offer.,Spam
Receive your iPhone #1424. Visit today.,Spam
Get your gift card #1425. Reply YES.,Spam
Unlock your coupon #1426. Act fast.,Spam
Get your iPhone #1427. Visit today.,Spam
Claim your loan approval #1428. Act fast.,Spam
Receive your loan approval #1429. Click now.,Spam
Grab your loan approval #1430. Reply YES.,Spam
Get your loan approval #1431. Act fast.,Spam
Win your loan approval #1432. Limited offer.,Spam
Win your coupon #1433. Register now.,Spam
Win your gift card #1434. Register now.,Spam
Unlock your cash reward #1435. Click now.,Spam
Unlock your vacation #1436. Visit today.,Spam
Get your coupon #1437. Click now.,Spam
Claim your cash reward #1438. Act fast.,Spam
Win your loan approval #1439. Visit today.,Spam
Grab your loan approval #1440. Reply YES.,Spam
Claim your vacation #1441. Click now.,Spam
Get your cash reward #1442. Limited offer.,Spam
Unlock your iPhone #1443. Reply YES.,Spam
Grab your iPhone #1444. Limited offer.,Spam
Win your gift card #1445. Act fast.,Spam
Grab your coupon #1446. Act fast.,Spam
Win your gift card #1447. Visit today.,Spam
Grab your gift card #1448. Reply YES.,Spam
Unlock your loan approval #1449. Click now.,Spam
Unlock your bonus #1450. Visit today.,Spam
Get your iPhone #1451. Visit today.,Spam
Unlock your iPhone #1452. Limited offer.,Spam
Unlock your iPhone #1453. Click now.,Spam
Receive your cash reward #1454. Reply YES.,Spam
Unlock your gift card #1455. Visit today.,Spam
Get your loan approval #1456. Limited offer.,Spam
Claim your loan approval #1457. Act fast.,Spam
Grab your iPhone #1458. Reply YES.,Spam
Get your gift card #1459. Register now.,Spam
Grab your vacation #1460. Reply YES.,Spam
Receive your vacation #1461. Act fast.,Spam
Win your cash reward #1462. Act fast.,Spam
Unlock your gift card #1463. Reply YES.,Spam
Claim your vacation #1464. Click now.,Spam
Unlock your loan approval #1465. Register now.,Spam
Get your iPhone #1466. Click now.,Spam
Unlock your iPhone #1467. Visit today.,Spam
Grab your loan approval #1468. Click now.,Spam
Receive your cash reward #1469. Click now.,Spam
Grab your bonus #1470. Act fast.,Spam
Claim your bonus #1471. Click now.,Spam
Win your vacation #1472. Visit today.,Spam
Get your loan approval #1473. Reply YES.,Spam
Grab your bonus #1474. Limited offer.,Spam
Get your bonus #1475. Visit today.,Spam
Grab your bonus #1476. Act fast.,Spam
Get your bonus #1477. Limited offer.,Spam
Win your coupon #1478. Reply YES.,Spam
Claim your loan approval #1479. Visit today.,Spam
Win your gift card #1480. Limited offer.,Spam
Grab your bonus #1481. Act fast.,Spam
Win your coupon #1482. Limited offer.,Spam
Unlock your coupon #1483. Visit today.,Spam
Claim your coupon #1484. Click now.,Spam
Receive your vacation #1485. Register now.,Spam
Claim your gift card #1486. Limited offer.,Spam
Receive your loan approval #1487. Visit today.,Spam
Win your coupon #1488. Register now.,Spam
Claim your cash reward #1489. Limited offer.,Spam
Claim your iPhone #1490. Reply YES.,Spam
Grab your loan approval #1491. Click now.,Spam
Unlock your cash reward #1492. Reply YES.,Spam
Win your bonus #1493. Limited offer.,Spam
Win your gift card #1494. Visit today.,Spam
Receive your coupon #1495. Click now.,Spam
Claim your cash reward #1496. Visit today.,Spam
Grab your bonus #1497. Click now.,Spam
Get your bonus #1498. Click now.,Spam
Grab your cash reward #1499. Reply YES.,Spam
Grab your iPhone #1500. Reply YES.,Spam
Claim your coupon #1501. Reply YES.,Spam
Claim your iPhone #1502. Act fast.,Spam
Win your bonus #1503. Limited offer.,Spam
Receive your iPhone #1504. Limited offer.,Spam
Claim your iPhone #1505. Click now.,Spam
Claim your gift card #1506. Register now.,Spam
Win your loan approval #1507. Act fast.,Spam
Win your gift card #1508. Act fast.,Spam
Claim your bonus #1509. Visit today.,Spam
Get your bonus #1510. Register now.,Spam
Grab your loan approval #1511. Reply YES.,Spam
Get your gift card #1512. Register now.,Spam
Win your coupon #1513. Reply YES.,Spam
Claim your cash reward #1514. Reply YES.,Spam
Win your coupon #1515. Act fast.,Spam
Unlock your coupon #1516. Register now.,Spam
Receive your iPhone #1517. Visit today.,Spam
Unlock your cash reward #1518. Limited offer.,Spam
Get your coupon #1519. Limited offer.,Spam
Claim your loan approval #1520. Reply YES.,Spam
Receive your vacation #1521. Act fast.,Spam
Get your loan approval #1522. Register now.,Spam
Grab your gift card #1523. Click now.,Spam
Claim your vacation #1524. Visit today.,Spam
Receive your loan approval #1525. Visit today.,Spam
Claim your cash reward #1526. Limited offer.,Spam
Receive your vacation #1527. Click now.,Spam
Claim your loan approval #1528. Register now.,Spam
Grab your loan approval #1529. Reply YES.,Spam
Grab your gift card #1530. Reply YES.,Spam
Claim your iPhone #1531. Limited offer.,Spam
Grab your cash reward #1532. Act fast.,Spam
Receive your bonus #1533. Act fast.,Spam
Unlock your cash reward #1534. Visit today.,Spam
Unlock your cash reward #1535. Register now.,Spam
Unlock your loan approval #1536. Limited offer.,Spam
Receive your coupon #1537. Register now.,Spam
Claim your vacation #1538. Limited offer.,Spam
Unlock your vacation #1539. Click now.,Spam
Get your gift card #1540. Click now.,Spam
Claim your gift card #1541. Act fast.,Spam
Unlock your loan approval #1542. Register now.,Spam
Claim your vacation #1543. Reply YES.,Spam
Win your iPhone #1544. Register now.,Spam
Receive your cash reward #1545. Act fast.,Spam
Claim your cash reward #1546. Limited offer.,Spam
Unlock your loan approval #1547. Act fast.,Spam
Receive your cash reward #1548. Visit today.,Spam
Unlock your loan approval #1549. Visit today.,Spam
Get your iPhone #1550. Act fast.,Spam
Win your gift card #1551. Register now.,Spam
Receive your coupon #1552. Limited offer.,Spam
Get your loan approval #1553. Act fast.,Spam
Get your loan approval #1554. Limited offer.,Spam
Receive your coupon #1555. Limited offer.,Spam
Get your iPhone #1556. Limited offer.,Spam
Receive your bonus #1557. Act fast.,Spam
Claim your gift card #1558. Limited offer.,Spam
Grab your loan approval #1559. Visit today.,Spam
Unlock your vacation #1560. Reply YES.,Spam
Grab your cash reward #1561. Limited offer.,Spam
Win your loan approval #1562. Click now.,Spam
Win your cash reward #1563. Limited offer.,Spam
Get your loan approval #1564. Click now.,Spam
Win your cash reward #1565. Register now.,Spam
Get your bonus #1566. Click now.,Spam
Receive your vacation #1567. Reply YES.,Spam
Get your iPhone #1568. Register now.,Spam
Grab your iPhone #1569. Register now.,Spam
Unlock your gift card #1570. Register now.,Spam
Unlock your bonus #1571. Register now.,Spam
Unlock your vacation #1572. Visit today.,Spam
Win your iPhone #1573. Visit today.,Spam
Receive your vacation #1574. Visit today.,Spam
Claim your loan approval #1575. Visit today.,Spam
Receive your gift card #1576. Reply YES.,Spam
Grab your iPhone #1577. Limited offer.,Spam
Get your cash reward #1578. Register now.,Spam
Claim your vacation #1579. Act fast.,Spam
Unlock your vacation #1580. Reply YES.,Spam
Grab your loan approval #1581. Register now.,Spam
Win your gift card #1582. Visit today.,Spam
Claim your loan approval #1583. Click now.,Spam
Unlock your gift card #1584. Reply YES.,Spam
Grab your cash reward #1585. Register now.,Spam
Get your loan approval #1586. Limited offer.,Spam
Unlock your loan approval #1587. Reply YES.,Spam
Unlock your gift card #1588. Register now.,Spam
Unlock your gift card #1589. Click now.,Spam
Unlock your iPhone #1590. Limited offer.,Spam
Win your cash reward #1591. Limited offer.,Spam
Get your gift card #1592. Act fast.,Spam
Grab your vacation #1593. Limited offer.,Spam
Get your cash reward #1594. Register now.,Spam
Get your coupon #1595. Act fast.,Spam
Get your cash reward #1596. Act fast.,Spam
Unlock your iPhone #1597. Click now.,Spam
Grab your gift card #1598. Visit today.,Spam
Win your gift card #1599. Register now.,Spam
Get your coupon #1600. Visit today.,Spam
Win your iPhone #1601. Limited offer.,Spam
Get your iPhone #1602. Act fast.,Spam
Unlock your cash reward #1603. Click now.,Spam
Grab your coupon #1604. Register now.,Spam
Get your coupon #1605. Act fast.,Spam
Receive your vacation #1606. Limited offer.,Spam
Get your bonus #1607. Visit today.,Spam
Win your vacation #1608. Limited offer.,Spam
Receive your cash reward #1609. Limited offer.,Spam
Claim your coupon #1610. Reply YES.,Spam
Grab your cash reward #1611. Visit today.,Spam
Claim your cash reward #1612. Visit today.,Spam
Receive your cash reward #1613. Click now.,Spam
Win your coupon #1614. Register now.,Spam
Get your bonus #1615. Click now.,Spam
Win your iPhone #1616. Click now.,Spam
Grab your gift card #1617. Visit today.,Spam
Win your bonus #1618. Limited offer.,Spam
Get your loan approval #1619. Register now.,Spam
Win your vacation #1620. Visit today.,Spam
Receive your vacation #1621. Act fast.,Spam
Grab your gift card #1622. Visit today.,Spam
Unlock your bonus #1623. Limited offer.,Spam
Receive your coupon #1624. Click now.,Spam
Receive your gift card #1625. Register now.,Spam
Grab your gift card #1626. Act fast.,Spam
Grab your cash reward #1627. Reply YES.,Spam
Unlock your cash reward #1628. Reply YES.,Spam
Win your coupon #1629. Act fast.,Spam
Win your cash reward #1630. Click now.,Spam
Unlock your loan approval #1631. Visit today.,Spam
Unlock your loan approval #1632. Click now.,Spam
Win your loan approval #1633. Click now.,Spam
Claim your gift card #1634. Reply YES.,Spam
Win your bonus #1635. Reply YES.,Spam
Get your gift card #1636. Click now.,Spam
Get your coupon #1637. Limited offer.,Spam
Claim your cash reward #1638. Register now.,Spam
Claim your coupon #1639. Register now.,Spam
Claim your bonus #1640. Register now.,Spam
Win your cash reward #1641. Reply YES.,Spam
Grab your vacation #1642. Click now.,Spam
Claim your coupon #1643. Limited offer.,Spam
Get your bonus #1644. Click now.,Spam
Get your bonus #1645. Visit today.,Spam
Win your coupon #1646. Click now.,Spam
Unlock your gift card #1647. Limited offer.,Spam
Get your loan approval #1648. Act fast.,Spam
Grab your loan approval #1649. Limited offer.,Spam
Win your cash reward #1650. Register now.,Spam
Get your vacation #1651. Act fast.,Spam
Unlock your gift card #1652. Visit today.,Spam
Claim your bonus #1653. Visit today.,Spam
Receive your gift card #1654. Click now.,Spam
Receive your cash reward #1655. Act fast.,Spam
Get your bonus #1656. Register now.,Spam
Win your bonus #1657. Visit today.,Spam
Receive your cash reward #1658. Act fast.,Spam
Receive your coupon #1659. Reply YES.,Spam
Claim your cash reward #1660. Click now.,Spam
Grab your coupon #1661. Click now.,Spam
Unlock your bonus #1662. Reply YES.,Spam
Unlock your vacation #1663. Limited offer.,Spam
Unlock your loan approval #1664. Click now.,Spam
Unlock your bonus #1665. Act fast.,Spam
Grab your gift card #1666. Click now.,Spam
Receive your iPhone #1667. Register now.,Spam
Win your cash reward #1668. Act fast.,Spam
Receive your cash reward #1669. Act fast.,Spam
Unlock your loan approval #1670. Visit today.,Spam
Get your loan approval #1671. Reply YES.,Spam
Unlock your iPhone #1672. Reply YES.,Spam
Grab your vacation #1673. Reply YES.,Spam
Grab your vacation #1674. Reply YES.,Spam
Claim your loan approval #1675. Reply YES.,Spam
Unlock your loan approval #1676. Limited offer.,Spam
Grab your coupon #1677. Limited offer.,Spam
Win your gift card #1678. Limited offer.,Spam
Grab your bonus #1679. Visit today.,Spam
Get your bonus #1680. Visit today.,Spam
Claim your cash reward #1681. Visit today.,Spam
Receive your loan approval #1682. Register now.,Spam
Get your cash reward #1683. Visit today.,Spam
Receive your loan approval #1684. Act fast.,Spam
Win your loan approval #1685. Act fast.,Spam
Receive your cash reward #1686. Click now.,Spam
Grab your iPhone #1687. Act fast.,Spam
Grab your vacation #1688. Visit today.,Spam
Grab your bonus #1689. Limited offer.,Spam
Claim your loan approval #1690. Act fast.,Spam
Unlock your iPhone #1691. Click now.,Spam
Receive your iPhone #1692. Register now.,Spam
Claim your gift card #1693. Reply YES.,Spam
Receive your cash reward #1694. Register now.,Spam
Unlock your vacation #1695. Reply YES.,Spam
Receive your cash reward #1696. Click now.,Spam
Claim your cash reward #1697. Limited offer.,Spam
Get your gift card #1698. Click now.,Spam
Grab your iPhone #1699. Limited offer.,Spam
Grab your coupon #1700. Act fast.,Spam
Unlock your iPhone #1701. Reply YES.,Spam
Grab your iPhone #1702. Act fast.,Spam
Unlock your bonus #1703. Act fast.,Spam
Win your iPhone #1704. Visit today.,Spam
Win your loan approval #1705. Reply YES.,Spam
Win your cash reward #1706. Click now.,Spam
Unlock your gift card #1707. Reply YES.,Spam
Receive your iPhone #1708. Act fast.,Spam
Win your cash reward #1709. Visit today.,Spam
Claim your cash reward #1710. Visit today.,Spam
Grab your cash reward #1711. Act fast.,Spam
Receive your bonus #1712. Act fast.,Spam
Get your bonus #1713. Register now.,Spam
Receive your cash reward #1714. Act fast.,Spam
Unlock your gift card #1715. Click now.,Spam
Grab your vacation #1716. Visit today.,Spam
Grab your iPhone #1717. Register now.,Spam
Win your loan approval #1718. Reply YES.,Spam
Claim your gift card #1719. Act fast.,Spam
Get your loan approval #1720. Register now.,Spam
Receive your cash reward #1721. Reply YES.,Spam
Win your vacation #1722. Limited offer.,Spam
Unlock your loan approval #1723. Visit today.,Spam
Win your iPhone #1724. Limited offer.,Spam
Win your coupon #1725. Reply YES.,Spam
Claim your vacation #1726. Register now.,Spam
Receive your iPhone #1727. Limited offer.,Spam
Receive your loan approval #1728. Limited offer.,Spam
Claim your iPhone #1729. Click now.,Spam
Grab your cash reward #1730. Register now.,Spam
Get your cash reward #1731. Register now.,Spam
Grab your loan approval #1732. Register now.,Spam
Unlock your cash reward #1733. Act fast.,Spam
Get your iPhone #1734. Click now.,Spam
Unlock your gift card #1735. Register now.,Spam
Receive your iPhone #1736. Visit today.,Spam
Get your cash reward #1737. Limited offer.,Spam
Claim your bonus #1738. Register now.,Spam
Receive your cash reward #1739. Visit today.,Spam
Unlock your iPhone #1740. Click now.,Spam
Receive your gift card #1741. Reply YES.,Spam
Get your iPhone #1742. Click now.,Spam
Unlock your gift card #1743. Reply YES.,Spam
Claim your gift card #1744. Act fast.,Spam
Receive your gift card #1745. Reply YES.,Spam
Grab your vacation #1746. Limited offer.,Spam
Get your coupon #1747. Click now.,Spam
Unlock your loan approval #1748. Register now.,Spam
Get your coupon #1749. Act fast.,Spam
Get your loan approval #1750. Reply YES.,Spam
Get your bonus #1751. Register now.,Spam
Unlock your cash reward #1752. Reply YES.,Spam
Unlock your gift card #1753. Reply YES.,Spam
Claim your iPhone #1754. Act fast.,Spam
Unlock your vacation #1755. Register now.,Spam
Grab your cash reward #1756. Reply YES.,Spam
Grab your iPhone #1757. Act fast.,Spam
Claim your iPhone #1758. Register now.,Spam
Claim your cash reward #1759. Limited offer.,Spam
Get your cash reward #1760. Act fast.,Spam
Unlock your loan approval #1761. Act fast.,Spam
Receive your bonus #1762. Register now.,Spam
Grab your iPhone #1763. Reply YES.,Spam
Receive your gift card #1764. Reply YES.,Spam
Receive your cash reward #1765. Click now.,Spam
Grab your vacation #1766. Limited offer.,Spam
Claim your gift card #1767. Visit today.,Spam
Grab your loan approval #1768. Click now.,Spam
Receive your bonus #1769. Visit today.,Spam
Grab your vacation #1770. Click now.,Spam
Unlock your bonus #1771. Reply YES.,Spam
Win your bonus #1772. Visit today.,Spam
Get your loan approval #1773. Reply YES.,Spam
Claim your cash reward #1774. Click now.,Spam
Grab your cash reward #1775. Act fast.,Spam
Unlock your gift card #1776. Click now.,Spam
Win your gift card #1777. Click now.,Spam
Grab your coupon #1778. Reply YES.,Spam
Unlock your bonus #1779. Act fast.,Spam
Receive your loan approval #1780. Click now.,Spam
Claim your vacation #1781. Visit today.,Spam
Unlock your vacation #1782. Limited offer.,Spam
Grab your iPhone #1783. Act fast.,Spam
Unlock your cash reward #1784. Act fast.,Spam
Receive your coupon #1785. Register now.,Spam
Claim your gift card #1786. Click now.,Spam
Grab your bonus #1787. Act fast.,Spam
Receive your gift card #1788. Act fast.,Spam
Claim your iPhone #1789. Act fast.,Spam
Claim your iPhone #1790. Visit today.,Spam
Grab your cash reward #1791. Register now.,Spam
Claim your coupon #1792. Limited offer.,Spam
Claim your gift card #1793. Reply YES.,Spam
Receive your cash reward #1794. Limited offer.,Spam
Receive your iPhone #1795. Limited offer.,Spam
Grab your loan approval #1796. Click now.,Spam
Unlock your loan approval #1797. Reply YES.,Spam
Get your iPhone #1798. Act fast.,Spam
Grab your cash reward #1799. Reply YES.,Spam
Win your vacation #1800. Click now.,Spam
Unlock your gift card #1801. Reply YES.,Spam
Get your vacation #1802. Register now.,Spam
Unlock your bonus #1803. Act fast.,Spam
Get your vacation #1804. Act fast.,Spam
Get your iPhone #1805. Reply YES.,Spam
Unlock your loan approval #1806. Reply YES.,Spam
Get your loan approval #1807. Act fast.,Spam
Unlock your coupon #1808. Register now.,Spam
Get your gift card #1809. Reply YES.,Spam
Claim your gift card #1810. Visit today.,Spam
Win your iPhone #1811. Act fast.,Spam
Win your iPhone #1812. Register now.,Spam
Claim your gift card #1813. Click now.,Spam
Receive your bonus #1814. Visit today.,Spam
Get your cash reward #1815. Limited offer.,Spam
Get your iPhone #1816. Click now.,Spam
Grab your iPhone #1817. Register now.,Spam
Unlock your bonus #1818. Reply YES.,Spam
Grab your bonus #1819. Visit today.,Spam
Grab your bonus #1820. Visit today.,Spam
Win your cash reward #1821. Reply YES.,Spam
Grab your cash reward #1822. Reply YES.,Spam
Claim your gift card #1823. Limited offer.,Spam
Unlock your bonus #1824. Visit today.,Spam
Unlock your iPhone #1825. Act fast.,Spam
Win your cash reward #1826. Limited offer.,Spam
Grab your gift card #1827. Register now.,Spam
Claim your bonus #1828. Click now.,Spam
Unlock your gift card #1829. Register now.,Spam
Get your coupon #1830. Click now.,Spam
Receive your vacation #1831. Act fast.,Spam
Claim your gift card #1832. Click now.,Spam
Get your vacation #1833. Register now.,Spam
Grab your loan approval #1834. Register now.,Spam
Grab your iPhone #1835. Limited offer.,Spam
Grab your cash reward #1836. Register now.,Spam
Receive your coupon #1837. Click now.,Spam
Get your cash reward #1838. Visit today.,Spam
Grab your loan approval #1839. Limited offer.,Spam
Receive your vacation #1840. Reply YES.,Spam
Claim your loan approval #1841. Visit today.,Spam
Claim your iPhone #1842. Visit today.,Spam
Claim your cash reward #1843. Limited offer.,Spam
Receive your loan approval #1844. Visit today.,Spam
Grab your coupon #1845. Limited offer.,Spam
Get your iPhone #1846. Visit today.,Spam
Win your vacation #1847. Visit today.,Spam
Get your bonus #1848. Reply YES.,Spam
Grab your coupon #1849. Register now.,Spam
Get your vacation #1850. Click now.,Spam
Unlock your coupon #1851. Act fast.,Spam
Receive your cash reward #1852. Register now.,Spam
Claim your iPhone #1853. Limited offer.,Spam
Grab your iPhone #1854. Register now.,Spam
Claim your cash reward #1855. Act fast.,Spam
Win your gift card #1856. Click now.,Spam
Win your loan approval #1857. Click now.,Spam
Grab your coupon #1858. Limited offer.,Spam
Receive your gift card #1859. Click now.,Spam
Win your coupon #1860. Register now.,Spam
Receive your cash reward #1861. Register now.,Spam
Claim your iPhone #1862. Visit today.,Spam
Claim your cash reward #1863. Click now.,Spam
Win your loan approval #1864. Reply YES.,Spam
Claim your coupon #1865. Limited offer.,Spam
Receive your bonus #1866. Register now.,Spam
Unlock your bonus #1867. Visit today.,Spam
Get your gift card #1868. Click now.,Spam
Receive your coupon #1869. Reply YES.,Spam
Grab your bonus #1870. Reply YES.,Spam
Claim your loan approval #1871. Register now.,Spam
Grab your coupon #1872. Register now.,Spam
Claim your loan approval #1873. Click now.,Spam
Unlock your iPhone #1874. Click now.,Spam
Claim your cash reward #1875. Reply YES.,Spam
Unlock your coupon #1876. Click now.,Spam
Grab your vacation #1877. Act fast.,Spam
Receive your loan approval #1878. Click now.,Spam
Grab your bonus #1879. Reply YES.,Spam
Get your cash reward #1880. Click now.,Spam
Receive your iPhone #1881. Register now.,Spam
Unlock your loan approval #1882. Register now.,Spam
Win your coupon #1883. Visit today.,Spam
Win your cash reward #1884. Register now.,Spam
Claim your cash reward #1885. Act fast.,Spam
Win your iPhone #1886. Limited offer.,Spam
Receive your iPhone #1887. Limited offer.,Spam
Receive your loan approval #1888. Register now.,Spam
Receive your cash reward #1889. Register now.,Spam
Receive your vacation #1890. Register now.,Spam
Unlock your gift card #1891. Visit today.,Spam
Receive your vacation #1892. Reply YES.,Spam
Grab your gift card #1893. Reply YES.,Spam
Grab your coupon #1894. Reply YES.,Spam
Get your coupon #1895. Reply YES.,Spam
Win your bonus #1896. Limited offer.,Spam
Grab your bonus #1897. Register now.,Spam
Get your bonus #1898. Act fast.,Spam
Win your coupon #1899. Click now.,Spam
Get your bonus #1900. Visit today.,Spam
Get your cash reward #1901. Click now.,Spam
Claim your gift card #1902. Register now.,Spam
Receive your loan approval #1903. Click now.,Spam
Unlock your bonus #1904. Visit today.,Spam
Grab your vacation #1905. Register now.,Spam
Win your iPhone #1906. Act fast.,Spam
Receive your cash reward #1907. Register now.,Spam
Claim your coupon #1908. Click now.,Spam
Receive your iPhone #1909. Limited offer.,Spam
Unlock your loan approval #1910. Limited offer.,Spam
Get your cash reward #1911. Reply YES.,Spam
Win your loan approval #1912. Register now.,Spam
Get your iPhone #1913. Act fast.,Spam
Get your coupon #1914. Visit today.,Spam
Receive your loan approval #1915. Register now.,Spam
Grab your coupon #1916. Limited offer.,Spam
Unlock your loan approval #1917. Reply YES.,Spam
Win your coupon #1918. Visit today.,Spam
Unlock your coupon #1919. Act fast.,Spam
Win your loan approval #1920. Visit today.,Spam
Get your loan approval #1921. Visit today.,Spam
Unlock your loan approval #1922. Act fast.,Spam
Claim your loan approval #1923. Act fast.,Spam
Claim your bonus #1924. Click now.,Spam
Grab your gift card #1925. Reply YES.,Spam
Grab your vacation #1926. Reply YES.,Spam
Get your coupon #1927. Reply YES.,Spam
Grab your iPhone #1928. Visit today.,Spam
Receive your coupon #1929. Limited offer.,Spam
Unlock your loan approval #1930. Reply YES.,Spam
Receive your vacation #1931. Limited offer.,Spam
Get your loan approval #1932. Act fast.,Spam
Win your iPhone #1933. Limited offer.,Spam
Grab your vacation #1934. Limited offer.,Spam
Win your bonus #1935. Click now.,Spam
Receive your vacation #1936. Visit today.,Spam
Receive your coupon #1937. Reply YES.,Spam
Claim your coupon #1938. Register now.,Spam
Get your vacation #1939. Register now.,Spam
Unlock your loan approval #1940. Limited offer.,Spam
Unlock your bonus #1941. Reply YES.,Spam
Grab your gift card #1942. Visit today.,Spam
Receive your coupon #1943. Reply YES.,Spam
Claim your coupon #1944. Limited offer.,Spam
Get your iPhone #1945. Limited offer.,Spam
Receive your vacation #1946. Act fast.,Spam
Receive your iPhone #1947. Limited offer.,Spam
Grab your loan approval #1948. Limited offer.,Spam
Receive your vacation #1949. Visit today.,Spam
Claim your gift card #1950. Visit today.,Spam
Get your loan approval #1951. Visit today.,Spam
Get your gift card #1952. Act fast.,Spam
Get your gift card #1953. Register now.,Spam
Grab your iPhone #1954. Register now.,Spam
Unlock your cash reward #1955. Reply YES.,Spam
Win your cash reward #1956. Register now.,Spam
Win your vacation #1957. Visit today.,Spam
Unlock your iPhone #1958. Act fast.,Spam
Get your coupon #1959. Reply YES.,Spam
Grab your vacation #1960. Register now.,Spam
Grab your loan approval #1961. Visit today.,Spam
Receive your loan approval #1962. Act fast.,Spam
Claim your coupon #1963. Act fast.,Spam
Get your vacation #1964. Reply YES.,Spam
Claim your vacation #1965. Register now.,Spam
Grab your loan approval #1966. Register now.,Spam
Get your coupon #1967. Limited offer.,Spam
Grab your iPhone #1968. Limited offer.,Spam
Win your bonus #1969. Click now.,Spam
Claim your iPhone #1970. Register now.,Spam
Get your gift card #1971. Visit today.,Spam
Unlock your bonus #1972. Click now.,Spam
Get your loan approval #1973. Visit today.,Spam
Unlock your iPhone #1974. Limited offer.,Spam
Claim your vacation #1975. Reply YES.,Spam
Claim your vacation #1976. Register now.,Spam
Grab your loan approval #1977. Act fast.,Spam
Get your vacation #1978. Reply YES.,Spam
Claim your gift card #1979. Act fast.,Spam
Grab your bonus #1980. Reply YES.,Spam
Get your iPhone #1981. Reply YES.,Spam
Grab your coupon #1982. Limited offer.,Spam
Receive your iPhone #1983. Visit today.,Spam
Receive your bonus #1984. Act fast.,Spam
Grab your loan approval #1985. Reply YES.,Spam
Grab your bonus #1986. Register now.,Spam
Claim your cash reward #1987. Register now.,Spam
Grab your loan approval #1988. Register now.,Spam
Get your vacation #1989. Register now.,Spam
Get your cash reward #1990. Reply YES.,Spam
Receive your iPhone #1991. Limited offer.,Spam
Grab your loan approval #1992. Reply YES.,Spam
Claim your gift card #1993. Act fast.,Spam
Unlock your coupon #1994. Click now.,Spam
Receive your gift card #1995. Reply YES.,Spam
Grab your coupon #1996. Act fast.,Spam
Receive your iPhone #1997. Reply YES.,Spam
Receive your cash reward #1998. Limited offer.,Spam
Win your iPhone #1999. Act fast.,Spam
Unlock your bonus #2000. Reply YES.,Spam
Receive your gift card #2001. Reply YES.,Spam
Win your loan approval #2002. Register now.,Spam
Claim your cash reward #2003. Register now.,Spam
Unlock your bonus #2004. Limited offer.,Spam
Claim your cash reward #2005. Register now.,Spam
Get your coupon #2006. Click now.,Spam
Claim your vacation #2007. Register now.,Spam
Receive your vacation #2008. Limited offer.,Spam
Receive your vacation #2009. Act fast.,Spam
Claim your coupon #2010. Limited offer.,Spam
Grab your cash reward #2011. Act fast.,Spam
Grab your iPhone #2012. Visit today.,Spam
Unlock your iPhone #2013. Limited offer.,Spam
Unlock your vacation #2014. Reply YES.,Spam
Get your coupon #2015. Act fast.,Spam
Grab your loan approval #2016. Click now.,Spam
Get your vacation #2017. Limited offer.,Spam
Claim your cash reward #2018. Click now.,Spam
Claim your cash reward #2019. Act fast.,Spam
Win your gift card #2020. Act fast.,Spam
Unlock your cash reward #2021. Act fast.,Spam
Grab your iPhone #2022. Register now.,Spam
Get your vacation #2023. Visit today.,Spam
Get your vacation #2024. Act fast.,Spam
Unlock your vacation #2025. Register now.,Spam
Get your bonus #2026. Reply YES.,Spam
Unlock your coupon #2027. Register now.,Spam
Claim your bonus #2028. Register now.,Spam
Receive your vacation #2029. Reply YES.,Spam
Receive your vacation #2030. Visit today.,Spam
Unlock your coupon #2031. Click now.,Spam
Unlock your vacation #2032. Register now.,Spam
Get your bonus #2033. Visit today.,Spam
Receive your bonus #2034. Act fast.,Spam
Grab your loan approval #2035. Click now.,Spam
Grab your coupon #2036. Click now.,Spam
Grab your gift card #2037. Click now.,Spam
Receive your gift card #2038. Act fast.,Spam
Win your bonus #2039. Visit today.,Spam
Win your cash reward #2040. Register now.,Spam
Get your vacation #2041. Limited offer.,Spam
Claim your coupon #2042. Reply YES.,Spam
Win your cash reward #2043. Limited offer.,Spam
Claim your vacation #2044. Click now.,Spam
Unlock your iPhone #2045. Visit today.,Spam
Grab your vacation #2046. Visit today.,Spam
Grab your cash reward #2047. Visit today.,Spam
Receive your vacation #2048. Click now.,Spam
Claim your vacation #2049. Click now.,Spam
Grab your loan approval #2050. Act fast.,Spam
Win your bonus #2051. Register now.,Spam
Unlock your vacation #2052. Visit today.,Spam
Win your bonus #2053. Reply YES.,Spam
Claim your coupon #2054. Act fast.,Spam
Claim your coupon #2055. Click now.,Spam
Get your bonus #2056. Limited offer.,Spam
Win your coupon #2057. Reply YES.,Spam
Get your gift card #2058. Act fast.,Spam
Get your coupon #2059. Visit today.,Spam
Receive your loan approval #2060. Limited offer.,Spam
Claim your coupon #2061. Register now.,Spam
Get your gift card #2062. Reply YES.,Spam
Claim your loan approval #2063. Click now.,Spam
Claim your gift card #2064. Click now.,Spam
Get your cash reward #2065. Register now.,Spam
Claim your iPhone #2066. Limited offer.,Spam
Receive your iPhone #2067. Limited offer.,Spam
Get your bonus #2068. Visit today.,Spam
Claim your cash reward #2069. Visit today.,Spam
Claim your gift card #2070. Reply YES.,Spam
Grab your gift card #2071. Register now.,Spam
Unlock your coupon #2072. Limited offer.,Spam
Win your vacation #2073. Reply YES.,Spam
Win your cash reward #2074. Visit today.,Spam
Grab your coupon #2075. Limited offer.,Spam
Claim your bonus #2076. Click now.,Spam
Grab your coupon #2077. Click now.,Spam
Unlock your gift card #2078. Click now.,Spam
Claim your bonus #2079. Click now.,Spam
Receive your gift card #2080. Limited offer.,Spam
Receive your iPhone #2081. Register now.,Spam
Win your vacation #2082. Limited offer.,Spam
Receive your bonus #2083. Act fast.,Spam
Claim your iPhone #2084. Register now.,Spam
Get your cash reward #2085. Click now.,Spam
Get your bonus #2086. Limited offer.,Spam
Get your vacation #2087. Click now.,Spam
Grab your bonus #2088. Limited offer.,Spam
Claim your coupon #2089. Click now.,Spam
Unlock your iPhone #2090. Register now.,Spam
Grab your loan approval #2091. Visit today.,Spam
Unlock your vacation #2092. Act fast.,Spam
Win your loan approval #2093. Click now.,Spam
Grab your loan approval #2094. Click now.,Spam
Win your bonus #2095. Register now.,Spam
Claim your iPhone #2096. Visit today.,Spam
Get your cash reward #2097. Visit today.,Spam
Get your coupon #2098. Act fast.,Spam
Unlock your vacation #2099. Visit today.,Spam
Win your loan approval #2100. Limited offer.,Spam
Grab your cash reward #2101. Register now.,Spam
Unlock your iPhone #2102. Reply YES.,Spam
Win your loan approval #2103. Act fast.,Spam
Claim your iPhone #2104. Visit today.,Spam
Win your gift card #2105. Visit today.,Spam
Claim your iPhone #2106. Act fast.,Spam
Claim your coupon #2107. Register now.,Spam
Grab your iPhone #2108. Reply YES.,Spam
Get your bonus #2109. Limited offer.,Spam
Win your gift card #2110. Visit today.,Spam
Win your vacation #2111. Act fast.,Spam
Win your cash reward #2112. Click now.,Spam
Grab your bonus #2113. Act fast.,Spam
Unlock your cash reward #2114. Act fast.,Spam
Unlock your vacation #2115. Act fast.,Spam
Receive your iPhone #2116. Register now.,Spam
Grab your cash reward #2117. Reply YES.,Spam
Claim your vacation #2118. Limited offer.,Spam
Receive your coupon #2119. Reply YES.,Spam
Receive your vacation #2120. Limited offer.,Spam
Receive your loan approval #2121. Visit today.,Spam
Receive your iPhone #2122. Reply YES.,Spam
Unlock your loan approval #2123. Act fast.,Spam
Unlock your loan approval #2124. Click now.,Spam
Grab your coupon #2125. Limited offer.,Spam
Grab your loan approval #2126. Act fast.,Spam
Receive your cash reward #2127. Reply YES.,Spam
Receive your loan approval #2128. Click now.,Spam
Get your vacation #2129. Act fast.,Spam
Win your loan approval #2130. Limited offer.,Spam
Unlock your gift card #2131. Click now.,Spam
Get your bonus #2132. Limited offer.,Spam
Claim your vacation #2133. Reply YES.,Spam
Win your vacation #2134. Reply YES.,Spam
Grab your coupon #2135. Act fast.,Spam
Receive your bonus #2136. Reply YES.,Spam
Unlock your loan approval #2137. Register now.,Spam
Grab your iPhone #2138. Reply YES.,Spam
Receive your vacation #2139. Register now.,Spam
Win your loan approval #2140. Limited offer.,Spam
Unlock your vacation #2141. Visit today.,Spam
Grab your iPhone #2142. Limited offer.,Spam
Receive your coupon #2143. Reply YES.,Spam
Receive your bonus #2144. Click now.,Spam
Receive your vacation #2145. Register now.,Spam
Win your bonus #2146. Act fast.,Spam
Get your iPhone #2147. Visit today.,Spam
Win your loan approval #2148. Register now.,Spam
Grab your cash reward #2149. Limited offer.,Spam
Get your coupon #2150. Limited offer.,Spam
Get your iPhone #2151. Click now.,Spam
Win your cash reward #2152. Visit today.,Spam
Unlock your iPhone #2153. Limited offer.,Spam
Win your cash reward #2154. Click now.,Spam
Win your cash reward #2155. Reply YES.,Spam
Receive your gift card #2156. Visit today.,Spam
Receive your coupon #2157. Click now.,Spam
Win your iPhone #2158. Limited offer.,Spam
Win your coupon #2159. Reply YES.,Spam
Win your coupon #2160. Register now.,Spam
Get your loan approval #2161. Limited offer.,Spam
Claim your cash reward #2162. Reply YES.,Spam
Win your gift card #2163. Limited offer.,Spam
Unlock your coupon #2164. Reply YES.,Spam
Claim your loan approval #2165. Act fast.,Spam
Claim your gift card #2166. Limited offer.,Spam
Get your gift card #2167. Reply YES.,Spam
Unlock your iPhone #2168. Limited offer.,Spam
Claim your coupon #2169. Click now.,Spam
Unlock your loan approval #2170. Limited offer.,Spam
Grab your coupon #2171. Act fast.,Spam
Grab your loan approval #2172. Limited offer.,Spam
Claim your vacation #2173. Act fast.,Spam
Claim your gift card #2174. Reply YES.,Spam
Get your gift card #2175. Visit today.,Spam
Get your vacation #2176. Reply YES.,Spam
Claim your cash reward #2177. Visit today.,Spam
Claim your loan approval #2178. Limited offer.,Spam
Unlock your gift card #2179. Reply YES.,Spam
Unlock your coupon #2180. Limited offer.,Spam
Win your loan approval #2181. Click now.,Spam
Receive your cash reward #2182. Register now.,Spam
Receive your coupon #2183. Click now.,Spam
Grab your coupon #2184. Limited offer.,Spam
Win your coupon #2185. Limited offer.,Spam
Claim your vacation #2186. Visit today.,Spam
Unlock your iPhone #2187. Visit today.,Spam
Get your vacation #2188. Click now.,Spam
Get your vacation #2189. Act fast.,Spam
Get your iPhone #2190. Act fast.,Spam
Unlock your cash reward #2191. Act fast.,Spam
Grab your iPhone #2192. Visit today.,Spam
Grab your gift card #2193. Register now.,Spam
Win your gift card #2194. Register now.,Spam
Claim your vacation #2195. Reply YES.,Spam
Grab your cash reward #2196. Reply YES.,Spam
Grab your cash reward #2197. Reply YES.,Spam
Claim your gift card #2198. Click now.,Spam
Claim your loan approval #2199. Visit today.,Spam
Unlock your vacation #2200. Register now.,Spam
Win your vacation #2201. Reply YES.,Spam
Claim your gift card #2202. Reply YES.,Spam
Get your loan approval #2203. Click now.,Spam
Win your cash reward #2204. Reply YES.,Spam
Receive your iPhone #2205. Limited offer.,Spam
Get your loan approval #2206. Click now.,Spam
Claim your gift card #2207. Click now.,Spam
Unlock your cash reward #2208. Act fast.,Spam
Win your coupon #2209. Limited offer.,Spam
Receive your coupon #2210. Limited offer.,Spam
Unlock your cash reward #2211. Limited offer.,Spam
Unlock your vacation #2212. Click now.,Spam
Claim your gift card #2213. Limited offer.,Spam
Get your loan approval #2214. Limited offer.,Spam
Unlock your gift card #2215. Register now.,Spam
Claim your vacation #2216. Register now.,Spam
Win your vacation #2217. Limited offer.,Spam
Receive your vacation #2218. Register now.,Spam
Grab your loan approval #2219. Act fast.,Spam
Unlock your gift card #2220. Click now.,Spam
Get your cash reward #2221. Visit today.,Spam
Claim your cash reward #2222. Register now.,Spam
Receive your cash reward #2223. Visit today.,Spam
Unlock your cash reward #2224. Visit today.,Spam
Unlock your loan approval #2225. Act fast.,Spam
Win your iPhone #2226. Click now.,Spam
Receive your coupon #2227. Reply YES.,Spam
Unlock your vacation #2228. Click now.,Spam
Unlock your loan approval #2229. Register now.,Spam
Unlock your iPhone #2230. Limited offer.,Spam
Grab your coupon #2231. Visit today.,Spam
Grab your gift card #2232. Act fast.,Spam
Grab your bonus #2233. Limited offer.,Spam
Win your coupon #2234. Visit today.,Spam
Grab your vacation #2235. Visit today.,Spam
Win your iPhone #2236. Register now.,Spam
Win your iPhone #2237. Click now.,Spam
Unlock your bonus #2238. Visit today.,Spam
Unlock your coupon #2239. Reply YES.,Spam
Unlock your gift card #2240. Reply YES.,Spam
Get your gift card #2241. Reply YES.,Spam
Get your gift card #2242. Limited offer.,Spam
Win your loan approval #2243. Register now.,Spam
Receive your cash reward #2244. Act fast.,Spam
Get your coupon #2245. Limited offer.,Spam
Win your coupon #2246. Visit today.,Spam
Get your loan approval #2247. Visit today.,Spam
Win your vacation #2248. Limited offer.,Spam
Grab your bonus #2249. Visit today.,Spam
Receive your bonus #2250. Register now.,Spam
Win your iPhone #2251. Act fast.,Spam
Unlock your coupon #2252. Act fast.,Spam
Win your bonus #2253. Act fast.,Spam
Receive your gift card #2254. Limited offer.,Spam
Receive your iPhone #2255. Limited offer.,Spam
Receive your bonus #2256. Register now.,Spam
Win your bonus #2257. Register now.,Spam
Grab your cash reward #2258. Click now.,Spam
Claim your bonus #2259. Register now.,Spam
Unlock your vacation #2260. Register now.,Spam
Grab your loan approval #2261. Act fast.,Spam
Claim your loan approval #2262. Reply YES.,Spam
Grab your coupon #2263. Act fast.,Spam
Claim your coupon #2264. Act fast.,Spam
Win your bonus #2265. Click now.,Spam
Get your iPhone #2266. Limited offer.,Spam
Claim your vacation #2267. Register now.,Spam
Claim your bonus #2268. Reply YES.,Spam
Get your gift card #2269. Reply YES.,Spam
Get your vacation #2270. Limited offer.,Spam
Unlock your bonus #2271. Act fast.,Spam
Claim your gift card #2272. Reply YES.,Spam
Claim your coupon #2273. Reply YES.,Spam
Get your iPhone #2274. Register now.,Spam
Claim your bonus #2275. Reply YES.,Spam
Grab your cash reward #2276. Register now.,Spam
Grab your cash reward #2277. Register now.,Spam
Receive your loan approval #2278. Limited offer.,Spam
Claim your cash reward #2279. Register now.,Spam
Claim your cash reward #2280. Act fast.,Spam
Get your loan approval #2281. Click now.,Spam
Win your bonus #2282. Register now.,Spam
Receive your loan approval #2283. Limited offer.,Spam
Claim your vacation #2284. Register now.,Spam
Grab your iPhone #2285. Click now.,Spam
Receive your bonus #2286. Register now.,Spam
Win your coupon #2287. Register now.,Spam
Win your iPhone #2288. Act fast.,Spam
Win your iPhone #2289. Reply YES.,Spam
Get your gift card #2290. Act fast.,Spam
Receive your coupon #2291. Click now.,Spam
Receive your coupon #2292. Act fast.,Spam
Get your gift card #2293. Visit today.,Spam
Unlock your gift card #2294. Visit today.,Spam
Claim your cash reward #2295. Register now.,Spam
Unlock your loan approval #2296. Visit today.,Spam
Unlock your vacation #2297. Click now.,Spam
Grab your bonus #2298. Act fast.,Spam
Unlock your loan approval #2299. Visit today.,Spam
Win your loan approval #2300. Click now.,Spam
Grab your gift card #2301. Reply YES.,Spam
Unlock your cash reward #2302. Act fast.,Spam
Win your bonus #2303. Limited offer.,Spam
Get your vacation #2304. Act fast.,Spam
Get your cash reward #2305. Register now.,Spam
Claim your loan approval #2306. Limited offer.,Spam
Win your bonus #2307. Register now.,Spam
Win your coupon #2308. Act fast.,Spam
Grab your loan approval #2309. Act fast.,Spam
Claim your iPhone #2310. Act fast.,Spam
Claim your cash reward #2311. Limited offer.,Spam
Grab your loan approval #2312. Visit today.,Spam
Win your gift card #2313. Register now.,Spam
Claim your bonus #2314. Visit today.,Spam
Win your iPhone #2315. Reply YES.,Spam
Get your iPhone #2316. Reply YES.,Spam
Unlock your coupon #2317. Act fast.,Spam
Receive your vacation #2318. Click now.,Spam
Claim your loan approval #2319. Register now.,Spam
Get your bonus #2320. Visit today.,Spam
Win your coupon #2321. Visit today.,Spam
Claim your coupon #2322. Register now.,Spam
Receive your cash reward #2323. Act fast.,Spam
Unlock your bonus #2324. Register now.,Spam
Unlock your loan approval #2325. Act fast.,Spam
Get your bonus #2326. Reply YES.,Spam
Receive your vacation #2327. Limited offer.,Spam
Win your gift card #2328. Limited offer.,Spam
Claim your coupon #2329. Visit today.,Spam
Get your cash reward #2330. Visit today.,Spam
Grab your cash reward #2331. Limited offer.,Spam
Win your gift card #2332. Limited offer.,Spam
Get your vacation #2333. Register now.,Spam
Win your coupon #2334. Click now.,Spam
Win your vacation #2335. Register now.,Spam
Get your loan approval #2336. Reply YES.,Spam
Unlock your gift card #2337. Register now.,Spam
Receive your gift card #2338. Click now.,Spam
Claim your iPhone #2339. Register now.,Spam
Win your loan approval #2340. Visit today.,Spam
Win your iPhone #2341. Limited offer.,Spam
Receive your iPhone #2342. Visit today.,Spam
Win your cash reward #2343. Click now.,Spam
Unlock your coupon #2344. Act fast.,Spam
Receive your cash reward #2345. Act fast.,Spam
Win your iPhone #2346. Reply YES.,Spam
Claim your loan approval #2347. Register now.,Spam
Claim your loan approval #2348. Act fast.,Spam
Get your bonus #2349. Act fast.,Spam
Unlock your loan approval #2350. Visit today.,Spam
Receive your bonus #2351. Click now.,Spam
Receive your bonus #2352. Limited offer.,Spam
Unlock your iPhone #2353. Limited offer.,Spam
Receive your coupon #2354. Reply YES.,Spam
Get your vacation #2355. Visit today.,Spam
Get your coupon #2356. Register now.,Spam
Get your iPhone #2357. Act fast.,Spam
Receive your loan approval #2358. Click now.,Spam
Claim your loan approval #2359. Limited offer.,Spam
Win your loan approval #2360. Reply YES.,Spam
Get your cash reward #2361. Reply YES.,Spam
Win your cash reward #2362. Click now.,Spam
Get your loan approval #2363. Limited offer.,Spam
Grab your iPhone #2364. Limited offer.,Spam
Win your gift card #2365. Act fast.,Spam
Grab your cash reward #2366. Reply YES.,Spam
Unlock your bonus #2367. Click now.,Spam
Get your gift card #2368. Register now.,Spam
Win your bonus #2369. Click now.,Spam
Win your bonus #2370. Limited offer.,Spam
Win your iPhone #2371. Visit today.,Spam
Win your vacation #2372. Reply YES.,Spam
Get your cash reward #2373. Act fast.,Spam
Unlock your iPhone #2374. Limited offer.,Spam
Grab your vacation #2375. Register now.,Spam
Claim your iPhone #2376. Reply YES.,Spam
Claim your iPhone #2377. Visit today.,Spam
Claim your cash reward #2378. Click now.,Spam
Get your iPhone #2379. Limited offer.,Spam
Grab your vacation #2380. Register now.,Spam
Unlock your gift card #2381. Visit today.,Spam
Get your bonus #2382. Act fast.,Spam
Unlock your coupon #2383. Register now.,Spam
Receive your cash reward #2384. Reply YES.,Spam
Receive your vacation #2385. Click now.,Spam
Unlock your gift card #2386. Limited offer.,Spam
Grab your vacation #2387. Limited offer.,Spam
Grab your loan approval #2388. Limited offer.,Spam
Receive your gift card #2389. Act fast.,Spam
Grab your loan approval #2390. Visit today.,Spam
Win your iPhone #2391. Reply YES.,Spam
Receive your loan approval #2392. Limited offer.,Spam
Claim your loan approval #2393. Reply YES.,Spam
Grab your bonus #2394. Act fast.,Spam
Claim your cash reward #2395. Act fast.,Spam
Win your cash reward #2396. Visit today.,Spam
Get your iPhone #2397. Register now.,Spam
Grab your gift card #2398. Visit today.,Spam
Grab your bonus #2399. Act fast.,Spam
Unlock your iPhone #2400. Reply YES.,Spam
Receive your iPhone #2401. Limited offer.,Spam
Get your bonus #2402. Visit today.,Spam
Get your coupon #2403. Register now.,Spam
Receive your bonus #2404. Act fast.,Spam
Win your coupon #2405. Visit today.,Spam
Get your coupon #2406. Click now.,Spam
Unlock your vacation #2407. Register now.,Spam
Claim your loan approval #2408. Register now.,Spam
Win your bonus #2409. Register now.,Spam
Claim your gift card #2410. Reply YES.,Spam
Claim your loan approval #2411. Register now.,Spam
Unlock your vacation #2412. Limited offer.,Spam
Win your loan approval #2413. Act fast.,Spam
Grab your vacation #2414. Register now.,Spam
Claim your coupon #2415. Act fast.,Spam
Claim your coupon #2416. Click now.,Spam
Claim your coupon #2417. Click now.,Spam
Win your iPhone #2418. Register now.,Spam
Unlock your bonus #2419. Act fast.,Spam
Unlock your bonus #2420. Limited offer.,Spam
Receive your bonus #2421. Click now.,Spam
Get your cash reward #2422. Click now.,Spam
Grab your vacation #2423. Reply YES.,Spam
Claim your loan approval #2424. Click now.,Spam
Get your bonus #2425. Click now.,Spam
Claim your bonus #2426. Click now.,Spam
Get your loan approval #2427. Visit today.,Spam
Win your loan approval #2428. Visit today.,Spam
Win your loan approval #2429. Click now.,Spam
Claim your vacation #2430. Register now.,Spam
Receive your gift card #2431. Register now.,Spam
Grab your bonus #2432. Act fast.,Spam
Unlock your iPhone #2433. Click now.,Spam
Win your coupon #2434. Visit today.,Spam
Get your vacation #2435. Limited offer.,Spam
Grab your bonus #2436. Act fast.,Spam
Win your bonus #2437. Register now.,Spam
Receive your cash reward #2438. Register now.,Spam
Receive your cash reward #2439. Act fast.,Spam
Receive your coupon #2440. Click now.,Spam
Receive your coupon #2441. Limited offer.,Spam
Unlock your cash reward #2442. Click now.,Spam
Claim your coupon #2443. Visit today.,Spam
Unlock your vacation #2444. Limited offer.,Spam
Grab your iPhone #2445. Visit today.,Spam
Unlock your vacation #2446. Click now.,Spam
Grab your coupon #2447. Reply YES.,Spam
Claim your gift card #2448. Limited offer.,Spam
Get your bonus #2449. Reply YES.,Spam
Win your cash reward #2450. Reply YES.,Spam
Unlock your gift card #2451. Register now.,Spam
Unlock your cash reward #2452. Visit today.,Spam
Claim your vacation #2453. Reply YES.,Spam
Get your cash reward #2454. Limited offer.,Spam
Receive your cash reward #2455. Act fast.,Spam
Receive your loan approval #2456. Visit today.,Spam
Get your coupon #2457. Click now.,Spam
Unlock your cash reward #2458. Reply YES.,Spam
Win your vacation #2459. Act fast.,Spam
Unlock your gift card #2460. Visit today.,Spam
Unlock your gift card #2461. Register now.,Spam
Win your gift card #2462. Limited offer.,Spam
Grab your gift card #2463. Click now.,Spam
Get your bonus #2464. Reply YES.,Spam
Grab your cash reward #2465. Click now.,Spam
Receive your iPhone #2466. Reply YES.,Spam
Grab your vacation #2467. Act fast.,Spam
Unlock your iPhone #2468. Visit today.,Spam
Grab your loan approval #2469. Visit today.,Spam
Receive your iPhone #2470. Act fast.,Spam
Unlock your iPhone #2471. Visit today.,Spam
Claim your loan approval #2472. Reply YES.,Spam
Unlock your vacation #2473. Limited offer.,Spam
Claim your coupon #2474. Act fast.,Spam
Get your bonus #2475. Act fast.,Spam
Grab your loan approval #2476. Reply YES.,Spam
Win your coupon #2477. Limited offer.,Spam
Receive your gift card #2478. Limited offer.,Spam
Get your gift card #2479. Visit today.,Spam
Receive your vacation #2480. Reply YES.,Spam
Claim your gift card #2481. Reply YES.,Spam
Win your gift card #2482. Limited offer.,Spam
Unlock your vacation #2483. Limited offer.,Spam
Win your cash reward #2484. Register now.,Spam
Grab your loan approval #2485. Act fast.,Spam
Grab your bonus #2486. Visit today.,Spam
Claim your iPhone #2487. Reply YES.,Spam
Grab your loan approval #2488. Reply YES.,Spam
Get your vacation #2489. Act fast.,Spam
Claim your coupon #2490. Act fast.,Spam
Grab your loan approval #2491. Register now.,Spam
Receive your coupon #2492. Reply YES.,Spam
Receive your coupon #2493. Register now.,Spam
Receive your bonus #2494. Register now.,Spam
Grab your cash reward #2495. Limited offer.,Spam
Get your coupon #2496. Visit today.,Spam
Unlock your bonus #2497. Limited offer.,Spam
Grab your cash reward #2498. Click now.,Spam
Win your coupon #2499. Act fast.,Spam
Get your loan approval #2500. Visit today.,Spam
Receive your bonus #2501. Click now.,Spam
Claim your gift card #2502. Visit today.,Spam
Get your coupon #2503. Limited offer.,Spam
Unlock your coupon #2504. Register now.,Spam
Get your iPhone #2505. Limited offer.,Spam
Receive your loan approval #2506. Click now.,Spam
Grab your cash reward #2507. Limited offer.,Spam
Claim your coupon #2508. Visit today.,Spam
Get your bonus #2509. Reply YES.,Spam
Unlock your bonus #2510. Act fast.,Spam
Get your loan approval #2511. Click now.,Spam
Receive your bonus #2512. Visit today.,Spam
Unlock your gift card #2513. Limited offer.,Spam
Grab your iPhone #2514. Act fast.,Spam
Claim your coupon #2515. Visit today.,Spam
Grab your gift card #2516. Register now.,Spam
Unlock your iPhone #2517. Visit today.,Spam
Get your bonus #2518. Reply YES.,Spam
Get your loan approval #2519. Limited offer.,Spam
Unlock your iPhone #2520. Click now.,Spam
Grab your coupon #2521. Register now.,Spam
Win your coupon #2522. Click now.,Spam
Unlock your cash reward #2523. Register now.,Spam
Get your gift card #2524. Click now.,Spam
Win your loan approval #2525. Limited offer.,Spam
Unlock your loan approval #2526. Visit today.,Spam
Win your bonus #2527. Reply YES.,Spam
Unlock your loan approval #2528. Reply YES.,Spam
Grab your coupon #2529. Visit today.,Spam
Claim your gift card #2530. Visit today.,Spam
Win your gift card #2531. Visit today.,Spam
Get your bonus #2532. Click now.,Spam
Receive your gift card #2533. Limited offer.,Spam
Grab your gift card #2534. Visit today.,Spam
Receive your coupon #2535. Click now.,Spam
Win your bonus #2536. Register now.,Spam
Grab your iPhone #2537. Limited offer.,Spam
Unlock your gift card #2538. Limited offer.,Spam
Grab your bonus #2539. Act fast.,Spam
Get your loan approval #2540. Click now.,Spam
Grab your cash reward #2541. Register now.,Spam
Win your gift card #2542. Click now.,Spam
Receive your gift card #2543. Click now.,Spam
Receive your iPhone #2544. Limited offer.,Spam
Grab your gift card #2545. Visit today.,Spam
Unlock your coupon #2546. Act fast.,Spam
Win your coupon #2547. Limited offer.,Spam
Win your bonus #2548. Reply YES.,Spam
Get your cash reward #2549. Reply YES.,Spam
Get your iPhone #2550. Visit today.,Spam
Get your coupon #2551. Limited offer.,Spam
Grab your coupon #2552. Register now.,Spam
Claim your gift card #2553. Limited offer.,Spam
Claim your gift card #2554. Register now.,Spam
Win your gift card #2555. Reply YES.,Spam
Unlock your loan approval #2556. Limited offer.,Spam
Grab your cash reward #2557. Limited offer.,Spam
Receive your cash reward #2558. Reply YES.,Spam
Claim your cash reward #2559. Reply YES.,Spam
Get your cash reward #2560. Reply YES.,Spam
Grab your bonus #2561. Click now.,Spam
Receive your coupon #2562. Visit today.,Spam
Claim your loan approval #2563. Reply YES.,Spam
Unlock your loan approval #2564. Click now.,Spam
Win your loan approval #2565. Act fast.,Spam
Receive your cash reward #2566. Reply YES.,Spam
Get your iPhone #2567. Register now.,Spam
Grab your gift card #2568. Reply YES.,Spam
Unlock your cash reward #2569. Register now.,Spam
Grab your iPhone #2570. Click now.,Spam
Win your vacation #2571. Register now.,Spam
Unlock your loan approval #2572. Register now.,Spam
Unlock your iPhone #2573. Reply YES.,Spam
Receive your coupon #2574. Limited offer.,Spam
Win your coupon #2575. Visit today.,Spam
Claim your loan approval #2576. Click now.,Spam
Grab your vacation #2577. Register now.,Spam
Claim your gift card #2578. Act fast.,Spam
Receive your bonus #2579. Visit today.,Spam
Get your coupon #2580. Act fast.,Spam
Grab your bonus #2581. Register now.,Spam
Win your iPhone #2582. Reply YES.,Spam
Claim your gift card #2583. Reply YES.,Spam
Get your cash reward #2584. Register now.,Spam
Unlock your gift card #2585. Limited offer.,Spam
Get your vacation #2586. Act fast.,Spam
Get your cash reward #2587. Visit today.,Spam
Unlock your cash reward #2588. Reply YES.,Spam
Grab your iPhone #2589. Limited offer.,Spam
Unlock your loan approval #2590. Act fast.,Spam
Claim your gift card #2591. Visit today.,Spam
Win your coupon #2592. Click now.,Spam
Unlock your bonus #2593. Visit today.,Spam
Unlock your cash reward #2594. Click now.,Spam
Unlock your loan approval #2595. Register now.,Spam
Unlock your vacation #2596. Click now.,Spam
Claim your loan approval #2597. Visit today.,Spam
Get your loan approval #2598. Register now.,Spam
Get your bonus #2599. Act fast.,Spam
Grab your bonus #2600. Visit today.,Spam
Claim your vacation #2601. Reply YES.,Spam
Receive your vacation #2602. Click now.,Spam
Grab your loan approval #2603. Act fast.,Spam
Claim your vacation #2604. Visit today.,Spam
Get your cash reward #2605. Limited offer.,Spam
Claim your iPhone #2606. Limited offer.,Spam
Win your gift card #2607. Act fast.,Spam
Get your iPhone #2608. Reply YES.,Spam
Unlock your vacation #2609. Limited offer.,Spam
Unlock your vacation #2610. Visit today.,Spam
Unlock your vacation #2611. Limited offer.,Spam
Win your iPhone #2612. Visit today.,Spam
Receive your iPhone #2613. Visit today.,Spam
Unlock your gift card #2614. Limited offer.,Spam
Grab your gift card #2615. Visit today.,Spam
Grab your gift card #2616. Click now.,Spam
Unlock your gift card #2617. Reply YES.,Spam
Claim your vacation #2618. Click now.,Spam
Grab your bonus #2619. Register now.,Spam
Win your loan approval #2620. Visit today.,Spam
Claim your gift card #2621. Visit today.,Spam
Unlock your iPhone #2622. Limited offer.,Spam
Grab your gift card #2623. Register now.,Spam
Unlock your vacation #2624. Act fast.,Spam
Claim your gift card #2625. Act fast.,Spam
Claim your vacation #2626. Reply YES.,Spam
Win your loan approval #2627. Act fast.,Spam
Win your gift card #2628. Register now.,Spam
Win your vacation #2629. Limited offer.,Spam
Claim your coupon #2630. Register now.,Spam
Grab your loan approval #2631. Register now.,Spam
Grab your bonus #2632. Act fast.,Spam
Win your loan approval #2633. Limited offer.,Spam
Unlock your bonus #2634. Click now.,Spam
Grab your loan approval #2635. Reply YES.,Spam
Grab your cash reward #2636. Visit today.,Spam
Get your coupon #2637. Register now.,Spam
Receive your bonus #2638. Act fast.,Spam
Win your loan approval #2639. Visit today.,Spam
Receive your gift card #2640. Act fast.,Spam
Grab your coupon #2641. Register now.,Spam
Unlock your loan approval #2642. Limited offer.,Spam
Claim your iPhone #2643. Register now.,Spam
Get your gift card #2644. Act fast.,Spam
Win your coupon #2645. Visit today.,Spam
Unlock your loan approval #2646. Act fast.,Spam
Unlock your loan approval #2647. Visit today.,Spam
Receive your cash reward #2648. Act fast.,Spam
Grab your coupon #2649. Visit today.,Spam
Get your loan approval #2650. Act fast.,Spam
Claim your cash reward #2651. Visit today.,Spam
Receive your vacation #2652. Click now.,Spam
Grab your cash reward #2653. Act fast.,Spam
Claim your vacation #2654. Limited offer.,Spam
Claim your cash reward #2655. Click now.,Spam
Grab your gift card #2656. Visit today.,Spam
Get your iPhone #2657. Click now.,Spam
Get your loan approval #2658. Visit today.,Spam
Receive your iPhone #2659. Visit today.,Spam
Win your bonus #2660. Limited offer.,Spam
Get your cash reward #2661. Register now.,Spam
Unlock your coupon #2662. Visit today.,Spam
Get your iPhone #2663. Limited offer.,Spam
Claim your iPhone #2664. Limited offer.,Spam
Unlock your iPhone #2665. Reply YES.,Spam
Claim your loan approval #2666. Click now.,Spam
Get your vacation #2667. Click now.,Spam
Get your coupon #2668. Limited offer.,Spam
Win your iPhone #2669. Click now.,Spam
Unlock your gift card #2670. Act fast.,Spam
Get your vacation #2671. Limited offer.,Spam
Claim your iPhone #2672. Register now.,Spam
Unlock your coupon #2673. Reply YES.,Spam
Grab your iPhone #2674. Click now.,Spam
Get your loan approval #2675. Click now.,Spam
Claim your cash reward #2676. Limited offer.,Spam
Claim your vacation #2677. Limited offer.,Spam
Claim your coupon #2678. Act fast.,Spam
Unlock your loan approval #2679. Reply YES.,Spam
Get your cash reward #2680. Click now.,Spam
Receive your iPhone #2681. Visit today.,Spam
Grab your vacation #2682. Limited offer.,Spam
Unlock your vacation #2683. Visit today.,Spam
Win your iPhone #2684. Click now.,Spam
Receive your gift card #2685. Limited offer.,Spam
Unlock your gift card #2686. Register now.,Spam
Get your cash reward #2687. Visit today.,Spam
Unlock your vacation #2688. Act fast.,Spam
Receive your bonus #2689. Act fast.,Spam
Receive your loan approval #2690. Visit today.,Spam
Win your iPhone #2691. Limited offer.,Spam
Unlock your iPhone #2692. Limited offer.,Spam
Grab your iPhone #2693. Limited offer.,Spam
Claim your cash reward #2694. Visit today.,Spam
Get your loan approval #2695. Limited offer.,Spam
Unlock your iPhone #2696. Reply YES.,Spam
Unlock your loan approval #2697. Act fast.,Spam
Grab your coupon #2698. Visit today.,Spam
Grab your loan approval #2699. Click now.,Spam
Get your vacation #2700. Limited offer.,Spam
Win your vacation #2701. Reply YES.,Spam
Win your vacation #2702. Limited offer.,Spam
Get your loan approval #2703. Visit today.,Spam
Grab your loan approval #2704. Act fast.,Spam
Get your cash reward #2705. Click now.,Spam
Grab your bonus #2706. Reply YES.,Spam
Win your gift card #2707. Visit today.,Spam
Claim your cash reward #2708. Reply YES.,Spam
Get your gift card #2709. Register now.,Spam
Receive your iPhone #2710. Register now.,Spam
Get your iPhone #2711. Visit today.,Spam
Claim your coupon #2712. Limited offer.,Spam
Get your cash reward #2713. Act fast.,Spam
Win your gift card #2714. Click now.,Spam
Receive your coupon #2715. Limited offer.,Spam
Unlock your vacation #2716. Click now.,Spam
Get your vacation #2717. Reply YES.,Spam
Receive your iPhone #2718. Click now.,Spam
Receive your vacation #2719. Register now.,Spam
Win your coupon #2720. Act fast.,Spam
Get your gift card #2721. Visit today.,Spam
Get your gift card #2722. Click now.,Spam
Unlock your coupon #2723. Click now.,Spam
Receive your vacation #2724. Visit today.,Spam
Get your coupon #2725. Act fast.,Spam
Grab your vacation #2726. Register now.,Spam
Get your loan approval #2727. Reply YES.,Spam
Receive your gift card #2728. Act fast.,Spam
Unlock your iPhone #2729. Register now.,Spam
Grab your gift card #2730. Reply YES.,Spam
Grab your coupon #2731. Visit today.,Spam
Grab your loan approval #2732. Click now.,Spam
Win your vacation #2733. Click now.,Spam
Unlock your bonus #2734. Reply YES.,Spam
Unlock your vacation #2735. Limited offer.,Spam
Grab your iPhone #2736. Click now.,Spam
Get your vacation #2737. Act fast.,Spam
Grab your iPhone #2738. Register now.,Spam
Grab your iPhone #2739. Limited offer.,Spam
Get your coupon #2740. Act fast.,Spam
Win your gift card #2741. Reply YES.,Spam
Receive your iPhone #2742. Reply YES.,Spam
Win your bonus #2743. Register now.,Spam
Get your vacation #2744. Click now.,Spam
Claim your bonus #2745. Act fast.,Spam
Unlock your cash reward #2746. Limited offer.,Spam
Get your gift card #2747. Limited offer.,Spam
Unlock your gift card #2748. Visit today.,Spam
Grab your vacation #2749. Act fast.,Spam
Grab your iPhone #2750. Register now.,Spam
Grab your vacation #2751. Register now.,Spam
Unlock your loan approval #2752. Visit today.,Spam
Unlock your bonus #2753. Act fast.,Spam
Get your bonus #2754. Visit today.,Spam
Win your bonus #2755. Visit today.,Spam
Unlock your coupon #2756. Visit today.,Spam
Win your iPhone #2757. Reply YES.,Spam
Claim your gift card #2758. Reply YES.,Spam
Grab your vacation #2759. Act fast.,Spam
Win your gift card #2760. Act fast.,Spam
Unlock your loan approval #2761. Limited offer.,Spam
Unlock your iPhone #2762. Limited offer.,Spam
Get your bonus #2763. Click now.,Spam
Unlock your loan approval #2764. Act fast.,Spam
Get your vacation #2765. Act fast.,Spam
Claim your vacation #2766. Register now.,Spam
Unlock your gift card #2767. Click now.,Spam
Get your coupon #2768. Limited offer.,Spam
Receive your cash reward #2769. Register now.,Spam
Claim your vacation #2770. Visit today.,Spam
Win your coupon #2771. Reply YES.,Spam
Receive your iPhone #2772. Register now.,Spam
Get your loan approval #2773. Reply YES.,Spam
Receive your iPhone #2774. Visit today.,Spam
Grab your cash reward #2775. Act fast.,Spam
Win your bonus #2776. Act fast.,Spam
Claim your iPhone #2777. Act fast.,Spam
Claim your iPhone #2778. Reply YES.,Spam
Win your loan approval #2779. Act fast.,Spam
Get your loan approval #2780. Register now.,Spam
Get your coupon #2781. Register now.,Spam
Grab your vacation #2782. Limited offer.,Spam
Unlock your coupon #2783. Register now.,Spam
Claim your vacation #2784. Click now.,Spam
Unlock your vacation #2785. Act fast.,Spam
Get your gift card #2786. Click now.,Spam
Get your vacation #2787. Limited offer.,Spam
Grab your bonus #2788. Visit today.,Spam
Unlock your vacation #2789. Visit today.,Spam
Claim your vacation #2790. Act fast.,Spam
Unlock your iPhone #2791. Visit today.,Spam
Unlock your iPhone #2792. Register now.,Spam
Grab your vacation #2793. Click now.,Spam
Win your iPhone #2794. Act fast.,Spam
Grab your coupon #2795. Limited offer.,Spam
Receive your loan approval #2796. Limited offer.,Spam
Claim your loan approval #2797. Act fast.,Spam
Unlock your iPhone #2798. Visit today.,Spam
Win your coupon #2799. Act fast.,Spam
Unlock your loan approval #2800. Register now.,Spam
Receive your vacation #2801. Reply YES.,Spam
Unlock your vacation #2802. Register now.,Spam
Grab your iPhone #2803. Reply YES.,Spam
Get your vacation #2804. Act fast.,Spam
Unlock your gift card #2805. Click now.,Spam
Receive your iPhone #2806. Click now.,Spam
Win your coupon #2807. Reply YES.,Spam
Claim your loan approval #2808. Act fast.,Spam
Win your bonus #2809. Reply YES.,Spam
Claim your cash reward #2810. Visit today.,Spam
Unlock your vacation #2811. Register now.,Spam
Claim your gift card #2812. Limited offer.,Spam
Receive your iPhone #2813. Click now.,Spam
Unlock your cash reward #2814. Reply YES.,Spam
Get your gift card #2815. Act fast.,Spam
Win your gift card #2816. Register now.,Spam
Claim your coupon #2817. Click now.,Spam
Receive your iPhone #2818. Limited offer.,Spam
Claim your iPhone #2819. Reply YES.,Spam
Win your iPhone #2820. Register now.,Spam
Grab your bonus #2821. Act fast.,Spam
Get your gift card #2822. Click now.,Spam
Get your loan approval #2823. Visit today.,Spam
Unlock your loan approval #2824. Limited offer.,Spam
Grab your bonus #2825. Visit today.,Spam
Get your loan approval #2826. Register now.,Spam
Claim your coupon #2827. Visit today.,Spam
Claim your coupon #2828. Limited offer.,Spam
Unlock your vacation #2829. Click now.,Spam
Win your bonus #2830. Visit today.,Spam
Unlock your iPhone #2831. Limited offer.,Spam
Grab your coupon #2832. Click now.,Spam
Win your bonus #2833. Limited offer.,Spam
Grab your coupon #2834. Register now.,Spam
Win your bonus #2835. Click now.,Spam
Claim your gift card #2836. Click now.,Spam
Win your coupon #2837. Register now.,Spam
Get your cash reward #2838. Reply YES.,Spam
Claim your cash reward #2839. Reply YES.,Spam
Win your coupon #2840. Act fast.,Spam
Get your gift card #2841. Click now.,Spam
Win your iPhone #2842. Visit today.,Spam
Win your bonus #2843. Reply YES.,Spam
Claim your iPhone #2844. Click now.,Spam
Receive your vacation #2845. Visit today.,Spam
Unlock your iPhone #2846. Limited offer.,Spam
Unlock your vacation #2847. Click now.,Spam
Grab your coupon #2848. Click now.,Spam
Get your bonus #2849. Register now.,Spam
Get your loan approval #2850. Visit today.,Spam
Unlock your bonus #2851. Click now.,Spam
Receive your iPhone #2852. Click now.,Spam
Receive your loan approval #2853. Click now.,Spam
Get your loan approval #2854. Click now.,Spam
Get your loan approval #2855. Limited offer.,Spam
Win your loan approval #2856. Click now.,Spam
Claim your iPhone #2857. Reply YES.,Spam
Win your cash reward #2858. Click now.,Spam
Grab your gift card #2859. Click now.,Spam
Unlock your gift card #2860. Click now.,Spam
Win your cash reward #2861. Reply YES.,Spam
Get your gift card #2862. Click now.,Spam
Grab your iPhone #2863. Act fast.,Spam
Claim your gift card #2864. Register now.,Spam
Receive your loan approval #2865. Reply YES.,Spam
Get your coupon #2866. Reply YES.,Spam
Receive your iPhone #2867. Reply YES.,Spam
Claim your loan approval #2868. Visit today.,Spam
Grab your loan approval #2869. Reply YES.,Spam
Win your vacation #2870. Click now.,Spam
Receive your coupon #2871. Reply YES.,Spam
Grab your loan approval #2872. Act fast.,Spam
Claim your vacation #2873. Click now.,Spam
Receive your coupon #2874. Act fast.,Spam
Receive your bonus #2875. Click now.,Spam
Claim your cash reward #2876. Act fast.,Spam
Grab your gift card #2877. Visit today.,Spam
Claim your gift card #2878. Reply YES.,Spam
Win your loan approval #2879. Click now.,Spam
Win your iPhone #2880. Limited offer.,Spam
Grab your loan approval #2881. Reply YES.,Spam
Grab your cash reward #2882. Register now.,Spam
Receive your bonus #2883. Reply YES.,Spam
Win your loan approval #2884. Limited offer.,Spam
Claim your vacation #2885. Visit today.,Spam
Win your bonus #2886. Click now.,Spam
Win your cash reward #2887. Reply YES.,Spam
Claim your gift card #2888. Click now.,Spam
Grab your coupon #2889. Reply YES.,Spam
Get your gift card #2890. Reply YES.,Spam
Claim your cash reward #2891. Reply YES.,Spam
Unlock your loan approval #2892. Reply YES.,Spam
Get your gift card #2893. Register now.,Spam
Win your loan approval #2894. Register now.,Spam
Win your cash reward #2895. Visit today.,Spam
Win your vacation #2896. Reply YES.,Spam
Grab your coupon #2897. Register now.,Spam
Receive your gift card #2898. Register now.,Spam
Grab your coupon #2899. Register now.,Spam
Receive your iPhone #2900. Reply YES.,Spam
Grab your coupon #2901. Visit today.,Spam
Grab your cash reward #2902. Reply YES.,Spam
Grab your vacation #2903. Act fast.,Spam
Unlock your vacation #2904. Limited offer.,Spam
Claim your bonus #2905. Click now.,Spam
Get your bonus #2906. Register now.,Spam
Grab your cash reward #2907. Act fast.,Spam
Get your bonus #2908. Act fast.,Spam
Unlock your iPhone #2909. Act fast.,Spam
Win your coupon #2910. Limited offer.,Spam
Grab your iPhone #2911. Reply YES.,Spam
Win your cash reward #2912. Click now.,Spam
Win your coupon #2913. Reply YES.,Spam
Get your coupon #2914. Click now.,Spam
Get your coupon #2915. Reply YES.,Spam
Win your coupon #2916. Register now.,Spam
Grab your bonus #2917. Act fast.,Spam
Unlock your cash reward #2918. Reply YES.,Spam
Receive your loan approval #2919. Click now.,Spam
Unlock your bonus #2920. Visit today.,Spam
Unlock your iPhone #2921. Click now.,Spam
Unlock your coupon #2922. Reply YES.,Spam
Get your loan approval #2923. Register now.,Spam
Win your bonus #2924. Visit today.,Spam
Get your gift card #2925. Limited offer.,Spam
Grab your cash reward #2926. Act fast.,Spam
Win your bonus #2927. Reply YES.,Spam
Unlock your vacation #2928. Visit today.,Spam
Claim your vacation #2929. Register now.,Spam
Get your cash reward #2930. Act fast.,Spam
Unlock your bonus #2931. Visit today.,Spam
Win your cash reward #2932. Register now.,Spam
Get your cash reward #2933. Click now.,Spam
Grab your coupon #2934. Register now.,Spam
Grab your vacation #2935. Act fast.,Spam
Get your iPhone #2936. Limited offer.,Spam
Unlock your gift card #2937. Reply YES.,Spam
Get your loan approval #2938. Visit today.,Spam
Win your gift card #2939. Act fast.,Spam
Unlock your bonus #2940. Limited offer.,Spam
Grab your gift card #2941. Limited offer.,Spam
Unlock your bonus #2942. Register now.,Spam
Grab your vacation #2943. Act fast.,Spam
Grab your cash reward #2944. Reply YES.,Spam
Claim your iPhone #2945. Click now.,Spam
Unlock your loan approval #2946. Limited offer.,Spam
Unlock your gift card #2947. Click now.,Spam
Get your iPhone #2948. Register now.,Spam
Get your iPhone #2949. Act fast.,Spam
Win your loan approval #2950. Click now.,Spam
Receive your bonus #2951. Limited offer.,Spam
Get your coupon #2952. Reply YES.,Spam
Unlock your vacation #2953. Click now.,Spam
Get your coupon #2954. Act fast.,Spam
Claim your iPhone #2955. Visit today.,Spam
Win your loan approval #2956. Visit today.,Spam
Receive your coupon #2957. Click now.,Spam
Claim your cash reward #2958. Act fast.,Spam
Unlock your gift card #2959. Register now.,Spam
Unlock your gift card #2960. Reply YES.,Spam
Win your iPhone #2961. Reply YES.,Spam
Win your loan approval #2962. Visit today.,Spam
Get your cash reward #2963. Click now.,Spam
Win your iPhone #2964. Act fast.,Spam
Win your loan approval #2965. Click now.,Spam
Win your cash reward #2966. Click now.,Spam
Win your gift card #2967. Click now.,Spam
Receive your coupon #2968. Click now.,Spam
Claim your iPhone #2969. Reply YES.,Spam
Grab your gift card #2970. Act fast.,Spam
Get your gift card #2971. Act fast.,Spam
Grab your iPhone #2972. Register now.,Spam
Claim your vacation #2973. Reply YES.,Spam
Receive your iPhone #2974. Limited offer.,Spam
Grab your iPhone #2975. Reply YES.,Spam
Get your cash reward #2976. Act fast.,Spam
Get your bonus #2977. Act fast.,Spam
Grab your vacation #2978. Act fast.,Spam
Receive your iPhone #2979. Visit today.,Spam
Get your loan approval #2980. Register now.,Spam
Get your vacation #2981. Register now.,Spam
Get your loan approval #2982. Click now.,Spam
Unlock your vacation #2983. Register now.,Spam
Get your loan approval #2984. Limited offer.,Spam
Unlock your coupon #2985. Act fast.,Spam
Claim your iPhone #2986. Limited offer.,Spam
Win your vacation #2987. Register now.,Spam
Win your loan approval #2988. Limited offer.,Spam
Get your vacation #2989. Register now.,Spam
Get your cash reward #2990. Act fast.,Spam
Win your bonus #2991. Limited offer.,Spam
Get your bonus #2992. Reply YES.,Spam
Grab your cash reward #2993. Act fast.,Spam
Grab your loan approval #2994. Act fast.,Spam
Win your coupon #2995. Click now.,Spam
Unlock your cash reward #2996. Register now.,Spam
Get your loan approval #2997. Reply YES.,Spam
Get your bonus #2998. Click now.,Spam
Grab your cash reward #2999. Visit today.,Spam
Get your coupon #3000. Reply YES.,Spam
Unlock your iPhone #3001. Act fast.,Spam
Win your gift card #3002. Reply YES.,Spam
Get your coupon #3003. Click now.,Spam
Grab your coupon #3004. Reply YES.,Spam
Get your iPhone #3005. Visit today.,Spam
Win your vacation #3006. Reply YES.,Spam
Win your loan approval #3007. Act fast.,Spam
Get your cash reward #3008. Act fast.,Spam
Win your gift card #3009. Act fast.,Spam
Unlock your cash reward #3010. Click now.,Spam
Grab your iPhone #3011. Visit today.,Spam
Get your gift card #3012. Act fast.,Spam
Unlock your vacation #3013. Visit today.,Spam
Win your vacation #3014. Act fast.,Spam
Win your cash reward #3015. Visit today.,Spam
Receive your loan approval #3016. Click now.,Spam
Unlock your iPhone #3017. Click now.,Spam
Unlock your iPhone #3018. Act fast.,Spam
Win your coupon #3019. Act fast.,Spam
Get your gift card #3020. Reply YES.,Spam
Get your gift card #3021. Click now.,Spam
Grab your bonus #3022. Limited offer.,Spam
Claim your loan approval #3023. Click now.,Spam
Unlock your loan approval #3024. Act fast.,Spam
Claim your loan approval #3025. Act fast.,Spam
Grab your vacation #3026. Visit today.,Spam
Win your gift card #3027. Limited offer.,Spam
Win your coupon #3028. Visit today.,Spam
Receive your vacation #3029. Limited offer.,Spam
Receive your cash reward #3030. Limited offer.,Spam
Unlock your coupon #3031. Visit today.,Spam
Unlock your gift card #3032. Visit today.,Spam
Receive your coupon #3033. Act fast.,Spam
Receive your vacation #3034. Click now.,Spam
Claim your gift card #3035. Reply YES.,Spam
Win your loan approval #3036. Reply YES.,Spam
Receive your vacation #3037. Click now.,Spam
Receive your bonus #3038. Reply YES.,Spam
Claim your loan approval #3039. Click now.,Spam
Unlock your loan approval #3040. Act fast.,Spam
Get your loan approval #3041. Reply YES.,Spam
Get your coupon #3042. Limited offer.,Spam
Grab your vacation #3043. Visit today.,Spam
Unlock your vacation #3044. Register now.,Spam
Receive your coupon #3045. Register now.,Spam
Win your iPhone #3046. Reply YES.,Spam
Unlock your cash reward #3047. Visit today.,Spam
Claim your cash reward #3048. Visit today.,Spam
Get your gift card #3049. Register now.,Spam
Grab your vacation #3050. Act fast.,Spam
Win your iPhone #3051. Limited offer.,Spam
Receive your bonus #3052. Reply YES.,Spam
Receive your vacation #3053. Click now.,Spam
Claim your vacation #3054. Act fast.,Spam
Grab your vacation #3055. Act fast.,Spam
Unlock your bonus #3056. Reply YES.,Spam
Grab your cash reward #3057. Limited offer.,Spam
Grab your vacation #3058. Act fast.,Spam
Win your bonus #3059. Click now.,Spam
Claim your gift card #3060. Act fast.,Spam
Get your coupon #3061. Click now.,Spam
Claim your iPhone #3062. Visit today.,Spam
Get your coupon #3063. Limited offer.,Spam
Grab your bonus #3064. Act fast.,Spam
Claim your loan approval #3065. Reply YES.,Spam
Claim your bonus #3066. Reply YES.,Spam
Claim your bonus #3067. Register now.,Spam
Claim your iPhone #3068. Act fast.,Spam
Unlock your coupon #3069. Limited offer.,Spam
Grab your vacation #3070. Reply YES.,Spam
Receive your gift card #3071. Limited offer.,Spam
Unlock your loan approval #3072. Reply YES.,Spam
Win your vacation #3073. Click now.,Spam
Win your cash reward #3074. Click now.,Spam
Get your vacation #3075. Limited offer.,Spam
Get your loan approval #3076. Act fast.,Spam
Receive your cash reward #3077. Click now.,Spam
Claim your vacation #3078. Register now.,Spam
Claim your cash reward #3079. Visit today.,Spam
Claim your iPhone #3080. Limited offer.,Spam
Win your coupon #3081. Click now.,Spam
Win your gift card #3082. Reply YES.,Spam
Claim your bonus #3083. Visit today.,Spam
Receive your coupon #3084. Visit today.,Spam
Win your iPhone #3085. Register now.,Spam
Win your cash reward #3086. Register now.,Spam
Win your loan approval #3087. Reply YES.,Spam
Receive your bonus #3088. Limited offer.,Spam
Receive your gift card #3089. Visit today.,Spam
Get your cash reward #3090. Visit today.,Spam
Get your bonus #3091. Reply YES.,Spam
Win your gift card #3092. Register now.,Spam
Get your loan approval #3093. Register now.,Spam
Receive your iPhone #3094. Click now.,Spam
Unlock your bonus #3095. Visit today.,Spam
Win your cash reward #3096. Act fast.,Spam
Win your iPhone #3097. Visit today.,Spam
Unlock your bonus #3098. Act fast.,Spam
Unlock your iPhone #3099. Click now.,Spam
Get your iPhone #3100. Click now.,Spam
Win your vacation #3101. Limited offer.,Spam
Get your vacation #3102. Act fast.,Spam
Claim your gift card #3103. Visit today.,Spam
Win your cash reward #3104. Click now.,Spam
Get your gift card #3105. Reply YES.,Spam
Receive your loan approval #3106. Limited offer.,Spam
Claim your cash reward #3107. Limited offer.,Spam
Grab your iPhone #3108. Act fast.,Spam
Receive your iPhone #3109. Act fast.,Spam
Get your loan approval #3110. Reply YES.,Spam
Claim your gift card #3111. Reply YES.,Spam
Receive your iPhone #3112. Click now.,Spam
Unlock your coupon #3113. Limited offer.,Spam
Win your vacation #3114. Register now.,Spam
Win your loan approval #3115. Visit today.,Spam
Claim your loan approval #3116. Visit today.,Spam
Unlock your bonus #3117. Click now.,Spam
Get your cash reward #3118. Click now.,Spam
Claim your coupon #3119. Limited offer.,Spam
Receive your iPhone #3120. Click now.,Spam
Claim your bonus #3121. Visit today.,Spam
Get your vacation #3122. Limited offer.,Spam
Win your bonus #3123. Act fast.,Spam
Claim your iPhone #3124. Act fast.,Spam
Receive your bonus #3125. Reply YES.,Spam
Claim your iPhone #3126. Reply YES.,Spam
Claim your cash reward #3127. Act fast.,Spam
Win your coupon #3128. Act fast.,Spam
Grab your iPhone #3129. Visit today.,Spam
Win your loan approval #3130. Visit today.,Spam
Grab your cash reward #3131. Click now.,Spam
Get your loan approval #3132. Click now.,Spam
Get your coupon #3133. Visit today.,Spam
Unlock your coupon #3134. Reply YES.,Spam
Win your iPhone #3135. Register now.,Spam
Unlock your cash reward #3136. Click now.,Spam
Get your coupon #3137. Limited offer.,Spam
Claim your gift card #3138. Register now.,Spam
Claim your bonus #3139. Act fast.,Spam
Get your gift card #3140. Act fast.,Spam
Receive your gift card #3141. Register now.,Spam
Claim your bonus #3142. Visit today.,Spam
Claim your gift card #3143. Register now.,Spam
Win your cash reward #3144. Click now.,Spam
Grab your cash reward #3145. Register now.,Spam
Claim your gift card #3146. Click now.,Spam
Receive your cash reward #3147. Act fast.,Spam
Claim your iPhone #3148. Register now.,Spam
Grab your vacation #3149. Reply YES.,Spam
Unlock your coupon #3150. Click now.,Spam
Grab your loan approval #3151. Act fast.,Spam
Claim your iPhone #3152. Register now.,Spam
Receive your coupon #3153. Limited offer.,Spam
Claim your cash reward #3154. Register now.,Spam
Unlock your gift card #3155. Reply YES.,Spam
Win your coupon #3156. Click now.,Spam
Get your cash reward #3157. Click now.,Spam
Claim your loan approval #3158. Click now.,Spam
Unlock your iPhone #3159. Limited offer.,Spam
Claim your coupon #3160. Reply YES.,Spam
Win your loan approval #3161. Limited offer.,Spam
Get your cash reward #3162. Act fast.,Spam
Receive your bonus #3163. Click now.,Spam
Get your coupon #3164. Act fast.,Spam
Grab your bonus #3165. Click now.,Spam
Get your coupon #3166. Visit today.,Spam
Get your bonus #3167. Act fast.,Spam
Grab your bonus #3168. Click now.,Spam
Grab your iPhone #3169. Visit today.,Spam
Claim your iPhone #3170. Reply YES.,Spam
Claim your vacation #3171. Limited offer.,Spam
Grab your coupon #3172. Click now.,Spam
Receive your loan approval #3173. Reply YES.,Spam
Claim your gift card #3174. Register now.,Spam
Receive your iPhone #3175. Register now.,Spam
Unlock your iPhone #3176. Visit today.,Spam
Grab your cash reward #3177. Visit today.,Spam
Claim your loan approval #3178. Act fast.,Spam
Unlock your gift card #3179. Act fast.,Spam
Win your iPhone #3180. Click now.,Spam
Grab your gift card #3181. Limited offer.,Spam
Get your iPhone #3182. Act fast.,Spam
Win your loan approval #3183. Reply YES.,Spam
Unlock your iPhone #3184. Click now.,Spam
Claim your loan approval #3185. Reply YES.,Spam
Get your bonus #3186. Reply YES.,Spam
Win your loan approval #3187. Click now.,Spam
Unlock your coupon #3188. Register now.,Spam
Win your loan approval #3189. Act fast.,Spam
Claim your iPhone #3190. Act fast.,Spam
Receive your bonus #3191. Limited offer.,Spam
Win your iPhone #3192. Act fast.,Spam
Get your bonus #3193. Register now.,Spam
Receive your gift card #3194. Act fast.,Spam
Claim your coupon #3195. Reply YES.,Spam
Win your loan approval #3196. Reply YES.,Spam
Win your cash reward #3197. Click now.,Spam
Claim your cash reward #3198. Limited offer.,Spam
Get your gift card #3199. Visit today.,Spam
Grab your loan approval #3200. Register now.,Spam
Get your iPhone #3201. Register now.,Spam
Claim your bonus #3202. Register now.,Spam
Unlock your cash reward #3203. Limited offer.,Spam
Win your loan approval #3204. Reply YES.,Spam
Claim your vacation #3205. Act fast.,Spam
Win your loan approval #3206. Visit today.,Spam
Claim your loan approval #3207. Act fast.,Spam
Unlock your gift card #3208. Limited offer.,Spam
Get your cash reward #3209. Register now.,Spam
Claim your vacation #3210. Click now.,Spam
Receive your cash reward #3211. Limited offer.,Spam
Win your gift card #3212. Visit today.,Spam
Win your gift card #3213. Register now.,Spam
Claim your vacation #3214. Click now.,Spam
Claim your loan approval #3215. Limited offer.,Spam
Win your loan approval #3216. Reply YES.,Spam
Claim your gift card #3217. Limited offer.,Spam
Get your coupon #3218. Act fast.,Spam
Grab your loan approval #3219. Register now.,Spam
Claim your gift card #3220. Reply YES.,Spam
Receive your cash reward #3221. Act fast.,Spam
Get your coupon #3222. Limited offer.,Spam
Grab your loan approval #3223. Register now.,Spam
Receive your coupon #3224. Act fast.,Spam
Win your bonus #3225. Limited offer.,Spam
Win your iPhone #3226. Visit today.,Spam
Unlock your vacation #3227. Reply YES.,Spam
Receive your vacation #3228. Visit today.,Spam
Win your cash reward #3229. Limited offer.,Spam
Win your bonus #3230. Act fast.,Spam
Win your vacation #3231. Reply YES.,Spam
Unlock your cash reward #3232. Click now.,Spam
Win your gift card #3233. Act fast.,Spam
Get your gift card #3234. Click now.,Spam
Receive your loan approval #3235. Act fast.,Spam
Receive your gift card #3236. Reply YES.,Spam
Get your gift card #3237. Register now.,Spam
Grab your vacation #3238. Click now.,Spam
Get your iPhone #3239. Register now.,Spam
Win your cash reward #3240. Limited offer.,Spam
Unlock your bonus #3241. Visit today.,Spam
Unlock your gift card #3242. Limited offer.,Spam
Grab your coupon #3243. Act fast.,Spam
Grab your iPhone #3244. Reply YES.,Spam
Claim your vacation #3245. Register now.,Spam
Claim your loan approval #3246. Limited offer.,Spam
Unlock your gift card #3247. Click now.,Spam
Win your coupon #3248. Click now.,Spam
Unlock your bonus #3249. Limited offer.,Spam
Claim your gift card #3250. Visit today.,Spam
Receive your bonus #3251. Click now.,Spam
Claim your iPhone #3252. Reply YES.,Spam
Unlock your bonus #3253. Reply YES.,Spam
Grab your loan approval #3254. Act fast.,Spam
Grab your bonus #3255. Visit today.,Spam
Receive your iPhone #3256. Register now.,Spam
Win your coupon #3257. Limited offer.,Spam
Receive your coupon #3258. Click now.,Spam
Grab your bonus #3259. Act fast.,Spam
Claim your cash reward #3260. Visit today.,Spam
Unlock your cash reward #3261. Click now.,Spam
Get your cash reward #3262. Visit today.,Spam
Claim your gift card #3263. Click now.,Spam
Claim your cash reward #3264. Register now.,Spam
Win your vacation #3265. Reply YES.,Spam
Unlock your loan approval #3266. Act fast.,Spam
Grab your loan approval #3267. Act fast.,Spam
Receive your vacation #3268. Click now.,Spam
Claim your gift card #3269. Limited offer.,Spam
Grab your loan approval #3270. Reply YES.,Spam
Claim your loan approval #3271. Limited offer.,Spam
Get your cash reward #3272. Limited offer.,Spam
Receive your coupon #3273. Reply YES.,Spam
Grab your vacation #3274. Act fast.,Spam
Unlock your coupon #3275. Limited offer.,Spam
Unlock your coupon #3276. Act fast.,Spam
Unlock your iPhone #3277. Register now.,Spam
Unlock your bonus #3278. Limited offer.,Spam
Receive your cash reward #3279. Reply YES.,Spam
Unlock your vacation #3280. Limited offer.,Spam
Win your gift card #3281. Limited offer.,Spam
Grab your vacation #3282. Register now.,Spam
Get your coupon #3283. Visit today.,Spam
Win your loan approval #3284. Click now.,Spam
Unlock your gift card #3285. Reply YES.,Spam
Claim your coupon #3286. Act fast.,Spam
Unlock your gift card #3287. Act fast.,Spam
Receive your cash reward #3288. Register now.,Spam
Win your coupon #3289. Register now.,Spam
Unlock your cash reward #3290. Limited offer.,Spam
Grab your iPhone #3291. Act fast.,Spam
Get your gift card #3292. Click now.,Spam
Grab your coupon #3293. Click now.,Spam
Win your vacation #3294. Reply YES.,Spam
Grab your cash reward #3295. Click now.,Spam
Grab your coupon #3296. Visit today.,Spam
Claim your bonus #3297. Click now.,Spam
Grab your cash reward #3298. Visit today.,Spam
Receive your gift card #3299. Visit today.,Spam
Unlock your bonus #3300. Reply YES.,Spam
Unlock your loan approval #3301. Register now.,Spam
Unlock your iPhone #3302. Click now.,Spam
Receive your bonus #3303. Limited offer.,Spam
Grab your gift card #3304. Act fast.,Spam
Win your cash reward #3305. Reply YES.,Spam
Receive your iPhone #3306. Reply YES.,Spam
Receive your iPhone #3307. Register now.,Spam
Win your vacation #3308. Register now.,Spam
Claim your coupon #3309. Click now.,Spam
Win your bonus #3310. Limited offer.,Spam
Win your bonus #3311. Click now.,Spam
Win your bonus #3312. Click now.,Spam
Claim your cash reward #3313. Visit today.,Spam
Claim your gift card #3314. Act fast.,Spam
Unlock your coupon #3315. Limited offer.,Spam
Get your vacation #3316. Limited offer.,Spam
Grab your loan approval #3317. Reply YES.,Spam
Receive your coupon #3318. Act fast.,Spam
Win your iPhone #3319. Visit today.,Spam
Claim your iPhone #3320. Register now.,Spam
Unlock your iPhone #3321. Click now.,Spam
Grab your iPhone #3322. Limited offer.,Spam
Get your loan approval #3323. Click now.,Spam
Grab your vacation #3324. Visit today.,Spam
Receive your loan approval #3325. Click now.,Spam
Win your cash reward #3326. Act fast.,Spam
Receive your bonus #3327. Visit today.,Spam
Receive your bonus #3328. Act fast.,Spam
Win your cash reward #3329. Act fast.,Spam
Unlock your loan approval #3330. Visit today.,Spam
Get your vacation #3331. Act fast.,Spam
Receive your iPhone #3332. Reply YES.,Spam
Grab your loan approval #3333. Register now.,Spam
Unlock your bonus #3334. Reply YES.,Spam
Get your iPhone #3335. Register now.,Spam
Claim your cash reward #3336. Act fast.,Spam
Claim your coupon #3337. Click now.,Spam
Claim your cash reward #3338. Register now.,Spam
Win your gift card #3339. Reply YES.,Spam
Get your iPhone #3340. Visit today.,Spam
Claim your iPhone #3341. Click now.,Spam
Win your bonus #3342. Limited offer.,Spam
Win your coupon #3343. Register now.,Spam
Get your cash reward #3344. Reply YES.,Spam
Claim your coupon #3345. Limited offer.,Spam
Receive your vacation #3346. Click now.,Spam
Unlock your vacation #3347. Visit today.,Spam
Get your bonus #3348. Visit today.,Spam
Win your vacation #3349. Act fast.,Spam
Get your loan approval #3350. Click now.,Spam
Receive your coupon #3351. Reply YES.,Spam
Receive your gift card #3352. Reply YES.,Spam
Grab your coupon #3353. Register now.,Spam
Receive your iPhone #3354. Register now.,Spam
Grab your bonus #3355. Reply YES.,Spam
Win your bonus #3356. Register now.,Spam
Unlock your cash reward #3357. Reply YES.,Spam
Win your gift card #3358. Click now.,Spam
Grab your vacation #3359. Visit today.,Spam
Receive your gift card #3360. Visit today.,Spam
Get your cash reward #3361. Limited offer.,Spam
Win your gift card #3362. Reply YES.,Spam
Unlock your coupon #3363. Limited offer.,Spam
Get your coupon #3364. Limited offer.,Spam
Win your cash reward #3365. Click now.,Spam
Receive your loan approval #3366. Click now.,Spam
Claim your iPhone #3367. Act fast.,Spam
Get your gift card #3368. Register now.,Spam
Win your vacation #3369. Reply YES.,Spam
Claim your vacation #3370. Reply YES.,Spam
Grab your loan approval #3371. Click now.,Spam
Unlock your bonus #3372. Register now.,Spam
Receive your vacation #3373. Reply YES.,Spam
Receive your cash reward #3374. Act fast.,Spam
Claim your gift card #3375. Act fast.,Spam
Claim your vacation #3376. Visit today.,Spam
Claim your cash reward #3377. Click now.,Spam
Claim your iPhone #3378. Act fast.,Spam
Claim your vacation #3379. Limited offer.,Spam
Claim your vacation #3380. Register now.,Spam
Unlock your bonus #3381. Reply YES.,Spam
Grab your cash reward #3382. Act fast.,Spam
Grab your loan approval #3383. Visit today.,Spam
Claim your cash reward #3384. Click now.,Spam
Unlock your iPhone #3385. Visit today.,Spam
Receive your cash reward #3386. Visit today.,Spam
Receive your vacation #3387. Act fast.,Spam
Win your coupon #3388. Click now.,Spam
Receive your coupon #3389. Visit today.,Spam
Win your coupon #3390. Click now.,Spam
Receive your cash reward #3391. Limited offer.,Spam
Receive your vacation #3392. Act fast.,Spam
Unlock your loan approval #3393. Visit today.,Spam
Claim your gift card #3394. Visit today.,Spam
Get your cash reward #3395. Act fast.,Spam
Grab your coupon #3396. Act fast.,Spam
Claim your iPhone #3397. Limited offer.,Spam
Receive your bonus #3398. Click now.,Spam
Claim your vacation #3399. Register now.,Spam
Claim your bonus #3400. Act fast.,Spam
Grab your iPhone #3401. Limited offer.,Spam
Claim your vacation #3402. Click now.,Spam
Win your loan approval #3403. Register now.,Spam
Grab your iPhone #3404. Click now.,Spam
Receive your iPhone #3405. Act fast.,Spam
Claim your iPhone #3406. Limited offer.,Spam
Receive your gift card #3407. Visit today.,Spam
Claim your gift card #3408. Act fast.,Spam
Win your vacation #3409. Visit today.,Spam
Win your loan approval #3410. Act fast.,Spam
Win your iPhone #3411. Register now.,Spam
Get your iPhone #3412. Act fast.,Spam
Get your cash reward #3413. Register now.,Spam
Unlock your loan approval #3414. Reply YES.,Spam
Claim your bonus #3415. Limited offer.,Spam
Win your iPhone #3416. Register now.,Spam
Get your cash reward #3417. Act fast.,Spam
Win your gift card #3418. Act fast.,Spam
Get your cash reward #3419. Reply YES.,Spam
Grab your vacation #3420. Reply YES.,Spam
Get your iPhone #3421. Reply YES.,Spam
Claim your coupon #3422. Limited offer.,Spam
Unlock your loan approval #3423. Act fast.,Spam
Receive your bonus #3424. Register now.,Spam
Receive your iPhone #3425. Register now.,Spam
Get your loan approval #3426. Click now.,Spam
Unlock your cash reward #3427. Register now.,Spam
Unlock your bonus #3428. Register now.,Spam
Get your cash reward #3429. Click now.,Spam
Win your coupon #3430. Click now.,Spam
Unlock your bonus #3431. Reply YES.,Spam
Claim your coupon #3432. Register now.,Spam
Receive your loan approval #3433. Limited offer.,Spam
Receive your vacation #3434. Reply YES.,Spam
Get your vacation #3435. Click now.,Spam
Get your coupon #3436. Register now.,Spam
Win your coupon #3437. Reply YES.,Spam
Win your cash reward #3438. Limited offer.,Spam
Unlock your coupon #3439. Visit today.,Spam
Win your loan approval #3440. Act fast.,Spam
Unlock your cash reward #3441. Reply YES.,Spam
Grab your vacation #3442. Register now.,Spam
Unlock your vacation #3443. Reply YES.,Spam
Win your bonus #3444. Act fast.,Spam
Claim your gift card #3445. Act fast.,Spam
Grab your coupon #3446. Click now.,Spam
Grab your cash reward #3447. Limited offer.,Spam
Claim your cash reward #3448. Click now.,Spam
Win your bonus #3449. Limited offer.,Spam
Get your bonus #3450. Visit today.,Spam
Get your cash reward #3451. Visit today.,Spam
Win your cash reward #3452. Limited offer.,Spam
Win your bonus #3453. Act fast.,Spam
Unlock your cash reward #3454. Reply YES.,Spam
Get your cash reward #3455. Visit today.,Spam
Receive your cash reward #3456. Act fast.,Spam
Get your vacation #3457. Click now.,Spam
Unlock your vacation #3458. Act fast.,Spam
Unlock your bonus #3459. Act fast.,Spam
Unlock your coupon #3460. Click now.,Spam
Grab your iPhone #3461. Visit today.,Spam
Unlock your gift card #3462. Visit today.,Spam
Receive your iPhone #3463. Click now.,Spam
Claim your gift card #3464. Visit today.,Spam
Win your vacation #3465. Reply YES.,Spam
Get your cash reward #3466. Act fast.,Spam
Unlock your iPhone #3467. Limited offer.,Spam
Claim your iPhone #3468. Reply YES.,Spam
Claim your cash reward #3469. Register now.,Spam
Grab your gift card #3470. Reply YES.,Spam
Claim your gift card #3471. Register now.,Spam
Claim your cash reward #3472. Click now.,Spam
Claim your iPhone #3473. Act fast.,Spam
Win your gift card #3474. Register now.,Spam
Receive your vacation #3475. Reply YES.,Spam
Get your coupon #3476. Visit today.,Spam
Claim your iPhone #3477. Reply YES.,Spam
Win your iPhone #3478. Click now.,Spam
Get your gift card #3479. Click now.,Spam
Grab your iPhone #3480. Visit today.,Spam
Unlock your gift card #3481. Reply YES.,Spam
Receive your cash reward #3482. Limited offer.,Spam
Claim your loan approval #3483. Act fast.,Spam
Win your gift card #3484. Limited offer.,Spam
Claim your bonus #3485. Register now.,Spam
Unlock your coupon #3486. Visit today.,Spam
Claim your loan approval #3487. Click now.,Spam
Receive your vacation #3488. Register now.,Spam
Grab your iPhone #3489. Click now.,Spam
Claim your vacation #3490. Limited offer.,Spam
Get your iPhone #3491. Act fast.,Spam
Get your cash reward #3492. Reply YES.,Spam
Get your bonus #3493. Reply YES.,Spam
Receive your loan approval #3494. Act fast.,Spam
Receive your bonus #3495. Visit today.,Spam
Receive your loan approval #3496. Limited offer.,Spam
Claim your vacation #3497. Register now.,Spam
Win your coupon #3498. Visit today.,Spam
Claim your gift card #3499. Limited offer.,Spam
Unlock your loan approval #3500. Register now.,Spam
Claim your bonus #3501. Reply YES.,Spam
Receive your coupon #3502. Limited offer.,Spam
Get your iPhone #3503. Visit today.,Spam
Grab your gift card #3504. Act fast.,Spam
Grab your gift card #3505. Register now.,Spam
Win your loan approval #3506. Limited offer.,Spam
Claim your gift card #3507. Limited offer.,Spam
Claim your gift card #3508. Register now.,Spam
Win your iPhone #3509. Visit today.,Spam
Receive your cash reward #3510. Act fast.,Spam
Unlock your cash reward #3511. Click now.,Spam
Get your iPhone #3512. Limited offer.,Spam
Win your coupon #3513. Visit today.,Spam
Claim your bonus #3514. Register now.,Spam
Claim your vacation #3515. Register now.,Spam
Grab your iPhone #3516. Register now.,Spam
Grab your iPhone #3517. Act fast.,Spam
Receive your cash reward #3518. Act fast.,Spam
Receive your iPhone #3519. Act fast.,Spam
Unlock your loan approval #3520. Register now.,Spam
Receive your loan approval #3521. Act fast.,Spam
Grab your bonus #3522. Reply YES.,Spam
Claim your coupon #3523. Register now.,Spam
Claim your bonus #3524. Register now.,Spam
Win your cash reward #3525. Click now.,Spam
Receive your bonus #3526. Click now.,Spam
Win your gift card #3527. Register now.,Spam
Get your bonus #3528. Visit today.,Spam
Unlock your gift card #3529. Visit today.,Spam
Get your iPhone #3530. Visit today.,Spam
Win your cash reward #3531. Visit today.,Spam
Receive your iPhone #3532. Act fast.,Spam
Receive your iPhone #3533. Reply YES.,Spam
Grab your loan approval #3534. Limited offer.,Spam
Claim your coupon #3535. Act fast.,Spam
Receive your bonus #3536. Click now.,Spam
Unlock your loan approval #3537. Visit today.,Spam
Receive your coupon #3538. Visit today.,Spam
Win your cash reward #3539. Visit today.,Spam
Receive your iPhone #3540. Act fast.,Spam
Unlock your loan approval #3541. Register now.,Spam
Receive your vacation #3542. Limited offer.,Spam
Win your cash reward #3543. Register now.,Spam
Grab your bonus #3544. Limited offer.,Spam
Unlock your cash reward #3545. Click now.,Spam
Win your gift card #3546. Visit today.,Spam
Receive your cash reward #3547. Visit today.,Spam
Win your cash reward #3548. Register now.,Spam
Unlock your iPhone #3549. Click now.,Spam
Receive your loan approval #3550. Visit today.,Spam
Claim your vacation #3551. Act fast.,Spam
Unlock your loan approval #3552. Register now.,Spam
Get your vacation #3553. Visit today.,Spam
Grab your gift card #3554. Reply YES.,Spam
Unlock your coupon #3555. Register now.,Spam
Unlock your gift card #3556. Reply YES.,Spam
Get your coupon #3557. Limited offer.,Spam
Claim your gift card #3558. Reply YES.,Spam
Claim your bonus #3559. Reply YES.,Spam
Win your coupon #3560. Reply YES.,Spam
Grab your coupon #3561. Reply YES.,Spam
Win your loan approval #3562. Visit today.,Spam
Receive your gift card #3563. Click now.,Spam
Grab your gift card #3564. Visit today.,Spam
Unlock your cash reward #3565. Register now.,Spam
Receive your loan approval #3566. Act fast.,Spam
Grab your bonus #3567. Act fast.,Spam
Unlock your loan approval #3568. Reply YES.,Spam
Receive your vacation #3569. Act fast.,Spam
Get your coupon #3570. Visit today.,Spam
Get your coupon #3571. Click now.,Spam
Grab your vacation #3572. Register now.,Spam
Unlock your vacation #3573. Limited offer.,Spam
Get your vacation #3574. Visit today.,Spam
Grab your loan approval #3575. Act fast.,Spam
Win your bonus #3576. Visit today.,Spam
Win your iPhone #3577. Reply YES.,Spam
Get your vacation #3578. Visit today.,Spam
Grab your loan approval #3579. Visit today.,Spam
Receive your vacation #3580. Click now.,Spam
Receive your bonus #3581. Visit today.,Spam
Win your vacation #3582. Act fast.,Spam
Grab your loan approval #3583. Click now.,Spam
Claim your cash reward #3584. Act fast.,Spam
Receive your iPhone #3585. Reply YES.,Spam
Unlock your iPhone #3586. Click now.,Spam
Get your gift card #3587. Reply YES.,Spam
Get your cash reward #3588. Register now.,Spam
Receive your coupon #3589. Click now.,Spam
Unlock your gift card #3590. Reply YES.,Spam
Win your gift card #3591. Click now.,Spam
Claim your cash reward #3592. Visit today.,Spam
Claim your vacation #3593. Limited offer.,Spam
Receive your iPhone #3594. Register now.,Spam
Get your cash reward #3595. Reply YES.,Spam
Get your coupon #3596. Act fast.,Spam
Claim your coupon #3597. Reply YES.,Spam
Claim your iPhone #3598. Register now.,Spam
Grab your gift card #3599. Register now.,Spam
Grab your bonus #3600. Limited offer.,Spam
Win your iPhone #3601. Register now.,Spam
Receive your loan approval #3602. Act fast.,Spam
Win your cash reward #3603. Visit today.,Spam
Claim your bonus #3604. Reply YES.,Spam
Grab your vacation #3605. Limited offer.,Spam
Get your bonus #3606. Click now.,Spam
Receive your iPhone #3607. Register now.,Spam
Win your cash reward #3608. Reply YES.,Spam
Receive your loan approval #3609. Click now.,Spam
Get your loan approval #3610. Click now.,Spam
Win your loan approval #3611. Act fast.,Spam
Claim your bonus #3612. Reply YES.,Spam
Win your iPhone #3613. Act fast.,Spam
Receive your cash reward #3614. Visit today.,Spam
Win your cash reward #3615. Reply YES.,Spam
Claim your iPhone #3616. Register now.,Spam
Claim your loan approval #3617. Limited offer.,Spam
Unlock your coupon #3618. Reply YES.,Spam
Claim your coupon #3619. Register now.,Spam
Win your coupon #3620. Limited offer.,Spam
Get your coupon #3621. Reply YES.,Spam
Grab your vacation #3622. Act fast.,Spam
Win your loan approval #3623. Limited offer.,Spam
Get your bonus #3624. Reply YES.,Spam
Win your vacation #3625. Register now.,Spam
Get your iPhone #3626. Reply YES.,Spam
Receive your vacation #3627. Click now.,Spam
Get your cash reward #3628. Limited offer.,Spam
Claim your iPhone #3629. Reply YES.,Spam
Receive your bonus #3630. Limited offer.,Spam
Claim your bonus #3631. Limited offer.,Spam
Grab your gift card #3632. Reply YES.,Spam
Win your coupon #3633. Visit today.,Spam
Get your loan approval #3634. Register now.,Spam
Grab your bonus #3635. Visit today.,Spam
Grab your vacation #3636. Reply YES.,Spam
Get your gift card #3637. Act fast.,Spam
Grab your iPhone #3638. Register now.,Spam
Grab your bonus #3639. Reply YES.,Spam
Unlock your bonus #3640. Visit today.,Spam
Unlock your loan approval #3641. Click now.,Spam
Receive your gift card #3642. Act fast.,Spam
Unlock your loan approval #3643. Visit today.,Spam
Get your coupon #3644. Click now.,Spam
Receive your cash reward #3645. Click now.,Spam
Win your cash reward #3646. Limited offer.,Spam
Win your coupon #3647. Limited offer.,Spam
Receive your bonus #3648. Click now.,Spam
Get your cash reward #3649. Reply YES.,Spam
Get your vacation #3650. Limited offer.,Spam
Win your gift card #3651. Click now.,Spam
Get your vacation #3652. Act fast.,Spam
Get your loan approval #3653. Reply YES.,Spam
Win your gift card #3654. Visit today.,Spam
Receive your vacation #3655. Limited offer.,Spam
Get your bonus #3656. Act fast.,Spam
Claim your vacation #3657. Limited offer.,Spam
Claim your iPhone #3658. Act fast.,Spam
Receive your gift card #3659. Reply YES.,Spam
Claim your iPhone #3660. Register now.,Spam
Get your gift card #3661. Click now.,Spam
Unlock your iPhone #3662. Act fast.,Spam
Receive your iPhone #3663. Register now.,Spam
Unlock your gift card #3664. Limited offer.,Spam
Claim your bonus #3665. Click now.,Spam
Receive your vacation #3666. Reply YES.,Spam
Claim your coupon #3667. Register now.,Spam
Unlock your vacation #3668. Click now.,Spam
Win your coupon #3669. Register now.,Spam
Grab your loan approval #3670. Click now.,Spam
Win your cash reward #3671. Act fast.,Spam
Win your bonus #3672. Act fast.,Spam
Claim your iPhone #3673. Reply YES.,Spam
Claim your coupon #3674. Reply YES.,Spam
Win your bonus #3675. Limited offer.,Spam
Claim your gift card #3676. Act fast.,Spam
Grab your loan approval #3677. Visit today.,Spam
Win your bonus #3678. Limited offer.,Spam
Receive your iPhone #3679. Reply YES.,Spam
Claim your cash reward #3680. Act fast.,Spam
Win your cash reward #3681. Register now.,Spam
Grab your gift card #3682. Visit today.,Spam
Receive your coupon #3683. Limited offer.,Spam
Win your vacation #3684. Limited offer.,Spam
Claim your cash reward #3685. Limited offer.,Spam
Receive your iPhone #3686. Visit today.,Spam
Grab your coupon #3687. Click now.,Spam
Unlock your bonus #3688. Reply YES.,Spam
Unlock your vacation #3689. Register now.,Spam
Grab your gift card #3690. Reply YES.,Spam
Unlock your gift card #3691. Click now.,Spam
Receive your loan approval #3692. Act fast.,Spam
Win your loan approval #3693. Visit today.,Spam
Receive your bonus #3694. Limited offer.,Spam
Win your iPhone #3695. Visit today.,Spam
Grab your cash reward #3696. Visit today.,Spam
Win your loan approval #3697. Click now.,Spam
Unlock your iPhone #3698. Limited offer.,Spam
Win your iPhone #3699. Click now.,Spam
Claim your gift card #3700. Reply YES.,Spam
Claim your gift card #3701. Click now.,Spam
Receive your cash reward #3702. Act fast.,Spam
Claim your loan approval #3703. Visit today.,Spam
Get your iPhone #3704. Act fast.,Spam
Receive your gift card #3705. Register now.,Spam
Grab your loan approval #3706. Register now.,Spam
Win your cash reward #3707. Act fast.,Spam
Receive your iPhone #3708. Act fast.,Spam
Claim your coupon #3709. Act fast.,Spam
Unlock your vacation #3710. Limited offer.,Spam
Unlock your gift card #3711. Limited offer.,Spam
Receive your gift card #3712. Register now.,Spam
Claim your loan approval #3713. Reply YES.,Spam
Get your vacation #3714. Register now.,Spam
Get your gift card #3715. Visit today.,Spam
Grab your cash reward #3716. Click now.,Spam
Receive your gift card #3717. Register now.,Spam
Grab your gift card #3718. Limited offer.,Spam
Unlock your cash reward #3719. Limited offer.,Spam
Claim your coupon #3720. Register now.,Spam
Claim your loan approval #3721. Reply YES.,Spam
Unlock your gift card #3722. Visit today.,Spam
Win your vacation #3723. Limited offer.,Spam
Get your iPhone #3724. Reply YES.,Spam
Win your iPhone #3725. Act fast.,Spam
Claim your iPhone #3726. Limited offer.,Spam
Get your iPhone #3727. Visit today.,Spam
Get your loan approval #3728. Register now.,Spam
Claim your coupon #3729. Visit today.,Spam
Claim your cash reward #3730. Limited offer.,Spam
Get your loan approval #3731. Register now.,Spam
Grab your cash reward #3732. Limited offer.,Spam
Unlock your cash reward #3733. Visit today.,Spam
Win your loan approval #3734. Register now.,Spam
Claim your cash reward #3735. Limited offer.,Spam
Claim your coupon #3736. Limited offer.,Spam
Claim your loan approval #3737. Limited offer.,Spam
Unlock your gift card #3738. Register now.,Spam
Win your bonus #3739. Act fast.,Spam
Win your bonus #3740. Register now.,Spam
Get your iPhone #3741. Click now.,Spam
Receive your loan approval #3742. Register now.,Spam
Win your coupon #3743. Click now.,Spam
Grab your bonus #3744. Visit today.,Spam
Grab your bonus #3745. Limited offer.,Spam
Win your iPhone #3746. Act fast.,Spam
Receive your bonus #3747. Register now.,Spam
Claim your coupon #3748. Visit today.,Spam
Get your loan approval #3749. Register now.,Spam
Receive your vacation #3750. Act fast.,Spam
Receive your vacation #3751. Visit today.,Spam
Win your gift card #3752. Click now.,Spam
Unlock your coupon #3753. Register now.,Spam
Get your coupon #3754. Visit today.,Spam
Receive your gift card #3755. Act fast.,Spam
Win your iPhone #3756. Register now.,Spam
Claim your gift card #3757. Visit today.,Spam
Grab your iPhone #3758. Act fast.,Spam
Unlock your bonus #3759. Click now.,Spam
Unlock your coupon #3760. Click now.,Spam
Win your bonus #3761. Visit today.,Spam
Get your cash reward #3762. Act fast.,Spam
Win your coupon #3763. Reply YES.,Spam
Unlock your iPhone #3764. Act fast.,Spam
Claim your gift card #3765. Click now.,Spam
Get your iPhone #3766. Register now.,Spam
Receive your loan approval #3767. Reply YES.,Spam
Unlock your vacation #3768. Register now.,Spam
Get your coupon #3769. Act fast.,Spam
Get your bonus #3770. Click now.,Spam
Unlock your coupon #3771. Limited offer.,Spam
Win your loan approval #3772. Limited offer.,Spam
Get your loan approval #3773. Reply YES.,Spam
Win your loan approval #3774. Visit today.,Spam
Grab your bonus #3775. Limited offer.,Spam
Grab your bonus #3776. Reply YES.,Spam
Receive your loan approval #3777. Reply YES.,Spam
Win your bonus #3778. Register now.,Spam
Receive your loan approval #3779. Reply YES.,Spam
Get your vacation #3780. Visit today.,Spam
Get your cash reward #3781. Limited offer.,Spam
Claim your iPhone #3782. Click now.,Spam
Grab your loan approval #3783. Visit today.,Spam
Receive your bonus #3784. Limited offer.,Spam
Claim your cash reward #3785. Reply YES.,Spam
Receive your gift card #3786. Register now.,Spam
Win your bonus #3787. Reply YES.,Spam
Receive your coupon #3788. Click now.,Spam
Get your gift card #3789. Click now.,Spam
Grab your cash reward #3790. Act fast.,Spam
Grab your cash reward #3791. Limited offer.,Spam
Claim your bonus #3792. Limited offer.,Spam
Win your cash reward #3793. Visit today.,Spam
Get your loan approval #3794. Visit today.,Spam
Win your gift card #3795. Click now.,Spam
Win your gift card #3796. Reply YES.,Spam
Unlock your vacation #3797. Limited offer.,Spam
Get your coupon #3798. Visit today.,Spam
Win your iPhone #3799. Act fast.,Spam
Grab your coupon #3800. Click now.,Spam
Receive your iPhone #3801. Click now.,Spam
Win your coupon #3802. Reply YES.,Spam
Unlock your cash reward #3803. Limited offer.,Spam
Claim your iPhone #3804. Click now.,Spam
Receive your gift card #3805. Register now.,Spam
Win your bonus #3806. Visit today.,Spam
Get your loan approval #3807. Act fast.,Spam
Win your loan approval #3808. Register now.,Spam
Win your iPhone #3809. Reply YES.,Spam
Receive your loan approval #3810. Limited offer.,Spam
Receive your coupon #3811. Visit today.,Spam
Receive your bonus #3812. Visit today.,Spam
Unlock your gift card #3813. Register now.,Spam
Receive your loan approval #3814. Limited offer.,Spam
Claim your bonus #3815. Register now.,Spam
Get your coupon #3816. Register now.,Spam
Receive your vacation #3817. Limited offer.,Spam
Receive your coupon #3818. Act fast.,Spam
Claim your cash reward #3819. Register now.,Spam
Grab your gift card #3820. Reply YES.,Spam
Grab your coupon #3821. Reply YES.,Spam
Unlock your iPhone #3822. Visit today.,Spam
Grab your bonus #3823. Click now.,Spam
Win your vacation #3824. Reply YES.,Spam
Unlock your bonus #3825. Reply YES.,Spam
Receive your cash reward #3826. Reply YES.,Spam
Win your cash reward #3827. Visit today.,Spam
Get your coupon #3828. Click now.,Spam
Receive your iPhone #3829. Click now.,Spam
Get your vacation #3830. Register now.,Spam
Win your cash reward #3831. Act fast.,Spam
Claim your loan approval #3832. Visit today.,Spam
Receive your coupon #3833. Click now.,Spam
Claim your gift card #3834. Reply YES.,Spam
Receive your bonus #3835. Act fast.,Spam
Receive your bonus #3836. Reply YES.,Spam
Win your vacation #3837. Reply YES.,Spam
Receive your cash reward #3838. Register now.,Spam
Get your vacation #3839. Limited offer.,Spam
Unlock your cash reward #3840. Limited offer.,Spam
Unlock your iPhone #3841. Click now.,Spam
Claim your bonus #3842. Visit today.,Spam
Get your vacation #3843. Click now.,Spam
Get your gift card #3844. Visit today.,Spam
Get your iPhone #3845. Register now.,Spam
Claim your vacation #3846. Act fast.,Spam
Grab your vacation #3847. Limited offer.,Spam
Get your coupon #3848. Register now.,Spam
Win your coupon #3849. Limited offer.,Spam
Receive your gift card #3850. Act fast.,Spam
Claim your cash reward #3851. Visit today.,Spam
Claim your vacation #3852. Visit today.,Spam
Win your loan approval #3853. Act fast.,Spam
Win your cash reward #3854. Visit today.,Spam
Win your cash reward #3855. Limited offer.,Spam
Claim your coupon #3856. Act fast.,Spam
Claim your vacation #3857. Act fast.,Spam
Win your bonus #3858. Visit today.,Spam
Receive your vacation #3859. Reply YES.,Spam
Receive your vacation #3860. Register now.,Spam
Receive your bonus #3861. Act fast.,Spam
Get your cash reward #3862. Act fast.,Spam
Unlock your loan approval #3863. Act fast.,Spam
Receive your loan approval #3864. Click now.,Spam
Unlock your cash reward #3865. Reply YES.,Spam
Get your loan approval #3866. Reply YES.,Spam
Unlock your loan approval #3867. Visit today.,Spam
Claim your iPhone #3868. Reply YES.,Spam
Receive your gift card #3869. Act fast.,Spam
Grab your vacation #3870. Reply YES.,Spam
Unlock your iPhone #3871. Act fast.,Spam
Grab your bonus #3872. Act fast.,Spam
Unlock your vacation #3873. Visit today.,Spam
Receive your vacation #3874. Visit today.,Spam
Receive your coupon #3875. Click now.,Spam
Receive your cash reward #3876. Visit today.,Spam
Unlock your loan approval #3877. Reply YES.,Spam
Receive your bonus #3878. Act fast.,Spam
Get your loan approval #3879. Reply YES.,Spam
Grab your gift card #3880. Act fast.,Spam
Claim your cash reward #3881. Visit today.,Spam
Claim your cash reward #3882. Act fast.,Spam
Receive your iPhone #3883. Limited offer.,Spam
Get your cash reward #3884. Act fast.,Spam
Claim your cash reward #3885. Act fast.,Spam
Claim your gift card #3886. Visit today.,Spam
Unlock your bonus #3887. Act fast.,Spam
Unlock your gift card #3888. Register now.,Spam
Win your iPhone #3889. Act fast.,Spam
Receive your gift card #3890. Click now.,Spam
Get your loan approval #3891. Act fast.,Spam
Receive your iPhone #3892. Visit today.,Spam
Claim your loan approval #3893. Register now.,Spam
Win your loan approval #3894. Click now.,Spam
Get your bonus #3895. Register now.,Spam
Grab your bonus #3896. Register now.,Spam
Unlock your gift card #3897. Visit today.,Spam
Grab your bonus #3898. Act fast.,Spam
Win your loan approval #3899. Limited offer.,Spam
Claim your coupon #3900. Act fast.,Spam
Unlock your loan approval #3901. Limited offer.,Spam
Grab your gift card #3902. Limited offer.,Spam
Receive your bonus #3903. Register now.,Spam
Claim your iPhone #3904. Click now.,Spam
Grab your vacation #3905. Register now.,Spam
Unlock your cash reward #3906. Register now.,Spam
Unlock your cash reward #3907. Act fast.,Spam
Win your iPhone #3908. Limited offer.,Spam
Win your coupon #3909. Click now.,Spam
Win your coupon #3910. Click now.,Spam
Grab your coupon #3911. Limited offer.,Spam
Receive your iPhone #3912. Reply YES.,Spam
Get your bonus #3913. Limited offer.,Spam
Unlock your iPhone #3914. Act fast.,Spam
Grab your iPhone #3915. Click now.,Spam
Receive your gift card #3916. Reply YES.,Spam
Grab your iPhone #3917. Reply YES.,Spam
Grab your cash reward #3918. Reply YES.,Spam
Claim your iPhone #3919. Act fast.,Spam
Grab your vacation #3920. Click now.,Spam
Grab your cash reward #3921. Limited offer.,Spam
Unlock your gift card #3922. Reply YES.,Spam
Get your loan approval #3923. Click now.,Spam
Get your coupon #3924. Act fast.,Spam
Grab your loan approval #3925. Click now.,Spam
Unlock your loan approval #3926. Click now.,Spam
Get your cash reward #3927. Act fast.,Spam
Get your gift card #3928. Limited offer.,Spam
Receive your bonus #3929. Act fast.,Spam
Win your bonus #3930. Limited offer.,Spam
Unlock your vacation #3931. Register now.,Spam
Claim your gift card #3932. Limited offer.,Spam
Receive your vacation #3933. Reply YES.,Spam
Claim your cash reward #3934. Visit today.,Spam
Unlock your loan approval #3935. Act fast.,Spam
Unlock your bonus #3936. Visit today.,Spam
Receive your iPhone #3937. Visit today.,Spam
Win your coupon #3938. Register now.,Spam
Claim your cash reward #3939. Register now.,Spam
Unlock your gift card #3940. Reply YES.,Spam
Get your iPhone #3941. Act fast.,Spam
Claim your loan approval #3942. Visit today.,Spam
Claim your cash reward #3943. Reply YES.,Spam
Claim your cash reward #3944. Register now.,Spam
Grab your loan approval #3945. Visit today.,Spam
Win your gift card #3946. Register now.,Spam
Unlock your gift card #3947. Register now.,Spam
Receive your vacation #3948. Reply YES.,Spam
Get your loan approval #3949. Register now.,Spam
Win your coupon #3950. Act fast.,Spam
Get your loan approval #3951. Act fast.,Spam
Claim your gift card #3952. Reply YES.,Spam
Grab your iPhone #3953. Limited offer.,Spam
Grab your vacation #3954. Click now.,Spam
Claim your loan approval #3955. Visit today.,Spam
Get your iPhone #3956. Act fast.,Spam
Claim your cash reward #3957. Limited offer.,Spam
Win your gift card #3958. Register now.,Spam
Grab your iPhone #3959. Act fast.,Spam
Unlock your gift card #3960. Limited offer.,Spam
Unlock your gift card #3961. Visit today.,Spam
Claim your coupon #3962. Click now.,Spam
Claim your vacation #3963. Act fast.,Spam
Grab your gift card #3964. Reply YES.,Spam
Grab your loan approval #3965. Register now.,Spam
Win your iPhone #3966. Visit today.,Spam
Get your gift card #3967. Visit today.,Spam
Receive your coupon #3968. Visit today.,Spam
Grab your vacation #3969. Register now.,Spam
Claim your gift card #3970. Click now.,Spam
Receive your loan approval #3971. Act fast.,Spam
Grab your bonus #3972. Limited offer.,Spam
Win your loan approval #3973. Click now.,Spam
Receive your coupon #3974. Act fast.,Spam
Claim your vacation #3975. Visit today.,Spam
Win your vacation #3976. Register now.,Spam
Unlock your gift card #3977. Click now.,Spam
Get your bonus #3978. Act fast.,Spam
Grab your gift card #3979. Act fast.,Spam
Unlock your bonus #3980. Visit today.,Spam
Unlock your cash reward #3981. Reply YES.,Spam
Claim your vacation #3982. Limited offer.,Spam
Claim your loan approval #3983. Act fast.,Spam
Win your bonus #3984. Act fast.,Spam
Grab your vacation #3985. Visit today.,Spam
Win your cash reward #3986. Click now.,Spam
Claim your vacation #3987. Limited offer.,Spam
Win your cash reward #3988. Visit today.,Spam
Win your bonus #3989. Reply YES.,Spam
Grab your iPhone #3990. Act fast.,Spam
Win your loan approval #3991. Act fast.,Spam
Win your gift card #3992. Click now.,Spam
Grab your coupon #3993. Reply YES.,Spam
Get your iPhone #3994. Reply YES.,Spam
Receive your cash reward #3995. Click now.,Spam
Receive your coupon #3996. Register now.,Spam
Unlock your vacation #3997. Reply YES.,Spam
Get your loan approval #3998. Visit today.,Spam
Unlock your iPhone #3999. Reply YES.,Spam
Get your cash reward #4000. Visit today.,Spam
Unlock your gift card #4001. Visit today.,Spam
Grab your gift card #4002. Visit today.,Spam
Grab your gift card #4003. Click now.,Spam
Unlock your coupon #4004. Register now.,Spam
Grab your coupon #4005. Act fast.,Spam
Win your gift card #4006. Register now.,Spam
Get your gift card #4007. Visit today.,Spam
Unlock your cash reward #4008. Act fast.,Spam
Grab your iPhone #4009. Visit today.,Spam
Receive your coupon #4010. Click now.,Spam
Claim your vacation #4011. Act fast.,Spam
Claim your loan approval #4012. Visit today.,Spam
Unlock your loan approval #4013. Click now.,Spam
Claim your iPhone #4014. Register now.,Spam
Get your coupon #4015. Reply YES.,Spam
Win your cash reward #4016. Visit today.,Spam
Win your coupon #4017. Click now.,Spam
Receive your bonus #4018. Limited offer.,Spam
Grab your loan approval #4019. Click now.,Spam
Grab your iPhone #4020. Click now.,Spam
Win your loan approval #4021. Visit today.,Spam
Unlock your gift card #4022. Reply YES.,Spam
Grab your bonus #4023. Limited offer.,Spam
Unlock your loan approval #4024. Register now.,Spam
Get your cash reward #4025. Register now.,Spam
Get your iPhone #4026. Register now.,Spam
Win your coupon #4027. Register now.,Spam
Claim your cash reward #4028. Register now.,Spam
Win your cash reward #4029. Reply YES.,Spam
Unlock your iPhone #4030. Reply YES.,Spam
Get your vacation #4031. Act fast.,Spam
Claim your vacation #4032. Click now.,Spam
Grab your bonus #4033. Register now.,Spam
Receive your iPhone #4034. Register now.,Spam
Win your cash reward #4035. Limited offer.,Spam
Win your coupon #4036. Act fast.,Spam
Receive your coupon #4037. Register now.,Spam
Receive your gift card #4038. Limited offer.,Spam
Receive your coupon #4039. Visit today.,Spam
Win your loan approval #4040. Click now.,Spam
Win your bonus #4041. Reply YES.,Spam
Win your gift card #4042. Visit today.,Spam
Grab your cash reward #4043. Limited offer.,Spam
Get your loan approval #4044. Click now.,Spam
Claim your gift card #4045. Click now.,Spam
Receive your loan approval #4046. Limited offer.,Spam
Unlock your cash reward #4047. Visit today.,Spam
Win your bonus #4048. Register now.,Spam
Unlock your loan approval #4049. Click now.,Spam
Win your vacation #4050. Register now.,Spam
Win your cash reward #4051. Limited offer.,Spam
Get your loan approval #4052. Limited offer.,Spam
Receive your loan approval #4053. Reply YES.,Spam
Claim your vacation #4054. Visit today.,Spam
Grab your loan approval #4055. Act fast.,Spam
Get your vacation #4056. Reply YES.,Spam
Win your coupon #4057. Visit today.,Spam
Grab your iPhone #4058. Click now.,Spam
Get your cash reward #4059. Act fast.,Spam
Receive your iPhone #4060. Visit today.,Spam
Claim your iPhone #4061. Limited offer.,Spam
Win your cash reward #4062. Limited offer.,Spam
Claim your vacation #4063. Visit today.,Spam
Receive your gift card #4064. Limited offer.,Spam
Claim your iPhone #4065. Register now.,Spam
Receive your iPhone #4066. Limited offer.,Spam
Claim your vacation #4067. Click now.,Spam
Get your bonus #4068. Register now.,Spam
Unlock your vacation #4069. Click now.,Spam
Win your loan approval #4070. Visit today.,Spam
Claim your cash reward #4071. Visit today.,Spam
Grab your cash reward #4072. Register now.,Spam
Get your cash reward #4073. Act fast.,Spam
Unlock your iPhone #4074. Reply YES.,Spam
Claim your cash reward #4075. Act fast.,Spam
Receive your gift card #4076. Limited offer.,Spam
Grab your loan approval #4077. Visit today.,Spam
Claim your coupon #4078. Visit today.,Spam
Unlock your iPhone #4079. Click now.,Spam
Receive your loan approval #4080. Visit today.,Spam
Grab your coupon #4081. Click now.,Spam
Unlock your loan approval #4082. Act fast.,Spam
Grab your cash reward #4083. Visit today.,Spam
Receive your bonus #4084. Visit today.,Spam
Get your vacation #4085. Visit today.,Spam
Grab your cash reward #4086. Limited offer.,Spam
Win your gift card #4087. Act fast.,Spam
Unlock your iPhone #4088. Reply YES.,Spam
Receive your bonus #4089. Register now.,Spam
Receive your cash reward #4090. Reply YES.,Spam
Receive your coupon #4091. Click now.,Spam
Claim your vacation #4092. Reply YES.,Spam
Get your iPhone #4093. Limited offer.,Spam
Grab your bonus #4094. Act fast.,Spam
Claim your iPhone #4095. Act fast.,Spam
Unlock your iPhone #4096. Limited offer.,Spam
Win your coupon #4097. Visit today.,Spam
Grab your coupon #4098. Register now.,Spam
Get your gift card #4099. Limited offer.,Spam
Receive your iPhone #4100. Limited offer.,Spam
Receive your vacation #4101. Act fast.,Spam
Get your vacation #4102. Reply YES.,Spam
Receive your vacation #4103. Act fast.,Spam
Get your vacation #4104. Click now.,Spam
Win your vacation #4105. Visit today.,Spam
Win your vacation #4106. Reply YES.,Spam
Get your loan approval #4107. Visit today.,Spam
Unlock your iPhone #4108. Limited offer.,Spam
Claim your vacation #4109. Limited offer.,Spam
Win your gift card #4110. Register now.,Spam
Get your coupon #4111. Visit today.,Spam
Claim your iPhone #4112. Act fast.,Spam
Unlock your gift card #4113. Click now.,Spam
Receive your cash reward #4114. Reply YES.,Spam
Claim your vacation #4115. Visit today.,Spam
Grab your loan approval #4116. Limited offer.,Spam
Win your vacation #4117. Reply YES.,Spam
Grab your cash reward #4118. Click now.,Spam
Receive your loan approval #4119. Limited offer.,Spam
Unlock your cash reward #4120. Click now.,Spam
Claim your coupon #4121. Reply YES.,Spam
Win your bonus #4122. Reply YES.,Spam
Grab your bonus #4123. Register now.,Spam
Receive your gift card #4124. Limited offer.,Spam
Win your iPhone #4125. Limited offer.,Spam
Grab your cash reward #4126. Register now.,Spam
Grab your loan approval #4127. Limited offer.,Spam
Unlock your cash reward #4128. Reply YES.,Spam
Claim your loan approval #4129. Reply YES.,Spam
Get your gift card #4130. Act fast.,Spam
Receive your cash reward #4131. Limited offer.,Spam
Receive your loan approval #4132. Act fast.,Spam
Get your coupon #4133. Click now.,Spam
Grab your bonus #4134. Click now.,Spam
Unlock your iPhone #4135. Act fast.,Spam
Win your iPhone #4136. Click now.,Spam
Receive your iPhone #4137. Reply YES.,Spam
Win your coupon #4138. Visit today.,Spam
Unlock your vacation #4139. Click now.,Spam
Unlock your gift card #4140. Reply YES.,Spam
Receive your loan approval #4141. Visit today.,Spam
Unlock your coupon #4142. Visit today.,Spam
Claim your coupon #4143. Visit today.,Spam
Claim your loan approval #4144. Reply YES.,Spam
Get your bonus #4145. Click now.,Spam
Claim your cash reward #4146. Click now.,Spam
Get your coupon #4147. Act fast.,Spam
Win your iPhone #4148. Act fast.,Spam
Claim your coupon #4149. Limited offer.,Spam
Win your cash reward #4150. Act fast.,Spam
Win your gift card #4151. Click now.,Spam
Grab your vacation #4152. Click now.,Spam
Unlock your gift card #4153. Register now.,Spam
Unlock your coupon #4154. Limited offer.,Spam
Claim your gift card #4155. Click now.,Spam
Grab your iPhone #4156. Act fast.,Spam
Win your vacation #4157. Reply YES.,Spam
Grab your bonus #4158. Reply YES.,Spam
Claim your bonus #4159. Visit today.,Spam
Claim your gift card #4160. Act fast.,Spam
Receive your coupon #4161. Limited offer.,Spam
Unlock your cash reward #4162. Visit today.,Spam
Win your bonus #4163. Limited offer.,Spam
Grab your loan approval #4164. Reply YES.,Spam
Get your gift card #4165. Reply YES.,Spam
Get your vacation #4166. Limited offer.,Spam
Get your vacation #4167. Click now.,Spam
Grab your cash reward #4168. Act fast.,Spam
Get your gift card #4169. Limited offer.,Spam
Unlock your cash reward #4170. Register now.,Spam
Receive your iPhone #4171. Click now.,Spam
Receive your iPhone #4172. Act fast.,Spam
Get your coupon #4173. Register now.,Spam
Grab your cash reward #4174. Visit today.,Spam
Claim your bonus #4175. Click now.,Spam
Win your iPhone #4176. Visit today.,Spam
Claim your vacation #4177. Register now.,Spam
Receive your bonus #4178. Visit today.,Spam
Receive your coupon #4179. Click now.,Spam
Claim your cash reward #4180. Limited offer.,Spam
Claim your cash reward #4181. Limited offer.,Spam
Get your iPhone #4182. Limited offer.,Spam
Receive your cash reward #4183. Click now.,Spam
Get your vacation #4184. Register now.,Spam
Get your vacation #4185. Visit today.,Spam
Claim your cash reward #4186. Act fast.,Spam
Get your vacation #4187. Limited offer.,Spam
Unlock your iPhone #4188. Click now.,Spam
Grab your vacation #4189. Visit today.,Spam
Win your vacation #4190. Limited offer.,Spam
Win your cash reward #4191. Click now.,Spam
Win your loan approval #4192. Limited offer.,Spam
Get your vacation #4193. Reply YES.,Spam
Grab your loan approval #4194. Reply YES.,Spam
Get your coupon #4195. Visit today.,Spam
Unlock your coupon #4196. Limited offer.,Spam
Receive your vacation #4197. Reply YES.,Spam
Receive your loan approval #4198. Click now.,Spam
Unlock your coupon #4199. Limited offer.,Spam
Get your bonus #4200. Register now.,Spam
Get your bonus #4201. Visit today.,Spam
Receive your loan approval #4202. Reply YES.,Spam
Receive your vacation #4203. Limited offer.,Spam
Unlock your coupon #4204. Register now.,Spam
Get your gift card #4205. Reply YES.,Spam
Get your bonus #4206. Reply YES.,Spam
Receive your coupon #4207. Visit today.,Spam
Claim your loan approval #4208. Click now.,Spam
Win your cash reward #4209. Click now.,Spam
Receive your gift card #4210. Visit today.,Spam
Claim your cash reward #4211. Visit today.,Spam
Claim your cash reward #4212. Reply YES.,Spam
Get your coupon #4213. Visit today.,Spam
Receive your gift card #4214. Visit today.,Spam
Unlock your loan approval #4215. Limited offer.,Spam
Receive your loan approval #4216. Reply YES.,Spam
Claim your gift card #4217. Limited offer.,Spam
Unlock your vacation #4218. Register now.,Spam
Claim your loan approval #4219. Register now.,Spam
Unlock your bonus #4220. Reply YES.,Spam
Get your gift card #4221. Act fast.,Spam
Unlock your vacation #4222. Register now.,Spam
Win your iPhone #4223. Act fast.,Spam
Win your vacation #4224. Visit today.,Spam
Grab your iPhone #4225. Act fast.,Spam
Unlock your bonus #4226. Visit today.,Spam
Claim your vacation #4227. Register now.,Spam
Claim your bonus #4228. Act fast.,Spam
Receive your iPhone #4229. Visit today.,Spam
Grab your bonus #4230. Click now.,Spam
Get your cash reward #4231. Act fast.,Spam
Claim your cash reward #4232. Register now.,Spam
Receive your iPhone #4233. Register now.,Spam
Unlock your iPhone #4234. Visit today.,Spam
Grab your bonus #4235. Visit today.,Spam
Grab your coupon #4236. Limited offer.,Spam
Claim your bonus #4237. Act fast.,Spam
Grab your cash reward #4238. Act fast.,Spam
Grab your bonus #4239. Visit today.,Spam
Claim your iPhone #4240. Act fast.,Spam
Claim your gift card #4241. Visit today.,Spam
Grab your cash reward #4242. Visit today.,Spam
Unlock your cash reward #4243. Click now.,Spam
Get your gift card #4244. Click now.,Spam
Win your vacation #4245. Visit today.,Spam
Receive your bonus #4246. Visit today.,Spam
Win your vacation #4247. Register now.,Spam
Unlock your iPhone #4248. Register now.,Spam
Grab your cash reward #4249. Register now.,Spam
Win your iPhone #4250. Click now.,Spam
Grab your iPhone #4251. Visit today.,Spam
Receive your bonus #4252. Reply YES.,Spam
Receive your vacation #4253. Act fast.,Spam
Win your iPhone #4254. Reply YES.,Spam
Win your gift card #4255. Limited offer.,Spam
Get your cash reward #4256. Visit today.,Spam
Unlock your loan approval #4257. Visit today.,Spam
Receive your iPhone #4258. Visit today.,Spam
Grab your gift card #4259. Limited offer.,Spam
Win your bonus #4260. Visit today.,Spam
Win your bonus #4261. Reply YES.,Spam
Claim your bonus #4262. Visit today.,Spam
Unlock your loan approval #4263. Act fast.,Spam
Receive your vacation #4264. Click now.,Spam
Get your gift card #4265. Visit today.,Spam
Receive your vacation #4266. Act fast.,Spam
Win your cash reward #4267. Act fast.,Spam
Unlock your iPhone #4268. Visit today.,Spam
Unlock your vacation #4269. Click now.,Spam
Win your coupon #4270. Visit today.,Spam
Grab your gift card #4271. Click now.,Spam
Claim your bonus #4272. Act fast.,Spam
Win your iPhone #4273. Reply YES.,Spam
Claim your cash reward #4274. Limited offer.,Spam
Get your bonus #4275. Limited offer.,Spam
Win your bonus #4276. Click now.,Spam
Get your loan approval #4277. Reply YES.,Spam
Win your iPhone #4278. Register now.,Spam
Unlock your cash reward #4279. Click now.,Spam
Claim your coupon #4280. Limited offer.,Spam
Get your cash reward #4281. Act fast.,Spam
Claim your cash reward #4282. Visit today.,Spam
Receive your iPhone #4283. Click now.,Spam
Grab your iPhone #4284. Reply YES.,Spam
Unlock your vacation #4285. Reply YES.,Spam
Get your bonus #4286. Limited offer.,Spam
Receive your cash reward #4287. Click now.,Spam
Win your bonus #4288. Click now.,Spam
Win your bonus #4289. Act fast.,Spam
Claim your vacation #4290. Act fast.,Spam
Get your iPhone #4291. Click now.,Spam
Get your bonus #4292. Limited offer.,Spam
Receive your loan approval #4293. Register now.,Spam
Claim your iPhone #4294. Visit today.,Spam
Get your loan approval #4295. Act fast.,Spam
Unlock your loan approval #4296. Limited offer.,Spam
Win your iPhone #4297. Reply YES.,Spam
Win your vacation #4298. Act fast.,Spam
Grab your gift card #4299. Reply YES.,Spam
Win your iPhone #4300. Reply YES.,Spam
Unlock your bonus #4301. Visit today.,Spam
Get your vacation #4302. Visit today.,Spam
Win your coupon #4303. Limited offer.,Spam
Claim your coupon #4304. Register now.,Spam
Unlock your loan approval #4305. Reply YES.,Spam
Claim your cash reward #4306. Visit today.,Spam
Receive your gift card #4307. Reply YES.,Spam
Grab your loan approval #4308. Click now.,Spam
Receive your coupon #4309. Limited offer.,Spam
Unlock your loan approval #4310. Click now.,Spam
Get your bonus #4311. Visit today.,Spam
Win your coupon #4312. Visit today.,Spam
Receive your cash reward #4313. Act fast.,Spam
Grab your cash reward #4314. Act fast.,Spam
Get your loan approval #4315. Click now.,Spam
Claim your gift card #4316. Visit today.,Spam
Claim your bonus #4317. Register now.,Spam
Get your bonus #4318. Act fast.,Spam
Grab your gift card #4319. Visit today.,Spam
Unlock your vacation #4320. Act fast.,Spam
Get your bonus #4321. Limited offer.,Spam
Claim your iPhone #4322. Limited offer.,Spam
Receive your iPhone #4323. Act fast.,Spam
Grab your iPhone #4324. Limited offer.,Spam
Get your cash reward #4325. Limited offer.,Spam
Get your coupon #4326. Click now.,Spam
Get your iPhone #4327. Limited offer.,Spam
Win your bonus #4328. Click now.,Spam
Grab your iPhone #4329. Limited offer.,Spam
Grab your vacation #4330. Act fast.,Spam
Receive your loan approval #4331. Limited offer.,Spam
Grab your vacation #4332. Limited offer.,Spam
Get your bonus #4333. Visit today.,Spam
Get your vacation #4334. Visit today.,Spam
Get your loan approval #4335. Limited offer.,Spam
Grab your cash reward #4336. Visit today.,Spam
Receive your bonus #4337. Visit today.,Spam
Get your coupon #4338. Reply YES.,Spam
Claim your vacation #4339. Limited offer.,Spam
Win your coupon #4340. Click now.,Spam
Receive your gift card #4341. Limited offer.,Spam
Win your cash reward #4342. Visit today.,Spam
Receive your iPhone #4343. Register now.,Spam
Unlock your iPhone #4344. Click now.,Spam
Unlock your coupon #4345. Register now.,Spam
Win your loan approval #4346. Limited offer.,Spam
Get your coupon #4347. Click now.,Spam
Claim your vacation #4348. Reply YES.,Spam
Get your bonus #4349. Visit today.,Spam
Get your cash reward #4350. Limited offer.,Spam
Get your iPhone #4351. Reply YES.,Spam
Receive your iPhone #4352. Register now.,Spam
Claim your bonus #4353. Register now.,Spam
Unlock your coupon #4354. Click now.,Spam
Get your coupon #4355. Act fast.,Spam
Grab your loan approval #4356. Click now.,Spam
Unlock your gift card #4357. Register now.,Spam
Get your cash reward #4358. Register now.,Spam
Claim your bonus #4359. Reply YES.,Spam
Win your loan approval #4360. Visit today.,Spam
Receive your coupon #4361. Limited offer.,Spam
Unlock your bonus #4362. Limited offer.,Spam
Receive your vacation #4363. Click now.,Spam
Unlock your loan approval #4364. Reply YES.,Spam
Win your vacation #4365. Visit today.,Spam
Receive your loan approval #4366. Limited offer.,Spam
Claim your coupon #4367. Limited offer.,Spam
Win your bonus #4368. Click now.,Spam
Win your cash reward #4369. Act fast.,Spam
Win your coupon #4370. Visit today.,Spam
Win your bonus #4371. Reply YES.,Spam
Get your vacation #4372. Register now.,Spam
Get your cash reward #4373. Act fast.,Spam
Claim your cash reward #4374. Limited offer.,Spam
Get your bonus #4375. Reply YES.,Spam
Win your bonus #4376. Register now.,Spam
Get your coupon #4377. Visit today.,Spam
Receive your cash reward #4378. Visit today.,Spam
Grab your cash reward #4379. Click now.,Spam
Unlock your coupon #4380. Register now.,Spam
Receive your cash reward #4381. Visit today.,Spam
Claim your bonus #4382. Visit today.,Spam
Receive your cash reward #4383. Limited offer.,Spam
Win your gift card #4384. Reply YES.,Spam
Grab your iPhone #4385. Register now.,Spam
Unlock your vacation #4386. Visit today.,Spam
Grab your coupon #4387. Click now.,Spam
Unlock your cash reward #4388. Limited offer.,Spam
Get your iPhone #4389. Visit today.,Spam
Win your vacation #4390. Visit today.,Spam
Unlock your cash reward #4391. Reply YES.,Spam
Claim your vacation #4392. Act fast.,Spam
Claim your gift card #4393. Visit today.,Spam
Receive your iPhone #4394. Visit today.,Spam
Claim your cash reward #4395. Click now.,Spam
Unlock your iPhone #4396. Reply YES.,Spam
Win your coupon #4397. Click now.,Spam
Claim your cash reward #4398. Register now.,Spam
Claim your cash reward #4399. Act fast.,Spam
Receive your loan approval #4400. Reply YES.,Spam
Grab your gift card #4401. Limited offer.,Spam
Win your coupon #4402. Visit today.,Spam
Claim your bonus #4403. Click now.,Spam
Claim your loan approval #4404. Reply YES.,Spam
Grab your gift card #4405. Click now.,Spam
Claim your vacation #4406. Register now.,Spam
Grab your loan approval #4407. Click now.,Spam
Grab your cash reward #4408. Limited offer.,Spam
Win your vacation #4409. Register now.,Spam
Win your cash reward #4410. Limited offer.,Spam
Get your bonus #4411. Reply YES.,Spam
Receive your loan approval #4412. Visit today.,Spam
Claim your iPhone #4413. Register now.,Spam
Get your iPhone #4414. Act fast.,Spam
Grab your bonus #4415. Reply YES.,Spam
Win your iPhone #4416. Register now.,Spam
Claim your coupon #4417. Limited offer.,Spam
Get your vacation #4418. Visit today.,Spam
Win your bonus #4419. Visit today.,Spam
Claim your coupon #4420. Act fast.,Spam
Get your bonus #4421. Act fast.,Spam
Get your coupon #4422. Visit today.,Spam
Get your bonus #4423. Click now.,Spam
Get your coupon #4424. Act fast.,Spam
Win your loan approval #4425. Visit today.,Spam
Grab your cash reward #4426. Visit today.,Spam
Unlock your loan approval #4427. Reply YES.,Spam
Win your loan approval #4428. Limited offer.,Spam
Claim your bonus #4429. Limited offer.,Spam
Get your iPhone #4430. Reply YES.,Spam
Get your iPhone #4431. Limited offer.,Spam
Get your gift card #4432. Visit today.,Spam
Claim your cash reward #4433. Register now.,Spam
Win your bonus #4434. Click now.,Spam
Grab your gift card #4435. Act fast.,Spam
Grab your coupon #4436. Limited offer.,Spam
Grab your iPhone #4437. Visit today.,Spam
Win your bonus #4438. Reply YES.,Spam
Win your iPhone #4439. Limited offer.,Spam
Win your cash reward #4440. Visit today.,Spam
Unlock your iPhone #4441. Visit today.,Spam
Claim your loan approval #4442. Visit today.,Spam
Unlock your iPhone #4443. Limited offer.,Spam
Unlock your cash reward #4444. Limited offer.,Spam
Win your bonus #4445. Reply YES.,Spam
Win your loan approval #4446. Limited offer.,Spam
Unlock your cash reward #4447. Act fast.,Spam
Grab your coupon #4448. Register now.,Spam
Win your bonus #4449. Act fast.,Spam
Unlock your vacation #4450. Act fast.,Spam
Claim your bonus #4451. Act fast.,Spam
Receive your cash reward #4452. Limited offer.,Spam
Claim your cash reward #4453. Act fast.,Spam
Grab your coupon #4454. Limited offer.,Spam
Claim your iPhone #4455. Register now.,Spam
Win your bonus #4456. Register now.,Spam
Unlock your coupon #4457. Register now.,Spam
Unlock your loan approval #4458. Click now.,Spam
Win your iPhone #4459. Click now.,Spam
Get your vacation #4460. Reply YES.,Spam
Claim your loan approval #4461. Limited offer.,Spam
Grab your gift card #4462. Register now.,Spam
Win your iPhone #4463. Register now.,Spam
Unlock your loan approval #4464. Visit today.,Spam
Grab your loan approval #4465. Limited offer.,Spam
Win your iPhone #4466. Reply YES.,Spam
Unlock your loan approval #4467. Act fast.,Spam
Receive your bonus #4468. Click now.,Spam
Receive your gift card #4469. Click now.,Spam
Win your coupon #4470. Reply YES.,Spam
Receive your loan approval #4471. Limited offer.,Spam
Get your cash reward #4472. Click now.,Spam
Grab your gift card #4473. Act fast.,Spam
Unlock your bonus #4474. Register now.,Spam
Win your coupon #4475. Register now.,Spam
Win your coupon #4476. Reply YES.,Spam
Win your gift card #4477. Act fast.,Spam
Receive your iPhone #4478. Click now.,Spam
Receive your bonus #4479. Register now.,Spam
Win your coupon #4480. Click now.,Spam
Receive your gift card #4481. Limited offer.,Spam
Win your iPhone #4482. Limited offer.,Spam
Unlock your coupon #4483. Act fast.,Spam
Claim your iPhone #4484. Reply YES.,Spam
Win your cash reward #4485. Register now.,Spam
Receive your vacation #4486. Reply YES.,Spam
Receive your coupon #4487. Limited offer.,Spam
Win your vacation #4488. Register now.,Spam
Claim your gift card #4489. Click now.,Spam
Claim your vacation #4490. Register now.,Spam
Grab your bonus #4491. Act fast.,Spam
Claim your cash reward #4492. Click now.,Spam
Grab your gift card #4493. Visit today.,Spam
Claim your iPhone #4494. Click now.,Spam
Unlock your gift card #4495. Click now.,Spam
Grab your cash reward #4496. Click now.,Spam
Grab your cash reward #4497. Act fast.,Spam
Get your iPhone #4498. Reply YES.,Spam
Unlock your iPhone #4499. Limited offer.,Spam
Get your cash reward #4500. Act fast.,Spam
Grab your gift card #4501. Act fast.,Spam
Receive your bonus #4502. Register now.,Spam
Grab your gift card #4503. Act fast.,Spam
Get your vacation #4504. Reply YES.,Spam
Unlock your gift card #4505. Reply YES.,Spam
Receive your vacation #4506. Limited offer.,Spam
Receive your loan approval #4507. Limited offer.,Spam
Claim your gift card #4508. Reply YES.,Spam
Grab your bonus #4509. Visit today.,Spam
Receive your vacation #4510. Click now.,Spam
Grab your bonus #4511. Register now.,Spam
Get your coupon #4512. Visit today.,Spam
Claim your vacation #4513. Click now.,Spam
Unlock your bonus #4514. Visit today.,Spam
Receive your cash reward #4515. Act fast.,Spam
Receive your cash reward #4516. Limited offer.,Spam
Win your gift card #4517. Act fast.,Spam
Unlock your cash reward #4518. Register now.,Spam
Win your coupon #4519. Act fast.,Spam
Unlock your iPhone #4520. Reply YES.,Spam
Grab your vacation #4521. Limited offer.,Spam
Unlock your loan approval #4522. Act fast.,Spam
Unlock your bonus #4523. Limited offer.,Spam
Unlock your cash reward #4524. Visit today.,Spam
Grab your bonus #4525. Click now.,Spam
Unlock your gift card #4526. Reply YES.,Spam
Claim your loan approval #4527. Visit today.,Spam
Win your gift card #4528. Visit today.,Spam
Win your coupon #4529. Limited offer.,Spam
Receive your bonus #4530. Visit today.,Spam
Receive your coupon #4531. Reply YES.,Spam
Claim your bonus #4532. Reply YES.,Spam
Win your cash reward #4533. Register now.,Spam
Get your gift card #4534. Click now.,Spam
Unlock your cash reward #4535. Reply YES.,Spam
Unlock your loan approval #4536. Visit today.,Spam
Unlock your vacation #4537. Click now.,Spam
Win your bonus #4538. Click now.,Spam
Grab your vacation #4539. Reply YES.,Spam
Win your vacation #4540. Reply YES.,Spam
Unlock your gift card #4541. Visit today.,Spam
Unlock your iPhone #4542. Reply YES.,Spam
Claim your vacation #4543. Register now.,Spam
Get your loan approval #4544. Click now.,Spam
Unlock your vacation #4545. Click now.,Spam
Get your loan approval #4546. Register now.,Spam
Get your coupon #4547. Limited offer.,Spam
Get your gift card #4548. Act fast.,Spam
Win your iPhone #4549. Register now.,Spam
Receive your iPhone #4550. Click now.,Spam
Claim your gift card #4551. Limited offer.,Spam
Receive your loan approval #4552. Limited offer.,Spam
Claim your gift card #4553. Act fast.,Spam
Win your iPhone #4554. Act fast.,Spam
Win your bonus #4555. Reply YES.,Spam
Get your bonus #4556. Register now.,Spam
Grab your bonus #4557. Reply YES.,Spam
Get your gift card #4558. Limited offer.,Spam
Receive your bonus #4559. Click now.,Spam
Grab your loan approval #4560. Visit today.,Spam
Receive your coupon #4561. Limited offer.,Spam
Receive your cash reward #4562. Click now.,Spam
Unlock your loan approval #4563. Click now.,Spam
Get your loan approval #4564. Register now.,Spam
Get your cash reward #4565. Limited offer.,Spam
Get your gift card #4566. Limited offer.,Spam
Receive your loan approval #4567. Limited offer.,Spam
Get your bonus #4568. Register now.,Spam
Win your coupon #4569. Limited offer.,Spam
Grab your gift card #4570. Limited offer.,Spam
Grab your coupon #4571. Register now.,Spam
Win your iPhone #4572. Register now.,Spam
Get your cash reward #4573. Limited offer.,Spam
Claim your cash reward #4574. Visit today.,Spam
Unlock your iPhone #4575. Act fast.,Spam
Grab your vacation #4576. Reply YES.,Spam
Win your bonus #4577. Reply YES.,Spam
Unlock your bonus #4578. Limited offer.,Spam
Receive your coupon #4579. Visit today.,Spam
Win your gift card #4580. Click now.,Spam
Get your cash reward #4581. Click now.,Spam
Get your cash reward #4582. Limited offer.,Spam
Receive your vacation #4583. Limited offer.,Spam
Receive your vacation #4584. Act fast.,Spam
Claim your gift card #4585. Limited offer.,Spam
Claim your iPhone #4586. Visit today.,Spam
Grab your bonus #4587. Limited offer.,Spam
Grab your iPhone #4588. Limited offer.,Spam
Unlock your gift card #4589. Click now.,Spam
Grab your bonus #4590. Click now.,Spam
Win your bonus #4591. Act fast.,Spam
Get your gift card #4592. Click now.,Spam
Unlock your coupon #4593. Register now.,Spam
Grab your vacation #4594. Visit today.,Spam
Claim your vacation #4595. Click now.,Spam
Claim your vacation #4596. Limited offer.,Spam
Grab your loan approval #4597. Act fast.,Spam
Receive your gift card #4598. Click now.,Spam
Win your gift card #4599. Visit today.,Spam
Unlock your loan approval #4600. Visit today.,Spam
Get your cash reward #4601. Click now.,Spam
Unlock your cash reward #4602. Limited offer.,Spam
Grab your iPhone #4603. Limited offer.,Spam
Claim your gift card #4604. Limited offer.,Spam
Get your iPhone #4605. Register now.,Spam
Get your coupon #4606. Limited offer.,Spam
Receive your vacation #4607. Reply YES.,Spam
Win your gift card #4608. Reply YES.,Spam
Unlock your bonus #4609. Click now.,Spam
Get your coupon #4610. Click now.,Spam
Win your loan approval #4611. Click now.,Spam
Unlock your vacation #4612. Act fast.,Spam
Claim your iPhone #4613. Limited offer.,Spam
Get your bonus #4614. Register now.,Spam
Receive your loan approval #4615. Limited offer.,Spam
Receive your cash reward #4616. Limited offer.,Spam
Receive your cash reward #4617. Register now.,Spam
Unlock your coupon #4618. Click now.,Spam
Claim your iPhone #4619. Register now.,Spam
Claim your cash reward #4620. Reply YES.,Spam
Claim your coupon #4621. Reply YES.,Spam
Win your iPhone #4622. Visit today.,Spam
Win your cash reward #4623. Limited offer.,Spam
Unlock your iPhone #4624. Limited offer.,Spam
Claim your vacation #4625. Limited offer.,Spam
Win your iPhone #4626. Click now.,Spam
Get your gift card #4627. Register now.,Spam
Receive your cash reward #4628. Register now.,Spam
Receive your cash reward #4629. Visit today.,Spam
Claim your vacation #4630. Limited offer.,Spam
Unlock your bonus #4631. Limited offer.,Spam
Unlock your cash reward #4632. Click now.,Spam
Get your bonus #4633. Visit today.,Spam
Unlock your gift card #4634. Act fast.,Spam
Win your coupon #4635. Click now.,Spam
Unlock your coupon #4636. Act fast.,Spam
Grab your cash reward #4637. Click now.,Spam
Grab your vacation #4638. Click now.,Spam
Get your gift card #4639. Limited offer.,Spam
Receive your bonus #4640. Click now.,Spam
Win your loan approval #4641. Click now.,Spam
Get your iPhone #4642. Register now.,Spam
Grab your loan approval #4643. Act fast.,Spam
Grab your coupon #4644. Limited offer.,Spam
Win your loan approval #4645. Reply YES.,Spam
Grab your bonus #4646. Act fast.,Spam
Claim your gift card #4647. Reply YES.,Spam
Unlock your gift card #4648. Act fast.,Spam
Claim your gift card #4649. Act fast.,Spam
Unlock your bonus #4650. Act fast.,Spam
Unlock your loan approval #4651. Limited offer.,Spam
Win your coupon #4652. Reply YES.,Spam
Receive your bonus #4653. Act fast.,Spam
Claim your bonus #4654. Visit today.,Spam
Claim your loan approval #4655. Register now.,Spam
Win your coupon #4656. Register now.,Spam
Grab your iPhone #4657. Visit today.,Spam
Receive your gift card #4658. Visit today.,Spam
Win your bonus #4659. Click now.,Spam
Receive your cash reward #4660. Visit today.,Spam
Get your iPhone #4661. Register now.,Spam
Win your cash reward #4662. Register now.,Spam
Grab your cash reward #4663. Register now.,Spam
Claim your iPhone #4664. Visit today.,Spam
Win your bonus #4665. Visit today.,Spam
Receive your vacation #4666. Reply YES.,Spam
Win your loan approval #4667. Register now.,Spam
Grab your bonus #4668. Reply YES.,Spam
Get your loan approval #4669. Visit today.,Spam
Receive your bonus #4670. Click now.,Spam
Get your loan approval #4671. Limited offer.,Spam
Receive your coupon #4672. Register now.,Spam
Grab your bonus #4673. Limited offer.,Spam
Win your bonus #4674. Click now.,Spam
Receive your iPhone #4675. Click now.,Spam
Grab your cash reward #4676. Click now.,Spam
Get your loan approval #4677. Visit today.,Spam
Unlock your iPhone #4678. Visit today.,Spam
Unlock your cash reward #4679. Limited offer.,Spam
Grab your coupon #4680. Visit today.,Spam
Win your cash reward #4681. Visit today.,Spam
Receive your loan approval #4682. Limited offer.,Spam
Win your iPhone #4683. Limited offer.,Spam
Unlock your iPhone #4684. Reply YES.,Spam
Get your loan approval #4685. Reply YES.,Spam
Get your bonus #4686. Click now.,Spam
Get your coupon #4687. Limited offer.,Spam
Get your bonus #4688. Visit today.,Spam
Claim your iPhone #4689. Register now.,Spam
Claim your coupon #4690. Visit today.,Spam
Receive your iPhone #4691. Limited offer.,Spam
Unlock your coupon #4692. Visit today.,Spam
Unlock your gift card #4693. Register now.,Spam
Get your loan approval #4694. Register now.,Spam
Win your coupon #4695. Register now.,Spam
Receive your iPhone #4696. Register now.,Spam
Receive your gift card #4697. Limited offer.,Spam
Claim your vacation #4698. Register now.,Spam
Grab your gift card #4699. Visit today.,Spam
Win your loan approval #4700. Register now.,Spam
Claim your bonus #4701. Reply YES.,Spam
Claim your vacation #4702. Limited offer.,Spam
Claim your iPhone #4703. Click now.,Spam
Win your cash reward #4704. Register now.,Spam
Win your loan approval #4705. Visit today.,Spam
Get your iPhone #4706. Click now.,Spam
Grab your coupon #4707. Visit today.,Spam
Grab your iPhone #4708. Click now.,Spam
Receive your loan approval #4709. Visit today.,Spam
Get your gift card #4710. Click now.,Spam
Unlock your vacation #4711. Limited offer.,Spam
Get your coupon #4712. Limited offer.,Spam
Claim your loan approval #4713. Reply YES.,Spam
Win your loan approval #4714. Visit today.,Spam
Claim your gift card #4715. Visit today.,Spam
Unlock your loan approval #4716. Reply YES.,Spam
Claim your vacation #4717. Limited offer.,Spam
Get your loan approval #4718. Act fast.,Spam
Claim your loan approval #4719. Register now.,Spam
Get your bonus #4720. Click now.,Spam
Unlock your coupon #4721. Click now.,Spam
Get your bonus #4722. Click now.,Spam
Receive your bonus #4723. Reply YES.,Spam
Win your gift card #4724. Register now.,Spam
Unlock your bonus #4725. Reply YES.,Spam
Win your iPhone #4726. Visit today.,Spam
Claim your vacation #4727. Click now.,Spam
Unlock your cash reward #4728. Register now.,Spam
Claim your iPhone #4729. Visit today.,Spam
Win your bonus #4730. Register now.,Spam
Unlock your iPhone #4731. Click now.,Spam
Claim your iPhone #4732. Reply YES.,Spam
Unlock your gift card #4733. Reply YES.,Spam
Claim your gift card #4734. Limited offer.,Spam
Unlock your cash reward #4735. Click now.,Spam
Receive your cash reward #4736. Visit today.,Spam
Unlock your loan approval #4737. Visit today.,Spam
Claim your gift card #4738. Act fast.,Spam
Receive your bonus #4739. Reply YES.,Spam
Get your gift card #4740. Reply YES.,Spam
Claim your cash reward #4741. Register now.,Spam
Unlock your gift card #4742. Register now.,Spam
Unlock your iPhone #4743. Limited offer.,Spam
Grab your coupon #4744. Click now.,Spam
Claim your coupon #4745. Reply YES.,Spam
Receive your bonus #4746. Visit today.,Spam
Grab your bonus #4747. Act fast.,Spam
Get your vacation #4748. Act fast.,Spam
Grab your vacation #4749. Limited offer.,Spam
Grab your loan approval #4750. Visit today.,Spam
Win your cash reward #4751. Reply YES.,Spam
Get your bonus #4752. Reply YES.,Spam
Win your gift card #4753. Click now.,Spam
Grab your loan approval #4754. Limited offer.,Spam
Claim your iPhone #4755. Reply YES.,Spam
Get your coupon #4756. Register now.,Spam
Grab your iPhone #4757. Visit today.,Spam
Unlock your vacation #4758. Visit today.,Spam
Claim your coupon #4759. Reply YES.,Spam
Unlock your loan approval #4760. Reply YES.,Spam
Receive your loan approval #4761. Reply YES.,Spam
Receive your bonus #4762. Act fast.,Spam
Win your bonus #4763. Limited offer.,Spam
Claim your loan approval #4764. Click now.,Spam
Unlock your gift card #4765. Register now.,Spam
Grab your vacation #4766. Reply YES.,Spam
Receive your gift card #4767. Register now.,Spam
Grab your gift card #4768. Limited offer.,Spam
Win your gift card #4769. Click now.,Spam
Win your cash reward #4770. Act fast.,Spam
Receive your vacation #4771. Limited offer.,Spam
Claim your vacation #4772. Click now.,Spam
Grab your bonus #4773. Register now.,Spam
Win your loan approval #4774. Click now.,Spam
Unlock your bonus #4775. Reply YES.,Spam
Receive your gift card #4776. Act fast.,Spam
Win your cash reward #4777. Register now.,Spam
Unlock your bonus #4778. Visit today.,Spam
Claim your iPhone #4779. Reply YES.,Spam
Win your bonus #4780. Register now.,Spam
Receive your cash reward #4781. Register now.,Spam
Win your gift card #4782. Act fast.,Spam
Get your cash reward #4783. Register now.,Spam
Get your loan approval #4784. Register now.,Spam
Claim your bonus #4785. Reply YES.,Spam
Claim your loan approval #4786. Visit today.,Spam
Grab your coupon #4787. Register now.,Spam
Grab your bonus #4788. Click now.,Spam
Get your cash reward #4789. Reply YES.,Spam
Get your loan approval #4790. Register now.,Spam
Win your bonus #4791. Act fast.,Spam
Receive your iPhone #4792. Visit today.,Spam
Get your vacation #4793. Reply YES.,Spam
Get your iPhone #4794. Limited offer.,Spam
Receive your loan approval #4795. Click now.,Spam
Unlock your cash reward #4796. Act fast.,Spam
Receive your gift card #4797. Visit today.,Spam
Unlock your cash reward #4798. Visit today.,Spam
Claim your iPhone #4799. Reply YES.,Spam
Get your bonus #4800. Click now.,Spam
Get your iPhone #4801. Register now.,Spam
Claim your vacation #4802. Click now.,Spam
Grab your iPhone #4803. Limited offer.,Spam
Grab your loan approval #4804. Reply YES.,Spam
Get your coupon #4805. Reply YES.,Spam
Receive your vacation #4806. Reply YES.,Spam
Grab your coupon #4807. Reply YES.,Spam
Unlock your iPhone #4808. Reply YES.,Spam
Unlock your gift card #4809. Register now.,Spam
Receive your cash reward #4810. Click now.,Spam
Grab your cash reward #4811. Register now.,Spam
Receive your cash reward #4812. Limited offer.,Spam
Receive your coupon #4813. Register now.,Spam
Unlock your vacation #4814. Reply YES.,Spam
Receive your loan approval #4815. Act fast.,Spam
Unlock your loan approval #4816. Click now.,Spam
Get your vacation #4817. Act fast.,Spam
Receive your cash reward #4818. Register now.,Spam
Unlock your loan approval #4819. Visit today.,Spam
Unlock your bonus #4820. Visit today.,Spam
Receive your iPhone #4821. Limited offer.,Spam
Claim your iPhone #4822. Act fast.,Spam
Receive your vacation #4823. Act fast.,Spam
Grab your cash reward #4824. Click now.,Spam
Win your coupon #4825. Register now.,Spam
Get your cash reward #4826. Act fast.,Spam
Claim your gift card #4827. Click now.,Spam
Receive your cash reward #4828. Register now.,Spam
Receive your gift card #4829. Limited offer.,Spam
Win your iPhone #4830. Register now.,Spam
Win your bonus #4831. Click now.,Spam
Claim your coupon #4832. Act fast.,Spam
Win your coupon #4833. Act fast.,Spam
Claim your coupon #4834. Limited offer.,Spam
Get your loan approval #4835. Reply YES.,Spam
Unlock your cash reward #4836. Limited offer.,Spam
Get your iPhone #4837. Register now.,Spam
Get your bonus #4838. Act fast.,Spam
Claim your gift card #4839. Register now.,Spam
Unlock your coupon #4840. Register now.,Spam
Claim your bonus #4841. Act fast.,Spam
Claim your cash reward #4842. Click now.,Spam
Claim your iPhone #4843. Reply YES.,Spam
Unlock your loan approval #4844. Click now.,Spam
Unlock your gift card #4845. Visit today.,Spam
Grab your cash reward #4846. Limited offer.,Spam
Get your iPhone #4847. Limited offer.,Spam
Grab your bonus #4848. Act fast.,Spam
Get your loan approval #4849. Act fast.,Spam
Unlock your gift card #4850. Act fast.,Spam
Win your gift card #4851. Register now.,Spam
Grab your gift card #4852. Reply YES.,Spam
Grab your loan approval #4853. Register now.,Spam
Claim your iPhone #4854. Act fast.,Spam
Claim your iPhone #4855. Reply YES.,Spam
Claim your bonus #4856. Visit today.,Spam
Win your loan approval #4857. Visit today.,Spam
Claim your gift card #4858. Reply YES.,Spam
Unlock your cash reward #4859. Visit today.,Spam
Claim your gift card #4860. Reply YES.,Spam
Grab your bonus #4861. Visit today.,Spam
Claim your loan approval #4862. Act fast.,Spam
Receive your cash reward #4863. Click now.,Spam
Unlock your loan approval #4864. Click now.,Spam
Unlock your coupon #4865. Register now.,Spam
Get your cash reward #4866. Limited offer.,Spam
Grab your gift card #4867. Limited offer.,Spam
Win your vacation #4868. Limited offer.,Spam
Unlock your bonus #4869. Reply YES.,Spam
Win your cash reward #4870. Reply YES.,Spam
Get your coupon #4871. Click now.,Spam
Unlock your coupon #4872. Limited offer.,Spam
Win your gift card #4873. Act fast.,Spam
Receive your gift card #4874. Click now.,Spam
Unlock your cash reward #4875. Click now.,Spam
Claim your bonus #4876. Reply YES.,Spam
Claim your bonus #4877. Visit today.,Spam
Get your cash reward #4878. Visit today.,Spam
Get your loan approval #4879. Reply YES.,Spam
Grab your coupon #4880. Limited offer.,Spam
Claim your bonus #4881. Click now.,Spam
Claim your iPhone #4882. Act fast.,Spam
Receive your coupon #4883. Click now.,Spam
Claim your bonus #4884. Click now.,Spam
Receive your cash reward #4885. Limited offer.,Spam
Grab your bonus #4886. Act fast.,Spam
Claim your bonus #4887. Act fast.,Spam
Get your cash reward #4888. Click now.,Spam
Win your coupon #4889. Reply YES.,Spam
Claim your bonus #4890. Visit today.,Spam
Claim your gift card #4891. Reply YES.,Spam
Grab your iPhone #4892. Limited offer.,Spam
Get your vacation #4893. Reply YES.,Spam
Win your bonus #4894. Limited offer.,Spam
Get your bonus #4895. Reply YES.,Spam
Unlock your bonus #4896. Visit today.,Spam
Get your cash reward #4897. Reply YES.,Spam
Claim your bonus #4898. Visit today.,Spam
Unlock your iPhone #4899. Reply YES.,Spam
Get your coupon #4900. Limited offer.,Spam
Get your coupon #4901. Limited offer.,Spam
Get your cash reward #4902. Act fast.,Spam
Get your gift card #4903. Register now.,Spam
Get your loan approval #4904. Limited offer.,Spam
Receive your iPhone #4905. Act fast.,Spam
Win your coupon #4906. Act fast.,Spam
Win your bonus #4907. Visit today.,Spam
Claim your gift card #4908. Limited offer.,Spam
Win your bonus #4909. Act fast.,Spam
Win your loan approval #4910. Act fast.,Spam
Receive your bonus #4911. Reply YES.,Spam
Receive your iPhone #4912. Register now.,Spam
Grab your loan approval #4913. Reply YES.,Spam
Win your vacation #4914. Reply YES.,Spam
Receive your gift card #4915. Act fast.,Spam
Claim your cash reward #4916. Register now.,Spam
Unlock your loan approval #4917. Visit today.,Spam
Win your loan approval #4918. Register now.,Spam
Receive your gift card #4919. Visit today.,Spam
Win your cash reward #4920. Limited offer.,Spam
Unlock your loan approval #4921. Click now.,Spam
Claim your vacation #4922. Limited offer.,Spam
Grab your coupon #4923. Visit today.,Spam
Unlock your iPhone #4924. Visit today.,Spam
Unlock your coupon #4925. Visit today.,Spam
Grab your vacation #4926. Click now.,Spam
Unlock your iPhone #4927. Reply YES.,Spam
Grab your gift card #4928. Limited offer.,Spam
Receive your coupon #4929. Reply YES.,Spam
Receive your gift card #4930. Visit today.,Spam
Receive your loan approval #4931. Register now.,Spam
Get your loan approval #4932. Visit today.,Spam
Get your vacation #4933. Limited offer.,Spam
Win your vacation #4934. Visit today.,Spam
Win your vacation #4935. Register now.,Spam
Grab your loan approval #4936. Register now.,Spam
Claim your bonus #4937. Limited offer.,Spam
Claim your gift card #4938. Register now.,Spam
Win your cash reward #4939. Register now.,Spam
Claim your coupon #4940. Visit today.,Spam
Receive your loan approval #4941. Click now.,Spam
Grab your cash reward #4942. Visit today.,Spam
Receive your loan approval #4943. Register now.,Spam
Unlock your iPhone #4944. Register now.,Spam
Receive your coupon #4945. Limited offer.,Spam
Unlock your cash reward #4946. Click now.,Spam
Get your loan approval #4947. Click now.,Spam
Claim your bonus #4948. Act fast.,Spam
Win your cash reward #4949. Click now.,Spam
Receive your vacation #4950. Visit today.,Spam
Grab your coupon #4951. Act fast.,Spam
Grab your iPhone #4952. Click now.,Spam
Unlock your loan approval #4953. Visit today.,Spam
Get your cash reward #4954. Visit today.,Spam
Grab your coupon #4955. Register now.,Spam
Unlock your iPhone #4956. Act fast.,Spam
Claim your iPhone #4957. Click now.,Spam
Unlock your cash reward #4958. Visit today.,Spam
Claim your coupon #4959. Register now.,Spam
Claim your coupon #4960. Act fast.,Spam
Claim your bonus #4961. Limited offer.,Spam
Claim your iPhone #4962. Limited offer.,Spam
Receive your coupon #4963. Limited offer.,Spam
Win your loan approval #4964. Reply YES.,Spam
Claim your iPhone #4965. Reply YES.,Spam
Grab your vacation #4966. Register now.,Spam
Grab your gift card #4967. Limited offer.,Spam
Claim your gift card #4968. Click now.,Spam
Win your bonus #4969. Reply YES.,Spam
Grab your bonus #4970. Limited offer.,Spam
Receive your loan approval #4971. Act fast.,Spam
Win your gift card #4972. Visit today.,Spam
Receive your bonus #4973. Visit today.,Spam
Unlock your cash reward #4974. Click now.,Spam
Unlock your iPhone #4975. Visit today.,Spam
Claim your gift card #4976. Click now.,Spam
Get your loan approval #4977. Visit today.,Spam
Grab your cash reward #4978. Reply YES.,Spam
Claim your vacation #4979. Register now.,Spam
Get your vacation #4980. Act fast.,Spam
Claim your bonus #4981. Act fast.,Spam
Unlock your loan approval #4982. Limited offer.,Spam
Win your cash reward #4983. Visit today.,Spam
Grab your vacation #4984. Click now.,Spam
Receive your bonus #4985. Limited offer.,Spam
Grab your cash reward #4986. Register now.,Spam
Win your vacation #4987. Act fast.,Spam
Unlock your cash reward #4988. Reply YES.,Spam
Win your vacation #4989. Click now.,Spam
Receive your gift card #4990. Register now.,Spam
Grab your coupon #4991. Act fast.,Spam
Win your loan approval #4992. Click now.,Spam
Get your vacation #4993. Visit today.,Spam
Claim your vacation #4994. Visit today.,Spam
Unlock your loan approval #4995. Reply YES.,Spam
Get your loan approval #4996. Visit today.,Spam
Get your loan approval #4997. Click now.,Spam
Grab your iPhone #4998. Click now.,Spam
Receive your vacation #4999. Click now.,Spam
Meeting #0 is confirmed. Please contact me if needed.,Ham
Reminder #1 please review. Please contact me if needed.,Ham
Reminder #2 please review. Please contact me if needed.,Ham
Team #3 starts tomorrow. Please contact me if needed.,Ham
Meeting #4 needs approval. Please contact me if needed.,Ham
Project #5 is attached. Please contact me if needed.,Ham
Project #6 starts tomorrow. Please contact me if needed.,Ham
Family #7 is confirmed. Please contact me if needed.,Ham
Reminder #8 is confirmed. Please contact me if needed.,Ham
Meeting #9 please review. Please contact me if needed.,Ham
Appointment #10 is attached. Please contact me if needed.,Ham
Family #11 please review. Please contact me if needed.,Ham
Schedule #12 starts tomorrow. Please contact me if needed.,Ham
Family #13 is attached. Please contact me if needed.,Ham
Team #14 please review. Please contact me if needed.,Ham
Team #15 please review. Please contact me if needed.,Ham
Meeting #16 is attached. Please contact me if needed.,Ham
Team #17 is confirmed. Please contact me if needed.,Ham
Meeting #18 please review. Please contact me if needed.,Ham
Order #19 has been updated. Please contact me if needed.,Ham
Invoice #20 is attached. Please contact me if needed.,Ham
Reminder #21 was delivered. Please contact me if needed.,Ham
Schedule #22 has been updated. Please contact me if needed.,Ham
Invoice #23 is confirmed. Please contact me if needed.,Ham
Invoice #24 starts tomorrow. Please contact me if needed.,Ham
Invoice #25 is attached. Please contact me if needed.,Ham
Project #26 is ready. Please contact me if needed.,Ham
Family #27 is attached. Please contact me if needed.,Ham
Project #28 is attached. Please contact me if needed.,Ham
Invoice #29 is ready. Please contact me if needed.,Ham
Reminder #30 needs approval. Please contact me if needed.,Ham
Appointment #31 was delivered. Please contact me if needed.,Ham
Project #32 needs approval. Please contact me if needed.,Ham
Appointment #33 please review. Please contact me if needed.,Ham
Project #34 has been updated. Please contact me if needed.,Ham
Family #35 needs approval. Please contact me if needed.,Ham
Report #36 is attached. Please contact me if needed.,Ham
Meeting #37 please review. Please contact me if needed.,Ham
Meeting #38 was delivered. Please contact me if needed.,Ham
Invoice #39 is confirmed. Please contact me if needed.,Ham
Family #40 is attached. Please contact me if needed.,Ham
Team #41 is attached. Please contact me if needed.,Ham
Reminder #42 is attached. Please contact me if needed.,Ham
Schedule #43 is attached. Please contact me if needed.,Ham
Team #44 starts tomorrow. Please contact me if needed.,Ham
Meeting #45 needs approval. Please contact me if needed.,Ham
Family #46 is attached. Please contact me if needed.,Ham
Order #47 needs approval. Please contact me if needed.,Ham
Family #48 is confirmed. Please contact me if needed.,Ham
Appointment #49 was delivered. Please contact me if needed.,Ham
Appointment #50 is attached. Please contact me if needed.,Ham
Meeting #51 is attached. Please contact me if needed.,Ham
Appointment #52 please review. Please contact me if needed.,Ham
Report #53 needs approval. Please contact me if needed.,Ham
Reminder #54 was delivered. Please contact me if needed.,Ham
Order #55 has been updated. Please contact me if needed.,Ham
Reminder #56 has been updated. Please contact me if needed.,Ham
Project #57 please review. Please contact me if needed.,Ham
Team #58 is confirmed. Please contact me if needed.,Ham
Appointment #59 needs approval. Please contact me if needed.,Ham
Appointment #60 needs approval. Please contact me if needed.,Ham
Invoice #61 is confirmed. Please contact me if needed.,Ham
Meeting #62 please review. Please contact me if needed.,Ham
Report #63 is attached. Please contact me if needed.,Ham
Family #64 needs approval. Please contact me if needed.,Ham
Family #65 please review. Please contact me if needed.,Ham
Family #66 is confirmed. Please contact me if needed.,Ham
Family #67 is attached. Please contact me if needed.,Ham
Meeting #68 was delivered. Please contact me if needed.,Ham
Report #69 starts tomorrow. Please contact me if needed.,Ham
Appointment #70 has been updated. Please contact me if needed.,Ham
Reminder #71 needs approval. Please contact me if needed.,Ham
Family #72 is confirmed. Please contact me if needed.,Ham
Team #73 starts tomorrow. Please contact me if needed.,Ham
Reminder #74 starts tomorrow. Please contact me if needed.,Ham
Invoice #75 is attached. Please contact me if needed.,Ham
Schedule #76 has been updated. Please contact me if needed.,Ham
Report #77 is confirmed. Please contact me if needed.,Ham
Reminder #78 was delivered. Please contact me if needed.,Ham
Project #79 has been updated. Please contact me if needed.,Ham
Meeting #80 was delivered. Please contact me if needed.,Ham
Reminder #81 is confirmed. Please contact me if needed.,Ham
Invoice #82 needs approval. Please contact me if needed.,Ham
Team #83 was delivered. Please contact me if needed.,Ham
Invoice #84 starts tomorrow. Please contact me if needed.,Ham
Team #85 needs approval. Please contact me if needed.,Ham
Appointment #86 is ready. Please contact me if needed.,Ham
Reminder #87 is confirmed. Please contact me if needed.,Ham
Report #88 needs approval. Please contact me if needed.,Ham
Reminder #89 starts tomorrow. Please contact me if needed.,Ham
Report #90 needs approval. Please contact me if needed.,Ham
Reminder #91 is attached. Please contact me if needed.,Ham
Appointment #92 has been updated. Please contact me if needed.,Ham
Invoice #93 is attached. Please contact me if needed.,Ham
Project #94 starts tomorrow. Please contact me if needed.,Ham
Family #95 please review. Please contact me if needed.,Ham
Team #96 starts tomorrow. Please contact me if needed.,Ham
Meeting #97 was delivered. Please contact me if needed.,Ham
Appointment #98 please review. Please contact me if needed.,Ham
Team #99 starts tomorrow. Please contact me if needed.,Ham
Invoice #100 is attached. Please contact me if needed.,Ham
Appointment #101 is ready. Please contact me if needed.,Ham
Family #102 was delivered. Please contact me if needed.,Ham
Report #103 has been updated. Please contact me if needed.,Ham
Team #104 is attached. Please contact me if needed.,Ham
Schedule #105 has been updated. Please contact me if needed.,Ham
Team #106 was delivered. Please contact me if needed.,Ham
Team #107 please review. Please contact me if needed.,Ham
Meeting #108 was delivered. Please contact me if needed.,Ham
Order #109 please review. Please contact me if needed.,Ham
Meeting #110 is ready. Please contact me if needed.,Ham
Family #111 was delivered. Please contact me if needed.,Ham
Appointment #112 needs approval. Please contact me if needed.,Ham
Project #113 starts tomorrow. Please contact me if needed.,Ham
Schedule #114 was delivered. Please contact me if needed.,Ham
Report #115 needs approval. Please contact me if needed.,Ham
Appointment #116 is attached. Please contact me if needed.,Ham
Meeting #117 starts tomorrow. Please contact me if needed.,Ham
Schedule #118 needs approval. Please contact me if needed.,Ham
Appointment #119 is ready. Please contact me if needed.,Ham
Order #120 was delivered. Please contact me if needed.,Ham
Reminder #121 needs approval. Please contact me if needed.,Ham
Report #122 is attached. Please contact me if needed.,Ham
Family #123 please review. Please contact me if needed.,Ham
Order #124 is attached. Please contact me if needed.,Ham
Team #125 is ready. Please contact me if needed.,Ham
Team #126 starts tomorrow. Please contact me if needed.,Ham
Report #127 needs approval. Please contact me if needed.,Ham
Reminder #128 was delivered. Please contact me if needed.,Ham
Reminder #129 was delivered. Please contact me if needed.,Ham
Report #130 is attached. Please contact me if needed.,Ham
Team #131 needs approval. Please contact me if needed.,Ham
Team #132 is ready. Please contact me if needed.,Ham
Report #133 starts tomorrow. Please contact me if needed.,Ham
Appointment #134 has been updated. Please contact me if needed.,Ham
Schedule #135 please review. Please contact me if needed.,Ham
Family #136 has been updated. Please contact me if needed.,Ham
Appointment #137 starts tomorrow. Please contact me if needed.,Ham
Project #138 please review. Please contact me if needed.,Ham
Meeting #139 has been updated. Please contact me if needed.,Ham
Reminder #140 is attached. Please contact me if needed.,Ham
Family #141 starts tomorrow. Please contact me if needed.,Ham
Meeting #142 is confirmed. Please contact me if needed.,Ham
Report #143 needs approval. Please contact me if needed.,Ham
Family #144 is confirmed. Please contact me if needed.,Ham
Schedule #145 was delivered. Please contact me if needed.,Ham
Family #146 is ready. Please contact me if needed.,Ham
Report #147 is ready. Please contact me if needed.,Ham
Project #148 please review. Please contact me if needed.,Ham
Invoice #149 needs approval. Please contact me if needed.,Ham
Meeting #150 is attached. Please contact me if needed.,Ham
Report #151 needs approval. Please contact me if needed.,Ham
Order #152 starts tomorrow. Please contact me if needed.,Ham
Reminder #153 was delivered. Please contact me if needed.,Ham
Appointment #154 is confirmed. Please contact me if needed.,Ham
Order #155 is confirmed. Please contact me if needed.,Ham
Order #156 needs approval. Please contact me if needed.,Ham
Meeting #157 was delivered. Please contact me if needed.,Ham
Meeting #158 please review. Please contact me if needed.,Ham
Invoice #159 was delivered. Please contact me if needed.,Ham
Schedule #160 please review. Please contact me if needed.,Ham
Order #161 has been updated. Please contact me if needed.,Ham
Project #162 has been updated. Please contact me if needed.,Ham
Report #163 is ready. Please contact me if needed.,Ham
Schedule #164 please review. Please contact me if needed.,Ham
Family #165 is ready. Please contact me if needed.,Ham
Report #166 is attached. Please contact me if needed.,Ham
Team #167 please review. Please contact me if needed.,Ham
Team #168 is confirmed. Please contact me if needed.,Ham
Family #169 is confirmed. Please contact me if needed.,Ham
Family #170 needs approval. Please contact me if needed.,Ham
Meeting #171 was delivered. Please contact me if needed.,Ham
Meeting #172 is ready. Please contact me if needed.,Ham
Family #173 needs approval. Please contact me if needed.,Ham
Meeting #174 is confirmed. Please contact me if needed.,Ham
Family #175 was delivered. Please contact me if needed.,Ham
Project #176 is ready. Please contact me if needed.,Ham
Team #177 was delivered. Please contact me if needed.,Ham
Order #178 has been updated. Please contact me if needed.,Ham
Project #179 please review. Please contact me if needed.,Ham
Reminder #180 has been updated. Please contact me if needed.,Ham
Appointment #181 is ready. Please contact me if needed.,Ham
Invoice #182 please review. Please contact me if needed.,Ham
Schedule #183 is attached. Please contact me if needed.,Ham
Family #184 is attached. Please contact me if needed.,Ham
Team #185 was delivered. Please contact me if needed.,Ham
Family #186 is attached. Please contact me if needed.,Ham
Project #187 starts tomorrow. Please contact me if needed.,Ham
Meeting #188 starts tomorrow. Please contact me if needed.,Ham
Invoice #189 is ready. Please contact me if needed.,Ham
Family #190 starts tomorrow. Please contact me if needed.,Ham
Order #191 has been updated. Please contact me if needed.,Ham
Team #192 starts tomorrow. Please contact me if needed.,Ham
Schedule #193 was delivered. Please contact me if needed.,Ham
Team #194 please review. Please contact me if needed.,Ham
Appointment #195 needs approval. Please contact me if needed.,Ham
Invoice #196 is attached. Please contact me if needed.,Ham
Family #197 has been updated. Please contact me if needed.,Ham
Invoice #198 is attached. Please contact me if needed.,Ham
Team #199 was delivered. Please contact me if needed.,Ham
Project #200 is ready. Please contact me if needed.,Ham
Meeting #201 please review. Please contact me if needed.,Ham
Invoice #202 was delivered. Please contact me if needed.,Ham
Project #203 needs approval. Please contact me if needed.,Ham
Family #204 is confirmed. Please contact me if needed.,Ham
Project #205 is attached. Please contact me if needed.,Ham
Team #206 is attached. Please contact me if needed.,Ham
Schedule #207 has been updated. Please contact me if needed.,Ham
Report #208 starts tomorrow. Please contact me if needed.,Ham
Team #209 is confirmed. Please contact me if needed.,Ham
Schedule #210 is ready. Please contact me if needed.,Ham
Invoice #211 was delivered. Please contact me if needed.,Ham
Order #212 needs approval. Please contact me if needed.,Ham
Report #213 has been updated. Please contact me if needed.,Ham
Family #214 is confirmed. Please contact me if needed.,Ham
Schedule #215 starts tomorrow. Please contact me if needed.,Ham
Order #216 please review. Please contact me if needed.,Ham
Project #217 is attached. Please contact me if needed.,Ham
Family #218 is attached. Please contact me if needed.,Ham
Team #219 is confirmed. Please contact me if needed.,Ham
Team #220 is attached. Please contact me if needed.,Ham
Reminder #221 please review. Please contact me if needed.,Ham
Invoice #222 is attached. Please contact me if needed.,Ham
Order #223 is attached. Please contact me if needed.,Ham
Reminder #224 is confirmed. Please contact me if needed.,Ham
Appointment #225 needs approval. Please contact me if needed.,Ham
Order #226 needs approval. Please contact me if needed.,Ham
Order #227 has been updated. Please contact me if needed.,Ham
Family #228 is attached. Please contact me if needed.,Ham
Family #229 is ready. Please contact me if needed.,Ham
Report #230 starts tomorrow. Please contact me if needed.,Ham
Invoice #231 is confirmed. Please contact me if needed.,Ham
Reminder #232 starts tomorrow. Please contact me if needed.,Ham
Team #233 please review. Please contact me if needed.,Ham
Project #234 is confirmed. Please contact me if needed.,Ham
Order #235 starts tomorrow. Please contact me if needed.,Ham
Meeting #236 starts tomorrow. Please contact me if needed.,Ham
Schedule #237 has been updated. Please contact me if needed.,Ham
Report #238 starts tomorrow. Please contact me if needed.,Ham
Report #239 please review. Please contact me if needed.,Ham
Appointment #240 starts tomorrow. Please contact me if needed.,Ham
Family #241 has been updated. Please contact me if needed.,Ham
Invoice #242 is ready. Please contact me if needed.,Ham
Invoice #243 needs approval. Please contact me if needed.,Ham
Order #244 please review. Please contact me if needed.,Ham
Meeting #245 needs approval. Please contact me if needed.,Ham
Appointment #246 is confirmed. Please contact me if needed.,Ham
Project #247 has been updated. Please contact me if needed.,Ham
Meeting #248 is confirmed. Please contact me if needed.,Ham
Invoice #249 please review. Please contact me if needed.,Ham
Reminder #250 is confirmed. Please contact me if needed.,Ham
Meeting #251 is confirmed. Please contact me if needed.,Ham
Appointment #252 please review. Please contact me if needed.,Ham
Invoice #253 starts tomorrow. Please contact me if needed.,Ham
Report #254 starts tomorrow. Please contact me if needed.,Ham
Family #255 is ready. Please contact me if needed.,Ham
Family #256 has been updated. Please contact me if needed.,Ham
Family #257 is ready. Please contact me if needed.,Ham
Family #258 is confirmed. Please contact me if needed.,Ham
Schedule #259 was delivered. Please contact me if needed.,Ham
Reminder #260 please review. Please contact me if needed.,Ham
Schedule #261 is confirmed. Please contact me if needed.,Ham
Meeting #262 has been updated. Please contact me if needed.,Ham
Appointment #263 please review. Please contact me if needed.,Ham
Team #264 is ready. Please contact me if needed.,Ham
Invoice #265 needs approval. Please contact me if needed.,Ham
Order #266 is attached. Please contact me if needed.,Ham
Report #267 is ready. Please contact me if needed.,Ham
Schedule #268 has been updated. Please contact me if needed.,Ham
Family #269 starts tomorrow. Please contact me if needed.,Ham
Invoice #270 is ready. Please contact me if needed.,Ham
Invoice #271 is confirmed. Please contact me if needed.,Ham
Family #272 starts tomorrow. Please contact me if needed.,Ham
Report #273 has been updated. Please contact me if needed.,Ham
Invoice #274 is confirmed. Please contact me if needed.,Ham
Family #275 is confirmed. Please contact me if needed.,Ham
Order #276 starts tomorrow. Please contact me if needed.,Ham
Team #277 has been updated. Please contact me if needed.,Ham
Reminder #278 needs approval. Please contact me if needed.,Ham
Schedule #279 is attached. Please contact me if needed.,Ham
Family #280 is confirmed. Please contact me if needed.,Ham
Order #281 is confirmed. Please contact me if needed.,Ham
Appointment #282 starts tomorrow. Please contact me if needed.,Ham
Project #283 is ready. Please contact me if needed.,Ham
Order #284 is confirmed. Please contact me if needed.,Ham
Report #285 was delivered. Please contact me if needed.,Ham
Invoice #286 is attached. Please contact me if needed.,Ham
Report #287 needs approval. Please contact me if needed.,Ham
Order #288 needs approval. Please contact me if needed.,Ham
Appointment #289 is ready. Please contact me if needed.,Ham
Schedule #290 has been updated. Please contact me if needed.,Ham
Meeting #291 is attached. Please contact me if needed.,Ham
Report #292 please review. Please contact me if needed.,Ham
Order #293 is attached. Please contact me if needed.,Ham
Team #294 is attached. Please contact me if needed.,Ham
Appointment #295 please review. Please contact me if needed.,Ham
Appointment #296 is attached. Please contact me if needed.,Ham
Invoice #297 has been updated. Please contact me if needed.,Ham
Family #298 was delivered. Please contact me if needed.,Ham
Report #299 has been updated. Please contact me if needed.,Ham
Invoice #300 has been updated. Please contact me if needed.,Ham
Appointment #301 starts tomorrow. Please contact me if needed.,Ham
Meeting #302 is attached. Please contact me if needed.,Ham
Project #303 please review. Please contact me if needed.,Ham
Meeting #304 has been updated. Please contact me if needed.,Ham
Team #305 was delivered. Please contact me if needed.,Ham
Family #306 please review. Please contact me if needed.,Ham
Project #307 is confirmed. Please contact me if needed.,Ham
Family #308 starts tomorrow. Please contact me if needed.,Ham
Project #309 was delivered. Please contact me if needed.,Ham
Order #310 please review. Please contact me if needed.,Ham
Family #311 has been updated. Please contact me if needed.,Ham
Invoice #312 was delivered. Please contact me if needed.,Ham
Meeting #313 was delivered. Please contact me if needed.,Ham
Invoice #314 is ready. Please contact me if needed.,Ham
Family #315 is confirmed. Please contact me if needed.,Ham
Reminder #316 needs approval. Please contact me if needed.,Ham
Appointment #317 needs approval. Please contact me if needed.,Ham
Order #318 starts tomorrow. Please contact me if needed.,Ham
Family #319 is attached. Please contact me if needed.,Ham
Family #320 needs approval. Please contact me if needed.,Ham
Appointment #321 is attached. Please contact me if needed.,Ham
Order #322 is attached. Please contact me if needed.,Ham
Team #323 has been updated. Please contact me if needed.,Ham
Meeting #324 is confirmed. Please contact me if needed.,Ham
Meeting #325 was delivered. Please contact me if needed.,Ham
Schedule #326 is attached. Please contact me if needed.,Ham
Project #327 has been updated. Please contact me if needed.,Ham
Schedule #328 is ready. Please contact me if needed.,Ham
Team #329 has been updated. Please contact me if needed.,Ham
Invoice #330 has been updated. Please contact me if needed.,Ham
Invoice #331 was delivered. Please contact me if needed.,Ham
Project #332 is attached. Please contact me if needed.,Ham
Report #333 starts tomorrow. Please contact me if needed.,Ham
Appointment #334 has been updated. Please contact me if needed.,Ham
Meeting #335 is confirmed. Please contact me if needed.,Ham
Invoice #336 has been updated. Please contact me if needed.,Ham
Reminder #337 is confirmed. Please contact me if needed.,Ham
Report #338 starts tomorrow. Please contact me if needed.,Ham
Invoice #339 is confirmed. Please contact me if needed.,Ham
Appointment #340 starts tomorrow. Please contact me if needed.,Ham
Report #341 starts tomorrow. Please contact me if needed.,Ham
Reminder #342 was delivered. Please contact me if needed.,Ham
Meeting #343 has been updated. Please contact me if needed.,Ham
Meeting #344 was delivered. Please contact me if needed.,Ham
Reminder #345 starts tomorrow. Please contact me if needed.,Ham
Meeting #346 has been updated. Please contact me if needed.,Ham
Family #347 is attached. Please contact me if needed.,Ham
Report #348 needs approval. Please contact me if needed.,Ham
Appointment #349 needs approval. Please contact me if needed.,Ham
Invoice #350 was delivered. Please contact me if needed.,Ham
Family #351 has been updated. Please contact me if needed.,Ham
Family #352 needs approval. Please contact me if needed.,Ham
Project #353 was delivered. Please contact me if needed.,Ham
Project #354 is confirmed. Please contact me if needed.,Ham
Reminder #355 is attached. Please contact me if needed.,Ham
Project #356 please review. Please contact me if needed.,Ham
Meeting #357 is ready. Please contact me if needed.,Ham
Team #358 is confirmed. Please contact me if needed.,Ham
Report #359 starts tomorrow. Please contact me if needed.,Ham
Order #360 needs approval. Please contact me if needed.,Ham
Project #361 is attached. Please contact me if needed.,Ham
Schedule #362 starts tomorrow. Please contact me if needed.,Ham
Appointment #363 please review. Please contact me if needed.,Ham
Appointment #364 is confirmed. Please contact me if needed.,Ham
Report #365 has been updated. Please contact me if needed.,Ham
Invoice #366 needs approval. Please contact me if needed.,Ham
Report #367 is confirmed. Please contact me if needed.,Ham
Family #368 please review. Please contact me if needed.,Ham
Reminder #369 is attached. Please contact me if needed.,Ham
Family #370 starts tomorrow. Please contact me if needed.,Ham
Appointment #371 is attached. Please contact me if needed.,Ham
Project #372 starts tomorrow. Please contact me if needed.,Ham
Appointment #373 needs approval. Please contact me if needed.,Ham
Family #374 please review. Please contact me if needed.,Ham
Schedule #375 is ready. Please contact me if needed.,Ham
Schedule #376 has been updated. Please contact me if needed.,Ham
Project #377 is ready. Please contact me if needed.,Ham
Family #378 has been updated. Please contact me if needed.,Ham
Report #379 was delivered. Please contact me if needed.,Ham
Schedule #380 is ready. Please contact me if needed.,Ham
Meeting #381 is confirmed. Please contact me if needed.,Ham
Invoice #382 is attached. Please contact me if needed.,Ham
Schedule #383 is confirmed. Please contact me if needed.,Ham
Appointment #384 was delivered. Please contact me if needed.,Ham
Order #385 needs approval. Please contact me if needed.,Ham
Reminder #386 please review. Please contact me if needed.,Ham
Invoice #387 is attached. Please contact me if needed.,Ham
Order #388 is attached. Please contact me if needed.,Ham
Schedule #389 has been updated. Please contact me if needed.,Ham
Invoice #390 was delivered. Please contact me if needed.,Ham
Family #391 has been updated. Please contact me if needed.,Ham
Team #392 has been updated. Please contact me if needed.,Ham
Schedule #393 needs approval. Please contact me if needed.,Ham
Schedule #394 needs approval. Please contact me if needed.,Ham
Project #395 is ready. Please contact me if needed.,Ham
Order #396 please review. Please contact me if needed.,Ham
Reminder #397 was delivered. Please contact me if needed.,Ham
Schedule #398 was delivered. Please contact me if needed.,Ham
Family #399 please review. Please contact me if needed.,Ham
Project #400 is ready. Please contact me if needed.,Ham
Project #401 please review. Please contact me if needed.,Ham
Project #402 please review. Please contact me if needed.,Ham
Appointment #403 please review. Please contact me if needed.,Ham
Team #404 is confirmed. Please contact me if needed.,Ham
Project #405 was delivered. Please contact me if needed.,Ham
Invoice #406 needs approval. Please contact me if needed.,Ham
Team #407 please review. Please contact me if needed.,Ham
Schedule #408 is attached. Please contact me if needed.,Ham
Reminder #409 is confirmed. Please contact me if needed.,Ham
Team #410 has been updated. Please contact me if needed.,Ham
Order #411 starts tomorrow. Please contact me if needed.,Ham
Order #412 is confirmed. Please contact me if needed.,Ham
Project #413 starts tomorrow. Please contact me if needed.,Ham
Meeting #414 is ready. Please contact me if needed.,Ham
Family #415 is confirmed. Please contact me if needed.,Ham
Report #416 please review. Please contact me if needed.,Ham
Invoice #417 is ready. Please contact me if needed.,Ham
Report #418 is attached. Please contact me if needed.,Ham
Appointment #419 starts tomorrow. Please contact me if needed.,Ham
Reminder #420 starts tomorrow. Please contact me if needed.,Ham
Team #421 needs approval. Please contact me if needed.,Ham
Reminder #422 is ready. Please contact me if needed.,Ham
Family #423 has been updated. Please contact me if needed.,Ham
Team #424 is ready. Please contact me if needed.,Ham
Project #425 is attached. Please contact me if needed.,Ham
Report #426 please review. Please contact me if needed.,Ham
Report #427 has been updated. Please contact me if needed.,Ham
Team #428 is attached. Please contact me if needed.,Ham
Project #429 has been updated. Please contact me if needed.,Ham
Team #430 please review. Please contact me if needed.,Ham
Invoice #431 was delivered. Please contact me if needed.,Ham
Meeting #432 starts tomorrow. Please contact me if needed.,Ham
Invoice #433 is attached. Please contact me if needed.,Ham
Family #434 please review. Please contact me if needed.,Ham
Project #435 starts tomorrow. Please contact me if needed.,Ham
Invoice #436 has been updated. Please contact me if needed.,Ham
Schedule #437 is attached. Please contact me if needed.,Ham
Invoice #438 was delivered. Please contact me if needed.,Ham
Family #439 please review. Please contact me if needed.,Ham
Team #440 please review. Please contact me if needed.,Ham
Team #441 has been updated. Please contact me if needed.,Ham
Schedule #442 starts tomorrow. Please contact me if needed.,Ham
Family #443 is ready. Please contact me if needed.,Ham
Order #444 is attached. Please contact me if needed.,Ham
Team #445 is confirmed. Please contact me if needed.,Ham
Appointment #446 is attached. Please contact me if needed.,Ham
Invoice #447 was delivered. Please contact me if needed.,Ham
Schedule #448 needs approval. Please contact me if needed.,Ham
Order #449 starts tomorrow. Please contact me if needed.,Ham
Order #450 starts tomorrow. Please contact me if needed.,Ham
Project #451 is confirmed. Please contact me if needed.,Ham
Schedule #452 is ready. Please contact me if needed.,Ham
Appointment #453 is ready. Please contact me if needed.,Ham
Invoice #454 is confirmed. Please contact me if needed.,Ham
Project #455 starts tomorrow. Please contact me if needed.,Ham
Appointment #456 is confirmed. Please contact me if needed.,Ham
Meeting #457 needs approval. Please contact me if needed.,Ham
Report #458 starts tomorrow. Please contact me if needed.,Ham
Meeting #459 please review. Please contact me if needed.,Ham
Reminder #460 is ready. Please contact me if needed.,Ham
Order #461 is attached. Please contact me if needed.,Ham
Appointment #462 is attached. Please contact me if needed.,Ham
Project #463 is confirmed. Please contact me if needed.,Ham
Appointment #464 has been updated. Please contact me if needed.,Ham
Reminder #465 needs approval. Please contact me if needed.,Ham
Reminder #466 was delivered. Please contact me if needed.,Ham
Order #467 is confirmed. Please contact me if needed.,Ham
Report #468 is ready. Please contact me if needed.,Ham
Team #469 is ready. Please contact me if needed.,Ham
Order #470 is ready. Please contact me if needed.,Ham
Team #471 needs approval. Please contact me if needed.,Ham
Reminder #472 is attached. Please contact me if needed.,Ham
Report #473 please review. Please contact me if needed.,Ham
Schedule #474 needs approval. Please contact me if needed.,Ham
Invoice #475 is confirmed. Please contact me if needed.,Ham
Schedule #476 is confirmed. Please contact me if needed.,Ham
Family #477 please review. Please contact me if needed.,Ham
Family #478 was delivered. Please contact me if needed.,Ham
Project #479 was delivered. Please contact me if needed.,Ham
Appointment #480 has been updated. Please contact me if needed.,Ham
Project #481 was delivered. Please contact me if needed.,Ham
Report #482 is confirmed. Please contact me if needed.,Ham
Family #483 is confirmed. Please contact me if needed.,Ham
Family #484 is confirmed. Please contact me if needed.,Ham
Meeting #485 was delivered. Please contact me if needed.,Ham
Report #486 was delivered. Please contact me if needed.,Ham
Reminder #487 please review. Please contact me if needed.,Ham
Meeting #488 starts tomorrow. Please contact me if needed.,Ham
Invoice #489 was delivered. Please contact me if needed.,Ham
Order #490 is ready. Please contact me if needed.,Ham
Report #491 starts tomorrow. Please contact me if needed.,Ham
Invoice #492 is ready. Please contact me if needed.,Ham
Schedule #493 was delivered. Please contact me if needed.,Ham
Report #494 needs approval. Please contact me if needed.,Ham
Project #495 is confirmed. Please contact me if needed.,Ham
Project #496 is attached. Please contact me if needed.,Ham
Schedule #497 starts tomorrow. Please contact me if needed.,Ham
Appointment #498 is confirmed. Please contact me if needed.,Ham
Project #499 needs approval. Please contact me if needed.,Ham
Schedule #500 please review. Please contact me if needed.,Ham
Report #501 is confirmed. Please contact me if needed.,Ham
Family #502 has been updated. Please contact me if needed.,Ham
Project #503 starts tomorrow. Please contact me if needed.,Ham
Reminder #504 is ready. Please contact me if needed.,Ham
Appointment #505 is ready. Please contact me if needed.,Ham
Invoice #506 is ready. Please contact me if needed.,Ham
Appointment #507 starts tomorrow. Please contact me if needed.,Ham
Invoice #508 was delivered. Please contact me if needed.,Ham
Team #509 please review. Please contact me if needed.,Ham
Meeting #510 starts tomorrow. Please contact me if needed.,Ham
Meeting #511 needs approval. Please contact me if needed.,Ham
Report #512 is confirmed. Please contact me if needed.,Ham
Order #513 is ready. Please contact me if needed.,Ham
Family #514 starts tomorrow. Please contact me if needed.,Ham
Reminder #515 is ready. Please contact me if needed.,Ham
Project #516 is attached. Please contact me if needed.,Ham
Team #517 please review. Please contact me if needed.,Ham
Schedule #518 starts tomorrow. Please contact me if needed.,Ham
Report #519 please review. Please contact me if needed.,Ham
Meeting #520 has been updated. Please contact me if needed.,Ham
Meeting #521 is confirmed. Please contact me if needed.,Ham
Family #522 has been updated. Please contact me if needed.,Ham
Team #523 is ready. Please contact me if needed.,Ham
Team #524 is confirmed. Please contact me if needed.,Ham
Order #525 starts tomorrow. Please contact me if needed.,Ham
Team #526 please review. Please contact me if needed.,Ham
Report #527 starts tomorrow. Please contact me if needed.,Ham
Reminder #528 has been updated. Please contact me if needed.,Ham
Invoice #529 please review. Please contact me if needed.,Ham
Invoice #530 has been updated. Please contact me if needed.,Ham
Report #531 has been updated. Please contact me if needed.,Ham
Team #532 was delivered. Please contact me if needed.,Ham
Meeting #533 please review. Please contact me if needed.,Ham
Invoice #534 starts tomorrow. Please contact me if needed.,Ham
Order #535 is attached. Please contact me if needed.,Ham
Invoice #536 has been updated. Please contact me if needed.,Ham
Reminder #537 starts tomorrow. Please contact me if needed.,Ham
Order #538 has been updated. Please contact me if needed.,Ham
Report #539 is confirmed. Please contact me if needed.,Ham
Project #540 has been updated. Please contact me if needed.,Ham
Order #541 starts tomorrow. Please contact me if needed.,Ham
Family #542 has been updated. Please contact me if needed.,Ham
Invoice #543 is confirmed. Please contact me if needed.,Ham
Meeting #544 has been updated. Please contact me if needed.,Ham
Project #545 was delivered. Please contact me if needed.,Ham
Schedule #546 is ready. Please contact me if needed.,Ham
Invoice #547 was delivered. Please contact me if needed.,Ham
Invoice #548 is confirmed. Please contact me if needed.,Ham
Project #549 is attached. Please contact me if needed.,Ham
Reminder #550 starts tomorrow. Please contact me if needed.,Ham
Family #551 is ready. Please contact me if needed.,Ham
Meeting #552 starts tomorrow. Please contact me if needed.,Ham
Schedule #553 starts tomorrow. Please contact me if needed.,Ham
Reminder #554 has been updated. Please contact me if needed.,Ham
Appointment #555 starts tomorrow. Please contact me if needed.,Ham
Team #556 needs approval. Please contact me if needed.,Ham
Appointment #557 is ready. Please contact me if needed.,Ham
Report #558 is attached. Please contact me if needed.,Ham
Order #559 is confirmed. Please contact me if needed.,Ham
Report #560 is ready. Please contact me if needed.,Ham
Appointment #561 is confirmed. Please contact me if needed.,Ham
Meeting #562 is ready. Please contact me if needed.,Ham
Appointment #563 is confirmed. Please contact me if needed.,Ham
Schedule #564 needs approval. Please contact me if needed.,Ham
Reminder #565 has been updated. Please contact me if needed.,Ham
Meeting #566 is attached. Please contact me if needed.,Ham
Report #567 was delivered. Please contact me if needed.,Ham
Reminder #568 please review. Please contact me if needed.,Ham
Invoice #569 was delivered. Please contact me if needed.,Ham
Reminder #570 was delivered. Please contact me if needed.,Ham
Order #571 is confirmed. Please contact me if needed.,Ham
Invoice #572 please review. Please contact me if needed.,Ham
Invoice #573 was delivered. Please contact me if needed.,Ham
Schedule #574 was delivered. Please contact me if needed.,Ham
Order #575 is confirmed. Please contact me if needed.,Ham
Order #576 is attached. Please contact me if needed.,Ham
Order #577 is ready. Please contact me if needed.,Ham
Project #578 was delivered. Please contact me if needed.,Ham
Report #579 is confirmed. Please contact me if needed.,Ham
Appointment #580 please review. Please contact me if needed.,Ham
Invoice #581 starts tomorrow. Please contact me if needed.,Ham
Order #582 is attached. Please contact me if needed.,Ham
Project #583 is ready. Please contact me if needed.,Ham
Order #584 please review. Please contact me if needed.,Ham
Schedule #585 is attached. Please contact me if needed.,Ham
Meeting #586 is attached. Please contact me if needed.,Ham
Project #587 has been updated. Please contact me if needed.,Ham
Team #588 was delivered. Please contact me if needed.,Ham
Team #589 is confirmed. Please contact me if needed.,Ham
Invoice #590 starts tomorrow. Please contact me if needed.,Ham
Schedule #591 is confirmed. Please contact me if needed.,Ham
Reminder #592 needs approval. Please contact me if needed.,Ham
Schedule #593 is attached. Please contact me if needed.,Ham
Report #594 is attached. Please contact me if needed.,Ham
Schedule #595 please review. Please contact me if needed.,Ham
Meeting #596 was delivered. Please contact me if needed.,Ham
Appointment #597 has been updated. Please contact me if needed.,Ham
Team #598 is ready. Please contact me if needed.,Ham
Team #599 starts tomorrow. Please contact me if needed.,Ham
Schedule #600 is ready. Please contact me if needed.,Ham
Order #601 was delivered. Please contact me if needed.,Ham
Reminder #602 please review. Please contact me if needed.,Ham
Team #603 needs approval. Please contact me if needed.,Ham
Invoice #604 is ready. Please contact me if needed.,Ham
Schedule #605 needs approval. Please contact me if needed.,Ham
Schedule #606 needs approval. Please contact me if needed.,Ham
Appointment #607 is attached. Please contact me if needed.,Ham
Report #608 starts tomorrow. Please contact me if needed.,Ham
Team #609 is attached. Please contact me if needed.,Ham
Order #610 was delivered. Please contact me if needed.,Ham
Appointment #611 please review. Please contact me if needed.,Ham
Project #612 is attached. Please contact me if needed.,Ham
Schedule #613 is attached. Please contact me if needed.,Ham
Schedule #614 has been updated. Please contact me if needed.,Ham
Invoice #615 starts tomorrow. Please contact me if needed.,Ham
Reminder #616 was delivered. Please contact me if needed.,Ham
Team #617 is attached. Please contact me if needed.,Ham
Order #618 is ready. Please contact me if needed.,Ham
Schedule #619 is attached. Please contact me if needed.,Ham
Family #620 is ready. Please contact me if needed.,Ham
Invoice #621 is ready. Please contact me if needed.,Ham
Project #622 is attached. Please contact me if needed.,Ham
Schedule #623 is attached. Please contact me if needed.,Ham
Invoice #624 was delivered. Please contact me if needed.,Ham
Family #625 is ready. Please contact me if needed.,Ham
Invoice #626 is attached. Please contact me if needed.,Ham
Project #627 is attached. Please contact me if needed.,Ham
Appointment #628 has been updated. Please contact me if needed.,Ham
Order #629 has been updated. Please contact me if needed.,Ham
Appointment #630 is confirmed. Please contact me if needed.,Ham
Order #631 is confirmed. Please contact me if needed.,Ham
Invoice #632 needs approval. Please contact me if needed.,Ham
Family #633 needs approval. Please contact me if needed.,Ham
Appointment #634 has been updated. Please contact me if needed.,Ham
Meeting #635 needs approval. Please contact me if needed.,Ham
Order #636 is confirmed. Please contact me if needed.,Ham
Appointment #637 please review. Please contact me if needed.,Ham
Project #638 needs approval. Please contact me if needed.,Ham
Family #639 starts tomorrow. Please contact me if needed.,Ham
Meeting #640 was delivered. Please contact me if needed.,Ham
Appointment #641 was delivered. Please contact me if needed.,Ham
Team #642 was delivered. Please contact me if needed.,Ham
Schedule #643 please review. Please contact me if needed.,Ham
Family #644 is confirmed. Please contact me if needed.,Ham
Team #645 has been updated. Please contact me if needed.,Ham
Report #646 please review. Please contact me if needed.,Ham
Invoice #647 is attached. Please contact me if needed.,Ham
Invoice #648 needs approval. Please contact me if needed.,Ham
Order #649 has been updated. Please contact me if needed.,Ham
Meeting #650 please review. Please contact me if needed.,Ham
Report #651 has been updated. Please contact me if needed.,Ham
Project #652 has been updated. Please contact me if needed.,Ham
Team #653 is ready. Please contact me if needed.,Ham
Invoice #654 has been updated. Please contact me if needed.,Ham
Project #655 has been updated. Please contact me if needed.,Ham
Schedule #656 is confirmed. Please contact me if needed.,Ham
Family #657 is confirmed. Please contact me if needed.,Ham
Report #658 is confirmed. Please contact me if needed.,Ham
Invoice #659 please review. Please contact me if needed.,Ham
Order #660 starts tomorrow. Please contact me if needed.,Ham
Order #661 is confirmed. Please contact me if needed.,Ham
Invoice #662 is ready. Please contact me if needed.,Ham
Order #663 is confirmed. Please contact me if needed.,Ham
Reminder #664 is attached. Please contact me if needed.,Ham
Project #665 was delivered. Please contact me if needed.,Ham
Meeting #666 was delivered. Please contact me if needed.,Ham
Reminder #667 has been updated. Please contact me if needed.,Ham
Project #668 has been updated. Please contact me if needed.,Ham
Project #669 was delivered. Please contact me if needed.,Ham
Meeting #670 is confirmed. Please contact me if needed.,Ham
Order #671 is ready. Please contact me if needed.,Ham
Order #672 is attached. Please contact me if needed.,Ham
Appointment #673 has been updated. Please contact me if needed.,Ham
Reminder #674 needs approval. Please contact me if needed.,Ham
Team #675 is ready. Please contact me if needed.,Ham
Reminder #676 starts tomorrow. Please contact me if needed.,Ham
Schedule #677 needs approval. Please contact me if needed.,Ham
Team #678 starts tomorrow. Please contact me if needed.,Ham
Appointment #679 is attached. Please contact me if needed.,Ham
Appointment #680 is attached. Please contact me if needed.,Ham
Family #681 please review. Please contact me if needed.,Ham
Appointment #682 was delivered. Please contact me if needed.,Ham
Report #683 was delivered. Please contact me if needed.,Ham
Team #684 needs approval. Please contact me if needed.,Ham
Order #685 is attached. Please contact me if needed.,Ham
Project #686 has been updated. Please contact me if needed.,Ham
Appointment #687 is ready. Please contact me if needed.,Ham
Team #688 please review. Please contact me if needed.,Ham
Report #689 was delivered. Please contact me if needed.,Ham
Order #690 is ready. Please contact me if needed.,Ham
Project #691 is ready. Please contact me if needed.,Ham
Family #692 please review. Please contact me if needed.,Ham
Meeting #693 was delivered. Please contact me if needed.,Ham
Reminder #694 please review. Please contact me if needed.,Ham
Reminder #695 was delivered. Please contact me if needed.,Ham
Meeting #696 please review. Please contact me if needed.,Ham
Appointment #697 needs approval. Please contact me if needed.,Ham
Reminder #698 is attached. Please contact me if needed.,Ham
Appointment #699 needs approval. Please contact me if needed.,Ham
Meeting #700 please review. Please contact me if needed.,Ham
Project #701 is ready. Please contact me if needed.,Ham
Family #702 needs approval. Please contact me if needed.,Ham
Reminder #703 needs approval. Please contact me if needed.,Ham
Project #704 starts tomorrow. Please contact me if needed.,Ham
Family #705 was delivered. Please contact me if needed.,Ham
Reminder #706 is ready. Please contact me if needed.,Ham
Order #707 is attached. Please contact me if needed.,Ham
Invoice #708 is confirmed. Please contact me if needed.,Ham
Schedule #709 is confirmed. Please contact me if needed.,Ham
Report #710 was delivered. Please contact me if needed.,Ham
Team #711 was delivered. Please contact me if needed.,Ham
Reminder #712 has been updated. Please contact me if needed.,Ham
Report #713 is confirmed. Please contact me if needed.,Ham
Schedule #714 please review. Please contact me if needed.,Ham
Family #715 is attached. Please contact me if needed.,Ham
Appointment #716 is attached. Please contact me if needed.,Ham
Family #717 needs approval. Please contact me if needed.,Ham
Project #718 has been updated. Please contact me if needed.,Ham
Report #719 starts tomorrow. Please contact me if needed.,Ham
Project #720 is ready. Please contact me if needed.,Ham
Appointment #721 is attached. Please contact me if needed.,Ham
Appointment #722 has been updated. Please contact me if needed.,Ham
Project #723 is ready. Please contact me if needed.,Ham
Reminder #724 is confirmed. Please contact me if needed.,Ham
Reminder #725 is ready. Please contact me if needed.,Ham
Invoice #726 please review. Please contact me if needed.,Ham
Report #727 has been updated. Please contact me if needed.,Ham
Team #728 is ready. Please contact me if needed.,Ham
Invoice #729 please review. Please contact me if needed.,Ham
Project #730 has been updated. Please contact me if needed.,Ham
Invoice #731 is confirmed. Please contact me if needed.,Ham
Reminder #732 needs approval. Please contact me if needed.,Ham
Report #733 needs approval. Please contact me if needed.,Ham
Reminder #734 is attached. Please contact me if needed.,Ham
Schedule #735 is ready. Please contact me if needed.,Ham
Order #736 has been updated. Please contact me if needed.,Ham
Schedule #737 needs approval. Please contact me if needed.,Ham
Schedule #738 needs approval. Please contact me if needed.,Ham
Team #739 is confirmed. Please contact me if needed.,Ham
Project #740 was delivered. Please contact me if needed.,Ham
Appointment #741 is ready. Please contact me if needed.,Ham
Team #742 was delivered. Please contact me if needed.,Ham
Appointment #743 please review. Please contact me if needed.,Ham
Schedule #744 starts tomorrow. Please contact me if needed.,Ham
Reminder #745 needs approval. Please contact me if needed.,Ham
Invoice #746 was delivered. Please contact me if needed.,Ham
Meeting #747 was delivered. Please contact me if needed.,Ham
Team #748 has been updated. Please contact me if needed.,Ham
Appointment #749 is confirmed. Please contact me if needed.,Ham
Report #750 was delivered. Please contact me if needed.,Ham
Report #751 please review. Please contact me if needed.,Ham
Schedule #752 is attached. Please contact me if needed.,Ham
Invoice #753 has been updated. Please contact me if needed.,Ham
Project #754 was delivered. Please contact me if needed.,Ham
Order #755 starts tomorrow. Please contact me if needed.,Ham
Family #756 starts tomorrow. Please contact me if needed.,Ham
Invoice #757 needs approval. Please contact me if needed.,Ham
Reminder #758 is confirmed. Please contact me if needed.,Ham
Appointment #759 please review. Please contact me if needed.,Ham
Report #760 is ready. Please contact me if needed.,Ham
Project #761 needs approval. Please contact me if needed.,Ham
Team #762 has been updated. Please contact me if needed.,Ham
Meeting #763 is ready. Please contact me if needed.,Ham
Reminder #764 is ready. Please contact me if needed.,Ham
Meeting #765 was delivered. Please contact me if needed.,Ham
Schedule #766 has been updated. Please contact me if needed.,Ham
Family #767 was delivered. Please contact me if needed.,Ham
Schedule #768 was delivered. Please contact me if needed.,Ham
Family #769 was delivered. Please contact me if needed.,Ham
Invoice #770 please review. Please contact me if needed.,Ham
Report #771 is confirmed. Please contact me if needed.,Ham
Appointment #772 was delivered. Please contact me if needed.,Ham
Appointment #773 is attached. Please contact me if needed.,Ham
Schedule #774 is ready. Please contact me if needed.,Ham
Order #775 is attached. Please contact me if needed.,Ham
Reminder #776 is confirmed. Please contact me if needed.,Ham
Team #777 is confirmed. Please contact me if needed.,Ham
Appointment #778 is attached. Please contact me if needed.,Ham
Reminder #779 needs approval. Please contact me if needed.,Ham
Order #780 starts tomorrow. Please contact me if needed.,Ham
Meeting #781 has been updated. Please contact me if needed.,Ham
Reminder #782 is confirmed. Please contact me if needed.,Ham
Invoice #783 is ready. Please contact me if needed.,Ham
Team #784 has been updated. Please contact me if needed.,Ham
Report #785 was delivered. Please contact me if needed.,Ham
Family #786 is attached. Please contact me if needed.,Ham
Team #787 has been updated. Please contact me if needed.,Ham
Team #788 has been updated. Please contact me if needed.,Ham
Team #789 needs approval. Please contact me if needed.,Ham
Report #790 starts tomorrow. Please contact me if needed.,Ham
Report #791 needs approval. Please contact me if needed.,Ham
Order #792 is ready. Please contact me if needed.,Ham
Family #793 needs approval. Please contact me if needed.,Ham
Team #794 was delivered. Please contact me if needed.,Ham
Report #795 is confirmed. Please contact me if needed.,Ham
Invoice #796 has been updated. Please contact me if needed.,Ham
Appointment #797 is attached. Please contact me if needed.,Ham
Appointment #798 needs approval. Please contact me if needed.,Ham
Appointment #799 starts tomorrow. Please contact me if needed.,Ham
Team #800 is attached. Please contact me if needed.,Ham
Reminder #801 is attached. Please contact me if needed.,Ham
Reminder #802 please review. Please contact me if needed.,Ham
Appointment #803 is confirmed. Please contact me if needed.,Ham
Report #804 has been updated. Please contact me if needed.,Ham
Family #805 please review. Please contact me if needed.,Ham
Reminder #806 has been updated. Please contact me if needed.,Ham
Schedule #807 was delivered. Please contact me if needed.,Ham
Appointment #808 is attached. Please contact me if needed.,Ham
Report #809 needs approval. Please contact me if needed.,Ham
Report #810 needs approval. Please contact me if needed.,Ham
Meeting #811 is ready. Please contact me if needed.,Ham
Project #812 please review. Please contact me if needed.,Ham
Report #813 is ready. Please contact me if needed.,Ham
Team #814 is attached. Please contact me if needed.,Ham
Schedule #815 starts tomorrow. Please contact me if needed.,Ham
Appointment #816 is ready. Please contact me if needed.,Ham
Reminder #817 has been updated. Please contact me if needed.,Ham
Meeting #818 is confirmed. Please contact me if needed.,Ham
Team #819 is attached. Please contact me if needed.,Ham
Order #820 is ready. Please contact me if needed.,Ham
Project #821 is ready. Please contact me if needed.,Ham
Meeting #822 needs approval. Please contact me if needed.,Ham
Report #823 is attached. Please contact me if needed.,Ham
Family #824 has been updated. Please contact me if needed.,Ham
Meeting #825 please review. Please contact me if needed.,Ham
Family #826 is confirmed. Please contact me if needed.,Ham
Appointment #827 was delivered. Please contact me if needed.,Ham
Team #828 was delivered. Please contact me if needed.,Ham
Invoice #829 has been updated. Please contact me if needed.,Ham
Project #830 is confirmed. Please contact me if needed.,Ham
Invoice #831 is attached. Please contact me if needed.,Ham
Invoice #832 is ready. Please contact me if needed.,Ham
Team #833 is ready. Please contact me if needed.,Ham
Invoice #834 has been updated. Please contact me if needed.,Ham
Meeting #835 please review. Please contact me if needed.,Ham
Team #836 please review. Please contact me if needed.,Ham
Appointment #837 starts tomorrow. Please contact me if needed.,Ham
Project #838 is attached. Please contact me if needed.,Ham
Family #839 needs approval. Please contact me if needed.,Ham
Order #840 was delivered. Please contact me if needed.,Ham
Meeting #841 was delivered. Please contact me if needed.,Ham
Project #842 needs approval. Please contact me if needed.,Ham
Order #843 starts tomorrow. Please contact me if needed.,Ham
Family #844 please review. Please contact me if needed.,Ham
Reminder #845 starts tomorrow. Please contact me if needed.,Ham
Report #846 was delivered. Please contact me if needed.,Ham
Appointment #847 please review. Please contact me if needed.,Ham
Meeting #848 is confirmed. Please contact me if needed.,Ham
Family #849 please review. Please contact me if needed.,Ham
Report #850 is attached. Please contact me if needed.,Ham
Order #851 was delivered. Please contact me if needed.,Ham
Team #852 is ready. Please contact me if needed.,Ham
Team #853 needs approval. Please contact me if needed.,Ham
Project #854 is confirmed. Please contact me if needed.,Ham
Invoice #855 starts tomorrow. Please contact me if needed.,Ham
Reminder #856 has been updated. Please contact me if needed.,Ham
Meeting #857 is attached. Please contact me if needed.,Ham
Appointment #858 is ready. Please contact me if needed.,Ham
Report #859 needs approval. Please contact me if needed.,Ham
Family #860 please review. Please contact me if needed.,Ham
Project #861 needs approval. Please contact me if needed.,Ham
Order #862 starts tomorrow. Please contact me if needed.,Ham
Reminder #863 is confirmed. Please contact me if needed.,Ham
Team #864 has been updated. Please contact me if needed.,Ham
Project #865 is attached. Please contact me if needed.,Ham
Appointment #866 starts tomorrow. Please contact me if needed.,Ham
Project #867 please review. Please contact me if needed.,Ham
Family #868 please review. Please contact me if needed.,Ham
Project #869 is ready. Please contact me if needed.,Ham
Team #870 is attached. Please contact me if needed.,Ham
Family #871 is confirmed. Please contact me if needed.,Ham
Reminder #872 is ready. Please contact me if needed.,Ham
Family #873 is ready. Please contact me if needed.,Ham
Reminder #874 is confirmed. Please contact me if needed.,Ham
Team #875 please review. Please contact me if needed.,Ham
Meeting #876 has been updated. Please contact me if needed.,Ham
Order #877 is confirmed. Please contact me if needed.,Ham
Reminder #878 is ready. Please contact me if needed.,Ham
Order #879 has been updated. Please contact me if needed.,Ham
Appointment #880 is ready. Please contact me if needed.,Ham
Appointment #881 was delivered. Please contact me if needed.,Ham
Meeting #882 is attached. Please contact me if needed.,Ham
Order #883 is confirmed. Please contact me if needed.,Ham
Invoice #884 starts tomorrow. Please contact me if needed.,Ham
Team #885 has been updated. Please contact me if needed.,Ham
Report #886 was delivered. Please contact me if needed.,Ham
Team #887 is ready. Please contact me if needed.,Ham
Family #888 is attached. Please contact me if needed.,Ham
Team #889 is ready. Please contact me if needed.,Ham
Meeting #890 please review. Please contact me if needed.,Ham
Project #891 is confirmed. Please contact me if needed.,Ham
Schedule #892 please review. Please contact me if needed.,Ham
Project #893 needs approval. Please contact me if needed.,Ham
Invoice #894 has been updated. Please contact me if needed.,Ham
Invoice #895 is attached. Please contact me if needed.,Ham
Schedule #896 is ready. Please contact me if needed.,Ham
Meeting #897 is ready. Please contact me if needed.,Ham
Family #898 is attached. Please contact me if needed.,Ham
Team #899 is attached. Please contact me if needed.,Ham
Order #900 was delivered. Please contact me if needed.,Ham
Schedule #901 is confirmed. Please contact me if needed.,Ham
Appointment #902 is ready. Please contact me if needed.,Ham
Invoice #903 was delivered. Please contact me if needed.,Ham
Team #904 is confirmed. Please contact me if needed.,Ham
Meeting #905 is attached. Please contact me if needed.,Ham
Invoice #906 needs approval. Please contact me if needed.,Ham
Order #907 is confirmed. Please contact me if needed.,Ham
Team #908 is confirmed. Please contact me if needed.,Ham
Project #909 starts tomorrow. Please contact me if needed.,Ham
Order #910 was delivered. Please contact me if needed.,Ham
Project #911 is confirmed. Please contact me if needed.,Ham
Report #912 needs approval. Please contact me if needed.,Ham
Family #913 starts tomorrow. Please contact me if needed.,Ham
Order #914 has been updated. Please contact me if needed.,Ham
Team #915 is ready. Please contact me if needed.,Ham
Team #916 was delivered. Please contact me if needed.,Ham
Meeting #917 has been updated. Please contact me if needed.,Ham
Family #918 please review. Please contact me if needed.,Ham
Family #919 please review. Please contact me if needed.,Ham
Meeting #920 please review. Please contact me if needed.,Ham
Order #921 needs approval. Please contact me if needed.,Ham
Meeting #922 is ready. Please contact me if needed.,Ham
Reminder #923 is attached. Please contact me if needed.,Ham
Meeting #924 has been updated. Please contact me if needed.,Ham
Report #925 is attached. Please contact me if needed.,Ham
Team #926 is confirmed. Please contact me if needed.,Ham
Schedule #927 is ready. Please contact me if needed.,Ham
Team #928 is attached. Please contact me if needed.,Ham
Report #929 was delivered. Please contact me if needed.,Ham
Meeting #930 is ready. Please contact me if needed.,Ham
Family #931 please review. Please contact me if needed.,Ham
Project #932 is ready. Please contact me if needed.,Ham
Meeting #933 starts tomorrow. Please contact me if needed.,Ham
Appointment #934 is attached. Please contact me if needed.,Ham
Schedule #935 is confirmed. Please contact me if needed.,Ham
Schedule #936 starts tomorrow. Please contact me if needed.,Ham
Schedule #937 was delivered. Please contact me if needed.,Ham
Team #938 is confirmed. Please contact me if needed.,Ham
Team #939 is attached. Please contact me if needed.,Ham
Appointment #940 needs approval. Please contact me if needed.,Ham
Family #941 starts tomorrow. Please contact me if needed.,Ham
Team #942 starts tomorrow. Please contact me if needed.,Ham
Meeting #943 has been updated. Please contact me if needed.,Ham
Meeting #944 is ready. Please contact me if needed.,Ham
Order #945 needs approval. Please contact me if needed.,Ham
Team #946 needs approval. Please contact me if needed.,Ham
Meeting #947 starts tomorrow. Please contact me if needed.,Ham
Project #948 please review. Please contact me if needed.,Ham
Appointment #949 is confirmed. Please contact me if needed.,Ham
Report #950 please review. Please contact me if needed.,Ham
Project #951 please review. Please contact me if needed.,Ham
Schedule #952 please review. Please contact me if needed.,Ham
Invoice #953 is confirmed. Please contact me if needed.,Ham
Family #954 was delivered. Please contact me if needed.,Ham
Meeting #955 needs approval. Please contact me if needed.,Ham
Invoice #956 is confirmed. Please contact me if needed.,Ham
Appointment #957 starts tomorrow. Please contact me if needed.,Ham
Appointment #958 is attached. Please contact me if needed.,Ham
Invoice #959 starts tomorrow. Please contact me if needed.,Ham
Project #960 please review. Please contact me if needed.,Ham
Schedule #961 please review. Please contact me if needed.,Ham
Reminder #962 is attached. Please contact me if needed.,Ham
Appointment #963 has been updated. Please contact me if needed.,Ham
Meeting #964 is confirmed. Please contact me if needed.,Ham
Team #965 was delivered. Please contact me if needed.,Ham
Family #966 needs approval. Please contact me if needed.,Ham
Family #967 is attached. Please contact me if needed.,Ham
Schedule #968 was delivered. Please contact me if needed.,Ham
Report #969 needs approval. Please contact me if needed.,Ham
Family #970 starts tomorrow. Please contact me if needed.,Ham
Schedule #971 has been updated. Please contact me if needed.,Ham
Team #972 please review. Please contact me if needed.,Ham
Reminder #973 is attached. Please contact me if needed.,Ham
Schedule #974 starts tomorrow. Please contact me if needed.,Ham
Meeting #975 was delivered. Please contact me if needed.,Ham
Family #976 is attached. Please contact me if needed.,Ham
Team #977 is attached. Please contact me if needed.,Ham
Report #978 is ready. Please contact me if needed.,Ham
Schedule #979 is confirmed. Please contact me if needed.,Ham
Report #980 please review. Please contact me if needed.,Ham
Appointment #981 is confirmed. Please contact me if needed.,Ham
Family #982 is ready. Please contact me if needed.,Ham
Report #983 starts tomorrow. Please contact me if needed.,Ham
Project #984 has been updated. Please contact me if needed.,Ham
Schedule #985 please review. Please contact me if needed.,Ham
Reminder #986 is confirmed. Please contact me if needed.,Ham
Project #987 has been updated. Please contact me if needed.,Ham
Appointment #988 needs approval. Please contact me if needed.,Ham
Reminder #989 was delivered. Please contact me if needed.,Ham
Invoice #990 was delivered. Please contact me if needed.,Ham
Project #991 is ready. Please contact me if needed.,Ham
Family #992 is confirmed. Please contact me if needed.,Ham
Family #993 was delivered. Please contact me if needed.,Ham
Appointment #994 was delivered. Please contact me if needed.,Ham
Invoice #995 please review. Please contact me if needed.,Ham
Appointment #996 needs approval. Please contact me if needed.,Ham
Meeting #997 is ready. Please contact me if needed.,Ham
Invoice #998 has been updated. Please contact me if needed.,Ham
Family #999 please review. Please contact me if needed.,Ham
Order #1000 please review. Please contact me if needed.,Ham
Invoice #1001 was delivered. Please contact me if needed.,Ham
Family #1002 needs approval. Please contact me if needed.,Ham
Order #1003 is attached. Please contact me if needed.,Ham
Order #1004 was delivered. Please contact me if needed.,Ham
Reminder #1005 please review. Please contact me if needed.,Ham
Team #1006 please review. Please contact me if needed.,Ham
Team #1007 starts tomorrow. Please contact me if needed.,Ham
Schedule #1008 was delivered. Please contact me if needed.,Ham
Report #1009 starts tomorrow. Please contact me if needed.,Ham
Order #1010 starts tomorrow. Please contact me if needed.,Ham
Report #1011 please review. Please contact me if needed.,Ham
Team #1012 please review. Please contact me if needed.,Ham
Schedule #1013 please review. Please contact me if needed.,Ham
Appointment #1014 starts tomorrow. Please contact me if needed.,Ham
Project #1015 is attached. Please contact me if needed.,Ham
Meeting #1016 is confirmed. Please contact me if needed.,Ham
Family #1017 needs approval. Please contact me if needed.,Ham
Reminder #1018 has been updated. Please contact me if needed.,Ham
Order #1019 is attached. Please contact me if needed.,Ham
Report #1020 starts tomorrow. Please contact me if needed.,Ham
Order #1021 needs approval. Please contact me if needed.,Ham
Appointment #1022 is attached. Please contact me if needed.,Ham
Invoice #1023 was delivered. Please contact me if needed.,Ham
Appointment #1024 please review. Please contact me if needed.,Ham
Project #1025 is attached. Please contact me if needed.,Ham
Reminder #1026 please review. Please contact me if needed.,Ham
Schedule #1027 was delivered. Please contact me if needed.,Ham
Team #1028 has been updated. Please contact me if needed.,Ham
Order #1029 is confirmed. Please contact me if needed.,Ham
Schedule #1030 has been updated. Please contact me if needed.,Ham
Appointment #1031 needs approval. Please contact me if needed.,Ham
Invoice #1032 is attached. Please contact me if needed.,Ham
Family #1033 has been updated. Please contact me if needed.,Ham
Appointment #1034 has been updated. Please contact me if needed.,Ham
Family #1035 starts tomorrow. Please contact me if needed.,Ham
Meeting #1036 starts tomorrow. Please contact me if needed.,Ham
Invoice #1037 was delivered. Please contact me if needed.,Ham
Schedule #1038 is attached. Please contact me if needed.,Ham
Schedule #1039 is attached. Please contact me if needed.,Ham
Team #1040 is attached. Please contact me if needed.,Ham
Schedule #1041 was delivered. Please contact me if needed.,Ham
Appointment #1042 was delivered. Please contact me if needed.,Ham
Family #1043 needs approval. Please contact me if needed.,Ham
Team #1044 needs approval. Please contact me if needed.,Ham
Invoice #1045 is ready. Please contact me if needed.,Ham
Invoice #1046 is ready. Please contact me if needed.,Ham
Meeting #1047 has been updated. Please contact me if needed.,Ham
Family #1048 is confirmed. Please contact me if needed.,Ham
Team #1049 starts tomorrow. Please contact me if needed.,Ham
Order #1050 is confirmed. Please contact me if needed.,Ham
Team #1051 is attached. Please contact me if needed.,Ham
Family #1052 has been updated. Please contact me if needed.,Ham
Report #1053 was delivered. Please contact me if needed.,Ham
Project #1054 is confirmed. Please contact me if needed.,Ham
Schedule #1055 please review. Please contact me if needed.,Ham
Project #1056 is attached. Please contact me if needed.,Ham
Team #1057 is attached. Please contact me if needed.,Ham
Order #1058 please review. Please contact me if needed.,Ham
Family #1059 needs approval. Please contact me if needed.,Ham
Schedule #1060 is ready. Please contact me if needed.,Ham
Project #1061 is attached. Please contact me if needed.,Ham
Invoice #1062 has been updated. Please contact me if needed.,Ham
Project #1063 is ready. Please contact me if needed.,Ham
Report #1064 was delivered. Please contact me if needed.,Ham
Schedule #1065 please review. Please contact me if needed.,Ham
Family #1066 starts tomorrow. Please contact me if needed.,Ham
Reminder #1067 starts tomorrow. Please contact me if needed.,Ham
Appointment #1068 needs approval. Please contact me if needed.,Ham
Order #1069 starts tomorrow. Please contact me if needed.,Ham
Meeting #1070 please review. Please contact me if needed.,Ham
Family #1071 starts tomorrow. Please contact me if needed.,Ham
Schedule #1072 was delivered. Please contact me if needed.,Ham
Order #1073 is ready. Please contact me if needed.,Ham
Team #1074 needs approval. Please contact me if needed.,Ham
Project #1075 was delivered. Please contact me if needed.,Ham
Team #1076 is ready. Please contact me if needed.,Ham
Appointment #1077 is ready. Please contact me if needed.,Ham
Team #1078 is ready. Please contact me if needed.,Ham
Schedule #1079 was delivered. Please contact me if needed.,Ham
Reminder #1080 was delivered. Please contact me if needed.,Ham
Meeting #1081 please review. Please contact me if needed.,Ham
Reminder #1082 starts tomorrow. Please contact me if needed.,Ham
Project #1083 is ready. Please contact me if needed.,Ham
Family #1084 needs approval. Please contact me if needed.,Ham
Order #1085 is attached. Please contact me if needed.,Ham
Appointment #1086 is ready. Please contact me if needed.,Ham
Schedule #1087 starts tomorrow. Please contact me if needed.,Ham
Order #1088 is ready. Please contact me if needed.,Ham
Report #1089 starts tomorrow. Please contact me if needed.,Ham
Meeting #1090 was delivered. Please contact me if needed.,Ham
Meeting #1091 is confirmed. Please contact me if needed.,Ham
Invoice #1092 needs approval. Please contact me if needed.,Ham
Team #1093 has been updated. Please contact me if needed.,Ham
Family #1094 is confirmed. Please contact me if needed.,Ham
Schedule #1095 please review. Please contact me if needed.,Ham
Appointment #1096 was delivered. Please contact me if needed.,Ham
Invoice #1097 is confirmed. Please contact me if needed.,Ham
Project #1098 has been updated. Please contact me if needed.,Ham
Invoice #1099 is ready. Please contact me if needed.,Ham
Invoice #1100 was delivered. Please contact me if needed.,Ham
Appointment #1101 needs approval. Please contact me if needed.,Ham
Invoice #1102 please review. Please contact me if needed.,Ham
Reminder #1103 is attached. Please contact me if needed.,Ham
Order #1104 needs approval. Please contact me if needed.,Ham
Report #1105 has been updated. Please contact me if needed.,Ham
Family #1106 needs approval. Please contact me if needed.,Ham
Schedule #1107 is ready. Please contact me if needed.,Ham
Order #1108 starts tomorrow. Please contact me if needed.,Ham
Report #1109 needs approval. Please contact me if needed.,Ham
Project #1110 needs approval. Please contact me if needed.,Ham
Order #1111 is attached. Please contact me if needed.,Ham
Appointment #1112 is confirmed. Please contact me if needed.,Ham
Report #1113 is ready. Please contact me if needed.,Ham
Report #1114 has been updated. Please contact me if needed.,Ham
Project #1115 was delivered. Please contact me if needed.,Ham
Order #1116 starts tomorrow. Please contact me if needed.,Ham
Team #1117 has been updated. Please contact me if needed.,Ham
Reminder #1118 has been updated. Please contact me if needed.,Ham
Team #1119 has been updated. Please contact me if needed.,Ham
Appointment #1120 please review. Please contact me if needed.,Ham
Appointment #1121 needs approval. Please contact me if needed.,Ham
Invoice #1122 is confirmed. Please contact me if needed.,Ham
Invoice #1123 is ready. Please contact me if needed.,Ham
Team #1124 is ready. Please contact me if needed.,Ham
Schedule #1125 starts tomorrow. Please contact me if needed.,Ham
Family #1126 is confirmed. Please contact me if needed.,Ham
Invoice #1127 starts tomorrow. Please contact me if needed.,Ham
Order #1128 starts tomorrow. Please contact me if needed.,Ham
Appointment #1129 has been updated. Please contact me if needed.,Ham
Invoice #1130 starts tomorrow. Please contact me if needed.,Ham
Schedule #1131 please review. Please contact me if needed.,Ham
Order #1132 starts tomorrow. Please contact me if needed.,Ham
Family #1133 is confirmed. Please contact me if needed.,Ham
Report #1134 is attached. Please contact me if needed.,Ham
Project #1135 has been updated. Please contact me if needed.,Ham
Meeting #1136 please review. Please contact me if needed.,Ham
Meeting #1137 is attached. Please contact me if needed.,Ham
Appointment #1138 please review. Please contact me if needed.,Ham
Appointment #1139 is ready. Please contact me if needed.,Ham
Report #1140 is attached. Please contact me if needed.,Ham
Team #1141 is ready. Please contact me if needed.,Ham
Schedule #1142 is attached. Please contact me if needed.,Ham
Team #1143 please review. Please contact me if needed.,Ham
Invoice #1144 needs approval. Please contact me if needed.,Ham
Meeting #1145 is ready. Please contact me if needed.,Ham
Invoice #1146 is ready. Please contact me if needed.,Ham
Appointment #1147 is confirmed. Please contact me if needed.,Ham
Meeting #1148 starts tomorrow. Please contact me if needed.,Ham
Report #1149 is ready. Please contact me if needed.,Ham
Appointment #1150 starts tomorrow. Please contact me if needed.,Ham
Report #1151 starts tomorrow. Please contact me if needed.,Ham
Team #1152 needs approval. Please contact me if needed.,Ham
Schedule #1153 was delivered. Please contact me if needed.,Ham
Order #1154 is confirmed. Please contact me if needed.,Ham
Reminder #1155 needs approval. Please contact me if needed.,Ham
Schedule #1156 is ready. Please contact me if needed.,Ham
Appointment #1157 is ready. Please contact me if needed.,Ham
Project #1158 is confirmed. Please contact me if needed.,Ham
Report #1159 is confirmed. Please contact me if needed.,Ham
Order #1160 starts tomorrow. Please contact me if needed.,Ham
Project #1161 is ready. Please contact me if needed.,Ham
Team #1162 is attached. Please contact me if needed.,Ham
Meeting #1163 is confirmed. Please contact me if needed.,Ham
Meeting #1164 needs approval. Please contact me if needed.,Ham
Team #1165 starts tomorrow. Please contact me if needed.,Ham
Meeting #1166 was delivered. Please contact me if needed.,Ham
Family #1167 please review. Please contact me if needed.,Ham
Schedule #1168 is confirmed. Please contact me if needed.,Ham
Reminder #1169 please review. Please contact me if needed.,Ham
Order #1170 is attached. Please contact me if needed.,Ham
Team #1171 needs approval. Please contact me if needed.,Ham
Schedule #1172 please review. Please contact me if needed.,Ham
Schedule #1173 is ready. Please contact me if needed.,Ham
Schedule #1174 please review. Please contact me if needed.,Ham
Appointment #1175 is confirmed. Please contact me if needed.,Ham
Project #1176 starts tomorrow. Please contact me if needed.,Ham
Order #1177 please review. Please contact me if needed.,Ham
Project #1178 is attached. Please contact me if needed.,Ham
Appointment #1179 starts tomorrow. Please contact me if needed.,Ham
Order #1180 is attached. Please contact me if needed.,Ham
Team #1181 has been updated. Please contact me if needed.,Ham
Report #1182 please review. Please contact me if needed.,Ham
Schedule #1183 has been updated. Please contact me if needed.,Ham
Appointment #1184 please review. Please contact me if needed.,Ham
Order #1185 has been updated. Please contact me if needed.,Ham
Schedule #1186 is ready. Please contact me if needed.,Ham
Family #1187 starts tomorrow. Please contact me if needed.,Ham
Project #1188 is ready. Please contact me if needed.,Ham
Team #1189 is attached. Please contact me if needed.,Ham
Team #1190 starts tomorrow. Please contact me if needed.,Ham
Family #1191 is attached. Please contact me if needed.,Ham
Reminder #1192 is attached. Please contact me if needed.,Ham
Team #1193 starts tomorrow. Please contact me if needed.,Ham
Team #1194 is confirmed. Please contact me if needed.,Ham
Family #1195 needs approval. Please contact me if needed.,Ham
Meeting #1196 has been updated. Please contact me if needed.,Ham
Order #1197 has been updated. Please contact me if needed.,Ham
Reminder #1198 is confirmed. Please contact me if needed.,Ham
Order #1199 is attached. Please contact me if needed.,Ham
Appointment #1200 needs approval. Please contact me if needed.,Ham
Report #1201 is confirmed. Please contact me if needed.,Ham
Schedule #1202 is attached. Please contact me if needed.,Ham
Order #1203 needs approval. Please contact me if needed.,Ham
Project #1204 was delivered. Please contact me if needed.,Ham
Order #1205 is confirmed. Please contact me if needed.,Ham
Reminder #1206 is confirmed. Please contact me if needed.,Ham
Project #1207 is confirmed. Please contact me if needed.,Ham
Invoice #1208 starts tomorrow. Please contact me if needed.,Ham
Report #1209 please review. Please contact me if needed.,Ham
Report #1210 is confirmed. Please contact me if needed.,Ham
Appointment #1211 please review. Please contact me if needed.,Ham
Project #1212 starts tomorrow. Please contact me if needed.,Ham
Order #1213 is attached. Please contact me if needed.,Ham
Reminder #1214 is confirmed. Please contact me if needed.,Ham
Appointment #1215 starts tomorrow. Please contact me if needed.,Ham
Report #1216 please review. Please contact me if needed.,Ham
Meeting #1217 is confirmed. Please contact me if needed.,Ham
Meeting #1218 is attached. Please contact me if needed.,Ham
Team #1219 is attached. Please contact me if needed.,Ham
Invoice #1220 was delivered. Please contact me if needed.,Ham
Schedule #1221 was delivered. Please contact me if needed.,Ham
Schedule #1222 please review. Please contact me if needed.,Ham
Order #1223 is attached. Please contact me if needed.,Ham
Order #1224 was delivered. Please contact me if needed.,Ham
Family #1225 was delivered. Please contact me if needed.,Ham
Report #1226 is confirmed. Please contact me if needed.,Ham
Schedule #1227 please review. Please contact me if needed.,Ham
Team #1228 was delivered. Please contact me if needed.,Ham
Order #1229 needs approval. Please contact me if needed.,Ham
Appointment #1230 is attached. Please contact me if needed.,Ham
Report #1231 starts tomorrow. Please contact me if needed.,Ham
Meeting #1232 starts tomorrow. Please contact me if needed.,Ham
Invoice #1233 is confirmed. Please contact me if needed.,Ham
Meeting #1234 was delivered. Please contact me if needed.,Ham
Team #1235 has been updated. Please contact me if needed.,Ham
Report #1236 was delivered. Please contact me if needed.,Ham
Appointment #1237 please review. Please contact me if needed.,Ham
Project #1238 is attached. Please contact me if needed.,Ham
Report #1239 has been updated. Please contact me if needed.,Ham
Appointment #1240 has been updated. Please contact me if needed.,Ham
Project #1241 is attached. Please contact me if needed.,Ham
Meeting #1242 is confirmed. Please contact me if needed.,Ham
Meeting #1243 has been updated. Please contact me if needed.,Ham
Meeting #1244 needs approval. Please contact me if needed.,Ham
Schedule #1245 was delivered. Please contact me if needed.,Ham
Schedule #1246 is attached. Please contact me if needed.,Ham
Team #1247 was delivered. Please contact me if needed.,Ham
Team #1248 is confirmed. Please contact me if needed.,Ham
Family #1249 has been updated. Please contact me if needed.,Ham
Team #1250 starts tomorrow. Please contact me if needed.,Ham
Appointment #1251 is ready. Please contact me if needed.,Ham
Reminder #1252 is confirmed. Please contact me if needed.,Ham
Schedule #1253 starts tomorrow. Please contact me if needed.,Ham
Reminder #1254 was delivered. Please contact me if needed.,Ham
Report #1255 is confirmed. Please contact me if needed.,Ham
Report #1256 is confirmed. Please contact me if needed.,Ham
Appointment #1257 needs approval. Please contact me if needed.,Ham
Project #1258 is attached. Please contact me if needed.,Ham
Meeting #1259 is confirmed. Please contact me if needed.,Ham
Report #1260 has been updated. Please contact me if needed.,Ham
Report #1261 was delivered. Please contact me if needed.,Ham
Project #1262 is attached. Please contact me if needed.,Ham
Invoice #1263 needs approval. Please contact me if needed.,Ham
Invoice #1264 is confirmed. Please contact me if needed.,Ham
Invoice #1265 is attached. Please contact me if needed.,Ham
Reminder #1266 please review. Please contact me if needed.,Ham
Reminder #1267 is attached. Please contact me if needed.,Ham
Team #1268 was delivered. Please contact me if needed.,Ham
Project #1269 please review. Please contact me if needed.,Ham
Invoice #1270 has been updated. Please contact me if needed.,Ham
Schedule #1271 was delivered. Please contact me if needed.,Ham
Project #1272 is confirmed. Please contact me if needed.,Ham
Reminder #1273 please review. Please contact me if needed.,Ham
Meeting #1274 is confirmed. Please contact me if needed.,Ham
Appointment #1275 is attached. Please contact me if needed.,Ham
Family #1276 needs approval. Please contact me if needed.,Ham
Schedule #1277 has been updated. Please contact me if needed.,Ham
Schedule #1278 is confirmed. Please contact me if needed.,Ham
Report #1279 has been updated. Please contact me if needed.,Ham
Report #1280 is ready. Please contact me if needed.,Ham
Invoice #1281 please review. Please contact me if needed.,Ham
Order #1282 is attached. Please contact me if needed.,Ham
Order #1283 starts tomorrow. Please contact me if needed.,Ham
Family #1284 needs approval. Please contact me if needed.,Ham
Order #1285 was delivered. Please contact me if needed.,Ham
Project #1286 was delivered. Please contact me if needed.,Ham
Schedule #1287 is attached. Please contact me if needed.,Ham
Family #1288 please review. Please contact me if needed.,Ham
Family #1289 needs approval. Please contact me if needed.,Ham
Project #1290 was delivered. Please contact me if needed.,Ham
Appointment #1291 is confirmed. Please contact me if needed.,Ham
Team #1292 was delivered. Please contact me if needed.,Ham
Appointment #1293 starts tomorrow. Please contact me if needed.,Ham
Report #1294 starts tomorrow. Please contact me if needed.,Ham
Report #1295 needs approval. Please contact me if needed.,Ham
Appointment #1296 is ready. Please contact me if needed.,Ham
Project #1297 has been updated. Please contact me if needed.,Ham
Family #1298 is confirmed. Please contact me if needed.,Ham
Invoice #1299 is confirmed. Please contact me if needed.,Ham
Schedule #1300 is attached. Please contact me if needed.,Ham
Invoice #1301 starts tomorrow. Please contact me if needed.,Ham
Meeting #1302 is confirmed. Please contact me if needed.,Ham
Report #1303 has been updated. Please contact me if needed.,Ham
Order #1304 has been updated. Please contact me if needed.,Ham
Appointment #1305 starts tomorrow. Please contact me if needed.,Ham
Order #1306 has been updated. Please contact me if needed.,Ham
Order #1307 is attached. Please contact me if needed.,Ham
Reminder #1308 is attached. Please contact me if needed.,Ham
Meeting #1309 is ready. Please contact me if needed.,Ham
Invoice #1310 was delivered. Please contact me if needed.,Ham
Family #1311 was delivered. Please contact me if needed.,Ham
Reminder #1312 is attached. Please contact me if needed.,Ham
Reminder #1313 needs approval. Please contact me if needed.,Ham
Reminder #1314 is confirmed. Please contact me if needed.,Ham
Family #1315 is ready. Please contact me if needed.,Ham
Family #1316 has been updated. Please contact me if needed.,Ham
Team #1317 needs approval. Please contact me if needed.,Ham
Schedule #1318 has been updated. Please contact me if needed.,Ham
Report #1319 has been updated. Please contact me if needed.,Ham
Reminder #1320 was delivered. Please contact me if needed.,Ham
Order #1321 is confirmed. Please contact me if needed.,Ham
Appointment #1322 needs approval. Please contact me if needed.,Ham
Meeting #1323 starts tomorrow. Please contact me if needed.,Ham
Reminder #1324 is ready. Please contact me if needed.,Ham
Meeting #1325 needs approval. Please contact me if needed.,Ham
Report #1326 needs approval. Please contact me if needed.,Ham
Report #1327 has been updated. Please contact me if needed.,Ham
Schedule #1328 please review. Please contact me if needed.,Ham
Order #1329 is ready. Please contact me if needed.,Ham
Reminder #1330 needs approval. Please contact me if needed.,Ham
Team #1331 is attached. Please contact me if needed.,Ham
Family #1332 needs approval. Please contact me if needed.,Ham
Report #1333 has been updated. Please contact me if needed.,Ham
Reminder #1334 is confirmed. Please contact me if needed.,Ham
Order #1335 has been updated. Please contact me if needed.,Ham
Team #1336 has been updated. Please contact me if needed.,Ham
Reminder #1337 is attached. Please contact me if needed.,Ham
Appointment #1338 is attached. Please contact me if needed.,Ham
Appointment #1339 needs approval. Please contact me if needed.,Ham
Team #1340 is ready. Please contact me if needed.,Ham
Appointment #1341 needs approval. Please contact me if needed.,Ham
Schedule #1342 has been updated. Please contact me if needed.,Ham
Order #1343 starts tomorrow. Please contact me if needed.,Ham
Report #1344 was delivered. Please contact me if needed.,Ham
Team #1345 has been updated. Please contact me if needed.,Ham
Invoice #1346 please review. Please contact me if needed.,Ham
Team #1347 please review. Please contact me if needed.,Ham
Order #1348 please review. Please contact me if needed.,Ham
Order #1349 starts tomorrow. Please contact me if needed.,Ham
Appointment #1350 please review. Please contact me if needed.,Ham
Family #1351 starts tomorrow. Please contact me if needed.,Ham
Invoice #1352 starts tomorrow. Please contact me if needed.,Ham
Meeting #1353 starts tomorrow. Please contact me if needed.,Ham
Invoice #1354 was delivered. Please contact me if needed.,Ham
Family #1355 is attached. Please contact me if needed.,Ham
Schedule #1356 starts tomorrow. Please contact me if needed.,Ham
Appointment #1357 needs approval. Please contact me if needed.,Ham
Reminder #1358 was delivered. Please contact me if needed.,Ham
Appointment #1359 was delivered. Please contact me if needed.,Ham
Order #1360 was delivered. Please contact me if needed.,Ham
Meeting #1361 please review. Please contact me if needed.,Ham
Invoice #1362 has been updated. Please contact me if needed.,Ham
Invoice #1363 needs approval. Please contact me if needed.,Ham
Order #1364 was delivered. Please contact me if needed.,Ham
Project #1365 needs approval. Please contact me if needed.,Ham
Invoice #1366 has been updated. Please contact me if needed.,Ham
Invoice #1367 starts tomorrow. Please contact me if needed.,Ham
Invoice #1368 is attached. Please contact me if needed.,Ham
Report #1369 starts tomorrow. Please contact me if needed.,Ham
Schedule #1370 is attached. Please contact me if needed.,Ham
Project #1371 starts tomorrow. Please contact me if needed.,Ham
Team #1372 please review. Please contact me if needed.,Ham
Family #1373 starts tomorrow. Please contact me if needed.,Ham
Reminder #1374 is attached. Please contact me if needed.,Ham
Appointment #1375 was delivered. Please contact me if needed.,Ham
Schedule #1376 is confirmed. Please contact me if needed.,Ham
Appointment #1377 has been updated. Please contact me if needed.,Ham
Reminder #1378 is confirmed. Please contact me if needed.,Ham
Reminder #1379 is confirmed. Please contact me if needed.,Ham
Project #1380 starts tomorrow. Please contact me if needed.,Ham
Team #1381 needs approval. Please contact me if needed.,Ham
Appointment #1382 is attached. Please contact me if needed.,Ham
Project #1383 is confirmed. Please contact me if needed.,Ham
Appointment #1384 starts tomorrow. Please contact me if needed.,Ham
Report #1385 please review. Please contact me if needed.,Ham
Team #1386 needs approval. Please contact me if needed.,Ham
Schedule #1387 is ready. Please contact me if needed.,Ham
Family #1388 starts tomorrow. Please contact me if needed.,Ham
Schedule #1389 starts tomorrow. Please contact me if needed.,Ham
Order #1390 starts tomorrow. Please contact me if needed.,Ham
Invoice #1391 is ready. Please contact me if needed.,Ham
Reminder #1392 is confirmed. Please contact me if needed.,Ham
Reminder #1393 was delivered. Please contact me if needed.,Ham
Schedule #1394 is attached. Please contact me if needed.,Ham
Reminder #1395 is confirmed. Please contact me if needed.,Ham
Order #1396 is attached. Please contact me if needed.,Ham
Meeting #1397 has been updated. Please contact me if needed.,Ham
Reminder #1398 starts tomorrow. Please contact me if needed.,Ham
Project #1399 please review. Please contact me if needed.,Ham
Appointment #1400 needs approval. Please contact me if needed.,Ham
Order #1401 is attached. Please contact me if needed.,Ham
Schedule #1402 has been updated. Please contact me if needed.,Ham
Meeting #1403 is attached. Please contact me if needed.,Ham
Project #1404 starts tomorrow. Please contact me if needed.,Ham
Reminder #1405 has been updated. Please contact me if needed.,Ham
Appointment #1406 needs approval. Please contact me if needed.,Ham
Meeting #1407 was delivered. Please contact me if needed.,Ham
Reminder #1408 starts tomorrow. Please contact me if needed.,Ham
Meeting #1409 was delivered. Please contact me if needed.,Ham
Family #1410 is ready. Please contact me if needed.,Ham
Report #1411 is attached. Please contact me if needed.,Ham
Order #1412 is confirmed. Please contact me if needed.,Ham
Project #1413 is confirmed. Please contact me if needed.,Ham
Meeting #1414 please review. Please contact me if needed.,Ham
Schedule #1415 starts tomorrow. Please contact me if needed.,Ham
Reminder #1416 please review. Please contact me if needed.,Ham
Order #1417 please review. Please contact me if needed.,Ham
Order #1418 is confirmed. Please contact me if needed.,Ham
Meeting #1419 needs approval. Please contact me if needed.,Ham
Invoice #1420 is attached. Please contact me if needed.,Ham
Project #1421 is attached. Please contact me if needed.,Ham
Reminder #1422 has been updated. Please contact me if needed.,Ham
Reminder #1423 starts tomorrow. Please contact me if needed.,Ham
Meeting #1424 please review. Please contact me if needed.,Ham
Family #1425 is confirmed. Please contact me if needed.,Ham
Schedule #1426 is ready. Please contact me if needed.,Ham
Report #1427 is confirmed. Please contact me if needed.,Ham
Meeting #1428 is attached. Please contact me if needed.,Ham
Invoice #1429 please review. Please contact me if needed.,Ham
Project #1430 has been updated. Please contact me if needed.,Ham
Order #1431 has been updated. Please contact me if needed.,Ham
Invoice #1432 please review. Please contact me if needed.,Ham
Invoice #1433 is ready. Please contact me if needed.,Ham
Project #1434 has been updated. Please contact me if needed.,Ham
Family #1435 was delivered. Please contact me if needed.,Ham
Order #1436 needs approval. Please contact me if needed.,Ham
Appointment #1437 please review. Please contact me if needed.,Ham
Team #1438 has been updated. Please contact me if needed.,Ham
Team #1439 is attached. Please contact me if needed.,Ham
Invoice #1440 please review. Please contact me if needed.,Ham
Team #1441 is ready. Please contact me if needed.,Ham
Order #1442 needs approval. Please contact me if needed.,Ham
Meeting #1443 was delivered. Please contact me if needed.,Ham
Order #1444 was delivered. Please contact me if needed.,Ham
Project #1445 is ready. Please contact me if needed.,Ham
Reminder #1446 is ready. Please contact me if needed.,Ham
Order #1447 is attached. Please contact me if needed.,Ham
Schedule #1448 is attached. Please contact me if needed.,Ham
Schedule #1449 is attached. Please contact me if needed.,Ham
Order #1450 is confirmed. Please contact me if needed.,Ham
Family #1451 needs approval. Please contact me if needed.,Ham
Reminder #1452 is attached. Please contact me if needed.,Ham
Schedule #1453 has been updated. Please contact me if needed.,Ham
Appointment #1454 needs approval. Please contact me if needed.,Ham
Report #1455 is ready. Please contact me if needed.,Ham
Team #1456 has been updated. Please contact me if needed.,Ham
Reminder #1457 needs approval. Please contact me if needed.,Ham
Meeting #1458 has been updated. Please contact me if needed.,Ham
Meeting #1459 was delivered. Please contact me if needed.,Ham
Team #1460 needs approval. Please contact me if needed.,Ham
Appointment #1461 has been updated. Please contact me if needed.,Ham
Meeting #1462 is ready. Please contact me if needed.,Ham
Reminder #1463 is ready. Please contact me if needed.,Ham
Report #1464 starts tomorrow. Please contact me if needed.,Ham
Meeting #1465 was delivered. Please contact me if needed.,Ham
Schedule #1466 needs approval. Please contact me if needed.,Ham
Report #1467 is confirmed. Please contact me if needed.,Ham
Order #1468 starts tomorrow. Please contact me if needed.,Ham
Meeting #1469 please review. Please contact me if needed.,Ham
Reminder #1470 starts tomorrow. Please contact me if needed.,Ham
Appointment #1471 is ready. Please contact me if needed.,Ham
Order #1472 is ready. Please contact me if needed.,Ham
Team #1473 is confirmed. Please contact me if needed.,Ham
Appointment #1474 needs approval. Please contact me if needed.,Ham
Family #1475 was delivered. Please contact me if needed.,Ham
Invoice #1476 needs approval. Please contact me if needed.,Ham
Family #1477 needs approval. Please contact me if needed.,Ham
Project #1478 is confirmed. Please contact me if needed.,Ham
Order #1479 please review. Please contact me if needed.,Ham
Team #1480 is ready. Please contact me if needed.,Ham
Meeting #1481 starts tomorrow. Please contact me if needed.,Ham
Reminder #1482 starts tomorrow. Please contact me if needed.,Ham
Team #1483 is attached. Please contact me if needed.,Ham
Family #1484 needs approval. Please contact me if needed.,Ham
Invoice #1485 starts tomorrow. Please contact me if needed.,Ham
Family #1486 is attached. Please contact me if needed.,Ham
Order #1487 needs approval. Please contact me if needed.,Ham
Meeting #1488 starts tomorrow. Please contact me if needed.,Ham
Invoice #1489 is confirmed. Please contact me if needed.,Ham
Order #1490 is ready. Please contact me if needed.,Ham
Reminder #1491 has been updated. Please contact me if needed.,Ham
Appointment #1492 please review. Please contact me if needed.,Ham
Reminder #1493 starts tomorrow. Please contact me if needed.,Ham
Report #1494 needs approval. Please contact me if needed.,Ham
Reminder #1495 has been updated. Please contact me if needed.,Ham
Schedule #1496 is attached. Please contact me if needed.,Ham
Schedule #1497 starts tomorrow. Please contact me if needed.,Ham
Project #1498 starts tomorrow. Please contact me if needed.,Ham
Meeting #1499 is ready. Please contact me if needed.,Ham
Order #1500 was delivered. Please contact me if needed.,Ham
Appointment #1501 is confirmed. Please contact me if needed.,Ham
Order #1502 is ready. Please contact me if needed.,Ham
Meeting #1503 has been updated. Please contact me if needed.,Ham
Family #1504 is confirmed. Please contact me if needed.,Ham
Invoice #1505 is ready. Please contact me if needed.,Ham
Family #1506 needs approval. Please contact me if needed.,Ham
Meeting #1507 needs approval. Please contact me if needed.,Ham
Schedule #1508 is attached. Please contact me if needed.,Ham
Team #1509 please review. Please contact me if needed.,Ham
Team #1510 has been updated. Please contact me if needed.,Ham
Project #1511 starts tomorrow. Please contact me if needed.,Ham
Project #1512 needs approval. Please contact me if needed.,Ham
Family #1513 is ready. Please contact me if needed.,Ham
Team #1514 is attached. Please contact me if needed.,Ham
Appointment #1515 was delivered. Please contact me if needed.,Ham
Order #1516 needs approval. Please contact me if needed.,Ham
Reminder #1517 has been updated. Please contact me if needed.,Ham
Order #1518 has been updated. Please contact me if needed.,Ham
Schedule #1519 was delivered. Please contact me if needed.,Ham
Order #1520 has been updated. Please contact me if needed.,Ham
Invoice #1521 starts tomorrow. Please contact me if needed.,Ham
Project #1522 needs approval. Please contact me if needed.,Ham
Invoice #1523 needs approval. Please contact me if needed.,Ham
Invoice #1524 please review. Please contact me if needed.,Ham
Meeting #1525 is confirmed. Please contact me if needed.,Ham
Team #1526 was delivered. Please contact me if needed.,Ham
Reminder #1527 is ready. Please contact me if needed.,Ham
Appointment #1528 has been updated. Please contact me if needed.,Ham
Family #1529 is confirmed. Please contact me if needed.,Ham
Reminder #1530 is confirmed. Please contact me if needed.,Ham
Schedule #1531 is confirmed. Please contact me if needed.,Ham
Team #1532 please review. Please contact me if needed.,Ham
Team #1533 has been updated. Please contact me if needed.,Ham
Schedule #1534 needs approval. Please contact me if needed.,Ham
Schedule #1535 starts tomorrow. Please contact me if needed.,Ham
Invoice #1536 please review. Please contact me if needed.,Ham
Report #1537 is ready. Please contact me if needed.,Ham
Appointment #1538 has been updated. Please contact me if needed.,Ham
Appointment #1539 was delivered. Please contact me if needed.,Ham
Invoice #1540 is ready. Please contact me if needed.,Ham
Project #1541 needs approval. Please contact me if needed.,Ham
Family #1542 is confirmed. Please contact me if needed.,Ham
Family #1543 was delivered. Please contact me if needed.,Ham
Schedule #1544 needs approval. Please contact me if needed.,Ham
Reminder #1545 has been updated. Please contact me if needed.,Ham
Project #1546 starts tomorrow. Please contact me if needed.,Ham
Appointment #1547 was delivered. Please contact me if needed.,Ham
Invoice #1548 was delivered. Please contact me if needed.,Ham
Team #1549 has been updated. Please contact me if needed.,Ham
Reminder #1550 is confirmed. Please contact me if needed.,Ham
Reminder #1551 is ready. Please contact me if needed.,Ham
Project #1552 was delivered. Please contact me if needed.,Ham
Schedule #1553 is ready. Please contact me if needed.,Ham
Order #1554 starts tomorrow. Please contact me if needed.,Ham
Invoice #1555 needs approval. Please contact me if needed.,Ham
Report #1556 was delivered. Please contact me if needed.,Ham
Reminder #1557 starts tomorrow. Please contact me if needed.,Ham
Team #1558 was delivered. Please contact me if needed.,Ham
Invoice #1559 needs approval. Please contact me if needed.,Ham
Project #1560 is confirmed. Please contact me if needed.,Ham
Team #1561 has been updated. Please contact me if needed.,Ham
Family #1562 is confirmed. Please contact me if needed.,Ham
Reminder #1563 is attached. Please contact me if needed.,Ham
Appointment #1564 is attached. Please contact me if needed.,Ham
Project #1565 has been updated. Please contact me if needed.,Ham
Report #1566 was delivered. Please contact me if needed.,Ham
Meeting #1567 has been updated. Please contact me if needed.,Ham
Family #1568 was delivered. Please contact me if needed.,Ham
Reminder #1569 please review. Please contact me if needed.,Ham
Project #1570 please review. Please contact me if needed.,Ham
Invoice #1571 is attached. Please contact me if needed.,Ham
Appointment #1572 starts tomorrow. Please contact me if needed.,Ham
Meeting #1573 starts tomorrow. Please contact me if needed.,Ham
Appointment #1574 was delivered. Please contact me if needed.,Ham
Reminder #1575 was delivered. Please contact me if needed.,Ham
Reminder #1576 please review. Please contact me if needed.,Ham
Project #1577 please review. Please contact me if needed.,Ham
Family #1578 is ready. Please contact me if needed.,Ham
Order #1579 needs approval. Please contact me if needed.,Ham
Invoice #1580 please review. Please contact me if needed.,Ham
Team #1581 has been updated. Please contact me if needed.,Ham
Report #1582 is confirmed. Please contact me if needed.,Ham
Order #1583 needs approval. Please contact me if needed.,Ham
Appointment #1584 is confirmed. Please contact me if needed.,Ham
Schedule #1585 is confirmed. Please contact me if needed.,Ham
Invoice #1586 is ready. Please contact me if needed.,Ham
Family #1587 is attached. Please contact me if needed.,Ham
Report #1588 was delivered. Please contact me if needed.,Ham
Order #1589 is attached. Please contact me if needed.,Ham
Report #1590 is confirmed. Please contact me if needed.,Ham
Invoice #1591 was delivered. Please contact me if needed.,Ham
Report #1592 is ready. Please contact me if needed.,Ham
Schedule #1593 starts tomorrow. Please contact me if needed.,Ham
Order #1594 needs approval. Please contact me if needed.,Ham
Order #1595 is confirmed. Please contact me if needed.,Ham
Team #1596 is attached. Please contact me if needed.,Ham
Report #1597 is confirmed. Please contact me if needed.,Ham
Invoice #1598 is confirmed. Please contact me if needed.,Ham
Appointment #1599 is confirmed. Please contact me if needed.,Ham
Report #1600 please review. Please contact me if needed.,Ham
Family #1601 was delivered. Please contact me if needed.,Ham
Project #1602 has been updated. Please contact me if needed.,Ham
Order #1603 has been updated. Please contact me if needed.,Ham
Project #1604 please review. Please contact me if needed.,Ham
Schedule #1605 was delivered. Please contact me if needed.,Ham
Report #1606 is ready. Please contact me if needed.,Ham
Invoice #1607 please review. Please contact me if needed.,Ham
Reminder #1608 needs approval. Please contact me if needed.,Ham
Team #1609 is confirmed. Please contact me if needed.,Ham
Family #1610 is confirmed. Please contact me if needed.,Ham
Invoice #1611 needs approval. Please contact me if needed.,Ham
Meeting #1612 needs approval. Please contact me if needed.,Ham
Team #1613 was delivered. Please contact me if needed.,Ham
Meeting #1614 starts tomorrow. Please contact me if needed.,Ham
Family #1615 is confirmed. Please contact me if needed.,Ham
Project #1616 please review. Please contact me if needed.,Ham
Meeting #1617 is attached. Please contact me if needed.,Ham
Invoice #1618 is confirmed. Please contact me if needed.,Ham
Schedule #1619 is confirmed. Please contact me if needed.,Ham
Reminder #1620 is confirmed. Please contact me if needed.,Ham
Family #1621 is attached. Please contact me if needed.,Ham
Family #1622 needs approval. Please contact me if needed.,Ham
Project #1623 was delivered. Please contact me if needed.,Ham
Team #1624 was delivered. Please contact me if needed.,Ham
Family #1625 is attached. Please contact me if needed.,Ham
Report #1626 is attached. Please contact me if needed.,Ham
Reminder #1627 please review. Please contact me if needed.,Ham
Reminder #1628 is attached. Please contact me if needed.,Ham
Report #1629 starts tomorrow. Please contact me if needed.,Ham
Team #1630 starts tomorrow. Please contact me if needed.,Ham
Project #1631 is confirmed. Please contact me if needed.,Ham
Project #1632 is ready. Please contact me if needed.,Ham
Order #1633 starts tomorrow. Please contact me if needed.,Ham
Invoice #1634 was delivered. Please contact me if needed.,Ham
Project #1635 please review. Please contact me if needed.,Ham
Family #1636 is attached. Please contact me if needed.,Ham
Reminder #1637 is attached. Please contact me if needed.,Ham
Order #1638 is attached. Please contact me if needed.,Ham
Appointment #1639 is attached. Please contact me if needed.,Ham
Order #1640 needs approval. Please contact me if needed.,Ham
Appointment #1641 is confirmed. Please contact me if needed.,Ham
Reminder #1642 is attached. Please contact me if needed.,Ham
Family #1643 needs approval. Please contact me if needed.,Ham
Project #1644 is attached. Please contact me if needed.,Ham
Reminder #1645 is confirmed. Please contact me if needed.,Ham
Report #1646 needs approval. Please contact me if needed.,Ham
Meeting #1647 has been updated. Please contact me if needed.,Ham
Meeting #1648 needs approval. Please contact me if needed.,Ham
Invoice #1649 needs approval. Please contact me if needed.,Ham
Meeting #1650 is attached. Please contact me if needed.,Ham
Report #1651 needs approval. Please contact me if needed.,Ham
Project #1652 has been updated. Please contact me if needed.,Ham
Schedule #1653 is attached. Please contact me if needed.,Ham
Invoice #1654 please review. Please contact me if needed.,Ham
Report #1655 has been updated. Please contact me if needed.,Ham
Team #1656 is confirmed. Please contact me if needed.,Ham
Family #1657 has been updated. Please contact me if needed.,Ham
Team #1658 please review. Please contact me if needed.,Ham
Report #1659 starts tomorrow. Please contact me if needed.,Ham
Team #1660 has been updated. Please contact me if needed.,Ham
Family #1661 please review. Please contact me if needed.,Ham
Schedule #1662 needs approval. Please contact me if needed.,Ham
Appointment #1663 needs approval. Please contact me if needed.,Ham
Schedule #1664 starts tomorrow. Please contact me if needed.,Ham
Project #1665 is attached. Please contact me if needed.,Ham
Team #1666 is ready. Please contact me if needed.,Ham
Team #1667 has been updated. Please contact me if needed.,Ham
Family #1668 please review. Please contact me if needed.,Ham
Project #1669 was delivered. Please contact me if needed.,Ham
Reminder #1670 was delivered. Please contact me if needed.,Ham
Reminder #1671 starts tomorrow. Please contact me if needed.,Ham
Family #1672 please review. Please contact me if needed.,Ham
Project #1673 please review. Please contact me if needed.,Ham
Report #1674 is ready. Please contact me if needed.,Ham
Meeting #1675 has been updated. Please contact me if needed.,Ham
Meeting #1676 please review. Please contact me if needed.,Ham
Report #1677 please review. Please contact me if needed.,Ham
Schedule #1678 starts tomorrow. Please contact me if needed.,Ham
Invoice #1679 is attached. Please contact me if needed.,Ham
Schedule #1680 has been updated. Please contact me if needed.,Ham
Family #1681 was delivered. Please contact me if needed.,Ham
Family #1682 starts tomorrow. Please contact me if needed.,Ham
Family #1683 needs approval. Please contact me if needed.,Ham
Schedule #1684 has been updated. Please contact me if needed.,Ham
Reminder #1685 needs approval. Please contact me if needed.,Ham
Project #1686 is ready. Please contact me if needed.,Ham
Invoice #1687 is confirmed. Please contact me if needed.,Ham
Team #1688 is attached. Please contact me if needed.,Ham
Order #1689 is confirmed. Please contact me if needed.,Ham
Order #1690 is confirmed. Please contact me if needed.,Ham
Team #1691 has been updated. Please contact me if needed.,Ham
Family #1692 please review. Please contact me if needed.,Ham
Reminder #1693 has been updated. Please contact me if needed.,Ham
Team #1694 starts tomorrow. Please contact me if needed.,Ham
Appointment #1695 needs approval. Please contact me if needed.,Ham
Appointment #1696 is confirmed. Please contact me if needed.,Ham
Appointment #1697 is confirmed. Please contact me if needed.,Ham
Reminder #1698 has been updated. Please contact me if needed.,Ham
Team #1699 is ready. Please contact me if needed.,Ham
Reminder #1700 needs approval. Please contact me if needed.,Ham
Order #1701 needs approval. Please contact me if needed.,Ham
Reminder #1702 is confirmed. Please contact me if needed.,Ham
Team #1703 has been updated. Please contact me if needed.,Ham
Order #1704 is confirmed. Please contact me if needed.,Ham
Order #1705 was delivered. Please contact me if needed.,Ham
Team #1706 needs approval. Please contact me if needed.,Ham
Order #1707 needs approval. Please contact me if needed.,Ham
Reminder #1708 is confirmed. Please contact me if needed.,Ham
Family #1709 was delivered. Please contact me if needed.,Ham
Reminder #1710 is confirmed. Please contact me if needed.,Ham
Family #1711 is confirmed. Please contact me if needed.,Ham
Appointment #1712 is attached. Please contact me if needed.,Ham
Appointment #1713 needs approval. Please contact me if needed.,Ham
Reminder #1714 is confirmed. Please contact me if needed.,Ham
Order #1715 is attached. Please contact me if needed.,Ham
Schedule #1716 is attached. Please contact me if needed.,Ham
Appointment #1717 please review. Please contact me if needed.,Ham
Schedule #1718 starts tomorrow. Please contact me if needed.,Ham
Reminder #1719 please review. Please contact me if needed.,Ham
Invoice #1720 has been updated. Please contact me if needed.,Ham
Appointment #1721 is ready. Please contact me if needed.,Ham
Team #1722 please review. Please contact me if needed.,Ham
Reminder #1723 is confirmed. Please contact me if needed.,Ham
Schedule #1724 needs approval. Please contact me if needed.,Ham
Report #1725 is confirmed. Please contact me if needed.,Ham
Appointment #1726 has been updated. Please contact me if needed.,Ham
Team #1727 starts tomorrow. Please contact me if needed.,Ham
Reminder #1728 is confirmed. Please contact me if needed.,Ham
Report #1729 starts tomorrow. Please contact me if needed.,Ham
Report #1730 was delivered. Please contact me if needed.,Ham
Order #1731 starts tomorrow. Please contact me if needed.,Ham
Meeting #1732 is ready. Please contact me if needed.,Ham
Project #1733 needs approval. Please contact me if needed.,Ham
Team #1734 is confirmed. Please contact me if needed.,Ham
Meeting #1735 needs approval. Please contact me if needed.,Ham
Project #1736 needs approval. Please contact me if needed.,Ham
Project #1737 needs approval. Please contact me if needed.,Ham
Report #1738 has been updated. Please contact me if needed.,Ham
Invoice #1739 is attached. Please contact me if needed.,Ham
Appointment #1740 has been updated. Please contact me if needed.,Ham
Report #1741 is attached. Please contact me if needed.,Ham
Meeting #1742 was delivered. Please contact me if needed.,Ham
Reminder #1743 was delivered. Please contact me if needed.,Ham
Report #1744 please review. Please contact me if needed.,Ham
Appointment #1745 starts tomorrow. Please contact me if needed.,Ham
Schedule #1746 was delivered. Please contact me if needed.,Ham
Report #1747 is ready. Please contact me if needed.,Ham
Schedule #1748 please review. Please contact me if needed.,Ham
Invoice #1749 needs approval. Please contact me if needed.,Ham
Order #1750 is attached. Please contact me if needed.,Ham
Appointment #1751 starts tomorrow. Please contact me if needed.,Ham
Schedule #1752 is ready. Please contact me if needed.,Ham
Order #1753 starts tomorrow. Please contact me if needed.,Ham
Team #1754 please review. Please contact me if needed.,Ham
Schedule #1755 is attached. Please contact me if needed.,Ham
Order #1756 please review. Please contact me if needed.,Ham
Report #1757 please review. Please contact me if needed.,Ham
Appointment #1758 starts tomorrow. Please contact me if needed.,Ham
Team #1759 is attached. Please contact me if needed.,Ham
Family #1760 is attached. Please contact me if needed.,Ham
Reminder #1761 starts tomorrow. Please contact me if needed.,Ham
Meeting #1762 is ready. Please contact me if needed.,Ham
Order #1763 starts tomorrow. Please contact me if needed.,Ham
Report #1764 please review. Please contact me if needed.,Ham
Invoice #1765 starts tomorrow. Please contact me if needed.,Ham
Report #1766 please review. Please contact me if needed.,Ham
Order #1767 needs approval. Please contact me if needed.,Ham
Order #1768 please review. Please contact me if needed.,Ham
Report #1769 has been updated. Please contact me if needed.,Ham
Appointment #1770 please review. Please contact me if needed.,Ham
Family #1771 starts tomorrow. Please contact me if needed.,Ham
Invoice #1772 has been updated. Please contact me if needed.,Ham
Order #1773 has been updated. Please contact me if needed.,Ham
Order #1774 was delivered. Please contact me if needed.,Ham
Reminder #1775 was delivered. Please contact me if needed.,Ham
Order #1776 was delivered. Please contact me if needed.,Ham
Schedule #1777 needs approval. Please contact me if needed.,Ham
Reminder #1778 starts tomorrow. Please contact me if needed.,Ham
Appointment #1779 starts tomorrow. Please contact me if needed.,Ham
Family #1780 was delivered. Please contact me if needed.,Ham
Appointment #1781 needs approval. Please contact me if needed.,Ham
Family #1782 please review. Please contact me if needed.,Ham
Report #1783 starts tomorrow. Please contact me if needed.,Ham
Order #1784 needs approval. Please contact me if needed.,Ham
Invoice #1785 needs approval. Please contact me if needed.,Ham
Reminder #1786 is confirmed. Please contact me if needed.,Ham
Appointment #1787 is ready. Please contact me if needed.,Ham
Order #1788 was delivered. Please contact me if needed.,Ham
Report #1789 is ready. Please contact me if needed.,Ham
Schedule #1790 has been updated. Please contact me if needed.,Ham
Family #1791 is confirmed. Please contact me if needed.,Ham
Team #1792 was delivered. Please contact me if needed.,Ham
Invoice #1793 please review. Please contact me if needed.,Ham
Meeting #1794 is confirmed. Please contact me if needed.,Ham
Family #1795 is confirmed. Please contact me if needed.,Ham
Report #1796 please review. Please contact me if needed.,Ham
Reminder #1797 is ready. Please contact me if needed.,Ham
Family #1798 was delivered. Please contact me if needed.,Ham
Project #1799 was delivered. Please contact me if needed.,Ham
Team #1800 starts tomorrow. Please contact me if needed.,Ham
Schedule #1801 has been updated. Please contact me if needed.,Ham
Invoice #1802 is ready. Please contact me if needed.,Ham
Appointment #1803 please review. Please contact me if needed.,Ham
Report #1804 has been updated. Please contact me if needed.,Ham
Schedule #1805 starts tomorrow. Please contact me if needed.,Ham
Meeting #1806 starts tomorrow. Please contact me if needed.,Ham
Invoice #1807 is attached. Please contact me if needed.,Ham
Project #1808 has been updated. Please contact me if needed.,Ham
Project #1809 needs approval. Please contact me if needed.,Ham
Invoice #1810 starts tomorrow. Please contact me if needed.,Ham
Meeting #1811 starts tomorrow. Please contact me if needed.,Ham
Invoice #1812 is ready. Please contact me if needed.,Ham
Family #1813 is ready. Please contact me if needed.,Ham
Meeting #1814 starts tomorrow. Please contact me if needed.,Ham
Reminder #1815 is attached. Please contact me if needed.,Ham
Family #1816 was delivered. Please contact me if needed.,Ham
Schedule #1817 was delivered. Please contact me if needed.,Ham
Project #1818 has been updated. Please contact me if needed.,Ham
Report #1819 is ready. Please contact me if needed.,Ham
Invoice #1820 is confirmed. Please contact me if needed.,Ham
Team #1821 has been updated. Please contact me if needed.,Ham
Family #1822 needs approval. Please contact me if needed.,Ham
Report #1823 was delivered. Please contact me if needed.,Ham
Invoice #1824 has been updated. Please contact me if needed.,Ham
Invoice #1825 is confirmed. Please contact me if needed.,Ham
Invoice #1826 needs approval. Please contact me if needed.,Ham
Family #1827 is confirmed. Please contact me if needed.,Ham
Order #1828 is ready. Please contact me if needed.,Ham
Team #1829 is confirmed. Please contact me if needed.,Ham
Meeting #1830 starts tomorrow. Please contact me if needed.,Ham
Family #1831 starts tomorrow. Please contact me if needed.,Ham
Team #1832 was delivered. Please contact me if needed.,Ham
Reminder #1833 please review. Please contact me if needed.,Ham
Schedule #1834 has been updated. Please contact me if needed.,Ham
Meeting #1835 has been updated. Please contact me if needed.,Ham
Family #1836 needs approval. Please contact me if needed.,Ham
Family #1837 needs approval. Please contact me if needed.,Ham
Reminder #1838 starts tomorrow. Please contact me if needed.,Ham
Meeting #1839 is attached. Please contact me if needed.,Ham
Team #1840 starts tomorrow. Please contact me if needed.,Ham
Report #1841 is confirmed. Please contact me if needed.,Ham
Invoice #1842 is ready. Please contact me if needed.,Ham
Report #1843 starts tomorrow. Please contact me if needed.,Ham
Report #1844 is confirmed. Please contact me if needed.,Ham
Family #1845 starts tomorrow. Please contact me if needed.,Ham
Meeting #1846 please review. Please contact me if needed.,Ham
Invoice #1847 has been updated. Please contact me if needed.,Ham
Meeting #1848 is attached. Please contact me if needed.,Ham
Team #1849 was delivered. Please contact me if needed.,Ham
Meeting #1850 needs approval. Please contact me if needed.,Ham
Project #1851 was delivered. Please contact me if needed.,Ham
Project #1852 starts tomorrow. Please contact me if needed.,Ham
Team #1853 was delivered. Please contact me if needed.,Ham
Team #1854 starts tomorrow. Please contact me if needed.,Ham
Team #1855 was delivered. Please contact me if needed.,Ham
Invoice #1856 is ready. Please contact me if needed.,Ham
Meeting #1857 needs approval. Please contact me if needed.,Ham
Order #1858 is confirmed. Please contact me if needed.,Ham
Family #1859 is attached. Please contact me if needed.,Ham
Appointment #1860 starts tomorrow. Please contact me if needed.,Ham
Order #1861 is attached. Please contact me if needed.,Ham
Order #1862 is attached. Please contact me if needed.,Ham
Schedule #1863 needs approval. Please contact me if needed.,Ham
Family #1864 is ready. Please contact me if needed.,Ham
Meeting #1865 is attached. Please contact me if needed.,Ham
Project #1866 is attached. Please contact me if needed.,Ham
Meeting #1867 has been updated. Please contact me if needed.,Ham
Invoice #1868 has been updated. Please contact me if needed.,Ham
Meeting #1869 starts tomorrow. Please contact me if needed.,Ham
Reminder #1870 needs approval. Please contact me if needed.,Ham
Order #1871 starts tomorrow. Please contact me if needed.,Ham
Invoice #1872 has been updated. Please contact me if needed.,Ham
Meeting #1873 needs approval. Please contact me if needed.,Ham
Project #1874 is ready. Please contact me if needed.,Ham
Team #1875 is ready. Please contact me if needed.,Ham
Appointment #1876 is ready. Please contact me if needed.,Ham
Team #1877 please review. Please contact me if needed.,Ham
Family #1878 is ready. Please contact me if needed.,Ham
Family #1879 needs approval. Please contact me if needed.,Ham
Meeting #1880 is confirmed. Please contact me if needed.,Ham
Reminder #1881 is ready. Please contact me if needed.,Ham
Family #1882 needs approval. Please contact me if needed.,Ham
Report #1883 is confirmed. Please contact me if needed.,Ham
Reminder #1884 is confirmed. Please contact me if needed.,Ham
Appointment #1885 please review. Please contact me if needed.,Ham
Schedule #1886 is attached. Please contact me if needed.,Ham
Team #1887 is attached. Please contact me if needed.,Ham
Invoice #1888 is ready. Please contact me if needed.,Ham
Report #1889 is attached. Please contact me if needed.,Ham
Reminder #1890 has been updated. Please contact me if needed.,Ham
Project #1891 is attached. Please contact me if needed.,Ham
Schedule #1892 is ready. Please contact me if needed.,Ham
Family #1893 was delivered. Please contact me if needed.,Ham
Team #1894 has been updated. Please contact me if needed.,Ham
Family #1895 has been updated. Please contact me if needed.,Ham
Project #1896 is confirmed. Please contact me if needed.,Ham
Report #1897 starts tomorrow. Please contact me if needed.,Ham
Reminder #1898 was delivered. Please contact me if needed.,Ham
Reminder #1899 starts tomorrow. Please contact me if needed.,Ham
Team #1900 was delivered. Please contact me if needed.,Ham
Team #1901 starts tomorrow. Please contact me if needed.,Ham
Schedule #1902 was delivered. Please contact me if needed.,Ham
Schedule #1903 was delivered. Please contact me if needed.,Ham
Report #1904 needs approval. Please contact me if needed.,Ham
Report #1905 starts tomorrow. Please contact me if needed.,Ham
Team #1906 is confirmed. Please contact me if needed.,Ham
Invoice #1907 please review. Please contact me if needed.,Ham
Meeting #1908 has been updated. Please contact me if needed.,Ham
Appointment #1909 starts tomorrow. Please contact me if needed.,Ham
Meeting #1910 is ready. Please contact me if needed.,Ham
Project #1911 has been updated. Please contact me if needed.,Ham
Project #1912 is ready. Please contact me if needed.,Ham
Reminder #1913 needs approval. Please contact me if needed.,Ham
Invoice #1914 is ready. Please contact me if needed.,Ham
Invoice #1915 has been updated. Please contact me if needed.,Ham
Schedule #1916 please review. Please contact me if needed.,Ham
Invoice #1917 is attached. Please contact me if needed.,Ham
Report #1918 please review. Please contact me if needed.,Ham
Order #1919 is confirmed. Please contact me if needed.,Ham
Family #1920 needs approval. Please contact me if needed.,Ham
Invoice #1921 was delivered. Please contact me if needed.,Ham
Reminder #1922 has been updated. Please contact me if needed.,Ham
Appointment #1923 starts tomorrow. Please contact me if needed.,Ham
Family #1924 needs approval. Please contact me if needed.,Ham
Team #1925 needs approval. Please contact me if needed.,Ham
Reminder #1926 was delivered. Please contact me if needed.,Ham
Schedule #1927 is attached. Please contact me if needed.,Ham
Reminder #1928 please review. Please contact me if needed.,Ham
Order #1929 is ready. Please contact me if needed.,Ham
Reminder #1930 needs approval. Please contact me if needed.,Ham
Appointment #1931 needs approval. Please contact me if needed.,Ham
Schedule #1932 is attached. Please contact me if needed.,Ham
Project #1933 starts tomorrow. Please contact me if needed.,Ham
Invoice #1934 has been updated. Please contact me if needed.,Ham
Family #1935 is confirmed. Please contact me if needed.,Ham
Family #1936 is confirmed. Please contact me if needed.,Ham
Report #1937 is confirmed. Please contact me if needed.,Ham
Order #1938 please review. Please contact me if needed.,Ham
Project #1939 starts tomorrow. Please contact me if needed.,Ham
Reminder #1940 starts tomorrow. Please contact me if needed.,Ham
Team #1941 has been updated. Please contact me if needed.,Ham
Reminder #1942 please review. Please contact me if needed.,Ham
Order #1943 is ready. Please contact me if needed.,Ham
Schedule #1944 starts tomorrow. Please contact me if needed.,Ham
Order #1945 needs approval. Please contact me if needed.,Ham
Meeting #1946 is attached. Please contact me if needed.,Ham
Schedule #1947 please review. Please contact me if needed.,Ham
Order #1948 starts tomorrow. Please contact me if needed.,Ham
Order #1949 has been updated. Please contact me if needed.,Ham
Report #1950 was delivered. Please contact me if needed.,Ham
Team #1951 is attached. Please contact me if needed.,Ham
Report #1952 please review. Please contact me if needed.,Ham
Invoice #1953 needs approval. Please contact me if needed.,Ham
Team #1954 please review. Please contact me if needed.,Ham
Report #1955 please review. Please contact me if needed.,Ham
Appointment #1956 is confirmed. Please contact me if needed.,Ham
Meeting #1957 is ready. Please contact me if needed.,Ham
Project #1958 is ready. Please contact me if needed.,Ham
Family #1959 starts tomorrow. Please contact me if needed.,Ham
Invoice #1960 is confirmed. Please contact me if needed.,Ham
Invoice #1961 is confirmed. Please contact me if needed.,Ham
Schedule #1962 needs approval. Please contact me if needed.,Ham
Family #1963 starts tomorrow. Please contact me if needed.,Ham
Schedule #1964 was delivered. Please contact me if needed.,Ham
Meeting #1965 is confirmed. Please contact me if needed.,Ham
Appointment #1966 needs approval. Please contact me if needed.,Ham
Report #1967 please review. Please contact me if needed.,Ham
Reminder #1968 please review. Please contact me if needed.,Ham
Meeting #1969 starts tomorrow. Please contact me if needed.,Ham
Meeting #1970 has been updated. Please contact me if needed.,Ham
Project #1971 needs approval. Please contact me if needed.,Ham
Meeting #1972 is confirmed. Please contact me if needed.,Ham
Team #1973 is attached. Please contact me if needed.,Ham
Invoice #1974 was delivered. Please contact me if needed.,Ham
Team #1975 needs approval. Please contact me if needed.,Ham
Invoice #1976 needs approval. Please contact me if needed.,Ham
Meeting #1977 is attached. Please contact me if needed.,Ham
Project #1978 is confirmed. Please contact me if needed.,Ham
Meeting #1979 please review. Please contact me if needed.,Ham
Report #1980 was delivered. Please contact me if needed.,Ham
Invoice #1981 please review. Please contact me if needed.,Ham
Project #1982 is attached. Please contact me if needed.,Ham
Order #1983 is attached. Please contact me if needed.,Ham
Project #1984 starts tomorrow. Please contact me if needed.,Ham
Project #1985 please review. Please contact me if needed.,Ham
Schedule #1986 is attached. Please contact me if needed.,Ham
Family #1987 starts tomorrow. Please contact me if needed.,Ham
Schedule #1988 has been updated. Please contact me if needed.,Ham
Order #1989 is ready. Please contact me if needed.,Ham
Project #1990 has been updated. Please contact me if needed.,Ham
Invoice #1991 is confirmed. Please contact me if needed.,Ham
Schedule #1992 is ready. Please contact me if needed.,Ham
Schedule #1993 needs approval. Please contact me if needed.,Ham
Reminder #1994 is confirmed. Please contact me if needed.,Ham
Appointment #1995 please review. Please contact me if needed.,Ham
Order #1996 has been updated. Please contact me if needed.,Ham
Appointment #1997 needs approval. Please contact me if needed.,Ham
Schedule #1998 please review. Please contact me if needed.,Ham
Invoice #1999 is confirmed. Please contact me if needed.,Ham
Order #2000 is attached. Please contact me if needed.,Ham
Appointment #2001 starts tomorrow. Please contact me if needed.,Ham
Project #2002 please review. Please contact me if needed.,Ham
Reminder #2003 please review. Please contact me if needed.,Ham
Schedule #2004 is attached. Please contact me if needed.,Ham
Order #2005 was delivered. Please contact me if needed.,Ham
Order #2006 starts tomorrow. Please contact me if needed.,Ham
Family #2007 was delivered. Please contact me if needed.,Ham
Order #2008 starts tomorrow. Please contact me if needed.,Ham
Meeting #2009 is ready. Please contact me if needed.,Ham
Family #2010 starts tomorrow. Please contact me if needed.,Ham
Family #2011 has been updated. Please contact me if needed.,Ham
Order #2012 is confirmed. Please contact me if needed.,Ham
Reminder #2013 needs approval. Please contact me if needed.,Ham
Schedule #2014 has been updated. Please contact me if needed.,Ham
Report #2015 is attached. Please contact me if needed.,Ham
Report #2016 is attached. Please contact me if needed.,Ham
Appointment #2017 has been updated. Please contact me if needed.,Ham
Reminder #2018 is confirmed. Please contact me if needed.,Ham
Family #2019 please review. Please contact me if needed.,Ham
Schedule #2020 starts tomorrow. Please contact me if needed.,Ham
Meeting #2021 is confirmed. Please contact me if needed.,Ham
Order #2022 is attached. Please contact me if needed.,Ham
Project #2023 needs approval. Please contact me if needed.,Ham
Family #2024 has been updated. Please contact me if needed.,Ham
Appointment #2025 starts tomorrow. Please contact me if needed.,Ham
Reminder #2026 starts tomorrow. Please contact me if needed.,Ham
Invoice #2027 starts tomorrow. Please contact me if needed.,Ham
Report #2028 has been updated. Please contact me if needed.,Ham
Family #2029 please review. Please contact me if needed.,Ham
Team #2030 is attached. Please contact me if needed.,Ham
Report #2031 is confirmed. Please contact me if needed.,Ham
Meeting #2032 needs approval. Please contact me if needed.,Ham
Order #2033 was delivered. Please contact me if needed.,Ham
Appointment #2034 please review. Please contact me if needed.,Ham
Schedule #2035 was delivered. Please contact me if needed.,Ham
Order #2036 is ready. Please contact me if needed.,Ham
Appointment #2037 is confirmed. Please contact me if needed.,Ham
Reminder #2038 has been updated. Please contact me if needed.,Ham
Reminder #2039 needs approval. Please contact me if needed.,Ham
Meeting #2040 is confirmed. Please contact me if needed.,Ham
Order #2041 has been updated. Please contact me if needed.,Ham
Meeting #2042 was delivered. Please contact me if needed.,Ham
Reminder #2043 was delivered. Please contact me if needed.,Ham
Invoice #2044 starts tomorrow. Please contact me if needed.,Ham
Meeting #2045 needs approval. Please contact me if needed.,Ham
Reminder #2046 has been updated. Please contact me if needed.,Ham
Family #2047 is ready. Please contact me if needed.,Ham
Project #2048 was delivered. Please contact me if needed.,Ham
Meeting #2049 is attached. Please contact me if needed.,Ham
Reminder #2050 please review. Please contact me if needed.,Ham
Reminder #2051 was delivered. Please contact me if needed.,Ham
Team #2052 is attached. Please contact me if needed.,Ham
Project #2053 needs approval. Please contact me if needed.,Ham
Team #2054 was delivered. Please contact me if needed.,Ham
Invoice #2055 is ready. Please contact me if needed.,Ham
Report #2056 is attached. Please contact me if needed.,Ham
Team #2057 starts tomorrow. Please contact me if needed.,Ham
Meeting #2058 is confirmed. Please contact me if needed.,Ham
Team #2059 was delivered. Please contact me if needed.,Ham
Family #2060 has been updated. Please contact me if needed.,Ham
Order #2061 starts tomorrow. Please contact me if needed.,Ham
Team #2062 is confirmed. Please contact me if needed.,Ham
Appointment #2063 please review. Please contact me if needed.,Ham
Order #2064 is attached. Please contact me if needed.,Ham
Invoice #2065 please review. Please contact me if needed.,Ham
Family #2066 needs approval. Please contact me if needed.,Ham
Team #2067 please review. Please contact me if needed.,Ham
Family #2068 has been updated. Please contact me if needed.,Ham
Team #2069 starts tomorrow. Please contact me if needed.,Ham
Meeting #2070 has been updated. Please contact me if needed.,Ham
Invoice #2071 was delivered. Please contact me if needed.,Ham
Meeting #2072 has been updated. Please contact me if needed.,Ham
Appointment #2073 starts tomorrow. Please contact me if needed.,Ham
Family #2074 needs approval. Please contact me if needed.,Ham
Schedule #2075 is confirmed. Please contact me if needed.,Ham
Reminder #2076 please review. Please contact me if needed.,Ham
Project #2077 please review. Please contact me if needed.,Ham
Order #2078 is ready. Please contact me if needed.,Ham
Report #2079 is ready. Please contact me if needed.,Ham
Order #2080 needs approval. Please contact me if needed.,Ham
Appointment #2081 is attached. Please contact me if needed.,Ham
Project #2082 needs approval. Please contact me if needed.,Ham
Report #2083 needs approval. Please contact me if needed.,Ham
Family #2084 needs approval. Please contact me if needed.,Ham
Family #2085 starts tomorrow. Please contact me if needed.,Ham
Project #2086 was delivered. Please contact me if needed.,Ham
Invoice #2087 was delivered. Please contact me if needed.,Ham
Appointment #2088 needs approval. Please contact me if needed.,Ham
Invoice #2089 please review. Please contact me if needed.,Ham
Report #2090 is attached. Please contact me if needed.,Ham
Project #2091 starts tomorrow. Please contact me if needed.,Ham
Report #2092 is attached. Please contact me if needed.,Ham
Report #2093 needs approval. Please contact me if needed.,Ham
Reminder #2094 has been updated. Please contact me if needed.,Ham
Schedule #2095 please review. Please contact me if needed.,Ham
Family #2096 was delivered. Please contact me if needed.,Ham
Reminder #2097 is attached. Please contact me if needed.,Ham
Reminder #2098 has been updated. Please contact me if needed.,Ham
Report #2099 was delivered. Please contact me if needed.,Ham
Appointment #2100 is confirmed. Please contact me if needed.,Ham
Report #2101 is ready. Please contact me if needed.,Ham
Team #2102 was delivered. Please contact me if needed.,Ham
Appointment #2103 has been updated. Please contact me if needed.,Ham
Team #2104 has been updated. Please contact me if needed.,Ham
Schedule #2105 is attached. Please contact me if needed.,Ham
Report #2106 starts tomorrow. Please contact me if needed.,Ham
Reminder #2107 was delivered. Please contact me if needed.,Ham
Family #2108 has been updated. Please contact me if needed.,Ham
Order #2109 starts tomorrow. Please contact me if needed.,Ham
Schedule #2110 starts tomorrow. Please contact me if needed.,Ham
Meeting #2111 is ready. Please contact me if needed.,Ham
Report #2112 was delivered. Please contact me if needed.,Ham
Team #2113 is attached. Please contact me if needed.,Ham
Reminder #2114 please review. Please contact me if needed.,Ham
Order #2115 was delivered. Please contact me if needed.,Ham
Meeting #2116 is attached. Please contact me if needed.,Ham
Team #2117 was delivered. Please contact me if needed.,Ham
Schedule #2118 needs approval. Please contact me if needed.,Ham
Team #2119 needs approval. Please contact me if needed.,Ham
Schedule #2120 needs approval. Please contact me if needed.,Ham
Reminder #2121 please review. Please contact me if needed.,Ham
Appointment #2122 is attached. Please contact me if needed.,Ham
Team #2123 starts tomorrow. Please contact me if needed.,Ham
Appointment #2124 please review. Please contact me if needed.,Ham
Order #2125 is confirmed. Please contact me if needed.,Ham
Team #2126 is attached. Please contact me if needed.,Ham
Team #2127 please review. Please contact me if needed.,Ham
Team #2128 is ready. Please contact me if needed.,Ham
Schedule #2129 needs approval. Please contact me if needed.,Ham
Team #2130 was delivered. Please contact me if needed.,Ham
Report #2131 is confirmed. Please contact me if needed.,Ham
Schedule #2132 has been updated. Please contact me if needed.,Ham
Appointment #2133 starts tomorrow. Please contact me if needed.,Ham
Appointment #2134 needs approval. Please contact me if needed.,Ham
Report #2135 is confirmed. Please contact me if needed.,Ham
Invoice #2136 starts tomorrow. Please contact me if needed.,Ham
Appointment #2137 is attached. Please contact me if needed.,Ham
Schedule #2138 is ready. Please contact me if needed.,Ham
Schedule #2139 is ready. Please contact me if needed.,Ham
Meeting #2140 has been updated. Please contact me if needed.,Ham
Schedule #2141 please review. Please contact me if needed.,Ham
Invoice #2142 please review. Please contact me if needed.,Ham
Order #2143 is ready. Please contact me if needed.,Ham
Meeting #2144 is confirmed. Please contact me if needed.,Ham
Project #2145 is ready. Please contact me if needed.,Ham
Team #2146 needs approval. Please contact me if needed.,Ham
Order #2147 is ready. Please contact me if needed.,Ham
Reminder #2148 is confirmed. Please contact me if needed.,Ham
Invoice #2149 is attached. Please contact me if needed.,Ham
Meeting #2150 was delivered. Please contact me if needed.,Ham
Schedule #2151 is attached. Please contact me if needed.,Ham
Meeting #2152 is confirmed. Please contact me if needed.,Ham
Appointment #2153 please review. Please contact me if needed.,Ham
Meeting #2154 is confirmed. Please contact me if needed.,Ham
Report #2155 starts tomorrow. Please contact me if needed.,Ham
Order #2156 is confirmed. Please contact me if needed.,Ham
Family #2157 is attached. Please contact me if needed.,Ham
Appointment #2158 please review. Please contact me if needed.,Ham
Invoice #2159 starts tomorrow. Please contact me if needed.,Ham
Family #2160 is confirmed. Please contact me if needed.,Ham
Family #2161 is attached. Please contact me if needed.,Ham
Order #2162 please review. Please contact me if needed.,Ham
Team #2163 is ready. Please contact me if needed.,Ham
Meeting #2164 please review. Please contact me if needed.,Ham
Schedule #2165 has been updated. Please contact me if needed.,Ham
Order #2166 is confirmed. Please contact me if needed.,Ham
Meeting #2167 is ready. Please contact me if needed.,Ham
Appointment #2168 is ready. Please contact me if needed.,Ham
Report #2169 is attached. Please contact me if needed.,Ham
Meeting #2170 starts tomorrow. Please contact me if needed.,Ham
Family #2171 is confirmed. Please contact me if needed.,Ham
Order #2172 is confirmed. Please contact me if needed.,Ham
Reminder #2173 is ready. Please contact me if needed.,Ham
Order #2174 starts tomorrow. Please contact me if needed.,Ham
Meeting #2175 please review. Please contact me if needed.,Ham
Team #2176 was delivered. Please contact me if needed.,Ham
Team #2177 starts tomorrow. Please contact me if needed.,Ham
Family #2178 is attached. Please contact me if needed.,Ham
Family #2179 is attached. Please contact me if needed.,Ham
Schedule #2180 is ready. Please contact me if needed.,Ham
Family #2181 starts tomorrow. Please contact me if needed.,Ham
Order #2182 was delivered. Please contact me if needed.,Ham
Project #2183 please review. Please contact me if needed.,Ham
Reminder #2184 has been updated. Please contact me if needed.,Ham
Schedule #2185 is attached. Please contact me if needed.,Ham
Family #2186 please review. Please contact me if needed.,Ham
Family #2187 is ready. Please contact me if needed.,Ham
Meeting #2188 is confirmed. Please contact me if needed.,Ham
Family #2189 needs approval. Please contact me if needed.,Ham
Team #2190 starts tomorrow. Please contact me if needed.,Ham
Meeting #2191 is confirmed. Please contact me if needed.,Ham
Family #2192 was delivered. Please contact me if needed.,Ham
Invoice #2193 has been updated. Please contact me if needed.,Ham
Project #2194 is attached. Please contact me if needed.,Ham
Family #2195 was delivered. Please contact me if needed.,Ham
Meeting #2196 has been updated. Please contact me if needed.,Ham
Order #2197 was delivered. Please contact me if needed.,Ham
Order #2198 is attached. Please contact me if needed.,Ham
Meeting #2199 starts tomorrow. Please contact me if needed.,Ham
Team #2200 was delivered. Please contact me if needed.,Ham
Report #2201 needs approval. Please contact me if needed.,Ham
Team #2202 is ready. Please contact me if needed.,Ham
Order #2203 was delivered. Please contact me if needed.,Ham
Meeting #2204 is confirmed. Please contact me if needed.,Ham
Reminder #2205 please review. Please contact me if needed.,Ham
Schedule #2206 is attached. Please contact me if needed.,Ham
Project #2207 please review. Please contact me if needed.,Ham
Team #2208 starts tomorrow. Please contact me if needed.,Ham
Meeting #2209 was delivered. Please contact me if needed.,Ham
Project #2210 please review. Please contact me if needed.,Ham
Schedule #2211 is ready. Please contact me if needed.,Ham
Appointment #2212 please review. Please contact me if needed.,Ham
Meeting #2213 is attached. Please contact me if needed.,Ham
Schedule #2214 has been updated. Please contact me if needed.,Ham
Report #2215 has been updated. Please contact me if needed.,Ham
Invoice #2216 starts tomorrow. Please contact me if needed.,Ham
Invoice #2217 starts tomorrow. Please contact me if needed.,Ham
Invoice #2218 starts tomorrow. Please contact me if needed.,Ham
Report #2219 has been updated. Please contact me if needed.,Ham
Order #2220 was delivered. Please contact me if needed.,Ham
Meeting #2221 is attached. Please contact me if needed.,Ham
Report #2222 is attached. Please contact me if needed.,Ham
Family #2223 starts tomorrow. Please contact me if needed.,Ham
Report #2224 is confirmed. Please contact me if needed.,Ham
Schedule #2225 please review. Please contact me if needed.,Ham
Invoice #2226 is attached. Please contact me if needed.,Ham
Family #2227 has been updated. Please contact me if needed.,Ham
Team #2228 is ready. Please contact me if needed.,Ham
Family #2229 needs approval. Please contact me if needed.,Ham
Invoice #2230 starts tomorrow. Please contact me if needed.,Ham
Team #2231 is ready. Please contact me if needed.,Ham
Appointment #2232 is confirmed. Please contact me if needed.,Ham
Meeting #2233 needs approval. Please contact me if needed.,Ham
Report #2234 has been updated. Please contact me if needed.,Ham
Team #2235 was delivered. Please contact me if needed.,Ham
Report #2236 starts tomorrow. Please contact me if needed.,Ham
Appointment #2237 starts tomorrow. Please contact me if needed.,Ham
Meeting #2238 starts tomorrow. Please contact me if needed.,Ham
Schedule #2239 is ready. Please contact me if needed.,Ham
Schedule #2240 is attached. Please contact me if needed.,Ham
Meeting #2241 was delivered. Please contact me if needed.,Ham
Invoice #2242 is ready. Please contact me if needed.,Ham
Report #2243 starts tomorrow. Please contact me if needed.,Ham
Team #2244 is ready. Please contact me if needed.,Ham
Invoice #2245 is confirmed. Please contact me if needed.,Ham
Invoice #2246 is attached. Please contact me if needed.,Ham
Family #2247 is confirmed. Please contact me if needed.,Ham
Invoice #2248 please review. Please contact me if needed.,Ham
Family #2249 is attached. Please contact me if needed.,Ham
Project #2250 has been updated. Please contact me if needed.,Ham
Schedule #2251 needs approval. Please contact me if needed.,Ham
Project #2252 is confirmed. Please contact me if needed.,Ham
Schedule #2253 is ready. Please contact me if needed.,Ham
Team #2254 is attached. Please contact me if needed.,Ham
Order #2255 has been updated. Please contact me if needed.,Ham
Order #2256 starts tomorrow. Please contact me if needed.,Ham
Meeting #2257 was delivered. Please contact me if needed.,Ham
Family #2258 was delivered. Please contact me if needed.,Ham
Project #2259 was delivered. Please contact me if needed.,Ham
Reminder #2260 please review. Please contact me if needed.,Ham
Order #2261 is confirmed. Please contact me if needed.,Ham
Team #2262 is attached. Please contact me if needed.,Ham
Team #2263 is confirmed. Please contact me if needed.,Ham
Invoice #2264 was delivered. Please contact me if needed.,Ham
Reminder #2265 needs approval. Please contact me if needed.,Ham
Team #2266 has been updated. Please contact me if needed.,Ham
Meeting #2267 is confirmed. Please contact me if needed.,Ham
Appointment #2268 needs approval. Please contact me if needed.,Ham
Family #2269 please review. Please contact me if needed.,Ham
Invoice #2270 please review. Please contact me if needed.,Ham
Schedule #2271 is attached. Please contact me if needed.,Ham
Reminder #2272 was delivered. Please contact me if needed.,Ham
Meeting #2273 has been updated. Please contact me if needed.,Ham
Appointment #2274 is confirmed. Please contact me if needed.,Ham
Appointment #2275 is ready. Please contact me if needed.,Ham
Reminder #2276 please review. Please contact me if needed.,Ham
Schedule #2277 was delivered. Please contact me if needed.,Ham
Schedule #2278 is attached. Please contact me if needed.,Ham
Team #2279 please review. Please contact me if needed.,Ham
Schedule #2280 needs approval. Please contact me if needed.,Ham
Reminder #2281 needs approval. Please contact me if needed.,Ham
Order #2282 has been updated. Please contact me if needed.,Ham
Meeting #2283 please review. Please contact me if needed.,Ham
Meeting #2284 is attached. Please contact me if needed.,Ham
Reminder #2285 needs approval. Please contact me if needed.,Ham
Project #2286 starts tomorrow. Please contact me if needed.,Ham
Order #2287 is attached. Please contact me if needed.,Ham
Family #2288 please review. Please contact me if needed.,Ham
Family #2289 needs approval. Please contact me if needed.,Ham
Order #2290 is ready. Please contact me if needed.,Ham
Schedule #2291 has been updated. Please contact me if needed.,Ham
Family #2292 please review. Please contact me if needed.,Ham
Schedule #2293 needs approval. Please contact me if needed.,Ham
Team #2294 is confirmed. Please contact me if needed.,Ham
Reminder #2295 starts tomorrow. Please contact me if needed.,Ham
Schedule #2296 starts tomorrow. Please contact me if needed.,Ham
Schedule #2297 is ready. Please contact me if needed.,Ham
Family #2298 needs approval. Please contact me if needed.,Ham
Family #2299 please review. Please contact me if needed.,Ham
Invoice #2300 has been updated. Please contact me if needed.,Ham
Appointment #2301 please review. Please contact me if needed.,Ham
Project #2302 is confirmed. Please contact me if needed.,Ham
Appointment #2303 is ready. Please contact me if needed.,Ham
Order #2304 is ready. Please contact me if needed.,Ham
Schedule #2305 needs approval. Please contact me if needed.,Ham
Meeting #2306 is confirmed. Please contact me if needed.,Ham
Appointment #2307 is confirmed. Please contact me if needed.,Ham
Appointment #2308 was delivered. Please contact me if needed.,Ham
Project #2309 please review. Please contact me if needed.,Ham
Reminder #2310 is confirmed. Please contact me if needed.,Ham
Reminder #2311 needs approval. Please contact me if needed.,Ham
Meeting #2312 was delivered. Please contact me if needed.,Ham
Schedule #2313 is attached. Please contact me if needed.,Ham
Appointment #2314 starts tomorrow. Please contact me if needed.,Ham
Meeting #2315 please review. Please contact me if needed.,Ham
Family #2316 please review. Please contact me if needed.,Ham
Order #2317 is attached. Please contact me if needed.,Ham
Project #2318 needs approval. Please contact me if needed.,Ham
Schedule #2319 is attached. Please contact me if needed.,Ham
Meeting #2320 is confirmed. Please contact me if needed.,Ham
Project #2321 is ready. Please contact me if needed.,Ham
Reminder #2322 starts tomorrow. Please contact me if needed.,Ham
Report #2323 needs approval. Please contact me if needed.,Ham
Reminder #2324 please review. Please contact me if needed.,Ham
Project #2325 is confirmed. Please contact me if needed.,Ham
Invoice #2326 please review. Please contact me if needed.,Ham
Meeting #2327 has been updated. Please contact me if needed.,Ham
Team #2328 is attached. Please contact me if needed.,Ham
Invoice #2329 needs approval. Please contact me if needed.,Ham
Report #2330 starts tomorrow. Please contact me if needed.,Ham
Project #2331 is ready. Please contact me if needed.,Ham
Team #2332 needs approval. Please contact me if needed.,Ham
Family #2333 please review. Please contact me if needed.,Ham
Schedule #2334 needs approval. Please contact me if needed.,Ham
Invoice #2335 please review. Please contact me if needed.,Ham
Reminder #2336 is confirmed. Please contact me if needed.,Ham
Team #2337 starts tomorrow. Please contact me if needed.,Ham
Meeting #2338 is confirmed. Please contact me if needed.,Ham
Team #2339 is attached. Please contact me if needed.,Ham
Invoice #2340 has been updated. Please contact me if needed.,Ham
Invoice #2341 has been updated. Please contact me if needed.,Ham
Report #2342 please review. Please contact me if needed.,Ham
Invoice #2343 needs approval. Please contact me if needed.,Ham
Meeting #2344 is ready. Please contact me if needed.,Ham
Order #2345 has been updated. Please contact me if needed.,Ham
Reminder #2346 is confirmed. Please contact me if needed.,Ham
Appointment #2347 is attached. Please contact me if needed.,Ham
Project #2348 please review. Please contact me if needed.,Ham
Schedule #2349 needs approval. Please contact me if needed.,Ham
Meeting #2350 please review. Please contact me if needed.,Ham
Order #2351 has been updated. Please contact me if needed.,Ham
Invoice #2352 needs approval. Please contact me if needed.,Ham
Appointment #2353 is confirmed. Please contact me if needed.,Ham
Invoice #2354 has been updated. Please contact me if needed.,Ham
Schedule #2355 please review. Please contact me if needed.,Ham
Meeting #2356 was delivered. Please contact me if needed.,Ham
Schedule #2357 is confirmed. Please contact me if needed.,Ham
Project #2358 is ready. Please contact me if needed.,Ham
Schedule #2359 starts tomorrow. Please contact me if needed.,Ham
Appointment #2360 has been updated. Please contact me if needed.,Ham
Appointment #2361 please review. Please contact me if needed.,Ham
Team #2362 please review. Please contact me if needed.,Ham
Report #2363 needs approval. Please contact me if needed.,Ham
Meeting #2364 please review. Please contact me if needed.,Ham
Family #2365 please review. Please contact me if needed.,Ham
Appointment #2366 is confirmed. Please contact me if needed.,Ham
Invoice #2367 starts tomorrow. Please contact me if needed.,Ham
Schedule #2368 is attached. Please contact me if needed.,Ham
Project #2369 starts tomorrow. Please contact me if needed.,Ham
Schedule #2370 is attached. Please contact me if needed.,Ham
Appointment #2371 was delivered. Please contact me if needed.,Ham
Appointment #2372 is confirmed. Please contact me if needed.,Ham
Project #2373 is ready. Please contact me if needed.,Ham
Family #2374 is attached. Please contact me if needed.,Ham
Appointment #2375 was delivered. Please contact me if needed.,Ham
Invoice #2376 is attached. Please contact me if needed.,Ham
Appointment #2377 starts tomorrow. Please contact me if needed.,Ham
Team #2378 needs approval. Please contact me if needed.,Ham
Invoice #2379 has been updated. Please contact me if needed.,Ham
Reminder #2380 starts tomorrow. Please contact me if needed.,Ham
Appointment #2381 is ready. Please contact me if needed.,Ham
Appointment #2382 is confirmed. Please contact me if needed.,Ham
Reminder #2383 needs approval. Please contact me if needed.,Ham
Meeting #2384 has been updated. Please contact me if needed.,Ham
Appointment #2385 is confirmed. Please contact me if needed.,Ham
Invoice #2386 please review. Please contact me if needed.,Ham
Schedule #2387 is ready. Please contact me if needed.,Ham
Invoice #2388 was delivered. Please contact me if needed.,Ham
Schedule #2389 is attached. Please contact me if needed.,Ham
Meeting #2390 is confirmed. Please contact me if needed.,Ham
Appointment #2391 starts tomorrow. Please contact me if needed.,Ham
Order #2392 starts tomorrow. Please contact me if needed.,Ham
Order #2393 has been updated. Please contact me if needed.,Ham
Invoice #2394 starts tomorrow. Please contact me if needed.,Ham
Invoice #2395 has been updated. Please contact me if needed.,Ham
Schedule #2396 has been updated. Please contact me if needed.,Ham
Schedule #2397 is ready. Please contact me if needed.,Ham
Project #2398 was delivered. Please contact me if needed.,Ham
Reminder #2399 starts tomorrow. Please contact me if needed.,Ham
Family #2400 needs approval. Please contact me if needed.,Ham
Team #2401 is ready. Please contact me if needed.,Ham
Family #2402 please review. Please contact me if needed.,Ham
Team #2403 starts tomorrow. Please contact me if needed.,Ham
Report #2404 has been updated. Please contact me if needed.,Ham
Team #2405 starts tomorrow. Please contact me if needed.,Ham
Reminder #2406 has been updated. Please contact me if needed.,Ham
Invoice #2407 please review. Please contact me if needed.,Ham
Appointment #2408 please review. Please contact me if needed.,Ham
Invoice #2409 was delivered. Please contact me if needed.,Ham
Report #2410 please review. Please contact me if needed.,Ham
Appointment #2411 needs approval. Please contact me if needed.,Ham
Team #2412 is attached. Please contact me if needed.,Ham
Report #2413 please review. Please contact me if needed.,Ham
Project #2414 was delivered. Please contact me if needed.,Ham
Order #2415 needs approval. Please contact me if needed.,Ham
Reminder #2416 is ready. Please contact me if needed.,Ham
Appointment #2417 please review. Please contact me if needed.,Ham
Project #2418 is confirmed. Please contact me if needed.,Ham
Schedule #2419 is confirmed. Please contact me if needed.,Ham
Project #2420 starts tomorrow. Please contact me if needed.,Ham
Reminder #2421 has been updated. Please contact me if needed.,Ham
Reminder #2422 starts tomorrow. Please contact me if needed.,Ham
Team #2423 is confirmed. Please contact me if needed.,Ham
Project #2424 is confirmed. Please contact me if needed.,Ham
Order #2425 was delivered. Please contact me if needed.,Ham
Appointment #2426 starts tomorrow. Please contact me if needed.,Ham
Appointment #2427 please review. Please contact me if needed.,Ham
Reminder #2428 please review. Please contact me if needed.,Ham
Invoice #2429 please review. Please contact me if needed.,Ham
Team #2430 was delivered. Please contact me if needed.,Ham
Order #2431 is ready. Please contact me if needed.,Ham
Family #2432 was delivered. Please contact me if needed.,Ham
Team #2433 starts tomorrow. Please contact me if needed.,Ham
Invoice #2434 has been updated. Please contact me if needed.,Ham
Meeting #2435 has been updated. Please contact me if needed.,Ham
Reminder #2436 starts tomorrow. Please contact me if needed.,Ham
Appointment #2437 please review. Please contact me if needed.,Ham
Reminder #2438 was delivered. Please contact me if needed.,Ham
Appointment #2439 is ready. Please contact me if needed.,Ham
Invoice #2440 starts tomorrow. Please contact me if needed.,Ham
Report #2441 has been updated. Please contact me if needed.,Ham
Team #2442 has been updated. Please contact me if needed.,Ham
Order #2443 please review. Please contact me if needed.,Ham
Meeting #2444 has been updated. Please contact me if needed.,Ham
Report #2445 is confirmed. Please contact me if needed.,Ham
Project #2446 please review. Please contact me if needed.,Ham
Family #2447 please review. Please contact me if needed.,Ham
Schedule #2448 starts tomorrow. Please contact me if needed.,Ham
Project #2449 is attached. Please contact me if needed.,Ham
Appointment #2450 has been updated. Please contact me if needed.,Ham
Order #2451 is confirmed. Please contact me if needed.,Ham
Team #2452 is ready. Please contact me if needed.,Ham
Schedule #2453 is ready. Please contact me if needed.,Ham
Reminder #2454 please review. Please contact me if needed.,Ham
Team #2455 needs approval. Please contact me if needed.,Ham
Order #2456 please review. Please contact me if needed.,Ham
Reminder #2457 has been updated. Please contact me if needed.,Ham
Schedule #2458 has been updated. Please contact me if needed.,Ham
Appointment #2459 needs approval. Please contact me if needed.,Ham
Order #2460 is ready. Please contact me if needed.,Ham
Invoice #2461 was delivered. Please contact me if needed.,Ham
Reminder #2462 please review. Please contact me if needed.,Ham
Team #2463 has been updated. Please contact me if needed.,Ham
Report #2464 is ready. Please contact me if needed.,Ham
Appointment #2465 is attached. Please contact me if needed.,Ham
Report #2466 was delivered. Please contact me if needed.,Ham
Schedule #2467 is confirmed. Please contact me if needed.,Ham
Meeting #2468 needs approval. Please contact me if needed.,Ham
Order #2469 is confirmed. Please contact me if needed.,Ham
Team #2470 is attached. Please contact me if needed.,Ham
Report #2471 starts tomorrow. Please contact me if needed.,Ham
Schedule #2472 has been updated. Please contact me if needed.,Ham
Project #2473 is confirmed. Please contact me if needed.,Ham
Project #2474 was delivered. Please contact me if needed.,Ham
Meeting #2475 is attached. Please contact me if needed.,Ham
Project #2476 was delivered. Please contact me if needed.,Ham
Family #2477 is ready. Please contact me if needed.,Ham
Meeting #2478 please review. Please contact me if needed.,Ham
Family #2479 is confirmed. Please contact me if needed.,Ham
Appointment #2480 is ready. Please contact me if needed.,Ham
Appointment #2481 starts tomorrow. Please contact me if needed.,Ham
Team #2482 is confirmed. Please contact me if needed.,Ham
Meeting #2483 is attached. Please contact me if needed.,Ham
Schedule #2484 has been updated. Please contact me if needed.,Ham
Order #2485 is attached. Please contact me if needed.,Ham
Reminder #2486 needs approval. Please contact me if needed.,Ham
Report #2487 was delivered. Please contact me if needed.,Ham
Schedule #2488 starts tomorrow. Please contact me if needed.,Ham
Reminder #2489 is confirmed. Please contact me if needed.,Ham
Reminder #2490 is attached. Please contact me if needed.,Ham
Invoice #2491 was delivered. Please contact me if needed.,Ham
Family #2492 starts tomorrow. Please contact me if needed.,Ham
Reminder #2493 is ready. Please contact me if needed.,Ham
Family #2494 has been updated. Please contact me if needed.,Ham
Report #2495 is confirmed. Please contact me if needed.,Ham
Order #2496 is attached. Please contact me if needed.,Ham
Team #2497 starts tomorrow. Please contact me if needed.,Ham
Appointment #2498 was delivered. Please contact me if needed.,Ham
Report #2499 needs approval. Please contact me if needed.,Ham
Order #2500 is confirmed. Please contact me if needed.,Ham
Appointment #2501 is ready. Please contact me if needed.,Ham
Family #2502 starts tomorrow. Please contact me if needed.,Ham
Reminder #2503 starts tomorrow. Please contact me if needed.,Ham
Family #2504 is confirmed. Please contact me if needed.,Ham
Reminder #2505 please review. Please contact me if needed.,Ham
Schedule #2506 has been updated. Please contact me if needed.,Ham
Meeting #2507 was delivered. Please contact me if needed.,Ham
Appointment #2508 starts tomorrow. Please contact me if needed.,Ham
Meeting #2509 is attached. Please contact me if needed.,Ham
Project #2510 was delivered. Please contact me if needed.,Ham
Reminder #2511 was delivered. Please contact me if needed.,Ham
Meeting #2512 is attached. Please contact me if needed.,Ham
Meeting #2513 needs approval. Please contact me if needed.,Ham
Report #2514 was delivered. Please contact me if needed.,Ham
Invoice #2515 was delivered. Please contact me if needed.,Ham
Reminder #2516 please review. Please contact me if needed.,Ham
Appointment #2517 starts tomorrow. Please contact me if needed.,Ham
Invoice #2518 is confirmed. Please contact me if needed.,Ham
Family #2519 is ready. Please contact me if needed.,Ham
Appointment #2520 needs approval. Please contact me if needed.,Ham
Invoice #2521 was delivered. Please contact me if needed.,Ham
Invoice #2522 is attached. Please contact me if needed.,Ham
Appointment #2523 is ready. Please contact me if needed.,Ham
Appointment #2524 needs approval. Please contact me if needed.,Ham
Schedule #2525 please review. Please contact me if needed.,Ham
Meeting #2526 is confirmed. Please contact me if needed.,Ham
Invoice #2527 has been updated. Please contact me if needed.,Ham
Invoice #2528 please review. Please contact me if needed.,Ham
Project #2529 has been updated. Please contact me if needed.,Ham
Reminder #2530 please review. Please contact me if needed.,Ham
Meeting #2531 has been updated. Please contact me if needed.,Ham
Appointment #2532 starts tomorrow. Please contact me if needed.,Ham
Appointment #2533 is attached. Please contact me if needed.,Ham
Family #2534 please review. Please contact me if needed.,Ham
Reminder #2535 starts tomorrow. Please contact me if needed.,Ham
Project #2536 is attached. Please contact me if needed.,Ham
Meeting #2537 is confirmed. Please contact me if needed.,Ham
Meeting #2538 is ready. Please contact me if needed.,Ham
Meeting #2539 please review. Please contact me if needed.,Ham
Reminder #2540 is confirmed. Please contact me if needed.,Ham
Meeting #2541 needs approval. Please contact me if needed.,Ham
Reminder #2542 needs approval. Please contact me if needed.,Ham
Report #2543 has been updated. Please contact me if needed.,Ham
Invoice #2544 is ready. Please contact me if needed.,Ham
Team #2545 was delivered. Please contact me if needed.,Ham
Appointment #2546 is ready. Please contact me if needed.,Ham
Reminder #2547 needs approval. Please contact me if needed.,Ham
Project #2548 was delivered. Please contact me if needed.,Ham
Invoice #2549 please review. Please contact me if needed.,Ham
Invoice #2550 is attached. Please contact me if needed.,Ham
Report #2551 is attached. Please contact me if needed.,Ham
Report #2552 needs approval. Please contact me if needed.,Ham
Invoice #2553 please review. Please contact me if needed.,Ham
Team #2554 needs approval. Please contact me if needed.,Ham
Project #2555 please review. Please contact me if needed.,Ham
Team #2556 is confirmed. Please contact me if needed.,Ham
Report #2557 is confirmed. Please contact me if needed.,Ham
Meeting #2558 needs approval. Please contact me if needed.,Ham
Meeting #2559 please review. Please contact me if needed.,Ham
Reminder #2560 please review. Please contact me if needed.,Ham
Order #2561 needs approval. Please contact me if needed.,Ham
Meeting #2562 is ready. Please contact me if needed.,Ham
Team #2563 was delivered. Please contact me if needed.,Ham
Reminder #2564 needs approval. Please contact me if needed.,Ham
Invoice #2565 was delivered. Please contact me if needed.,Ham
Schedule #2566 is attached. Please contact me if needed.,Ham
Order #2567 was delivered. Please contact me if needed.,Ham
Family #2568 starts tomorrow. Please contact me if needed.,Ham
Reminder #2569 needs approval. Please contact me if needed.,Ham
Appointment #2570 please review. Please contact me if needed.,Ham
Invoice #2571 is attached. Please contact me if needed.,Ham
Team #2572 needs approval. Please contact me if needed.,Ham
Order #2573 is attached. Please contact me if needed.,Ham
Family #2574 starts tomorrow. Please contact me if needed.,Ham
Reminder #2575 is confirmed. Please contact me if needed.,Ham
Family #2576 is confirmed. Please contact me if needed.,Ham
Reminder #2577 needs approval. Please contact me if needed.,Ham
Team #2578 is confirmed. Please contact me if needed.,Ham
Invoice #2579 has been updated. Please contact me if needed.,Ham
Invoice #2580 please review. Please contact me if needed.,Ham
Invoice #2581 is ready. Please contact me if needed.,Ham
Reminder #2582 is confirmed. Please contact me if needed.,Ham
Invoice #2583 please review. Please contact me if needed.,Ham
Appointment #2584 is confirmed. Please contact me if needed.,Ham
Meeting #2585 has been updated. Please contact me if needed.,Ham
Meeting #2586 starts tomorrow. Please contact me if needed.,Ham
Appointment #2587 please review. Please contact me if needed.,Ham
Report #2588 was delivered. Please contact me if needed.,Ham
Report #2589 has been updated. Please contact me if needed.,Ham
Appointment #2590 needs approval. Please contact me if needed.,Ham
Project #2591 is confirmed. Please contact me if needed.,Ham
Order #2592 has been updated. Please contact me if needed.,Ham
Report #2593 is ready. Please contact me if needed.,Ham
Team #2594 starts tomorrow. Please contact me if needed.,Ham
Report #2595 is confirmed. Please contact me if needed.,Ham
Family #2596 needs approval. Please contact me if needed.,Ham
Team #2597 is attached. Please contact me if needed.,Ham
Report #2598 needs approval. Please contact me if needed.,Ham
Schedule #2599 was delivered. Please contact me if needed.,Ham
Reminder #2600 is confirmed. Please contact me if needed.,Ham
Meeting #2601 is attached. Please contact me if needed.,Ham
Reminder #2602 needs approval. Please contact me if needed.,Ham
Family #2603 is ready. Please contact me if needed.,Ham
Appointment #2604 starts tomorrow. Please contact me if needed.,Ham
Reminder #2605 needs approval. Please contact me if needed.,Ham
Invoice #2606 please review. Please contact me if needed.,Ham
Project #2607 is ready. Please contact me if needed.,Ham
Invoice #2608 starts tomorrow. Please contact me if needed.,Ham
Order #2609 needs approval. Please contact me if needed.,Ham
Project #2610 has been updated. Please contact me if needed.,Ham
Appointment #2611 was delivered. Please contact me if needed.,Ham
Family #2612 has been updated. Please contact me if needed.,Ham
Reminder #2613 is confirmed. Please contact me if needed.,Ham
Meeting #2614 was delivered. Please contact me if needed.,Ham
Team #2615 is ready. Please contact me if needed.,Ham
Family #2616 is attached. Please contact me if needed.,Ham
Project #2617 is attached. Please contact me if needed.,Ham
Team #2618 is ready. Please contact me if needed.,Ham
Appointment #2619 please review. Please contact me if needed.,Ham
Schedule #2620 was delivered. Please contact me if needed.,Ham
Appointment #2621 needs approval. Please contact me if needed.,Ham
Meeting #2622 please review. Please contact me if needed.,Ham
Meeting #2623 starts tomorrow. Please contact me if needed.,Ham
Team #2624 is ready. Please contact me if needed.,Ham
Team #2625 has been updated. Please contact me if needed.,Ham
Family #2626 was delivered. Please contact me if needed.,Ham
Appointment #2627 starts tomorrow. Please contact me if needed.,Ham
Reminder #2628 is ready. Please contact me if needed.,Ham
Order #2629 is ready. Please contact me if needed.,Ham
Schedule #2630 was delivered. Please contact me if needed.,Ham
Team #2631 starts tomorrow. Please contact me if needed.,Ham
Team #2632 is ready. Please contact me if needed.,Ham
Reminder #2633 please review. Please contact me if needed.,Ham
Order #2634 was delivered. Please contact me if needed.,Ham
Reminder #2635 has been updated. Please contact me if needed.,Ham
Invoice #2636 starts tomorrow. Please contact me if needed.,Ham
Schedule #2637 was delivered. Please contact me if needed.,Ham
Meeting #2638 please review. Please contact me if needed.,Ham
Report #2639 please review. Please contact me if needed.,Ham
Team #2640 starts tomorrow. Please contact me if needed.,Ham
Appointment #2641 needs approval. Please contact me if needed.,Ham
Order #2642 please review. Please contact me if needed.,Ham
Team #2643 needs approval. Please contact me if needed.,Ham
Team #2644 starts tomorrow. Please contact me if needed.,Ham
Order #2645 was delivered. Please contact me if needed.,Ham
Report #2646 is ready. Please contact me if needed.,Ham
Invoice #2647 is ready. Please contact me if needed.,Ham
Invoice #2648 has been updated. Please contact me if needed.,Ham
Report #2649 please review. Please contact me if needed.,Ham
Family #2650 please review. Please contact me if needed.,Ham
Order #2651 please review. Please contact me if needed.,Ham
Project #2652 is ready. Please contact me if needed.,Ham
Appointment #2653 has been updated. Please contact me if needed.,Ham
Invoice #2654 is ready. Please contact me if needed.,Ham
Report #2655 has been updated. Please contact me if needed.,Ham
Family #2656 has been updated. Please contact me if needed.,Ham
Reminder #2657 is attached. Please contact me if needed.,Ham
Family #2658 is ready. Please contact me if needed.,Ham
Team #2659 is confirmed. Please contact me if needed.,Ham
Family #2660 was delivered. Please contact me if needed.,Ham
Project #2661 is ready. Please contact me if needed.,Ham
Order #2662 has been updated. Please contact me if needed.,Ham
Order #2663 is ready. Please contact me if needed.,Ham
Team #2664 is ready. Please contact me if needed.,Ham
Report #2665 needs approval. Please contact me if needed.,Ham
Project #2666 is confirmed. Please contact me if needed.,Ham
Report #2667 please review. Please contact me if needed.,Ham
Reminder #2668 is attached. Please contact me if needed.,Ham
Reminder #2669 is ready. Please contact me if needed.,Ham
Reminder #2670 is confirmed. Please contact me if needed.,Ham
Order #2671 please review. Please contact me if needed.,Ham
Invoice #2672 is ready. Please contact me if needed.,Ham
Order #2673 has been updated. Please contact me if needed.,Ham
Appointment #2674 has been updated. Please contact me if needed.,Ham
Report #2675 needs approval. Please contact me if needed.,Ham
Family #2676 starts tomorrow. Please contact me if needed.,Ham
Project #2677 is attached. Please contact me if needed.,Ham
Report #2678 has been updated. Please contact me if needed.,Ham
Reminder #2679 was delivered. Please contact me if needed.,Ham
Invoice #2680 needs approval. Please contact me if needed.,Ham
Project #2681 was delivered. Please contact me if needed.,Ham
Report #2682 starts tomorrow. Please contact me if needed.,Ham
Project #2683 is ready. Please contact me if needed.,Ham
Invoice #2684 please review. Please contact me if needed.,Ham
Meeting #2685 is confirmed. Please contact me if needed.,Ham
Invoice #2686 has been updated. Please contact me if needed.,Ham
Team #2687 has been updated. Please contact me if needed.,Ham
Reminder #2688 is attached. Please contact me if needed.,Ham
Appointment #2689 starts tomorrow. Please contact me if needed.,Ham
Invoice #2690 please review. Please contact me if needed.,Ham
Appointment #2691 is attached. Please contact me if needed.,Ham
Order #2692 has been updated. Please contact me if needed.,Ham
Appointment #2693 was delivered. Please contact me if needed.,Ham
Family #2694 is attached. Please contact me if needed.,Ham
Reminder #2695 is attached. Please contact me if needed.,Ham
Appointment #2696 starts tomorrow. Please contact me if needed.,Ham
Appointment #2697 starts tomorrow. Please contact me if needed.,Ham
Schedule #2698 starts tomorrow. Please contact me if needed.,Ham
Report #2699 is ready. Please contact me if needed.,Ham
Schedule #2700 is attached. Please contact me if needed.,Ham
Report #2701 please review. Please contact me if needed.,Ham
Project #2702 starts tomorrow. Please contact me if needed.,Ham
Invoice #2703 please review. Please contact me if needed.,Ham
Reminder #2704 was delivered. Please contact me if needed.,Ham
Appointment #2705 needs approval. Please contact me if needed.,Ham
Report #2706 is ready. Please contact me if needed.,Ham
Team #2707 has been updated. Please contact me if needed.,Ham
Report #2708 is ready. Please contact me if needed.,Ham
Report #2709 please review. Please contact me if needed.,Ham
Invoice #2710 please review. Please contact me if needed.,Ham
Team #2711 has been updated. Please contact me if needed.,Ham
Team #2712 was delivered. Please contact me if needed.,Ham
Meeting #2713 needs approval. Please contact me if needed.,Ham
Schedule #2714 is attached. Please contact me if needed.,Ham
Schedule #2715 has been updated. Please contact me if needed.,Ham
Meeting #2716 is confirmed. Please contact me if needed.,Ham
Schedule #2717 needs approval. Please contact me if needed.,Ham
Project #2718 needs approval. Please contact me if needed.,Ham
Project #2719 please review. Please contact me if needed.,Ham
Invoice #2720 has been updated. Please contact me if needed.,Ham
Invoice #2721 is confirmed. Please contact me if needed.,Ham
Family #2722 starts tomorrow. Please contact me if needed.,Ham
Appointment #2723 is confirmed. Please contact me if needed.,Ham
Invoice #2724 is attached. Please contact me if needed.,Ham
Report #2725 is ready. Please contact me if needed.,Ham
Meeting #2726 please review. Please contact me if needed.,Ham
Family #2727 is ready. Please contact me if needed.,Ham
Project #2728 has been updated. Please contact me if needed.,Ham
Appointment #2729 was delivered. Please contact me if needed.,Ham
Project #2730 starts tomorrow. Please contact me if needed.,Ham
Project #2731 has been updated. Please contact me if needed.,Ham
Schedule #2732 starts tomorrow. Please contact me if needed.,Ham
Appointment #2733 is confirmed. Please contact me if needed.,Ham
Reminder #2734 was delivered. Please contact me if needed.,Ham
Reminder #2735 needs approval. Please contact me if needed.,Ham
Report #2736 was delivered. Please contact me if needed.,Ham
Meeting #2737 starts tomorrow. Please contact me if needed.,Ham
Appointment #2738 please review. Please contact me if needed.,Ham
Schedule #2739 has been updated. Please contact me if needed.,Ham
Team #2740 starts tomorrow. Please contact me if needed.,Ham
Team #2741 please review. Please contact me if needed.,Ham
Reminder #2742 was delivered. Please contact me if needed.,Ham
Team #2743 is ready. Please contact me if needed.,Ham
Invoice #2744 was delivered. Please contact me if needed.,Ham
Team #2745 is attached. Please contact me if needed.,Ham
Family #2746 please review. Please contact me if needed.,Ham
Reminder #2747 is confirmed. Please contact me if needed.,Ham
Invoice #2748 needs approval. Please contact me if needed.,Ham
Project #2749 starts tomorrow. Please contact me if needed.,Ham
Team #2750 is attached. Please contact me if needed.,Ham
Order #2751 was delivered. Please contact me if needed.,Ham
Schedule #2752 needs approval. Please contact me if needed.,Ham
Reminder #2753 has been updated. Please contact me if needed.,Ham
Project #2754 has been updated. Please contact me if needed.,Ham
Reminder #2755 starts tomorrow. Please contact me if needed.,Ham
Meeting #2756 please review. Please contact me if needed.,Ham
Invoice #2757 is ready. Please contact me if needed.,Ham
Project #2758 needs approval. Please contact me if needed.,Ham
Appointment #2759 was delivered. Please contact me if needed.,Ham
Reminder #2760 is confirmed. Please contact me if needed.,Ham
Project #2761 is attached. Please contact me if needed.,Ham
Order #2762 is confirmed. Please contact me if needed.,Ham
Family #2763 was delivered. Please contact me if needed.,Ham
Meeting #2764 needs approval. Please contact me if needed.,Ham
Family #2765 has been updated. Please contact me if needed.,Ham
Reminder #2766 is confirmed. Please contact me if needed.,Ham
Report #2767 is confirmed. Please contact me if needed.,Ham
Order #2768 is attached. Please contact me if needed.,Ham
Appointment #2769 has been updated. Please contact me if needed.,Ham
Schedule #2770 has been updated. Please contact me if needed.,Ham
Appointment #2771 has been updated. Please contact me if needed.,Ham
Invoice #2772 has been updated. Please contact me if needed.,Ham
Order #2773 starts tomorrow. Please contact me if needed.,Ham
Invoice #2774 needs approval. Please contact me if needed.,Ham
Reminder #2775 is ready. Please contact me if needed.,Ham
Schedule #2776 starts tomorrow. Please contact me if needed.,Ham
Report #2777 starts tomorrow. Please contact me if needed.,Ham
Meeting #2778 has been updated. Please contact me if needed.,Ham
Report #2779 is attached. Please contact me if needed.,Ham
Appointment #2780 is attached. Please contact me if needed.,Ham
Report #2781 has been updated. Please contact me if needed.,Ham
Order #2782 was delivered. Please contact me if needed.,Ham
Order #2783 please review. Please contact me if needed.,Ham
Invoice #2784 is confirmed. Please contact me if needed.,Ham
Family #2785 needs approval. Please contact me if needed.,Ham
Reminder #2786 is confirmed. Please contact me if needed.,Ham
Meeting #2787 was delivered. Please contact me if needed.,Ham
Schedule #2788 was delivered. Please contact me if needed.,Ham
Report #2789 please review. Please contact me if needed.,Ham
Appointment #2790 starts tomorrow. Please contact me if needed.,Ham
Appointment #2791 please review. Please contact me if needed.,Ham
Team #2792 is confirmed. Please contact me if needed.,Ham
Order #2793 please review. Please contact me if needed.,Ham
Report #2794 is confirmed. Please contact me if needed.,Ham
Schedule #2795 please review. Please contact me if needed.,Ham
Project #2796 has been updated. Please contact me if needed.,Ham
Team #2797 is confirmed. Please contact me if needed.,Ham
Team #2798 was delivered. Please contact me if needed.,Ham
Project #2799 has been updated. Please contact me if needed.,Ham
Reminder #2800 is ready. Please contact me if needed.,Ham
Team #2801 is attached. Please contact me if needed.,Ham
Team #2802 is attached. Please contact me if needed.,Ham
Project #2803 has been updated. Please contact me if needed.,Ham
Invoice #2804 needs approval. Please contact me if needed.,Ham
Reminder #2805 has been updated. Please contact me if needed.,Ham
Team #2806 starts tomorrow. Please contact me if needed.,Ham
Family #2807 starts tomorrow. Please contact me if needed.,Ham
Meeting #2808 is confirmed. Please contact me if needed.,Ham
Order #2809 has been updated. Please contact me if needed.,Ham
Team #2810 has been updated. Please contact me if needed.,Ham
Invoice #2811 needs approval. Please contact me if needed.,Ham
Schedule #2812 needs approval. Please contact me if needed.,Ham
Reminder #2813 starts tomorrow. Please contact me if needed.,Ham
Reminder #2814 has been updated. Please contact me if needed.,Ham
Appointment #2815 has been updated. Please contact me if needed.,Ham
Schedule #2816 was delivered. Please contact me if needed.,Ham
Team #2817 is confirmed. Please contact me if needed.,Ham
Team #2818 please review. Please contact me if needed.,Ham
Invoice #2819 is ready. Please contact me if needed.,Ham
Team #2820 is ready. Please contact me if needed.,Ham
Order #2821 is attached. Please contact me if needed.,Ham
Report #2822 has been updated. Please contact me if needed.,Ham
Invoice #2823 has been updated. Please contact me if needed.,Ham
Invoice #2824 starts tomorrow. Please contact me if needed.,Ham
Reminder #2825 was delivered. Please contact me if needed.,Ham
Meeting #2826 starts tomorrow. Please contact me if needed.,Ham
Report #2827 was delivered. Please contact me if needed.,Ham
Schedule #2828 has been updated. Please contact me if needed.,Ham
Family #2829 starts tomorrow. Please contact me if needed.,Ham
Family #2830 is ready. Please contact me if needed.,Ham
Order #2831 has been updated. Please contact me if needed.,Ham
Order #2832 please review. Please contact me if needed.,Ham
Meeting #2833 is confirmed. Please contact me if needed.,Ham
Report #2834 please review. Please contact me if needed.,Ham
Family #2835 starts tomorrow. Please contact me if needed.,Ham
Report #2836 was delivered. Please contact me if needed.,Ham
Team #2837 please review. Please contact me if needed.,Ham
Reminder #2838 is confirmed. Please contact me if needed.,Ham
Family #2839 is attached. Please contact me if needed.,Ham
Team #2840 is attached. Please contact me if needed.,Ham
Team #2841 has been updated. Please contact me if needed.,Ham
Meeting #2842 needs approval. Please contact me if needed.,Ham
Order #2843 is ready. Please contact me if needed.,Ham
Order #2844 please review. Please contact me if needed.,Ham
Appointment #2845 was delivered. Please contact me if needed.,Ham
Family #2846 starts tomorrow. Please contact me if needed.,Ham
Reminder #2847 was delivered. Please contact me if needed.,Ham
Invoice #2848 was delivered. Please contact me if needed.,Ham
Team #2849 was delivered. Please contact me if needed.,Ham
Order #2850 is confirmed. Please contact me if needed.,Ham
Schedule #2851 is confirmed. Please contact me if needed.,Ham
Appointment #2852 is confirmed. Please contact me if needed.,Ham
Appointment #2853 is attached. Please contact me if needed.,Ham
Report #2854 needs approval. Please contact me if needed.,Ham
Reminder #2855 is attached. Please contact me if needed.,Ham
Order #2856 please review. Please contact me if needed.,Ham
Schedule #2857 is ready. Please contact me if needed.,Ham
Order #2858 please review. Please contact me if needed.,Ham
Project #2859 is confirmed. Please contact me if needed.,Ham
Reminder #2860 needs approval. Please contact me if needed.,Ham
Reminder #2861 needs approval. Please contact me if needed.,Ham
Order #2862 starts tomorrow. Please contact me if needed.,Ham
Schedule #2863 is attached. Please contact me if needed.,Ham
Schedule #2864 has been updated. Please contact me if needed.,Ham
Invoice #2865 is attached. Please contact me if needed.,Ham
Appointment #2866 is ready. Please contact me if needed.,Ham
Order #2867 has been updated. Please contact me if needed.,Ham
Invoice #2868 please review. Please contact me if needed.,Ham
Team #2869 is confirmed. Please contact me if needed.,Ham
Schedule #2870 is attached. Please contact me if needed.,Ham
Team #2871 is ready. Please contact me if needed.,Ham
Reminder #2872 was delivered. Please contact me if needed.,Ham
Family #2873 was delivered. Please contact me if needed.,Ham
Report #2874 is ready. Please contact me if needed.,Ham
Schedule #2875 was delivered. Please contact me if needed.,Ham
Invoice #2876 has been updated. Please contact me if needed.,Ham
Schedule #2877 is attached. Please contact me if needed.,Ham
Meeting #2878 is attached. Please contact me if needed.,Ham
Schedule #2879 is ready. Please contact me if needed.,Ham
Report #2880 starts tomorrow. Please contact me if needed.,Ham
Meeting #2881 needs approval. Please contact me if needed.,Ham
Invoice #2882 needs approval. Please contact me if needed.,Ham
Order #2883 was delivered. Please contact me if needed.,Ham
Order #2884 is attached. Please contact me if needed.,Ham
Invoice #2885 was delivered. Please contact me if needed.,Ham
Invoice #2886 is confirmed. Please contact me if needed.,Ham
Reminder #2887 needs approval. Please contact me if needed.,Ham
Schedule #2888 is confirmed. Please contact me if needed.,Ham
Appointment #2889 please review. Please contact me if needed.,Ham
Report #2890 starts tomorrow. Please contact me if needed.,Ham
Appointment #2891 is attached. Please contact me if needed.,Ham
Schedule #2892 is attached. Please contact me if needed.,Ham
Schedule #2893 starts tomorrow. Please contact me if needed.,Ham
Report #2894 is ready. Please contact me if needed.,Ham
Appointment #2895 is ready. Please contact me if needed.,Ham
Invoice #2896 please review. Please contact me if needed.,Ham
Invoice #2897 is confirmed. Please contact me if needed.,Ham
Report #2898 starts tomorrow. Please contact me if needed.,Ham
Family #2899 starts tomorrow. Please contact me if needed.,Ham
Family #2900 is confirmed. Please contact me if needed.,Ham
Report #2901 needs approval. Please contact me if needed.,Ham
Schedule #2902 is confirmed. Please contact me if needed.,Ham
Meeting #2903 was delivered. Please contact me if needed.,Ham
Schedule #2904 has been updated. Please contact me if needed.,Ham
Appointment #2905 is attached. Please contact me if needed.,Ham
Family #2906 was delivered. Please contact me if needed.,Ham
Meeting #2907 is confirmed. Please contact me if needed.,Ham
Meeting #2908 has been updated. Please contact me if needed.,Ham
Reminder #2909 needs approval. Please contact me if needed.,Ham
Family #2910 was delivered. Please contact me if needed.,Ham
Report #2911 is attached. Please contact me if needed.,Ham
Order #2912 was delivered. Please contact me if needed.,Ham
Family #2913 please review. Please contact me if needed.,Ham
Reminder #2914 starts tomorrow. Please contact me if needed.,Ham
Report #2915 is confirmed. Please contact me if needed.,Ham
Appointment #2916 starts tomorrow. Please contact me if needed.,Ham
Family #2917 needs approval. Please contact me if needed.,Ham
Team #2918 was delivered. Please contact me if needed.,Ham
Family #2919 is attached. Please contact me if needed.,Ham
Schedule #2920 please review. Please contact me if needed.,Ham
Family #2921 starts tomorrow. Please contact me if needed.,Ham
Meeting #2922 needs approval. Please contact me if needed.,Ham
Invoice #2923 has been updated. Please contact me if needed.,Ham
Schedule #2924 was delivered. Please contact me if needed.,Ham
Reminder #2925 is attached. Please contact me if needed.,Ham
Order #2926 needs approval. Please contact me if needed.,Ham
Appointment #2927 is confirmed. Please contact me if needed.,Ham
Meeting #2928 has been updated. Please contact me if needed.,Ham
Project #2929 please review. Please contact me if needed.,Ham
Schedule #2930 needs approval. Please contact me if needed.,Ham
Meeting #2931 is confirmed. Please contact me if needed.,Ham
Meeting #2932 is attached. Please contact me if needed.,Ham
Team #2933 is attached. Please contact me if needed.,Ham
Meeting #2934 is ready. Please contact me if needed.,Ham
Project #2935 is confirmed. Please contact me if needed.,Ham
Meeting #2936 was delivered. Please contact me if needed.,Ham
Invoice #2937 needs approval. Please contact me if needed.,Ham
Order #2938 needs approval. Please contact me if needed.,Ham
Project #2939 is attached. Please contact me if needed.,Ham
Reminder #2940 is ready. Please contact me if needed.,Ham
Appointment #2941 is ready. Please contact me if needed.,Ham
Order #2942 has been updated. Please contact me if needed.,Ham
Meeting #2943 was delivered. Please contact me if needed.,Ham
Team #2944 has been updated. Please contact me if needed.,Ham
Invoice #2945 starts tomorrow. Please contact me if needed.,Ham
Reminder #2946 needs approval. Please contact me if needed.,Ham
Meeting #2947 needs approval. Please contact me if needed.,Ham
Reminder #2948 is confirmed. Please contact me if needed.,Ham
Report #2949 is ready. Please contact me if needed.,Ham
Report #2950 needs approval. Please contact me if needed.,Ham
Report #2951 is attached. Please contact me if needed.,Ham
Schedule #2952 has been updated. Please contact me if needed.,Ham
Team #2953 is confirmed. Please contact me if needed.,Ham
Team #2954 is attached. Please contact me if needed.,Ham
Appointment #2955 please review. Please contact me if needed.,Ham
Family #2956 needs approval. Please contact me if needed.,Ham
Reminder #2957 is ready. Please contact me if needed.,Ham
Report #2958 is confirmed. Please contact me if needed.,Ham
Team #2959 has been updated. Please contact me if needed.,Ham
Reminder #2960 has been updated. Please contact me if needed.,Ham
Project #2961 needs approval. Please contact me if needed.,Ham
Family #2962 has been updated. Please contact me if needed.,Ham
Schedule #2963 needs approval. Please contact me if needed.,Ham
Reminder #2964 please review. Please contact me if needed.,Ham
Family #2965 is attached. Please contact me if needed.,Ham
Report #2966 needs approval. Please contact me if needed.,Ham
Family #2967 has been updated. Please contact me if needed.,Ham
Project #2968 is attached. Please contact me if needed.,Ham
Family #2969 was delivered. Please contact me if needed.,Ham
Invoice #2970 starts tomorrow. Please contact me if needed.,Ham
Team #2971 has been updated. Please contact me if needed.,Ham
Appointment #2972 was delivered. Please contact me if needed.,Ham
Team #2973 was delivered. Please contact me if needed.,Ham
Appointment #2974 is confirmed. Please contact me if needed.,Ham
Schedule #2975 is attached. Please contact me if needed.,Ham
Team #2976 please review. Please contact me if needed.,Ham
Reminder #2977 is ready. Please contact me if needed.,Ham
Team #2978 needs approval. Please contact me if needed.,Ham
Schedule #2979 please review. Please contact me if needed.,Ham
Reminder #2980 please review. Please contact me if needed.,Ham
Meeting #2981 please review. Please contact me if needed.,Ham
Schedule #2982 is confirmed. Please contact me if needed.,Ham
Family #2983 is attached. Please contact me if needed.,Ham
Meeting #2984 was delivered. Please contact me if needed.,Ham
Team #2985 was delivered. Please contact me if needed.,Ham
Reminder #2986 was delivered. Please contact me if needed.,Ham
Reminder #2987 was delivered. Please contact me if needed.,Ham
Project #2988 is confirmed. Please contact me if needed.,Ham
Report #2989 has been updated. Please contact me if needed.,Ham
Reminder #2990 needs approval. Please contact me if needed.,Ham
Report #2991 starts tomorrow. Please contact me if needed.,Ham
Appointment #2992 has been updated. Please contact me if needed.,Ham
Reminder #2993 is attached. Please contact me if needed.,Ham
Project #2994 is attached. Please contact me if needed.,Ham
Reminder #2995 has been updated. Please contact me if needed.,Ham
Appointment #2996 is attached. Please contact me if needed.,Ham
Invoice #2997 has been updated. Please contact me if needed.,Ham
Project #2998 needs approval. Please contact me if needed.,Ham
Appointment #2999 starts tomorrow. Please contact me if needed.,Ham
Family #3000 has been updated. Please contact me if needed.,Ham
Schedule #3001 was delivered. Please contact me if needed.,Ham
Appointment #3002 please review. Please contact me if needed.,Ham
Schedule #3003 please review. Please contact me if needed.,Ham
Meeting #3004 is confirmed. Please contact me if needed.,Ham
Project #3005 starts tomorrow. Please contact me if needed.,Ham
Reminder #3006 is confirmed. Please contact me if needed.,Ham
Schedule #3007 has been updated. Please contact me if needed.,Ham
Reminder #3008 is confirmed. Please contact me if needed.,Ham
Project #3009 is ready. Please contact me if needed.,Ham
Invoice #3010 starts tomorrow. Please contact me if needed.,Ham
Invoice #3011 was delivered. Please contact me if needed.,Ham
Invoice #3012 is ready. Please contact me if needed.,Ham
Schedule #3013 was delivered. Please contact me if needed.,Ham
Family #3014 needs approval. Please contact me if needed.,Ham
Meeting #3015 is confirmed. Please contact me if needed.,Ham
Appointment #3016 please review. Please contact me if needed.,Ham
Invoice #3017 is attached. Please contact me if needed.,Ham
Team #3018 is ready. Please contact me if needed.,Ham
Project #3019 has been updated. Please contact me if needed.,Ham
Family #3020 is ready. Please contact me if needed.,Ham
Schedule #3021 is ready. Please contact me if needed.,Ham
Meeting #3022 needs approval. Please contact me if needed.,Ham
Family #3023 is confirmed. Please contact me if needed.,Ham
Meeting #3024 please review. Please contact me if needed.,Ham
Reminder #3025 is confirmed. Please contact me if needed.,Ham
Order #3026 please review. Please contact me if needed.,Ham
Meeting #3027 is confirmed. Please contact me if needed.,Ham
Appointment #3028 starts tomorrow. Please contact me if needed.,Ham
Project #3029 is confirmed. Please contact me if needed.,Ham
Report #3030 is ready. Please contact me if needed.,Ham
Order #3031 is attached. Please contact me if needed.,Ham
Meeting #3032 needs approval. Please contact me if needed.,Ham
Schedule #3033 is confirmed. Please contact me if needed.,Ham
Order #3034 starts tomorrow. Please contact me if needed.,Ham
Reminder #3035 is ready. Please contact me if needed.,Ham
Report #3036 was delivered. Please contact me if needed.,Ham
Appointment #3037 has been updated. Please contact me if needed.,Ham
Meeting #3038 starts tomorrow. Please contact me if needed.,Ham
Reminder #3039 please review. Please contact me if needed.,Ham
Order #3040 is confirmed. Please contact me if needed.,Ham
Reminder #3041 is ready. Please contact me if needed.,Ham
Reminder #3042 was delivered. Please contact me if needed.,Ham
Schedule #3043 is attached. Please contact me if needed.,Ham
Project #3044 needs approval. Please contact me if needed.,Ham
Order #3045 needs approval. Please contact me if needed.,Ham
Order #3046 is attached. Please contact me if needed.,Ham
Project #3047 is attached. Please contact me if needed.,Ham
Family #3048 is ready. Please contact me if needed.,Ham
Order #3049 is ready. Please contact me if needed.,Ham
Appointment #3050 please review. Please contact me if needed.,Ham
Team #3051 please review. Please contact me if needed.,Ham
Schedule #3052 is confirmed. Please contact me if needed.,Ham
Report #3053 needs approval. Please contact me if needed.,Ham
Team #3054 is confirmed. Please contact me if needed.,Ham
Appointment #3055 is attached. Please contact me if needed.,Ham
Family #3056 please review. Please contact me if needed.,Ham
Schedule #3057 is ready. Please contact me if needed.,Ham
Appointment #3058 is ready. Please contact me if needed.,Ham
Order #3059 is ready. Please contact me if needed.,Ham
Family #3060 needs approval. Please contact me if needed.,Ham
Team #3061 was delivered. Please contact me if needed.,Ham
Project #3062 is ready. Please contact me if needed.,Ham
Appointment #3063 is attached. Please contact me if needed.,Ham
Reminder #3064 is ready. Please contact me if needed.,Ham
Order #3065 needs approval. Please contact me if needed.,Ham
Meeting #3066 is attached. Please contact me if needed.,Ham
Family #3067 was delivered. Please contact me if needed.,Ham
Invoice #3068 starts tomorrow. Please contact me if needed.,Ham
Reminder #3069 is attached. Please contact me if needed.,Ham
Order #3070 is confirmed. Please contact me if needed.,Ham
Invoice #3071 has been updated. Please contact me if needed.,Ham
Schedule #3072 is confirmed. Please contact me if needed.,Ham
Meeting #3073 starts tomorrow. Please contact me if needed.,Ham
Reminder #3074 needs approval. Please contact me if needed.,Ham
Invoice #3075 please review. Please contact me if needed.,Ham
Project #3076 was delivered. Please contact me if needed.,Ham
Schedule #3077 is attached. Please contact me if needed.,Ham
Team #3078 needs approval. Please contact me if needed.,Ham
Family #3079 starts tomorrow. Please contact me if needed.,Ham
Invoice #3080 please review. Please contact me if needed.,Ham
Meeting #3081 please review. Please contact me if needed.,Ham
Reminder #3082 has been updated. Please contact me if needed.,Ham
Meeting #3083 is ready. Please contact me if needed.,Ham
Meeting #3084 needs approval. Please contact me if needed.,Ham
Reminder #3085 please review. Please contact me if needed.,Ham
Schedule #3086 has been updated. Please contact me if needed.,Ham
Reminder #3087 is ready. Please contact me if needed.,Ham
Reminder #3088 is confirmed. Please contact me if needed.,Ham
Report #3089 is attached. Please contact me if needed.,Ham
Team #3090 has been updated. Please contact me if needed.,Ham
Reminder #3091 needs approval. Please contact me if needed.,Ham
Invoice #3092 starts tomorrow. Please contact me if needed.,Ham
Team #3093 was delivered. Please contact me if needed.,Ham
Appointment #3094 is confirmed. Please contact me if needed.,Ham
Report #3095 is attached. Please contact me if needed.,Ham
Order #3096 starts tomorrow. Please contact me if needed.,Ham
Appointment #3097 please review. Please contact me if needed.,Ham
Schedule #3098 please review. Please contact me if needed.,Ham
Appointment #3099 please review. Please contact me if needed.,Ham
Report #3100 is confirmed. Please contact me if needed.,Ham
Invoice #3101 needs approval. Please contact me if needed.,Ham
Project #3102 starts tomorrow. Please contact me if needed.,Ham
Team #3103 please review. Please contact me if needed.,Ham
Appointment #3104 please review. Please contact me if needed.,Ham
Schedule #3105 was delivered. Please contact me if needed.,Ham
Reminder #3106 is attached. Please contact me if needed.,Ham
Team #3107 was delivered. Please contact me if needed.,Ham
Team #3108 was delivered. Please contact me if needed.,Ham
Meeting #3109 is attached. Please contact me if needed.,Ham
Schedule #3110 has been updated. Please contact me if needed.,Ham
Report #3111 please review. Please contact me if needed.,Ham
Reminder #3112 please review. Please contact me if needed.,Ham
Reminder #3113 please review. Please contact me if needed.,Ham
Family #3114 starts tomorrow. Please contact me if needed.,Ham
Team #3115 please review. Please contact me if needed.,Ham
Project #3116 starts tomorrow. Please contact me if needed.,Ham
Project #3117 is confirmed. Please contact me if needed.,Ham
Appointment #3118 was delivered. Please contact me if needed.,Ham
Appointment #3119 is ready. Please contact me if needed.,Ham
Meeting #3120 is ready. Please contact me if needed.,Ham
Order #3121 please review. Please contact me if needed.,Ham
Schedule #3122 is confirmed. Please contact me if needed.,Ham
Appointment #3123 has been updated. Please contact me if needed.,Ham
Team #3124 is confirmed. Please contact me if needed.,Ham
Invoice #3125 is confirmed. Please contact me if needed.,Ham
Team #3126 needs approval. Please contact me if needed.,Ham
Appointment #3127 needs approval. Please contact me if needed.,Ham
Family #3128 is ready. Please contact me if needed.,Ham
Meeting #3129 has been updated. Please contact me if needed.,Ham
Report #3130 needs approval. Please contact me if needed.,Ham
Report #3131 was delivered. Please contact me if needed.,Ham
Appointment #3132 please review. Please contact me if needed.,Ham
Invoice #3133 is confirmed. Please contact me if needed.,Ham
Meeting #3134 was delivered. Please contact me if needed.,Ham
Appointment #3135 is attached. Please contact me if needed.,Ham
Invoice #3136 was delivered. Please contact me if needed.,Ham
Meeting #3137 was delivered. Please contact me if needed.,Ham
Appointment #3138 starts tomorrow. Please contact me if needed.,Ham
Appointment #3139 is ready. Please contact me if needed.,Ham
Schedule #3140 is confirmed. Please contact me if needed.,Ham
Reminder #3141 is confirmed. Please contact me if needed.,Ham
Appointment #3142 is attached. Please contact me if needed.,Ham
Reminder #3143 was delivered. Please contact me if needed.,Ham
Schedule #3144 has been updated. Please contact me if needed.,Ham
Invoice #3145 is ready. Please contact me if needed.,Ham
Team #3146 has been updated. Please contact me if needed.,Ham
Order #3147 is ready. Please contact me if needed.,Ham
Schedule #3148 starts tomorrow. Please contact me if needed.,Ham
Project #3149 is attached. Please contact me if needed.,Ham
Meeting #3150 please review. Please contact me if needed.,Ham
Schedule #3151 needs approval. Please contact me if needed.,Ham
Appointment #3152 needs approval. Please contact me if needed.,Ham
Project #3153 is ready. Please contact me if needed.,Ham
Family #3154 is confirmed. Please contact me if needed.,Ham
Project #3155 was delivered. Please contact me if needed.,Ham
Order #3156 is confirmed. Please contact me if needed.,Ham
Team #3157 is confirmed. Please contact me if needed.,Ham
Order #3158 has been updated. Please contact me if needed.,Ham
Meeting #3159 has been updated. Please contact me if needed.,Ham
Order #3160 was delivered. Please contact me if needed.,Ham
Meeting #3161 is confirmed. Please contact me if needed.,Ham
Appointment #3162 is confirmed. Please contact me if needed.,Ham
Family #3163 is attached. Please contact me if needed.,Ham
Appointment #3164 please review. Please contact me if needed.,Ham
Meeting #3165 is ready. Please contact me if needed.,Ham
Team #3166 has been updated. Please contact me if needed.,Ham
Invoice #3167 is ready. Please contact me if needed.,Ham
Invoice #3168 was delivered. Please contact me if needed.,Ham
Team #3169 is confirmed. Please contact me if needed.,Ham
Schedule #3170 is ready. Please contact me if needed.,Ham
Report #3171 is attached. Please contact me if needed.,Ham
Schedule #3172 has been updated. Please contact me if needed.,Ham
Family #3173 was delivered. Please contact me if needed.,Ham
Team #3174 was delivered. Please contact me if needed.,Ham
Meeting #3175 is attached. Please contact me if needed.,Ham
Appointment #3176 has been updated. Please contact me if needed.,Ham
Project #3177 needs approval. Please contact me if needed.,Ham
Project #3178 starts tomorrow. Please contact me if needed.,Ham
Team #3179 was delivered. Please contact me if needed.,Ham
Reminder #3180 has been updated. Please contact me if needed.,Ham
Reminder #3181 is ready. Please contact me if needed.,Ham
Team #3182 was delivered. Please contact me if needed.,Ham
Invoice #3183 is ready. Please contact me if needed.,Ham
Order #3184 is attached. Please contact me if needed.,Ham
Reminder #3185 needs approval. Please contact me if needed.,Ham
Order #3186 is attached. Please contact me if needed.,Ham
Family #3187 has been updated. Please contact me if needed.,Ham
Project #3188 needs approval. Please contact me if needed.,Ham
Team #3189 has been updated. Please contact me if needed.,Ham
Reminder #3190 please review. Please contact me if needed.,Ham
Project #3191 starts tomorrow. Please contact me if needed.,Ham
Reminder #3192 is confirmed. Please contact me if needed.,Ham
Schedule #3193 please review. Please contact me if needed.,Ham
Project #3194 is ready. Please contact me if needed.,Ham
Meeting #3195 please review. Please contact me if needed.,Ham
Family #3196 is ready. Please contact me if needed.,Ham
Reminder #3197 starts tomorrow. Please contact me if needed.,Ham
Appointment #3198 please review. Please contact me if needed.,Ham
Report #3199 has been updated. Please contact me if needed.,Ham
Invoice #3200 needs approval. Please contact me if needed.,Ham
Report #3201 starts tomorrow. Please contact me if needed.,Ham
Report #3202 is attached. Please contact me if needed.,Ham
Project #3203 has been updated. Please contact me if needed.,Ham
Meeting #3204 is ready. Please contact me if needed.,Ham
Invoice #3205 is attached. Please contact me if needed.,Ham
Order #3206 is confirmed. Please contact me if needed.,Ham
Appointment #3207 was delivered. Please contact me if needed.,Ham
Order #3208 is ready. Please contact me if needed.,Ham
Schedule #3209 is confirmed. Please contact me if needed.,Ham
Project #3210 is ready. Please contact me if needed.,Ham
Project #3211 is ready. Please contact me if needed.,Ham
Family #3212 was delivered. Please contact me if needed.,Ham
Report #3213 has been updated. Please contact me if needed.,Ham
Team #3214 please review. Please contact me if needed.,Ham
Team #3215 starts tomorrow. Please contact me if needed.,Ham
Team #3216 was delivered. Please contact me if needed.,Ham
Order #3217 has been updated. Please contact me if needed.,Ham
Meeting #3218 please review. Please contact me if needed.,Ham
Project #3219 is confirmed. Please contact me if needed.,Ham
Report #3220 is ready. Please contact me if needed.,Ham
Report #3221 is confirmed. Please contact me if needed.,Ham
Family #3222 is ready. Please contact me if needed.,Ham
Team #3223 starts tomorrow. Please contact me if needed.,Ham
Order #3224 is ready. Please contact me if needed.,Ham
Report #3225 is attached. Please contact me if needed.,Ham
Project #3226 was delivered. Please contact me if needed.,Ham
Project #3227 was delivered. Please contact me if needed.,Ham
Meeting #3228 has been updated. Please contact me if needed.,Ham
Meeting #3229 has been updated. Please contact me if needed.,Ham
Invoice #3230 is attached. Please contact me if needed.,Ham
Invoice #3231 has been updated. Please contact me if needed.,Ham
Schedule #3232 please review. Please contact me if needed.,Ham
Appointment #3233 starts tomorrow. Please contact me if needed.,Ham
Team #3234 is confirmed. Please contact me if needed.,Ham
Family #3235 is attached. Please contact me if needed.,Ham
Reminder #3236 is ready. Please contact me if needed.,Ham
Appointment #3237 needs approval. Please contact me if needed.,Ham
Reminder #3238 please review. Please contact me if needed.,Ham
Appointment #3239 needs approval. Please contact me if needed.,Ham
Family #3240 please review. Please contact me if needed.,Ham
Schedule #3241 is confirmed. Please contact me if needed.,Ham
Reminder #3242 is attached. Please contact me if needed.,Ham
Invoice #3243 is attached. Please contact me if needed.,Ham
Appointment #3244 is attached. Please contact me if needed.,Ham
Schedule #3245 starts tomorrow. Please contact me if needed.,Ham
Schedule #3246 has been updated. Please contact me if needed.,Ham
Order #3247 please review. Please contact me if needed.,Ham
Schedule #3248 needs approval. Please contact me if needed.,Ham
Meeting #3249 needs approval. Please contact me if needed.,Ham
Appointment #3250 please review. Please contact me if needed.,Ham
Report #3251 please review. Please contact me if needed.,Ham
Schedule #3252 has been updated. Please contact me if needed.,Ham
Reminder #3253 was delivered. Please contact me if needed.,Ham
Invoice #3254 please review. Please contact me if needed.,Ham
Order #3255 is confirmed. Please contact me if needed.,Ham
Meeting #3256 was delivered. Please contact me if needed.,Ham
Project #3257 is attached. Please contact me if needed.,Ham
Schedule #3258 is confirmed. Please contact me if needed.,Ham
Project #3259 is attached. Please contact me if needed.,Ham
Report #3260 is confirmed. Please contact me if needed.,Ham
Report #3261 needs approval. Please contact me if needed.,Ham
Appointment #3262 needs approval. Please contact me if needed.,Ham
Project #3263 starts tomorrow. Please contact me if needed.,Ham
Reminder #3264 is ready. Please contact me if needed.,Ham
Report #3265 is ready. Please contact me if needed.,Ham
Meeting #3266 please review. Please contact me if needed.,Ham
Meeting #3267 has been updated. Please contact me if needed.,Ham
Team #3268 is ready. Please contact me if needed.,Ham
Meeting #3269 is ready. Please contact me if needed.,Ham
Report #3270 needs approval. Please contact me if needed.,Ham
Team #3271 has been updated. Please contact me if needed.,Ham
Family #3272 please review. Please contact me if needed.,Ham
Schedule #3273 is confirmed. Please contact me if needed.,Ham
Reminder #3274 please review. Please contact me if needed.,Ham
Meeting #3275 is attached. Please contact me if needed.,Ham
Schedule #3276 is attached. Please contact me if needed.,Ham
Order #3277 please review. Please contact me if needed.,Ham
Project #3278 please review. Please contact me if needed.,Ham
Family #3279 is ready. Please contact me if needed.,Ham
Project #3280 is ready. Please contact me if needed.,Ham
Report #3281 was delivered. Please contact me if needed.,Ham
Team #3282 is confirmed. Please contact me if needed.,Ham
Family #3283 has been updated. Please contact me if needed.,Ham
Appointment #3284 needs approval. Please contact me if needed.,Ham
Invoice #3285 needs approval. Please contact me if needed.,Ham
Order #3286 is ready. Please contact me if needed.,Ham
Reminder #3287 starts tomorrow. Please contact me if needed.,Ham
Invoice #3288 was delivered. Please contact me if needed.,Ham
Appointment #3289 is confirmed. Please contact me if needed.,Ham
Project #3290 is confirmed. Please contact me if needed.,Ham
Reminder #3291 is ready. Please contact me if needed.,Ham
Order #3292 is ready. Please contact me if needed.,Ham
Team #3293 is ready. Please contact me if needed.,Ham
Reminder #3294 is attached. Please contact me if needed.,Ham
Report #3295 has been updated. Please contact me if needed.,Ham
Invoice #3296 is confirmed. Please contact me if needed.,Ham
Meeting #3297 has been updated. Please contact me if needed.,Ham
Reminder #3298 is attached. Please contact me if needed.,Ham
Meeting #3299 was delivered. Please contact me if needed.,Ham
Family #3300 is ready. Please contact me if needed.,Ham
Invoice #3301 is attached. Please contact me if needed.,Ham
Invoice #3302 is ready. Please contact me if needed.,Ham
Meeting #3303 needs approval. Please contact me if needed.,Ham
Meeting #3304 is confirmed. Please contact me if needed.,Ham
Family #3305 needs approval. Please contact me if needed.,Ham
Reminder #3306 was delivered. Please contact me if needed.,Ham
Appointment #3307 needs approval. Please contact me if needed.,Ham
Invoice #3308 is confirmed. Please contact me if needed.,Ham
Schedule #3309 is ready. Please contact me if needed.,Ham
Reminder #3310 is ready. Please contact me if needed.,Ham
Project #3311 starts tomorrow. Please contact me if needed.,Ham
Report #3312 is attached. Please contact me if needed.,Ham
Appointment #3313 was delivered. Please contact me if needed.,Ham
Meeting #3314 is confirmed. Please contact me if needed.,Ham
Schedule #3315 has been updated. Please contact me if needed.,Ham
Report #3316 has been updated. Please contact me if needed.,Ham
Invoice #3317 is attached. Please contact me if needed.,Ham
Project #3318 starts tomorrow. Please contact me if needed.,Ham
Report #3319 is confirmed. Please contact me if needed.,Ham
Team #3320 please review. Please contact me if needed.,Ham
Reminder #3321 is attached. Please contact me if needed.,Ham
Team #3322 please review. Please contact me if needed.,Ham
Reminder #3323 needs approval. Please contact me if needed.,Ham
Meeting #3324 is ready. Please contact me if needed.,Ham
Family #3325 starts tomorrow. Please contact me if needed.,Ham
Project #3326 has been updated. Please contact me if needed.,Ham
Meeting #3327 was delivered. Please contact me if needed.,Ham
Team #3328 needs approval. Please contact me if needed.,Ham
Report #3329 starts tomorrow. Please contact me if needed.,Ham
Appointment #3330 has been updated. Please contact me if needed.,Ham
Family #3331 needs approval. Please contact me if needed.,Ham
Reminder #3332 needs approval. Please contact me if needed.,Ham
Schedule #3333 needs approval. Please contact me if needed.,Ham
Report #3334 needs approval. Please contact me if needed.,Ham
Report #3335 is confirmed. Please contact me if needed.,Ham
Project #3336 needs approval. Please contact me if needed.,Ham
Meeting #3337 is attached. Please contact me if needed.,Ham
Family #3338 starts tomorrow. Please contact me if needed.,Ham
Reminder #3339 please review. Please contact me if needed.,Ham
Report #3340 is confirmed. Please contact me if needed.,Ham
Reminder #3341 is attached. Please contact me if needed.,Ham
Appointment #3342 is ready. Please contact me if needed.,Ham
Invoice #3343 has been updated. Please contact me if needed.,Ham
Reminder #3344 starts tomorrow. Please contact me if needed.,Ham
Reminder #3345 needs approval. Please contact me if needed.,Ham
Reminder #3346 has been updated. Please contact me if needed.,Ham
Schedule #3347 is ready. Please contact me if needed.,Ham
Team #3348 please review. Please contact me if needed.,Ham
Report #3349 is confirmed. Please contact me if needed.,Ham
Team #3350 needs approval. Please contact me if needed.,Ham
Reminder #3351 starts tomorrow. Please contact me if needed.,Ham
Invoice #3352 was delivered. Please contact me if needed.,Ham
Schedule #3353 was delivered. Please contact me if needed.,Ham
Report #3354 please review. Please contact me if needed.,Ham
Order #3355 is attached. Please contact me if needed.,Ham
Team #3356 is confirmed. Please contact me if needed.,Ham
Project #3357 is confirmed. Please contact me if needed.,Ham
Team #3358 starts tomorrow. Please contact me if needed.,Ham
Project #3359 is confirmed. Please contact me if needed.,Ham
Meeting #3360 is attached. Please contact me if needed.,Ham
Appointment #3361 is ready. Please contact me if needed.,Ham
Family #3362 is attached. Please contact me if needed.,Ham
Team #3363 is attached. Please contact me if needed.,Ham
Appointment #3364 has been updated. Please contact me if needed.,Ham
Appointment #3365 has been updated. Please contact me if needed.,Ham
Order #3366 needs approval. Please contact me if needed.,Ham
Project #3367 has been updated. Please contact me if needed.,Ham
Family #3368 has been updated. Please contact me if needed.,Ham
Report #3369 is attached. Please contact me if needed.,Ham
Project #3370 is ready. Please contact me if needed.,Ham
Meeting #3371 starts tomorrow. Please contact me if needed.,Ham
Meeting #3372 needs approval. Please contact me if needed.,Ham
Family #3373 needs approval. Please contact me if needed.,Ham
Meeting #3374 starts tomorrow. Please contact me if needed.,Ham
Order #3375 please review. Please contact me if needed.,Ham
Reminder #3376 has been updated. Please contact me if needed.,Ham
Invoice #3377 has been updated. Please contact me if needed.,Ham
Project #3378 was delivered. Please contact me if needed.,Ham
Reminder #3379 is attached. Please contact me if needed.,Ham
Meeting #3380 was delivered. Please contact me if needed.,Ham
Reminder #3381 starts tomorrow. Please contact me if needed.,Ham
Team #3382 needs approval. Please contact me if needed.,Ham
Team #3383 starts tomorrow. Please contact me if needed.,Ham
Meeting #3384 starts tomorrow. Please contact me if needed.,Ham
Schedule #3385 please review. Please contact me if needed.,Ham
Appointment #3386 needs approval. Please contact me if needed.,Ham
Invoice #3387 was delivered. Please contact me if needed.,Ham
Appointment #3388 is ready. Please contact me if needed.,Ham
Meeting #3389 is attached. Please contact me if needed.,Ham
Family #3390 is confirmed. Please contact me if needed.,Ham
Team #3391 needs approval. Please contact me if needed.,Ham
Appointment #3392 was delivered. Please contact me if needed.,Ham
Order #3393 please review. Please contact me if needed.,Ham
Appointment #3394 is ready. Please contact me if needed.,Ham
Order #3395 is confirmed. Please contact me if needed.,Ham
Invoice #3396 starts tomorrow. Please contact me if needed.,Ham
Invoice #3397 is ready. Please contact me if needed.,Ham
Order #3398 is attached. Please contact me if needed.,Ham
Reminder #3399 is attached. Please contact me if needed.,Ham
Team #3400 is attached. Please contact me if needed.,Ham
Family #3401 starts tomorrow. Please contact me if needed.,Ham
Project #3402 is attached. Please contact me if needed.,Ham
Report #3403 starts tomorrow. Please contact me if needed.,Ham
Invoice #3404 was delivered. Please contact me if needed.,Ham
Appointment #3405 please review. Please contact me if needed.,Ham
Report #3406 starts tomorrow. Please contact me if needed.,Ham
Schedule #3407 starts tomorrow. Please contact me if needed.,Ham
Family #3408 was delivered. Please contact me if needed.,Ham
Meeting #3409 is ready. Please contact me if needed.,Ham
Order #3410 is attached. Please contact me if needed.,Ham
Meeting #3411 has been updated. Please contact me if needed.,Ham
Schedule #3412 is confirmed. Please contact me if needed.,Ham
Project #3413 was delivered. Please contact me if needed.,Ham
Meeting #3414 is ready. Please contact me if needed.,Ham
Team #3415 was delivered. Please contact me if needed.,Ham
Schedule #3416 starts tomorrow. Please contact me if needed.,Ham
Order #3417 is attached. Please contact me if needed.,Ham
Meeting #3418 needs approval. Please contact me if needed.,Ham
Meeting #3419 is ready. Please contact me if needed.,Ham
Team #3420 was delivered. Please contact me if needed.,Ham
Reminder #3421 is attached. Please contact me if needed.,Ham
Report #3422 has been updated. Please contact me if needed.,Ham
Reminder #3423 is attached. Please contact me if needed.,Ham
Meeting #3424 has been updated. Please contact me if needed.,Ham
Family #3425 is attached. Please contact me if needed.,Ham
Team #3426 needs approval. Please contact me if needed.,Ham
Family #3427 has been updated. Please contact me if needed.,Ham
Reminder #3428 please review. Please contact me if needed.,Ham
Invoice #3429 was delivered. Please contact me if needed.,Ham
Order #3430 needs approval. Please contact me if needed.,Ham
Appointment #3431 please review. Please contact me if needed.,Ham
Invoice #3432 has been updated. Please contact me if needed.,Ham
Reminder #3433 is confirmed. Please contact me if needed.,Ham
Project #3434 needs approval. Please contact me if needed.,Ham
Reminder #3435 is attached. Please contact me if needed.,Ham
Schedule #3436 was delivered. Please contact me if needed.,Ham
Team #3437 please review. Please contact me if needed.,Ham
Schedule #3438 has been updated. Please contact me if needed.,Ham
Report #3439 starts tomorrow. Please contact me if needed.,Ham
Team #3440 is confirmed. Please contact me if needed.,Ham
Order #3441 is confirmed. Please contact me if needed.,Ham
Invoice #3442 needs approval. Please contact me if needed.,Ham
Schedule #3443 is attached. Please contact me if needed.,Ham
Report #3444 has been updated. Please contact me if needed.,Ham
Team #3445 please review. Please contact me if needed.,Ham
Appointment #3446 was delivered. Please contact me if needed.,Ham
Schedule #3447 is confirmed. Please contact me if needed.,Ham
Team #3448 starts tomorrow. Please contact me if needed.,Ham
Invoice #3449 has been updated. Please contact me if needed.,Ham
Family #3450 is ready. Please contact me if needed.,Ham
Report #3451 was delivered. Please contact me if needed.,Ham
Report #3452 was delivered. Please contact me if needed.,Ham
Family #3453 was delivered. Please contact me if needed.,Ham
Appointment #3454 is attached. Please contact me if needed.,Ham
Reminder #3455 was delivered. Please contact me if needed.,Ham
Team #3456 needs approval. Please contact me if needed.,Ham
Order #3457 starts tomorrow. Please contact me if needed.,Ham
Invoice #3458 is attached. Please contact me if needed.,Ham
Report #3459 has been updated. Please contact me if needed.,Ham
Family #3460 is ready. Please contact me if needed.,Ham
Invoice #3461 needs approval. Please contact me if needed.,Ham
Meeting #3462 needs approval. Please contact me if needed.,Ham
Meeting #3463 was delivered. Please contact me if needed.,Ham
Report #3464 is attached. Please contact me if needed.,Ham
Appointment #3465 is attached. Please contact me if needed.,Ham
Project #3466 was delivered. Please contact me if needed.,Ham
Family #3467 is attached. Please contact me if needed.,Ham
Order #3468 starts tomorrow. Please contact me if needed.,Ham
Schedule #3469 needs approval. Please contact me if needed.,Ham
Family #3470 was delivered. Please contact me if needed.,Ham
Family #3471 has been updated. Please contact me if needed.,Ham
Invoice #3472 is ready. Please contact me if needed.,Ham
Family #3473 is confirmed. Please contact me if needed.,Ham
Appointment #3474 please review. Please contact me if needed.,Ham
Report #3475 was delivered. Please contact me if needed.,Ham
Schedule #3476 needs approval. Please contact me if needed.,Ham
Project #3477 starts tomorrow. Please contact me if needed.,Ham
Report #3478 is attached. Please contact me if needed.,Ham
Team #3479 is ready. Please contact me if needed.,Ham
Team #3480 starts tomorrow. Please contact me if needed.,Ham
Reminder #3481 is ready. Please contact me if needed.,Ham
Schedule #3482 is attached. Please contact me if needed.,Ham
Invoice #3483 has been updated. Please contact me if needed.,Ham
Report #3484 is attached. Please contact me if needed.,Ham
Invoice #3485 is attached. Please contact me if needed.,Ham
Order #3486 please review. Please contact me if needed.,Ham
Invoice #3487 is confirmed. Please contact me if needed.,Ham
Schedule #3488 is attached. Please contact me if needed.,Ham
Report #3489 starts tomorrow. Please contact me if needed.,Ham
Appointment #3490 has been updated. Please contact me if needed.,Ham
Meeting #3491 was delivered. Please contact me if needed.,Ham
Meeting #3492 is ready. Please contact me if needed.,Ham
Meeting #3493 please review. Please contact me if needed.,Ham
Project #3494 has been updated. Please contact me if needed.,Ham
Family #3495 is confirmed. Please contact me if needed.,Ham
Report #3496 is ready. Please contact me if needed.,Ham
Invoice #3497 needs approval. Please contact me if needed.,Ham
Reminder #3498 was delivered. Please contact me if needed.,Ham
Meeting #3499 is ready. Please contact me if needed.,Ham
Team #3500 is confirmed. Please contact me if needed.,Ham
Reminder #3501 please review. Please contact me if needed.,Ham
Project #3502 starts tomorrow. Please contact me if needed.,Ham
Meeting #3503 is attached. Please contact me if needed.,Ham
Project #3504 starts tomorrow. Please contact me if needed.,Ham
Team #3505 is attached. Please contact me if needed.,Ham
Project #3506 please review. Please contact me if needed.,Ham
Project #3507 needs approval. Please contact me if needed.,Ham
Appointment #3508 needs approval. Please contact me if needed.,Ham
Report #3509 please review. Please contact me if needed.,Ham
Report #3510 needs approval. Please contact me if needed.,Ham
Team #3511 is confirmed. Please contact me if needed.,Ham
Order #3512 has been updated. Please contact me if needed.,Ham
Meeting #3513 please review. Please contact me if needed.,Ham
Project #3514 is confirmed. Please contact me if needed.,Ham
Schedule #3515 was delivered. Please contact me if needed.,Ham
Project #3516 needs approval. Please contact me if needed.,Ham
Schedule #3517 was delivered. Please contact me if needed.,Ham
Project #3518 is ready. Please contact me if needed.,Ham
Project #3519 is ready. Please contact me if needed.,Ham
Reminder #3520 has been updated. Please contact me if needed.,Ham
Project #3521 is ready. Please contact me if needed.,Ham
Project #3522 starts tomorrow. Please contact me if needed.,Ham
Team #3523 please review. Please contact me if needed.,Ham
Meeting #3524 was delivered. Please contact me if needed.,Ham
Invoice #3525 needs approval. Please contact me if needed.,Ham
Order #3526 was delivered. Please contact me if needed.,Ham
Family #3527 needs approval. Please contact me if needed.,Ham
Schedule #3528 was delivered. Please contact me if needed.,Ham
Schedule #3529 is confirmed. Please contact me if needed.,Ham
Project #3530 starts tomorrow. Please contact me if needed.,Ham
Order #3531 is attached. Please contact me if needed.,Ham
Family #3532 please review. Please contact me if needed.,Ham
Report #3533 has been updated. Please contact me if needed.,Ham
Reminder #3534 needs approval. Please contact me if needed.,Ham
Schedule #3535 is confirmed. Please contact me if needed.,Ham
Report #3536 needs approval. Please contact me if needed.,Ham
Reminder #3537 has been updated. Please contact me if needed.,Ham
Family #3538 needs approval. Please contact me if needed.,Ham
Team #3539 please review. Please contact me if needed.,Ham
Report #3540 is confirmed. Please contact me if needed.,Ham
Order #3541 is attached. Please contact me if needed.,Ham
Project #3542 is confirmed. Please contact me if needed.,Ham
Family #3543 is confirmed. Please contact me if needed.,Ham
Order #3544 starts tomorrow. Please contact me if needed.,Ham
Meeting #3545 has been updated. Please contact me if needed.,Ham
Report #3546 is ready. Please contact me if needed.,Ham
Appointment #3547 please review. Please contact me if needed.,Ham
Project #3548 is confirmed. Please contact me if needed.,Ham
Project #3549 is confirmed. Please contact me if needed.,Ham
Appointment #3550 is ready. Please contact me if needed.,Ham
Appointment #3551 was delivered. Please contact me if needed.,Ham
Family #3552 is attached. Please contact me if needed.,Ham
Family #3553 starts tomorrow. Please contact me if needed.,Ham
Report #3554 was delivered. Please contact me if needed.,Ham
Order #3555 is ready. Please contact me if needed.,Ham
Invoice #3556 starts tomorrow. Please contact me if needed.,Ham
Schedule #3557 is ready. Please contact me if needed.,Ham
Team #3558 is attached. Please contact me if needed.,Ham
Schedule #3559 needs approval. Please contact me if needed.,Ham
Reminder #3560 needs approval. Please contact me if needed.,Ham
Team #3561 is confirmed. Please contact me if needed.,Ham
Invoice #3562 is ready. Please contact me if needed.,Ham
Invoice #3563 starts tomorrow. Please contact me if needed.,Ham
Project #3564 is confirmed. Please contact me if needed.,Ham
Order #3565 has been updated. Please contact me if needed.,Ham
Project #3566 was delivered. Please contact me if needed.,Ham
Project #3567 is attached. Please contact me if needed.,Ham
Order #3568 starts tomorrow. Please contact me if needed.,Ham
Family #3569 has been updated. Please contact me if needed.,Ham
Order #3570 was delivered. Please contact me if needed.,Ham
Invoice #3571 needs approval. Please contact me if needed.,Ham
Schedule #3572 is attached. Please contact me if needed.,Ham
Reminder #3573 starts tomorrow. Please contact me if needed.,Ham
Team #3574 needs approval. Please contact me if needed.,Ham
Project #3575 has been updated. Please contact me if needed.,Ham
Appointment #3576 is ready. Please contact me if needed.,Ham
Team #3577 is attached. Please contact me if needed.,Ham
Appointment #3578 please review. Please contact me if needed.,Ham
Invoice #3579 needs approval. Please contact me if needed.,Ham
Meeting #3580 please review. Please contact me if needed.,Ham
Meeting #3581 is attached. Please contact me if needed.,Ham
Appointment #3582 is confirmed. Please contact me if needed.,Ham
Appointment #3583 is attached. Please contact me if needed.,Ham
Meeting #3584 is attached. Please contact me if needed.,Ham
Reminder #3585 is attached. Please contact me if needed.,Ham
Appointment #3586 is confirmed. Please contact me if needed.,Ham
Report #3587 was delivered. Please contact me if needed.,Ham
Order #3588 is ready. Please contact me if needed.,Ham
Family #3589 is ready. Please contact me if needed.,Ham
Meeting #3590 is attached. Please contact me if needed.,Ham
Invoice #3591 is ready. Please contact me if needed.,Ham
Report #3592 has been updated. Please contact me if needed.,Ham
Order #3593 was delivered. Please contact me if needed.,Ham
Report #3594 needs approval. Please contact me if needed.,Ham
Invoice #3595 please review. Please contact me if needed.,Ham
Order #3596 please review. Please contact me if needed.,Ham
Reminder #3597 was delivered. Please contact me if needed.,Ham
Order #3598 is confirmed. Please contact me if needed.,Ham
Order #3599 starts tomorrow. Please contact me if needed.,Ham
Schedule #3600 please review. Please contact me if needed.,Ham
Report #3601 please review. Please contact me if needed.,Ham
Team #3602 please review. Please contact me if needed.,Ham
Family #3603 was delivered. Please contact me if needed.,Ham
Schedule #3604 needs approval. Please contact me if needed.,Ham
Family #3605 is attached. Please contact me if needed.,Ham
Appointment #3606 starts tomorrow. Please contact me if needed.,Ham
Family #3607 starts tomorrow. Please contact me if needed.,Ham
Invoice #3608 is ready. Please contact me if needed.,Ham
Report #3609 is attached. Please contact me if needed.,Ham
Family #3610 is attached. Please contact me if needed.,Ham
Appointment #3611 is ready. Please contact me if needed.,Ham
Order #3612 was delivered. Please contact me if needed.,Ham
Schedule #3613 was delivered. Please contact me if needed.,Ham
Reminder #3614 starts tomorrow. Please contact me if needed.,Ham
Order #3615 please review. Please contact me if needed.,Ham
Team #3616 please review. Please contact me if needed.,Ham
Project #3617 is ready. Please contact me if needed.,Ham
Project #3618 needs approval. Please contact me if needed.,Ham
Schedule #3619 is ready. Please contact me if needed.,Ham
Reminder #3620 is ready. Please contact me if needed.,Ham
Family #3621 was delivered. Please contact me if needed.,Ham
Reminder #3622 is confirmed. Please contact me if needed.,Ham
Order #3623 starts tomorrow. Please contact me if needed.,Ham
Appointment #3624 has been updated. Please contact me if needed.,Ham
Project #3625 has been updated. Please contact me if needed.,Ham
Meeting #3626 has been updated. Please contact me if needed.,Ham
Report #3627 is confirmed. Please contact me if needed.,Ham
Appointment #3628 is confirmed. Please contact me if needed.,Ham
Reminder #3629 is ready. Please contact me if needed.,Ham
Invoice #3630 is ready. Please contact me if needed.,Ham
Meeting #3631 is attached. Please contact me if needed.,Ham
Order #3632 needs approval. Please contact me if needed.,Ham
Family #3633 is confirmed. Please contact me if needed.,Ham
Reminder #3634 needs approval. Please contact me if needed.,Ham
Family #3635 is confirmed. Please contact me if needed.,Ham
Meeting #3636 needs approval. Please contact me if needed.,Ham
Family #3637 needs approval. Please contact me if needed.,Ham
Project #3638 has been updated. Please contact me if needed.,Ham
Team #3639 is confirmed. Please contact me if needed.,Ham
Project #3640 starts tomorrow. Please contact me if needed.,Ham
Invoice #3641 was delivered. Please contact me if needed.,Ham
Project #3642 starts tomorrow. Please contact me if needed.,Ham
Order #3643 is confirmed. Please contact me if needed.,Ham
Team #3644 is ready. Please contact me if needed.,Ham
Report #3645 starts tomorrow. Please contact me if needed.,Ham
Family #3646 was delivered. Please contact me if needed.,Ham
Schedule #3647 was delivered. Please contact me if needed.,Ham
Reminder #3648 was delivered. Please contact me if needed.,Ham
Meeting #3649 is ready. Please contact me if needed.,Ham
Appointment #3650 starts tomorrow. Please contact me if needed.,Ham
Reminder #3651 has been updated. Please contact me if needed.,Ham
Report #3652 is confirmed. Please contact me if needed.,Ham
Appointment #3653 has been updated. Please contact me if needed.,Ham
Appointment #3654 needs approval. Please contact me if needed.,Ham
Schedule #3655 please review. Please contact me if needed.,Ham
Family #3656 has been updated. Please contact me if needed.,Ham
Appointment #3657 was delivered. Please contact me if needed.,Ham
Schedule #3658 needs approval. Please contact me if needed.,Ham
Schedule #3659 please review. Please contact me if needed.,Ham
Invoice #3660 starts tomorrow. Please contact me if needed.,Ham
Schedule #3661 has been updated. Please contact me if needed.,Ham
Meeting #3662 is attached. Please contact me if needed.,Ham
Appointment #3663 is attached. Please contact me if needed.,Ham
Appointment #3664 please review. Please contact me if needed.,Ham
Appointment #3665 starts tomorrow. Please contact me if needed.,Ham
Project #3666 is confirmed. Please contact me if needed.,Ham
Invoice #3667 was delivered. Please contact me if needed.,Ham
Order #3668 is attached. Please contact me if needed.,Ham
Meeting #3669 please review. Please contact me if needed.,Ham
Reminder #3670 please review. Please contact me if needed.,Ham
Report #3671 is ready. Please contact me if needed.,Ham
Reminder #3672 starts tomorrow. Please contact me if needed.,Ham
Invoice #3673 starts tomorrow. Please contact me if needed.,Ham
Project #3674 is confirmed. Please contact me if needed.,Ham
Appointment #3675 was delivered. Please contact me if needed.,Ham
Report #3676 is attached. Please contact me if needed.,Ham
Report #3677 has been updated. Please contact me if needed.,Ham
Appointment #3678 please review. Please contact me if needed.,Ham
Family #3679 starts tomorrow. Please contact me if needed.,Ham
Team #3680 please review. Please contact me if needed.,Ham
Invoice #3681 is ready. Please contact me if needed.,Ham
Appointment #3682 is attached. Please contact me if needed.,Ham
Family #3683 please review. Please contact me if needed.,Ham
Family #3684 has been updated. Please contact me if needed.,Ham
Invoice #3685 is ready. Please contact me if needed.,Ham
Meeting #3686 was delivered. Please contact me if needed.,Ham
Project #3687 starts tomorrow. Please contact me if needed.,Ham
Meeting #3688 is ready. Please contact me if needed.,Ham
Appointment #3689 is attached. Please contact me if needed.,Ham
Order #3690 needs approval. Please contact me if needed.,Ham
Meeting #3691 is ready. Please contact me if needed.,Ham
Reminder #3692 needs approval. Please contact me if needed.,Ham
Project #3693 starts tomorrow. Please contact me if needed.,Ham
Invoice #3694 starts tomorrow. Please contact me if needed.,Ham
Family #3695 starts tomorrow. Please contact me if needed.,Ham
Family #3696 has been updated. Please contact me if needed.,Ham
Team #3697 is confirmed. Please contact me if needed.,Ham
Order #3698 starts tomorrow. Please contact me if needed.,Ham
Schedule #3699 is ready. Please contact me if needed.,Ham
Reminder #3700 is attached. Please contact me if needed.,Ham
Project #3701 needs approval. Please contact me if needed.,Ham
Appointment #3702 is confirmed. Please contact me if needed.,Ham
Family #3703 please review. Please contact me if needed.,Ham
Schedule #3704 needs approval. Please contact me if needed.,Ham
Appointment #3705 please review. Please contact me if needed.,Ham
Invoice #3706 is confirmed. Please contact me if needed.,Ham
Report #3707 is attached. Please contact me if needed.,Ham
Reminder #3708 is ready. Please contact me if needed.,Ham
Family #3709 please review. Please contact me if needed.,Ham
Invoice #3710 is ready. Please contact me if needed.,Ham
Order #3711 starts tomorrow. Please contact me if needed.,Ham
Reminder #3712 please review. Please contact me if needed.,Ham
Family #3713 is confirmed. Please contact me if needed.,Ham
Meeting #3714 is confirmed. Please contact me if needed.,Ham
Schedule #3715 is confirmed. Please contact me if needed.,Ham
Order #3716 was delivered. Please contact me if needed.,Ham
Reminder #3717 is confirmed. Please contact me if needed.,Ham
Team #3718 is ready. Please contact me if needed.,Ham
Project #3719 starts tomorrow. Please contact me if needed.,Ham
Report #3720 needs approval. Please contact me if needed.,Ham
Meeting #3721 is confirmed. Please contact me if needed.,Ham
Team #3722 was delivered. Please contact me if needed.,Ham
Reminder #3723 please review. Please contact me if needed.,Ham
Family #3724 is attached. Please contact me if needed.,Ham
Team #3725 is confirmed. Please contact me if needed.,Ham
Reminder #3726 is attached. Please contact me if needed.,Ham
Invoice #3727 has been updated. Please contact me if needed.,Ham
Team #3728 starts tomorrow. Please contact me if needed.,Ham
Family #3729 has been updated. Please contact me if needed.,Ham
Report #3730 please review. Please contact me if needed.,Ham
Project #3731 is confirmed. Please contact me if needed.,Ham
Schedule #3732 needs approval. Please contact me if needed.,Ham
Schedule #3733 is attached. Please contact me if needed.,Ham
Schedule #3734 starts tomorrow. Please contact me if needed.,Ham
Appointment #3735 was delivered. Please contact me if needed.,Ham
Schedule #3736 was delivered. Please contact me if needed.,Ham
Meeting #3737 has been updated. Please contact me if needed.,Ham
Team #3738 please review. Please contact me if needed.,Ham
Reminder #3739 has been updated. Please contact me if needed.,Ham
Order #3740 is attached. Please contact me if needed.,Ham
Report #3741 has been updated. Please contact me if needed.,Ham
Project #3742 is attached. Please contact me if needed.,Ham
Schedule #3743 has been updated. Please contact me if needed.,Ham
Reminder #3744 was delivered. Please contact me if needed.,Ham
Appointment #3745 is ready. Please contact me if needed.,Ham
Team #3746 is attached. Please contact me if needed.,Ham
Report #3747 starts tomorrow. Please contact me if needed.,Ham
Appointment #3748 is ready. Please contact me if needed.,Ham
Report #3749 starts tomorrow. Please contact me if needed.,Ham
Appointment #3750 is attached. Please contact me if needed.,Ham
Schedule #3751 was delivered. Please contact me if needed.,Ham
Family #3752 needs approval. Please contact me if needed.,Ham
Family #3753 has been updated. Please contact me if needed.,Ham
Order #3754 needs approval. Please contact me if needed.,Ham
Schedule #3755 has been updated. Please contact me if needed.,Ham
Report #3756 has been updated. Please contact me if needed.,Ham
Reminder #3757 is attached. Please contact me if needed.,Ham
Report #3758 has been updated. Please contact me if needed.,Ham
Team #3759 has been updated. Please contact me if needed.,Ham
Order #3760 is confirmed. Please contact me if needed.,Ham
Reminder #3761 is confirmed. Please contact me if needed.,Ham
Team #3762 please review. Please contact me if needed.,Ham
Invoice #3763 starts tomorrow. Please contact me if needed.,Ham
Reminder #3764 is attached. Please contact me if needed.,Ham
Schedule #3765 needs approval. Please contact me if needed.,Ham
Order #3766 needs approval. Please contact me if needed.,Ham
Invoice #3767 starts tomorrow. Please contact me if needed.,Ham
Order #3768 is confirmed. Please contact me if needed.,Ham
Report #3769 has been updated. Please contact me if needed.,Ham
Schedule #3770 is attached. Please contact me if needed.,Ham
Appointment #3771 starts tomorrow. Please contact me if needed.,Ham
Reminder #3772 is confirmed. Please contact me if needed.,Ham
Project #3773 is confirmed. Please contact me if needed.,Ham
Order #3774 is attached. Please contact me if needed.,Ham
Report #3775 is ready. Please contact me if needed.,Ham
Schedule #3776 please review. Please contact me if needed.,Ham
Invoice #3777 please review. Please contact me if needed.,Ham
Family #3778 is attached. Please contact me if needed.,Ham
Meeting #3779 needs approval. Please contact me if needed.,Ham
Order #3780 needs approval. Please contact me if needed.,Ham
Appointment #3781 was delivered. Please contact me if needed.,Ham
Team #3782 was delivered. Please contact me if needed.,Ham
Order #3783 needs approval. Please contact me if needed.,Ham
Reminder #3784 starts tomorrow. Please contact me if needed.,Ham
Reminder #3785 was delivered. Please contact me if needed.,Ham
Meeting #3786 has been updated. Please contact me if needed.,Ham
Invoice #3787 is attached. Please contact me if needed.,Ham
Team #3788 was delivered. Please contact me if needed.,Ham
Order #3789 has been updated. Please contact me if needed.,Ham
Family #3790 is ready. Please contact me if needed.,Ham
Report #3791 please review. Please contact me if needed.,Ham
Family #3792 has been updated. Please contact me if needed.,Ham
Reminder #3793 please review. Please contact me if needed.,Ham
Reminder #3794 is attached. Please contact me if needed.,Ham
Meeting #3795 is ready. Please contact me if needed.,Ham
Schedule #3796 please review. Please contact me if needed.,Ham
Appointment #3797 starts tomorrow. Please contact me if needed.,Ham
Schedule #3798 please review. Please contact me if needed.,Ham
Order #3799 is ready. Please contact me if needed.,Ham
Invoice #3800 needs approval. Please contact me if needed.,Ham
Project #3801 is ready. Please contact me if needed.,Ham
Family #3802 please review. Please contact me if needed.,Ham
Team #3803 needs approval. Please contact me if needed.,Ham
Meeting #3804 is attached. Please contact me if needed.,Ham
Report #3805 is ready. Please contact me if needed.,Ham
Report #3806 needs approval. Please contact me if needed.,Ham
Family #3807 starts tomorrow. Please contact me if needed.,Ham
Reminder #3808 please review. Please contact me if needed.,Ham
Order #3809 needs approval. Please contact me if needed.,Ham
Family #3810 has been updated. Please contact me if needed.,Ham
Meeting #3811 was delivered. Please contact me if needed.,Ham
Meeting #3812 is attached. Please contact me if needed.,Ham
Team #3813 needs approval. Please contact me if needed.,Ham
Meeting #3814 is ready. Please contact me if needed.,Ham
Team #3815 was delivered. Please contact me if needed.,Ham
Appointment #3816 please review. Please contact me if needed.,Ham
Meeting #3817 needs approval. Please contact me if needed.,Ham
Appointment #3818 is ready. Please contact me if needed.,Ham
Project #3819 was delivered. Please contact me if needed.,Ham
Meeting #3820 starts tomorrow. Please contact me if needed.,Ham
Invoice #3821 was delivered. Please contact me if needed.,Ham
Order #3822 was delivered. Please contact me if needed.,Ham
Report #3823 needs approval. Please contact me if needed.,Ham
Family #3824 please review. Please contact me if needed.,Ham
Reminder #3825 please review. Please contact me if needed.,Ham
Team #3826 was delivered. Please contact me if needed.,Ham
Invoice #3827 is attached. Please contact me if needed.,Ham
Report #3828 was delivered. Please contact me if needed.,Ham
Family #3829 was delivered. Please contact me if needed.,Ham
Invoice #3830 is confirmed. Please contact me if needed.,Ham
Report #3831 is confirmed. Please contact me if needed.,Ham
Order #3832 is ready. Please contact me if needed.,Ham
Project #3833 was delivered. Please contact me if needed.,Ham
Project #3834 has been updated. Please contact me if needed.,Ham
Order #3835 has been updated. Please contact me if needed.,Ham
Meeting #3836 needs approval. Please contact me if needed.,Ham
Report #3837 is attached. Please contact me if needed.,Ham
Meeting #3838 is confirmed. Please contact me if needed.,Ham
Appointment #3839 please review. Please contact me if needed.,Ham
Meeting #3840 is confirmed. Please contact me if needed.,Ham
Project #3841 is attached. Please contact me if needed.,Ham
Report #3842 is confirmed. Please contact me if needed.,Ham
Family #3843 please review. Please contact me if needed.,Ham
Project #3844 is ready. Please contact me if needed.,Ham
Project #3845 was delivered. Please contact me if needed.,Ham
Schedule #3846 is attached. Please contact me if needed.,Ham
Meeting #3847 is attached. Please contact me if needed.,Ham
Invoice #3848 has been updated. Please contact me if needed.,Ham
Invoice #3849 please review. Please contact me if needed.,Ham
Project #3850 is confirmed. Please contact me if needed.,Ham
Team #3851 is ready. Please contact me if needed.,Ham
Reminder #3852 please review. Please contact me if needed.,Ham
Reminder #3853 is confirmed. Please contact me if needed.,Ham
Schedule #3854 needs approval. Please contact me if needed.,Ham
Family #3855 starts tomorrow. Please contact me if needed.,Ham
Order #3856 please review. Please contact me if needed.,Ham
Order #3857 is attached. Please contact me if needed.,Ham
Family #3858 is confirmed. Please contact me if needed.,Ham
Order #3859 needs approval. Please contact me if needed.,Ham
Report #3860 is ready. Please contact me if needed.,Ham
Family #3861 is confirmed. Please contact me if needed.,Ham
Reminder #3862 please review. Please contact me if needed.,Ham
Appointment #3863 starts tomorrow. Please contact me if needed.,Ham
Family #3864 is ready. Please contact me if needed.,Ham
Reminder #3865 please review. Please contact me if needed.,Ham
Meeting #3866 is attached. Please contact me if needed.,Ham
Appointment #3867 is confirmed. Please contact me if needed.,Ham
Family #3868 starts tomorrow. Please contact me if needed.,Ham
Team #3869 starts tomorrow. Please contact me if needed.,Ham
Appointment #3870 has been updated. Please contact me if needed.,Ham
Order #3871 is confirmed. Please contact me if needed.,Ham
Family #3872 starts tomorrow. Please contact me if needed.,Ham
Family #3873 is confirmed. Please contact me if needed.,Ham
Reminder #3874 is attached. Please contact me if needed.,Ham
Team #3875 is confirmed. Please contact me if needed.,Ham
Schedule #3876 is attached. Please contact me if needed.,Ham
Project #3877 has been updated. Please contact me if needed.,Ham
Meeting #3878 please review. Please contact me if needed.,Ham
Schedule #3879 is ready. Please contact me if needed.,Ham
Project #3880 has been updated. Please contact me if needed.,Ham
Schedule #3881 has been updated. Please contact me if needed.,Ham
Appointment #3882 starts tomorrow. Please contact me if needed.,Ham
Reminder #3883 has been updated. Please contact me if needed.,Ham
Invoice #3884 please review. Please contact me if needed.,Ham
Meeting #3885 is attached. Please contact me if needed.,Ham
Report #3886 is ready. Please contact me if needed.,Ham
Invoice #3887 starts tomorrow. Please contact me if needed.,Ham
Order #3888 is attached. Please contact me if needed.,Ham
Meeting #3889 has been updated. Please contact me if needed.,Ham
Report #3890 needs approval. Please contact me if needed.,Ham
Family #3891 is confirmed. Please contact me if needed.,Ham
Appointment #3892 is ready. Please contact me if needed.,Ham
Reminder #3893 is ready. Please contact me if needed.,Ham
Team #3894 needs approval. Please contact me if needed.,Ham
Team #3895 please review. Please contact me if needed.,Ham
Appointment #3896 is ready. Please contact me if needed.,Ham
Team #3897 is confirmed. Please contact me if needed.,Ham
Report #3898 has been updated. Please contact me if needed.,Ham
Family #3899 starts tomorrow. Please contact me if needed.,Ham
Meeting #3900 is confirmed. Please contact me if needed.,Ham
Meeting #3901 is ready. Please contact me if needed.,Ham
Reminder #3902 was delivered. Please contact me if needed.,Ham
Team #3903 needs approval. Please contact me if needed.,Ham
Team #3904 is confirmed. Please contact me if needed.,Ham
Invoice #3905 is confirmed. Please contact me if needed.,Ham
Family #3906 starts tomorrow. Please contact me if needed.,Ham
Invoice #3907 starts tomorrow. Please contact me if needed.,Ham
Appointment #3908 was delivered. Please contact me if needed.,Ham
Appointment #3909 is attached. Please contact me if needed.,Ham
Project #3910 needs approval. Please contact me if needed.,Ham
Reminder #3911 starts tomorrow. Please contact me if needed.,Ham
Reminder #3912 has been updated. Please contact me if needed.,Ham
Meeting #3913 is ready. Please contact me if needed.,Ham
Meeting #3914 is attached. Please contact me if needed.,Ham
Team #3915 was delivered. Please contact me if needed.,Ham
Invoice #3916 has been updated. Please contact me if needed.,Ham
Meeting #3917 is attached. Please contact me if needed.,Ham
Meeting #3918 starts tomorrow. Please contact me if needed.,Ham
Project #3919 please review. Please contact me if needed.,Ham
Order #3920 has been updated. Please contact me if needed.,Ham
Invoice #3921 was delivered. Please contact me if needed.,Ham
Invoice #3922 starts tomorrow. Please contact me if needed.,Ham
Reminder #3923 please review. Please contact me if needed.,Ham
Meeting #3924 is ready. Please contact me if needed.,Ham
Invoice #3925 needs approval. Please contact me if needed.,Ham
Team #3926 was delivered. Please contact me if needed.,Ham
Schedule #3927 was delivered. Please contact me if needed.,Ham
Report #3928 please review. Please contact me if needed.,Ham
Appointment #3929 is confirmed. Please contact me if needed.,Ham
Reminder #3930 please review. Please contact me if needed.,Ham
Report #3931 is attached. Please contact me if needed.,Ham
Meeting #3932 needs approval. Please contact me if needed.,Ham
Family #3933 starts tomorrow. Please contact me if needed.,Ham
Report #3934 is ready. Please contact me if needed.,Ham
Appointment #3935 was delivered. Please contact me if needed.,Ham
Order #3936 has been updated. Please contact me if needed.,Ham
Project #3937 starts tomorrow. Please contact me if needed.,Ham
Reminder #3938 needs approval. Please contact me if needed.,Ham
Order #3939 starts tomorrow. Please contact me if needed.,Ham
Order #3940 please review. Please contact me if needed.,Ham
Meeting #3941 starts tomorrow. Please contact me if needed.,Ham
Appointment #3942 is ready. Please contact me if needed.,Ham
Family #3943 is confirmed. Please contact me if needed.,Ham
Team #3944 is confirmed. Please contact me if needed.,Ham
Project #3945 has been updated. Please contact me if needed.,Ham
Team #3946 please review. Please contact me if needed.,Ham
Report #3947 is ready. Please contact me if needed.,Ham
Invoice #3948 please review. Please contact me if needed.,Ham
Team #3949 has been updated. Please contact me if needed.,Ham
Family #3950 is attached. Please contact me if needed.,Ham
Appointment #3951 starts tomorrow. Please contact me if needed.,Ham
Reminder #3952 was delivered. Please contact me if needed.,Ham
Report #3953 was delivered. Please contact me if needed.,Ham
Schedule #3954 is confirmed. Please contact me if needed.,Ham
Order #3955 is attached. Please contact me if needed.,Ham
Report #3956 is ready. Please contact me if needed.,Ham
Reminder #3957 needs approval. Please contact me if needed.,Ham
Meeting #3958 has been updated. Please contact me if needed.,Ham
Schedule #3959 is ready. Please contact me if needed.,Ham
Report #3960 was delivered. Please contact me if needed.,Ham
Reminder #3961 is attached. Please contact me if needed.,Ham
Invoice #3962 has been updated. Please contact me if needed.,Ham
Report #3963 was delivered. Please contact me if needed.,Ham
Meeting #3964 needs approval. Please contact me if needed.,Ham
Order #3965 was delivered. Please contact me if needed.,Ham
Appointment #3966 needs approval. Please contact me if needed.,Ham
Team #3967 needs approval. Please contact me if needed.,Ham
Team #3968 is confirmed. Please contact me if needed.,Ham
Family #3969 is confirmed. Please contact me if needed.,Ham
Reminder #3970 is confirmed. Please contact me if needed.,Ham
Reminder #3971 was delivered. Please contact me if needed.,Ham
Meeting #3972 is attached. Please contact me if needed.,Ham
Report #3973 was delivered. Please contact me if needed.,Ham
Schedule #3974 has been updated. Please contact me if needed.,Ham
Project #3975 starts tomorrow. Please contact me if needed.,Ham
Family #3976 is attached. Please contact me if needed.,Ham
Appointment #3977 is attached. Please contact me if needed.,Ham
Invoice #3978 please review. Please contact me if needed.,Ham
Reminder #3979 has been updated. Please contact me if needed.,Ham
Appointment #3980 has been updated. Please contact me if needed.,Ham
Family #3981 has been updated. Please contact me if needed.,Ham
Schedule #3982 has been updated. Please contact me if needed.,Ham
Reminder #3983 please review. Please contact me if needed.,Ham
Meeting #3984 starts tomorrow. Please contact me if needed.,Ham
Project #3985 starts tomorrow. Please contact me if needed.,Ham
Reminder #3986 is attached. Please contact me if needed.,Ham
Schedule #3987 has been updated. Please contact me if needed.,Ham
Reminder #3988 is confirmed. Please contact me if needed.,Ham
Report #3989 is confirmed. Please contact me if needed.,Ham
Family #3990 needs approval. Please contact me if needed.,Ham
Invoice #3991 please review. Please contact me if needed.,Ham
Team #3992 was delivered. Please contact me if needed.,Ham
Project #3993 starts tomorrow. Please contact me if needed.,Ham
Project #3994 please review. Please contact me if needed.,Ham
Invoice #3995 has been updated. Please contact me if needed.,Ham
Appointment #3996 needs approval. Please contact me if needed.,Ham
Schedule #3997 please review. Please contact me if needed.,Ham
Meeting #3998 was delivered. Please contact me if needed.,Ham
Team #3999 is confirmed. Please contact me if needed.,Ham
Invoice #4000 has been updated. Please contact me if needed.,Ham
Report #4001 is attached. Please contact me if needed.,Ham
Reminder #4002 is attached. Please contact me if needed.,Ham
Family #4003 has been updated. Please contact me if needed.,Ham
Project #4004 needs approval. Please contact me if needed.,Ham
Team #4005 has been updated. Please contact me if needed.,Ham
Order #4006 needs approval. Please contact me if needed.,Ham
Family #4007 is confirmed. Please contact me if needed.,Ham
Order #4008 is ready. Please contact me if needed.,Ham
Project #4009 please review. Please contact me if needed.,Ham
Invoice #4010 has been updated. Please contact me if needed.,Ham
Appointment #4011 please review. Please contact me if needed.,Ham
Family #4012 is ready. Please contact me if needed.,Ham
Team #4013 is attached. Please contact me if needed.,Ham
Project #4014 is ready. Please contact me if needed.,Ham
Family #4015 is confirmed. Please contact me if needed.,Ham
Appointment #4016 please review. Please contact me if needed.,Ham
Report #4017 needs approval. Please contact me if needed.,Ham
Project #4018 needs approval. Please contact me if needed.,Ham
Project #4019 is confirmed. Please contact me if needed.,Ham
Family #4020 please review. Please contact me if needed.,Ham
Team #4021 is ready. Please contact me if needed.,Ham
Report #4022 is attached. Please contact me if needed.,Ham
Schedule #4023 is attached. Please contact me if needed.,Ham
Meeting #4024 starts tomorrow. Please contact me if needed.,Ham
Reminder #4025 is attached. Please contact me if needed.,Ham
Reminder #4026 is confirmed. Please contact me if needed.,Ham
Meeting #4027 needs approval. Please contact me if needed.,Ham
Project #4028 is confirmed. Please contact me if needed.,Ham
Appointment #4029 starts tomorrow. Please contact me if needed.,Ham
Family #4030 has been updated. Please contact me if needed.,Ham
Appointment #4031 is ready. Please contact me if needed.,Ham
Schedule #4032 needs approval. Please contact me if needed.,Ham
Invoice #4033 starts tomorrow. Please contact me if needed.,Ham
Report #4034 starts tomorrow. Please contact me if needed.,Ham
Report #4035 is confirmed. Please contact me if needed.,Ham
Family #4036 was delivered. Please contact me if needed.,Ham
Appointment #4037 needs approval. Please contact me if needed.,Ham
Reminder #4038 is attached. Please contact me if needed.,Ham
Team #4039 is ready. Please contact me if needed.,Ham
Report #4040 was delivered. Please contact me if needed.,Ham
Meeting #4041 has been updated. Please contact me if needed.,Ham
Team #4042 is confirmed. Please contact me if needed.,Ham
Meeting #4043 please review. Please contact me if needed.,Ham
Invoice #4044 starts tomorrow. Please contact me if needed.,Ham
Schedule #4045 needs approval. Please contact me if needed.,Ham
Order #4046 is confirmed. Please contact me if needed.,Ham
Family #4047 needs approval. Please contact me if needed.,Ham
Meeting #4048 starts tomorrow. Please contact me if needed.,Ham
Family #4049 needs approval. Please contact me if needed.,Ham
Meeting #4050 starts tomorrow. Please contact me if needed.,Ham
Appointment #4051 starts tomorrow. Please contact me if needed.,Ham
Team #4052 needs approval. Please contact me if needed.,Ham
Reminder #4053 was delivered. Please contact me if needed.,Ham
Schedule #4054 is attached. Please contact me if needed.,Ham
Order #4055 is attached. Please contact me if needed.,Ham
Invoice #4056 is ready. Please contact me if needed.,Ham
Order #4057 is ready. Please contact me if needed.,Ham
Reminder #4058 please review. Please contact me if needed.,Ham
Appointment #4059 starts tomorrow. Please contact me if needed.,Ham
Meeting #4060 is confirmed. Please contact me if needed.,Ham
Reminder #4061 was delivered. Please contact me if needed.,Ham
Project #4062 please review. Please contact me if needed.,Ham
Team #4063 starts tomorrow. Please contact me if needed.,Ham
Team #4064 is attached. Please contact me if needed.,Ham
Invoice #4065 starts tomorrow. Please contact me if needed.,Ham
Invoice #4066 was delivered. Please contact me if needed.,Ham
Team #4067 is ready. Please contact me if needed.,Ham
Invoice #4068 please review. Please contact me if needed.,Ham
Order #4069 starts tomorrow. Please contact me if needed.,Ham
Order #4070 was delivered. Please contact me if needed.,Ham
Invoice #4071 is ready. Please contact me if needed.,Ham
Order #4072 is confirmed. Please contact me if needed.,Ham
Report #4073 is attached. Please contact me if needed.,Ham
Team #4074 is attached. Please contact me if needed.,Ham
Schedule #4075 please review. Please contact me if needed.,Ham
Team #4076 starts tomorrow. Please contact me if needed.,Ham
Appointment #4077 is attached. Please contact me if needed.,Ham
Reminder #4078 was delivered. Please contact me if needed.,Ham
Reminder #4079 starts tomorrow. Please contact me if needed.,Ham
Project #4080 has been updated. Please contact me if needed.,Ham
Family #4081 has been updated. Please contact me if needed.,Ham
Reminder #4082 is attached. Please contact me if needed.,Ham
Reminder #4083 is confirmed. Please contact me if needed.,Ham
Invoice #4084 was delivered. Please contact me if needed.,Ham
Appointment #4085 is attached. Please contact me if needed.,Ham
Reminder #4086 please review. Please contact me if needed.,Ham
Invoice #4087 is confirmed. Please contact me if needed.,Ham
Reminder #4088 is attached. Please contact me if needed.,Ham
Reminder #4089 is confirmed. Please contact me if needed.,Ham
Report #4090 is attached. Please contact me if needed.,Ham
Schedule #4091 is attached. Please contact me if needed.,Ham
Meeting #4092 is ready. Please contact me if needed.,Ham
Family #4093 is ready. Please contact me if needed.,Ham
Reminder #4094 is confirmed. Please contact me if needed.,Ham
Appointment #4095 please review. Please contact me if needed.,Ham
Team #4096 was delivered. Please contact me if needed.,Ham
Team #4097 is ready. Please contact me if needed.,Ham
Reminder #4098 needs approval. Please contact me if needed.,Ham
Report #4099 starts tomorrow. Please contact me if needed.,Ham
Appointment #4100 is attached. Please contact me if needed.,Ham
Report #4101 is confirmed. Please contact me if needed.,Ham
Appointment #4102 needs approval. Please contact me if needed.,Ham
Report #4103 is confirmed. Please contact me if needed.,Ham
Report #4104 starts tomorrow. Please contact me if needed.,Ham
Project #4105 needs approval. Please contact me if needed.,Ham
Schedule #4106 is attached. Please contact me if needed.,Ham
Family #4107 please review. Please contact me if needed.,Ham
Appointment #4108 please review. Please contact me if needed.,Ham
Schedule #4109 has been updated. Please contact me if needed.,Ham
Team #4110 was delivered. Please contact me if needed.,Ham
Family #4111 please review. Please contact me if needed.,Ham
Team #4112 is attached. Please contact me if needed.,Ham
Team #4113 starts tomorrow. Please contact me if needed.,Ham
Schedule #4114 has been updated. Please contact me if needed.,Ham
Invoice #4115 please review. Please contact me if needed.,Ham
Meeting #4116 was delivered. Please contact me if needed.,Ham
Report #4117 is attached. Please contact me if needed.,Ham
Appointment #4118 has been updated. Please contact me if needed.,Ham
Schedule #4119 please review. Please contact me if needed.,Ham
Order #4120 needs approval. Please contact me if needed.,Ham
Schedule #4121 starts tomorrow. Please contact me if needed.,Ham
Report #4122 starts tomorrow. Please contact me if needed.,Ham
Order #4123 was delivered. Please contact me if needed.,Ham
Reminder #4124 please review. Please contact me if needed.,Ham
Order #4125 is confirmed. Please contact me if needed.,Ham
Invoice #4126 starts tomorrow. Please contact me if needed.,Ham
Family #4127 is attached. Please contact me if needed.,Ham
Order #4128 is ready. Please contact me if needed.,Ham
Reminder #4129 is confirmed. Please contact me if needed.,Ham
Appointment #4130 was delivered. Please contact me if needed.,Ham
Project #4131 is confirmed. Please contact me if needed.,Ham
Team #4132 starts tomorrow. Please contact me if needed.,Ham
Meeting #4133 is attached. Please contact me if needed.,Ham
Family #4134 was delivered. Please contact me if needed.,Ham
Schedule #4135 has been updated. Please contact me if needed.,Ham
Team #4136 has been updated. Please contact me if needed.,Ham
Schedule #4137 has been updated. Please contact me if needed.,Ham
Report #4138 was delivered. Please contact me if needed.,Ham
Schedule #4139 is attached. Please contact me if needed.,Ham
Family #4140 is confirmed. Please contact me if needed.,Ham
Report #4141 needs approval. Please contact me if needed.,Ham
Schedule #4142 was delivered. Please contact me if needed.,Ham
Team #4143 is attached. Please contact me if needed.,Ham
Family #4144 was delivered. Please contact me if needed.,Ham
Family #4145 starts tomorrow. Please contact me if needed.,Ham
Report #4146 is ready. Please contact me if needed.,Ham
Invoice #4147 is ready. Please contact me if needed.,Ham
Team #4148 needs approval. Please contact me if needed.,Ham
Reminder #4149 is ready. Please contact me if needed.,Ham
Project #4150 was delivered. Please contact me if needed.,Ham
Schedule #4151 is ready. Please contact me if needed.,Ham
Project #4152 is ready. Please contact me if needed.,Ham
Schedule #4153 was delivered. Please contact me if needed.,Ham
Team #4154 needs approval. Please contact me if needed.,Ham
Team #4155 is confirmed. Please contact me if needed.,Ham
Report #4156 is confirmed. Please contact me if needed.,Ham
Meeting #4157 needs approval. Please contact me if needed.,Ham
Invoice #4158 is ready. Please contact me if needed.,Ham
Schedule #4159 starts tomorrow. Please contact me if needed.,Ham
Report #4160 is attached. Please contact me if needed.,Ham
Meeting #4161 has been updated. Please contact me if needed.,Ham
Report #4162 has been updated. Please contact me if needed.,Ham
Appointment #4163 please review. Please contact me if needed.,Ham
Schedule #4164 is ready. Please contact me if needed.,Ham
Appointment #4165 was delivered. Please contact me if needed.,Ham
Appointment #4166 has been updated. Please contact me if needed.,Ham
Reminder #4167 starts tomorrow. Please contact me if needed.,Ham
Project #4168 was delivered. Please contact me if needed.,Ham
Meeting #4169 has been updated. Please contact me if needed.,Ham
Team #4170 needs approval. Please contact me if needed.,Ham
Invoice #4171 is attached. Please contact me if needed.,Ham
Meeting #4172 please review. Please contact me if needed.,Ham
Schedule #4173 is ready. Please contact me if needed.,Ham
Order #4174 is attached. Please contact me if needed.,Ham
Project #4175 please review. Please contact me if needed.,Ham
Family #4176 is ready. Please contact me if needed.,Ham
Project #4177 please review. Please contact me if needed.,Ham
Team #4178 is ready. Please contact me if needed.,Ham
Team #4179 is ready. Please contact me if needed.,Ham
Team #4180 is confirmed. Please contact me if needed.,Ham
Reminder #4181 is confirmed. Please contact me if needed.,Ham
Order #4182 starts tomorrow. Please contact me if needed.,Ham
Schedule #4183 has been updated. Please contact me if needed.,Ham
Appointment #4184 is ready. Please contact me if needed.,Ham
Appointment #4185 is attached. Please contact me if needed.,Ham
Invoice #4186 starts tomorrow. Please contact me if needed.,Ham
Order #4187 is ready. Please contact me if needed.,Ham
Reminder #4188 needs approval. Please contact me if needed.,Ham
Invoice #4189 has been updated. Please contact me if needed.,Ham
Appointment #4190 needs approval. Please contact me if needed.,Ham
Reminder #4191 was delivered. Please contact me if needed.,Ham
Appointment #4192 starts tomorrow. Please contact me if needed.,Ham
Project #4193 needs approval. Please contact me if needed.,Ham
Schedule #4194 has been updated. Please contact me if needed.,Ham
Project #4195 has been updated. Please contact me if needed.,Ham
Appointment #4196 please review. Please contact me if needed.,Ham
Reminder #4197 was delivered. Please contact me if needed.,Ham
Invoice #4198 is ready. Please contact me if needed.,Ham
Family #4199 needs approval. Please contact me if needed.,Ham
Team #4200 please review. Please contact me if needed.,Ham
Schedule #4201 is ready. Please contact me if needed.,Ham
Team #4202 has been updated. Please contact me if needed.,Ham
Meeting #4203 was delivered. Please contact me if needed.,Ham
Invoice #4204 was delivered. Please contact me if needed.,Ham
Schedule #4205 is confirmed. Please contact me if needed.,Ham
Project #4206 is attached. Please contact me if needed.,Ham
Invoice #4207 starts tomorrow. Please contact me if needed.,Ham
Appointment #4208 please review. Please contact me if needed.,Ham
Meeting #4209 was delivered. Please contact me if needed.,Ham
Reminder #4210 starts tomorrow. Please contact me if needed.,Ham
Family #4211 needs approval. Please contact me if needed.,Ham
Project #4212 has been updated. Please contact me if needed.,Ham
Reminder #4213 please review. Please contact me if needed.,Ham
Meeting #4214 is ready. Please contact me if needed.,Ham
Appointment #4215 needs approval. Please contact me if needed.,Ham
Schedule #4216 is ready. Please contact me if needed.,Ham
Schedule #4217 has been updated. Please contact me if needed.,Ham
Reminder #4218 is attached. Please contact me if needed.,Ham
Invoice #4219 is confirmed. Please contact me if needed.,Ham
Schedule #4220 needs approval. Please contact me if needed.,Ham
Reminder #4221 needs approval. Please contact me if needed.,Ham
Family #4222 please review. Please contact me if needed.,Ham
Reminder #4223 was delivered. Please contact me if needed.,Ham
Family #4224 please review. Please contact me if needed.,Ham
Family #4225 is attached. Please contact me if needed.,Ham
Family #4226 is ready. Please contact me if needed.,Ham
Reminder #4227 needs approval. Please contact me if needed.,Ham
Reminder #4228 is confirmed. Please contact me if needed.,Ham
Team #4229 was delivered. Please contact me if needed.,Ham
Report #4230 was delivered. Please contact me if needed.,Ham
Project #4231 is confirmed. Please contact me if needed.,Ham
Invoice #4232 is confirmed. Please contact me if needed.,Ham
Meeting #4233 needs approval. Please contact me if needed.,Ham
Invoice #4234 needs approval. Please contact me if needed.,Ham
Order #4235 is ready. Please contact me if needed.,Ham
Meeting #4236 is ready. Please contact me if needed.,Ham
Family #4237 starts tomorrow. Please contact me if needed.,Ham
Invoice #4238 was delivered. Please contact me if needed.,Ham
Invoice #4239 is attached. Please contact me if needed.,Ham
Project #4240 is ready. Please contact me if needed.,Ham
Family #4241 was delivered. Please contact me if needed.,Ham
Report #4242 was delivered. Please contact me if needed.,Ham
Schedule #4243 is ready. Please contact me if needed.,Ham
Project #4244 needs approval. Please contact me if needed.,Ham
Team #4245 starts tomorrow. Please contact me if needed.,Ham
Family #4246 needs approval. Please contact me if needed.,Ham
Order #4247 is confirmed. Please contact me if needed.,Ham
Appointment #4248 is ready. Please contact me if needed.,Ham
Schedule #4249 is confirmed. Please contact me if needed.,Ham
Schedule #4250 has been updated. Please contact me if needed.,Ham
Family #4251 needs approval. Please contact me if needed.,Ham
Appointment #4252 starts tomorrow. Please contact me if needed.,Ham
Project #4253 was delivered. Please contact me if needed.,Ham
Team #4254 is ready. Please contact me if needed.,Ham
Project #4255 please review. Please contact me if needed.,Ham
Appointment #4256 needs approval. Please contact me if needed.,Ham
Reminder #4257 needs approval. Please contact me if needed.,Ham
Reminder #4258 needs approval. Please contact me if needed.,Ham
Reminder #4259 please review. Please contact me if needed.,Ham
Report #4260 needs approval. Please contact me if needed.,Ham
Schedule #4261 is ready. Please contact me if needed.,Ham
Family #4262 starts tomorrow. Please contact me if needed.,Ham
Report #4263 has been updated. Please contact me if needed.,Ham
Reminder #4264 has been updated. Please contact me if needed.,Ham
Order #4265 needs approval. Please contact me if needed.,Ham
Appointment #4266 starts tomorrow. Please contact me if needed.,Ham
Meeting #4267 starts tomorrow. Please contact me if needed.,Ham
Order #4268 needs approval. Please contact me if needed.,Ham
Schedule #4269 is ready. Please contact me if needed.,Ham
Invoice #4270 is attached. Please contact me if needed.,Ham
Project #4271 was delivered. Please contact me if needed.,Ham
Schedule #4272 has been updated. Please contact me if needed.,Ham
Appointment #4273 is ready. Please contact me if needed.,Ham
Schedule #4274 please review. Please contact me if needed.,Ham
Family #4275 is confirmed. Please contact me if needed.,Ham
Team #4276 was delivered. Please contact me if needed.,Ham
Report #4277 is confirmed. Please contact me if needed.,Ham
Appointment #4278 needs approval. Please contact me if needed.,Ham
Schedule #4279 is ready. Please contact me if needed.,Ham
Family #4280 please review. Please contact me if needed.,Ham
Family #4281 is ready. Please contact me if needed.,Ham
Order #4282 please review. Please contact me if needed.,Ham
Order #4283 is confirmed. Please contact me if needed.,Ham
Appointment #4284 starts tomorrow. Please contact me if needed.,Ham
Schedule #4285 please review. Please contact me if needed.,Ham
Family #4286 starts tomorrow. Please contact me if needed.,Ham
Schedule #4287 please review. Please contact me if needed.,Ham
Reminder #4288 is confirmed. Please contact me if needed.,Ham
Meeting #4289 was delivered. Please contact me if needed.,Ham
Invoice #4290 is confirmed. Please contact me if needed.,Ham
Team #4291 is attached. Please contact me if needed.,Ham
Invoice #4292 needs approval. Please contact me if needed.,Ham
Meeting #4293 has been updated. Please contact me if needed.,Ham
Appointment #4294 is attached. Please contact me if needed.,Ham
Team #4295 needs approval. Please contact me if needed.,Ham
Schedule #4296 needs approval. Please contact me if needed.,Ham
Appointment #4297 please review. Please contact me if needed.,Ham
Order #4298 needs approval. Please contact me if needed.,Ham
Report #4299 starts tomorrow. Please contact me if needed.,Ham
Project #4300 needs approval. Please contact me if needed.,Ham
Schedule #4301 is ready. Please contact me if needed.,Ham
Appointment #4302 starts tomorrow. Please contact me if needed.,Ham
Meeting #4303 starts tomorrow. Please contact me if needed.,Ham
Order #4304 is attached. Please contact me if needed.,Ham
Appointment #4305 needs approval. Please contact me if needed.,Ham
Reminder #4306 please review. Please contact me if needed.,Ham
Invoice #4307 please review. Please contact me if needed.,Ham
Project #4308 is confirmed. Please contact me if needed.,Ham
Report #4309 starts tomorrow. Please contact me if needed.,Ham
Schedule #4310 needs approval. Please contact me if needed.,Ham
Meeting #4311 please review. Please contact me if needed.,Ham
Report #4312 has been updated. Please contact me if needed.,Ham
Appointment #4313 is attached. Please contact me if needed.,Ham
Family #4314 is confirmed. Please contact me if needed.,Ham
Team #4315 is ready. Please contact me if needed.,Ham
Schedule #4316 has been updated. Please contact me if needed.,Ham
Schedule #4317 needs approval. Please contact me if needed.,Ham
Invoice #4318 was delivered. Please contact me if needed.,Ham
Meeting #4319 is attached. Please contact me if needed.,Ham
Order #4320 is confirmed. Please contact me if needed.,Ham
Report #4321 was delivered. Please contact me if needed.,Ham
Appointment #4322 is attached. Please contact me if needed.,Ham
Family #4323 is attached. Please contact me if needed.,Ham
Schedule #4324 has been updated. Please contact me if needed.,Ham
Project #4325 is attached. Please contact me if needed.,Ham
Team #4326 is attached. Please contact me if needed.,Ham
Schedule #4327 was delivered. Please contact me if needed.,Ham
Order #4328 is attached. Please contact me if needed.,Ham
Team #4329 please review. Please contact me if needed.,Ham
Order #4330 starts tomorrow. Please contact me if needed.,Ham
Team #4331 is attached. Please contact me if needed.,Ham
Family #4332 is ready. Please contact me if needed.,Ham
Report #4333 please review. Please contact me if needed.,Ham
Reminder #4334 is ready. Please contact me if needed.,Ham
Meeting #4335 please review. Please contact me if needed.,Ham
Appointment #4336 has been updated. Please contact me if needed.,Ham
Report #4337 is attached. Please contact me if needed.,Ham
Project #4338 was delivered. Please contact me if needed.,Ham
Family #4339 starts tomorrow. Please contact me if needed.,Ham
Family #4340 starts tomorrow. Please contact me if needed.,Ham
Appointment #4341 is attached. Please contact me if needed.,Ham
Reminder #4342 needs approval. Please contact me if needed.,Ham
Schedule #4343 is ready. Please contact me if needed.,Ham
Invoice #4344 please review. Please contact me if needed.,Ham
Meeting #4345 is confirmed. Please contact me if needed.,Ham
Report #4346 is confirmed. Please contact me if needed.,Ham
Project #4347 needs approval. Please contact me if needed.,Ham
Family #4348 is ready. Please contact me if needed.,Ham
Family #4349 starts tomorrow. Please contact me if needed.,Ham
Report #4350 is attached. Please contact me if needed.,Ham
Appointment #4351 starts tomorrow. Please contact me if needed.,Ham
Family #4352 was delivered. Please contact me if needed.,Ham
Schedule #4353 is confirmed. Please contact me if needed.,Ham
Team #4354 is attached. Please contact me if needed.,Ham
Family #4355 is ready. Please contact me if needed.,Ham
Report #4356 needs approval. Please contact me if needed.,Ham
Project #4357 is attached. Please contact me if needed.,Ham
Reminder #4358 starts tomorrow. Please contact me if needed.,Ham
Order #4359 needs approval. Please contact me if needed.,Ham
Meeting #4360 is ready. Please contact me if needed.,Ham
Report #4361 please review. Please contact me if needed.,Ham
Meeting #4362 is confirmed. Please contact me if needed.,Ham
Report #4363 was delivered. Please contact me if needed.,Ham
Report #4364 has been updated. Please contact me if needed.,Ham
Reminder #4365 is confirmed. Please contact me if needed.,Ham
Meeting #4366 is ready. Please contact me if needed.,Ham
Invoice #4367 needs approval. Please contact me if needed.,Ham
Meeting #4368 needs approval. Please contact me if needed.,Ham
Project #4369 needs approval. Please contact me if needed.,Ham
Meeting #4370 starts tomorrow. Please contact me if needed.,Ham
Invoice #4371 was delivered. Please contact me if needed.,Ham
Team #4372 starts tomorrow. Please contact me if needed.,Ham
Family #4373 is attached. Please contact me if needed.,Ham
Project #4374 please review. Please contact me if needed.,Ham
Schedule #4375 is ready. Please contact me if needed.,Ham
Appointment #4376 is attached. Please contact me if needed.,Ham
Family #4377 is confirmed. Please contact me if needed.,Ham
Schedule #4378 is ready. Please contact me if needed.,Ham
Schedule #4379 is ready. Please contact me if needed.,Ham
Order #4380 please review. Please contact me if needed.,Ham
Schedule #4381 has been updated. Please contact me if needed.,Ham
Schedule #4382 starts tomorrow. Please contact me if needed.,Ham
Family #4383 needs approval. Please contact me if needed.,Ham
Order #4384 needs approval. Please contact me if needed.,Ham
Order #4385 needs approval. Please contact me if needed.,Ham
Family #4386 please review. Please contact me if needed.,Ham
Appointment #4387 is confirmed. Please contact me if needed.,Ham
Schedule #4388 has been updated. Please contact me if needed.,Ham
Report #4389 starts tomorrow. Please contact me if needed.,Ham
Family #4390 is attached. Please contact me if needed.,Ham
Order #4391 is attached. Please contact me if needed.,Ham
Report #4392 starts tomorrow. Please contact me if needed.,Ham
Family #4393 was delivered. Please contact me if needed.,Ham
Meeting #4394 needs approval. Please contact me if needed.,Ham
Schedule #4395 is ready. Please contact me if needed.,Ham
Family #4396 is ready. Please contact me if needed.,Ham
Schedule #4397 starts tomorrow. Please contact me if needed.,Ham
Invoice #4398 was delivered. Please contact me if needed.,Ham
Invoice #4399 please review. Please contact me if needed.,Ham
Project #4400 is attached. Please contact me if needed.,Ham
Invoice #4401 has been updated. Please contact me if needed.,Ham
Schedule #4402 was delivered. Please contact me if needed.,Ham
Reminder #4403 was delivered. Please contact me if needed.,Ham
Report #4404 is ready. Please contact me if needed.,Ham
Schedule #4405 is attached. Please contact me if needed.,Ham
Family #4406 please review. Please contact me if needed.,Ham
Appointment #4407 was delivered. Please contact me if needed.,Ham
Order #4408 starts tomorrow. Please contact me if needed.,Ham
Invoice #4409 please review. Please contact me if needed.,Ham
Appointment #4410 needs approval. Please contact me if needed.,Ham
Reminder #4411 please review. Please contact me if needed.,Ham
Schedule #4412 is confirmed. Please contact me if needed.,Ham
Family #4413 was delivered. Please contact me if needed.,Ham
Team #4414 needs approval. Please contact me if needed.,Ham
Order #4415 starts tomorrow. Please contact me if needed.,Ham
Order #4416 needs approval. Please contact me if needed.,Ham
Order #4417 please review. Please contact me if needed.,Ham
Schedule #4418 is confirmed. Please contact me if needed.,Ham
Report #4419 starts tomorrow. Please contact me if needed.,Ham
Reminder #4420 is ready. Please contact me if needed.,Ham
Invoice #4421 is attached. Please contact me if needed.,Ham
Project #4422 please review. Please contact me if needed.,Ham
Appointment #4423 was delivered. Please contact me if needed.,Ham
Report #4424 starts tomorrow. Please contact me if needed.,Ham
Family #4425 is attached. Please contact me if needed.,Ham
Invoice #4426 has been updated. Please contact me if needed.,Ham
Invoice #4427 is confirmed. Please contact me if needed.,Ham
Project #4428 is attached. Please contact me if needed.,Ham
Invoice #4429 is attached. Please contact me if needed.,Ham
Project #4430 is confirmed. Please contact me if needed.,Ham
Order #4431 is attached. Please contact me if needed.,Ham
Report #4432 has been updated. Please contact me if needed.,Ham
Appointment #4433 was delivered. Please contact me if needed.,Ham
Project #4434 starts tomorrow. Please contact me if needed.,Ham
Team #4435 is confirmed. Please contact me if needed.,Ham
Schedule #4436 is confirmed. Please contact me if needed.,Ham
Family #4437 is attached. Please contact me if needed.,Ham
Team #4438 is ready. Please contact me if needed.,Ham
Report #4439 needs approval. Please contact me if needed.,Ham
Project #4440 needs approval. Please contact me if needed.,Ham
Meeting #4441 please review. Please contact me if needed.,Ham
Project #4442 is attached. Please contact me if needed.,Ham
Project #4443 please review. Please contact me if needed.,Ham
Order #4444 is attached. Please contact me if needed.,Ham
Project #4445 starts tomorrow. Please contact me if needed.,Ham
Team #4446 has been updated. Please contact me if needed.,Ham
Schedule #4447 has been updated. Please contact me if needed.,Ham
Meeting #4448 please review. Please contact me if needed.,Ham
Order #4449 was delivered. Please contact me if needed.,Ham
Reminder #4450 please review. Please contact me if needed.,Ham
Team #4451 needs approval. Please contact me if needed.,Ham
Order #4452 please review. Please contact me if needed.,Ham
Meeting #4453 is ready. Please contact me if needed.,Ham
Invoice #4454 was delivered. Please contact me if needed.,Ham
Team #4455 is confirmed. Please contact me if needed.,Ham
Team #4456 is ready. Please contact me if needed.,Ham
Schedule #4457 starts tomorrow. Please contact me if needed.,Ham
Meeting #4458 needs approval. Please contact me if needed.,Ham
Reminder #4459 was delivered. Please contact me if needed.,Ham
Report #4460 needs approval. Please contact me if needed.,Ham
Order #4461 is ready. Please contact me if needed.,Ham
Invoice #4462 is ready. Please contact me if needed.,Ham
Project #4463 has been updated. Please contact me if needed.,Ham
Family #4464 is ready. Please contact me if needed.,Ham
Schedule #4465 is confirmed. Please contact me if needed.,Ham
Invoice #4466 is ready. Please contact me if needed.,Ham
Appointment #4467 was delivered. Please contact me if needed.,Ham
Project #4468 has been updated. Please contact me if needed.,Ham
Report #4469 please review. Please contact me if needed.,Ham
Report #4470 has been updated. Please contact me if needed.,Ham
Project #4471 please review. Please contact me if needed.,Ham
Order #4472 needs approval. Please contact me if needed.,Ham
Family #4473 has been updated. Please contact me if needed.,Ham
Reminder #4474 is confirmed. Please contact me if needed.,Ham
Invoice #4475 needs approval. Please contact me if needed.,Ham
Invoice #4476 starts tomorrow. Please contact me if needed.,Ham
Report #4477 has been updated. Please contact me if needed.,Ham
Order #4478 is attached. Please contact me if needed.,Ham
Report #4479 starts tomorrow. Please contact me if needed.,Ham
Project #4480 was delivered. Please contact me if needed.,Ham
Schedule #4481 is ready. Please contact me if needed.,Ham
Team #4482 has been updated. Please contact me if needed.,Ham
Reminder #4483 please review. Please contact me if needed.,Ham
Project #4484 needs approval. Please contact me if needed.,Ham
Schedule #4485 starts tomorrow. Please contact me if needed.,Ham
Family #4486 please review. Please contact me if needed.,Ham
Schedule #4487 has been updated. Please contact me if needed.,Ham
Reminder #4488 was delivered. Please contact me if needed.,Ham
Invoice #4489 is attached. Please contact me if needed.,Ham
Meeting #4490 is confirmed. Please contact me if needed.,Ham
Project #4491 please review. Please contact me if needed.,Ham
Reminder #4492 is confirmed. Please contact me if needed.,Ham
Family #4493 is confirmed. Please contact me if needed.,Ham
Appointment #4494 is confirmed. Please contact me if needed.,Ham
Invoice #4495 please review. Please contact me if needed.,Ham
Invoice #4496 is ready. Please contact me if needed.,Ham
Report #4497 has been updated. Please contact me if needed.,Ham
Reminder #4498 is attached. Please contact me if needed.,Ham
Order #4499 please review. Please contact me if needed.,Ham
Invoice #4500 is confirmed. Please contact me if needed.,Ham
Meeting #4501 is confirmed. Please contact me if needed.,Ham
Invoice #4502 please review. Please contact me if needed.,Ham
Schedule #4503 was delivered. Please contact me if needed.,Ham
Reminder #4504 starts tomorrow. Please contact me if needed.,Ham
Family #4505 is ready. Please contact me if needed.,Ham
Meeting #4506 has been updated. Please contact me if needed.,Ham
Team #4507 needs approval. Please contact me if needed.,Ham
Family #4508 please review. Please contact me if needed.,Ham
Reminder #4509 is confirmed. Please contact me if needed.,Ham
Appointment #4510 please review. Please contact me if needed.,Ham
Meeting #4511 has been updated. Please contact me if needed.,Ham
Report #4512 is attached. Please contact me if needed.,Ham
Reminder #4513 is attached. Please contact me if needed.,Ham
Meeting #4514 please review. Please contact me if needed.,Ham
Reminder #4515 please review. Please contact me if needed.,Ham
Invoice #4516 is confirmed. Please contact me if needed.,Ham
Schedule #4517 was delivered. Please contact me if needed.,Ham
Meeting #4518 is attached. Please contact me if needed.,Ham
Team #4519 is attached. Please contact me if needed.,Ham
Schedule #4520 needs approval. Please contact me if needed.,Ham
Report #4521 please review. Please contact me if needed.,Ham
Project #4522 is confirmed. Please contact me if needed.,Ham
Meeting #4523 has been updated. Please contact me if needed.,Ham
Invoice #4524 is confirmed. Please contact me if needed.,Ham
Order #4525 needs approval. Please contact me if needed.,Ham
Order #4526 is attached. Please contact me if needed.,Ham
Project #4527 is confirmed. Please contact me if needed.,Ham
Team #4528 is attached. Please contact me if needed.,Ham
Report #4529 was delivered. Please contact me if needed.,Ham
Invoice #4530 has been updated. Please contact me if needed.,Ham
Project #4531 has been updated. Please contact me if needed.,Ham
Family #4532 please review. Please contact me if needed.,Ham
Project #4533 was delivered. Please contact me if needed.,Ham
Reminder #4534 please review. Please contact me if needed.,Ham
Invoice #4535 is confirmed. Please contact me if needed.,Ham
Order #4536 is ready. Please contact me if needed.,Ham
Team #4537 is ready. Please contact me if needed.,Ham
Family #4538 please review. Please contact me if needed.,Ham
Order #4539 was delivered. Please contact me if needed.,Ham
Appointment #4540 please review. Please contact me if needed.,Ham
Schedule #4541 please review. Please contact me if needed.,Ham
Appointment #4542 needs approval. Please contact me if needed.,Ham
Project #4543 has been updated. Please contact me if needed.,Ham
Invoice #4544 needs approval. Please contact me if needed.,Ham
Appointment #4545 has been updated. Please contact me if needed.,Ham
Meeting #4546 needs approval. Please contact me if needed.,Ham
Family #4547 has been updated. Please contact me if needed.,Ham
Project #4548 is confirmed. Please contact me if needed.,Ham
Reminder #4549 is ready. Please contact me if needed.,Ham
Reminder #4550 has been updated. Please contact me if needed.,Ham
Project #4551 is confirmed. Please contact me if needed.,Ham
Report #4552 starts tomorrow. Please contact me if needed.,Ham
Family #4553 is ready. Please contact me if needed.,Ham
Family #4554 was delivered. Please contact me if needed.,Ham
Reminder #4555 please review. Please contact me if needed.,Ham
Reminder #4556 is attached. Please contact me if needed.,Ham
Reminder #4557 starts tomorrow. Please contact me if needed.,Ham
Reminder #4558 needs approval. Please contact me if needed.,Ham
Project #4559 starts tomorrow. Please contact me if needed.,Ham
Report #4560 was delivered. Please contact me if needed.,Ham
Team #4561 has been updated. Please contact me if needed.,Ham
Order #4562 is confirmed. Please contact me if needed.,Ham
Project #4563 starts tomorrow. Please contact me if needed.,Ham
Project #4564 needs approval. Please contact me if needed.,Ham
Team #4565 is ready. Please contact me if needed.,Ham
Report #4566 was delivered. Please contact me if needed.,Ham
Invoice #4567 was delivered. Please contact me if needed.,Ham
Reminder #4568 is confirmed. Please contact me if needed.,Ham
Invoice #4569 has been updated. Please contact me if needed.,Ham
Team #4570 please review. Please contact me if needed.,Ham
Order #4571 was delivered. Please contact me if needed.,Ham
Family #4572 needs approval. Please contact me if needed.,Ham
Order #4573 has been updated. Please contact me if needed.,Ham
Report #4574 starts tomorrow. Please contact me if needed.,Ham
Meeting #4575 needs approval. Please contact me if needed.,Ham
Appointment #4576 please review. Please contact me if needed.,Ham
Report #4577 starts tomorrow. Please contact me if needed.,Ham
Appointment #4578 please review. Please contact me if needed.,Ham
Appointment #4579 is attached. Please contact me if needed.,Ham
Reminder #4580 starts tomorrow. Please contact me if needed.,Ham
Schedule #4581 please review. Please contact me if needed.,Ham
Schedule #4582 is attached. Please contact me if needed.,Ham
Appointment #4583 has been updated. Please contact me if needed.,Ham
Appointment #4584 needs approval. Please contact me if needed.,Ham
Report #4585 is confirmed. Please contact me if needed.,Ham
Project #4586 has been updated. Please contact me if needed.,Ham
Project #4587 starts tomorrow. Please contact me if needed.,Ham
Order #4588 was delivered. Please contact me if needed.,Ham
Meeting #4589 is confirmed. Please contact me if needed.,Ham
Order #4590 is attached. Please contact me if needed.,Ham
Appointment #4591 is confirmed. Please contact me if needed.,Ham
Team #4592 was delivered. Please contact me if needed.,Ham
Invoice #4593 needs approval. Please contact me if needed.,Ham
Meeting #4594 needs approval. Please contact me if needed.,Ham
Report #4595 starts tomorrow. Please contact me if needed.,Ham
Meeting #4596 was delivered. Please contact me if needed.,Ham
Meeting #4597 was delivered. Please contact me if needed.,Ham
Meeting #4598 was delivered. Please contact me if needed.,Ham
Report #4599 starts tomorrow. Please contact me if needed.,Ham
Report #4600 is attached. Please contact me if needed.,Ham
Reminder #4601 is attached. Please contact me if needed.,Ham
Invoice #4602 is confirmed. Please contact me if needed.,Ham
Reminder #4603 starts tomorrow. Please contact me if needed.,Ham
Project #4604 please review. Please contact me if needed.,Ham
Family #4605 is confirmed. Please contact me if needed.,Ham
Schedule #4606 is attached. Please contact me if needed.,Ham
Project #4607 is attached. Please contact me if needed.,Ham
Appointment #4608 is attached. Please contact me if needed.,Ham
Family #4609 is attached. Please contact me if needed.,Ham
Report #4610 is ready. Please contact me if needed.,Ham
Reminder #4611 needs approval. Please contact me if needed.,Ham
Meeting #4612 starts tomorrow. Please contact me if needed.,Ham
Appointment #4613 has been updated. Please contact me if needed.,Ham
Order #4614 is attached. Please contact me if needed.,Ham
Meeting #4615 is ready. Please contact me if needed.,Ham
Meeting #4616 please review. Please contact me if needed.,Ham
Order #4617 has been updated. Please contact me if needed.,Ham
Invoice #4618 is ready. Please contact me if needed.,Ham
Schedule #4619 is ready. Please contact me if needed.,Ham
Reminder #4620 please review. Please contact me if needed.,Ham
Project #4621 needs approval. Please contact me if needed.,Ham
Schedule #4622 was delivered. Please contact me if needed.,Ham
Appointment #4623 please review. Please contact me if needed.,Ham
Team #4624 starts tomorrow. Please contact me if needed.,Ham
Meeting #4625 has been updated. Please contact me if needed.,Ham
Appointment #4626 is attached. Please contact me if needed.,Ham
Meeting #4627 has been updated. Please contact me if needed.,Ham
Project #4628 is confirmed. Please contact me if needed.,Ham
Team #4629 starts tomorrow. Please contact me if needed.,Ham
Invoice #4630 was delivered. Please contact me if needed.,Ham
Report #4631 was delivered. Please contact me if needed.,Ham
Meeting #4632 is confirmed. Please contact me if needed.,Ham
Project #4633 is ready. Please contact me if needed.,Ham
Project #4634 starts tomorrow. Please contact me if needed.,Ham
Order #4635 starts tomorrow. Please contact me if needed.,Ham
Appointment #4636 was delivered. Please contact me if needed.,Ham
Order #4637 starts tomorrow. Please contact me if needed.,Ham
Order #4638 is attached. Please contact me if needed.,Ham
Order #4639 needs approval. Please contact me if needed.,Ham
Family #4640 has been updated. Please contact me if needed.,Ham
Family #4641 starts tomorrow. Please contact me if needed.,Ham
Order #4642 was delivered. Please contact me if needed.,Ham
Reminder #4643 is confirmed. Please contact me if needed.,Ham
Meeting #4644 is confirmed. Please contact me if needed.,Ham
Team #4645 is attached. Please contact me if needed.,Ham
Project #4646 has been updated. Please contact me if needed.,Ham
Team #4647 is confirmed. Please contact me if needed.,Ham
Appointment #4648 was delivered. Please contact me if needed.,Ham
Team #4649 needs approval. Please contact me if needed.,Ham
Meeting #4650 starts tomorrow. Please contact me if needed.,Ham
Family #4651 needs approval. Please contact me if needed.,Ham
Report #4652 is confirmed. Please contact me if needed.,Ham
Report #4653 is attached. Please contact me if needed.,Ham
Appointment #4654 please review. Please contact me if needed.,Ham
Schedule #4655 is ready. Please contact me if needed.,Ham
Project #4656 needs approval. Please contact me if needed.,Ham
Reminder #4657 please review. Please contact me if needed.,Ham
Family #4658 starts tomorrow. Please contact me if needed.,Ham
Family #4659 please review. Please contact me if needed.,Ham
Reminder #4660 please review. Please contact me if needed.,Ham
Project #4661 is confirmed. Please contact me if needed.,Ham
Project #4662 was delivered. Please contact me if needed.,Ham
Report #4663 has been updated. Please contact me if needed.,Ham
Family #4664 is attached. Please contact me if needed.,Ham
Project #4665 is attached. Please contact me if needed.,Ham
Invoice #4666 starts tomorrow. Please contact me if needed.,Ham
Reminder #4667 is attached. Please contact me if needed.,Ham
Family #4668 starts tomorrow. Please contact me if needed.,Ham
Order #4669 is ready. Please contact me if needed.,Ham
Order #4670 has been updated. Please contact me if needed.,Ham
Project #4671 is ready. Please contact me if needed.,Ham
Appointment #4672 is confirmed. Please contact me if needed.,Ham
Team #4673 is attached. Please contact me if needed.,Ham
Appointment #4674 is confirmed. Please contact me if needed.,Ham
Report #4675 please review. Please contact me if needed.,Ham
Schedule #4676 needs approval. Please contact me if needed.,Ham
Reminder #4677 please review. Please contact me if needed.,Ham
Reminder #4678 please review. Please contact me if needed.,Ham
Meeting #4679 is confirmed. Please contact me if needed.,Ham
Project #4680 starts tomorrow. Please contact me if needed.,Ham
Appointment #4681 is attached. Please contact me if needed.,Ham
Invoice #4682 needs approval. Please contact me if needed.,Ham
Meeting #4683 starts tomorrow. Please contact me if needed.,Ham
Family #4684 starts tomorrow. Please contact me if needed.,Ham
Order #4685 is attached. Please contact me if needed.,Ham
Meeting #4686 starts tomorrow. Please contact me if needed.,Ham
Reminder #4687 is ready. Please contact me if needed.,Ham
Report #4688 starts tomorrow. Please contact me if needed.,Ham
Family #4689 has been updated. Please contact me if needed.,Ham
Invoice #4690 please review. Please contact me if needed.,Ham
Project #4691 please review. Please contact me if needed.,Ham
Family #4692 please review. Please contact me if needed.,Ham
Schedule #4693 is attached. Please contact me if needed.,Ham
Project #4694 is attached. Please contact me if needed.,Ham
Appointment #4695 is confirmed. Please contact me if needed.,Ham
Meeting #4696 is confirmed. Please contact me if needed.,Ham
Report #4697 is attached. Please contact me if needed.,Ham
Team #4698 is confirmed. Please contact me if needed.,Ham
Order #4699 starts tomorrow. Please contact me if needed.,Ham
Family #4700 is confirmed. Please contact me if needed.,Ham
Family #4701 was delivered. Please contact me if needed.,Ham
Project #4702 is confirmed. Please contact me if needed.,Ham
Report #4703 starts tomorrow. Please contact me if needed.,Ham
Family #4704 please review. Please contact me if needed.,Ham
Report #4705 is confirmed. Please contact me if needed.,Ham
Project #4706 has been updated. Please contact me if needed.,Ham
Reminder #4707 please review. Please contact me if needed.,Ham
Order #4708 please review. Please contact me if needed.,Ham
Family #4709 was delivered. Please contact me if needed.,Ham
Appointment #4710 has been updated. Please contact me if needed.,Ham
Appointment #4711 was delivered. Please contact me if needed.,Ham
Schedule #4712 is confirmed. Please contact me if needed.,Ham
Schedule #4713 is confirmed. Please contact me if needed.,Ham
Meeting #4714 is attached. Please contact me if needed.,Ham
Invoice #4715 is confirmed. Please contact me if needed.,Ham
Appointment #4716 is ready. Please contact me if needed.,Ham
Reminder #4717 is ready. Please contact me if needed.,Ham
Report #4718 please review. Please contact me if needed.,Ham
Reminder #4719 has been updated. Please contact me if needed.,Ham
Project #4720 is ready. Please contact me if needed.,Ham
Project #4721 needs approval. Please contact me if needed.,Ham
Order #4722 is attached. Please contact me if needed.,Ham
Order #4723 is attached. Please contact me if needed.,Ham
Order #4724 please review. Please contact me if needed.,Ham
Appointment #4725 was delivered. Please contact me if needed.,Ham
Meeting #4726 needs approval. Please contact me if needed.,Ham
Team #4727 please review. Please contact me if needed.,Ham
Appointment #4728 needs approval. Please contact me if needed.,Ham
Order #4729 was delivered. Please contact me if needed.,Ham
Invoice #4730 is ready. Please contact me if needed.,Ham
Meeting #4731 needs approval. Please contact me if needed.,Ham
Invoice #4732 starts tomorrow. Please contact me if needed.,Ham
Schedule #4733 was delivered. Please contact me if needed.,Ham
Report #4734 is ready. Please contact me if needed.,Ham
Report #4735 starts tomorrow. Please contact me if needed.,Ham
Family #4736 needs approval. Please contact me if needed.,Ham
Meeting #4737 has been updated. Please contact me if needed.,Ham
Invoice #4738 is confirmed. Please contact me if needed.,Ham
Appointment #4739 starts tomorrow. Please contact me if needed.,Ham
Project #4740 is confirmed. Please contact me if needed.,Ham
Order #4741 needs approval. Please contact me if needed.,Ham
Reminder #4742 is attached. Please contact me if needed.,Ham
Project #4743 was delivered. Please contact me if needed.,Ham
Project #4744 starts tomorrow. Please contact me if needed.,Ham
Project #4745 has been updated. Please contact me if needed.,Ham
Report #4746 is ready. Please contact me if needed.,Ham
Appointment #4747 has been updated. Please contact me if needed.,Ham
Schedule #4748 needs approval. Please contact me if needed.,Ham
Project #4749 has been updated. Please contact me if needed.,Ham
Invoice #4750 needs approval. Please contact me if needed.,Ham
Reminder #4751 is ready. Please contact me if needed.,Ham
Appointment #4752 was delivered. Please contact me if needed.,Ham
Order #4753 is attached. Please contact me if needed.,Ham
Reminder #4754 is attached. Please contact me if needed.,Ham
Schedule #4755 has been updated. Please contact me if needed.,Ham
Family #4756 is confirmed. Please contact me if needed.,Ham
Schedule #4757 please review. Please contact me if needed.,Ham
Appointment #4758 is ready. Please contact me if needed.,Ham
Family #4759 is confirmed. Please contact me if needed.,Ham
Project #4760 is confirmed. Please contact me if needed.,Ham
Appointment #4761 please review. Please contact me if needed.,Ham
Order #4762 please review. Please contact me if needed.,Ham
Appointment #4763 is ready. Please contact me if needed.,Ham
Reminder #4764 is confirmed. Please contact me if needed.,Ham
Schedule #4765 was delivered. Please contact me if needed.,Ham
Appointment #4766 needs approval. Please contact me if needed.,Ham
Reminder #4767 has been updated. Please contact me if needed.,Ham
Appointment #4768 is confirmed. Please contact me if needed.,Ham
Meeting #4769 has been updated. Please contact me if needed.,Ham
Invoice #4770 has been updated. Please contact me if needed.,Ham
Project #4771 has been updated. Please contact me if needed.,Ham
Family #4772 is ready. Please contact me if needed.,Ham
Project #4773 was delivered. Please contact me if needed.,Ham
Schedule #4774 is ready. Please contact me if needed.,Ham
Meeting #4775 is confirmed. Please contact me if needed.,Ham
Schedule #4776 starts tomorrow. Please contact me if needed.,Ham
Invoice #4777 has been updated. Please contact me if needed.,Ham
Appointment #4778 is ready. Please contact me if needed.,Ham
Appointment #4779 starts tomorrow. Please contact me if needed.,Ham
Appointment #4780 is confirmed. Please contact me if needed.,Ham
Team #4781 is attached. Please contact me if needed.,Ham
Appointment #4782 needs approval. Please contact me if needed.,Ham
Invoice #4783 starts tomorrow. Please contact me if needed.,Ham
Family #4784 is confirmed. Please contact me if needed.,Ham
Invoice #4785 has been updated. Please contact me if needed.,Ham
Meeting #4786 has been updated. Please contact me if needed.,Ham
Family #4787 is attached. Please contact me if needed.,Ham
Order #4788 starts tomorrow. Please contact me if needed.,Ham
Appointment #4789 needs approval. Please contact me if needed.,Ham
Schedule #4790 is confirmed. Please contact me if needed.,Ham
Report #4791 was delivered. Please contact me if needed.,Ham
Report #4792 needs approval. Please contact me if needed.,Ham
Order #4793 starts tomorrow. Please contact me if needed.,Ham
Reminder #4794 starts tomorrow. Please contact me if needed.,Ham
Schedule #4795 is confirmed. Please contact me if needed.,Ham
Order #4796 starts tomorrow. Please contact me if needed.,Ham
Family #4797 has been updated. Please contact me if needed.,Ham
Appointment #4798 is ready. Please contact me if needed.,Ham
Reminder #4799 was delivered. Please contact me if needed.,Ham
Meeting #4800 needs approval. Please contact me if needed.,Ham
Appointment #4801 is ready. Please contact me if needed.,Ham
Appointment #4802 needs approval. Please contact me if needed.,Ham
Order #4803 needs approval. Please contact me if needed.,Ham
Project #4804 starts tomorrow. Please contact me if needed.,Ham
Team #4805 is confirmed. Please contact me if needed.,Ham
Project #4806 needs approval. Please contact me if needed.,Ham
Invoice #4807 is confirmed. Please contact me if needed.,Ham
Project #4808 is confirmed. Please contact me if needed.,Ham
Order #4809 is attached. Please contact me if needed.,Ham
Appointment #4810 was delivered. Please contact me if needed.,Ham
Order #4811 starts tomorrow. Please contact me if needed.,Ham
Appointment #4812 is confirmed. Please contact me if needed.,Ham
Reminder #4813 has been updated. Please contact me if needed.,Ham
Report #4814 please review. Please contact me if needed.,Ham
Invoice #4815 needs approval. Please contact me if needed.,Ham
Reminder #4816 was delivered. Please contact me if needed.,Ham
Report #4817 is confirmed. Please contact me if needed.,Ham
Report #4818 needs approval. Please contact me if needed.,Ham
Meeting #4819 is attached. Please contact me if needed.,Ham
Invoice #4820 was delivered. Please contact me if needed.,Ham
Family #4821 is attached. Please contact me if needed.,Ham
Team #4822 please review. Please contact me if needed.,Ham
Project #4823 is ready. Please contact me if needed.,Ham
Team #4824 was delivered. Please contact me if needed.,Ham
Invoice #4825 has been updated. Please contact me if needed.,Ham
Schedule #4826 is ready. Please contact me if needed.,Ham
Team #4827 please review. Please contact me if needed.,Ham
Project #4828 starts tomorrow. Please contact me if needed.,Ham
Invoice #4829 is confirmed. Please contact me if needed.,Ham
Schedule #4830 has been updated. Please contact me if needed.,Ham
Meeting #4831 needs approval. Please contact me if needed.,Ham
Project #4832 was delivered. Please contact me if needed.,Ham
Team #4833 is confirmed. Please contact me if needed.,Ham
Family #4834 please review. Please contact me if needed.,Ham
Appointment #4835 was delivered. Please contact me if needed.,Ham
Family #4836 starts tomorrow. Please contact me if needed.,Ham
Team #4837 was delivered. Please contact me if needed.,Ham
Schedule #4838 please review. Please contact me if needed.,Ham
Team #4839 was delivered. Please contact me if needed.,Ham
Project #4840 is attached. Please contact me if needed.,Ham
Schedule #4841 is attached. Please contact me if needed.,Ham
Team #4842 is ready. Please contact me if needed.,Ham
Family #4843 is confirmed. Please contact me if needed.,Ham
Invoice #4844 is attached. Please contact me if needed.,Ham
Team #4845 please review. Please contact me if needed.,Ham
Family #4846 has been updated. Please contact me if needed.,Ham
Report #4847 is ready. Please contact me if needed.,Ham
Reminder #4848 needs approval. Please contact me if needed.,Ham
Team #4849 please review. Please contact me if needed.,Ham
Meeting #4850 is attached. Please contact me if needed.,Ham
Meeting #4851 was delivered. Please contact me if needed.,Ham
Meeting #4852 has been updated. Please contact me if needed.,Ham
Project #4853 please review. Please contact me if needed.,Ham
Team #4854 needs approval. Please contact me if needed.,Ham
Reminder #4855 please review. Please contact me if needed.,Ham
Family #4856 was delivered. Please contact me if needed.,Ham
Reminder #4857 needs approval. Please contact me if needed.,Ham
Order #4858 is ready. Please contact me if needed.,Ham
Appointment #4859 was delivered. Please contact me if needed.,Ham
Family #4860 is attached. Please contact me if needed.,Ham
Meeting #4861 is ready. Please contact me if needed.,Ham
Appointment #4862 was delivered. Please contact me if needed.,Ham
Appointment #4863 is confirmed. Please contact me if needed.,Ham
Meeting #4864 is attached. Please contact me if needed.,Ham
Team #4865 starts tomorrow. Please contact me if needed.,Ham
Family #4866 was delivered. Please contact me if needed.,Ham
Project #4867 has been updated. Please contact me if needed.,Ham
Order #4868 needs approval. Please contact me if needed.,Ham
Family #4869 is ready. Please contact me if needed.,Ham
Meeting #4870 is confirmed. Please contact me if needed.,Ham
Project #4871 is confirmed. Please contact me if needed.,Ham
Meeting #4872 needs approval. Please contact me if needed.,Ham
Schedule #4873 is ready. Please contact me if needed.,Ham
Family #4874 needs approval. Please contact me if needed.,Ham
Team #4875 is ready. Please contact me if needed.,Ham
Project #4876 is attached. Please contact me if needed.,Ham
Schedule #4877 was delivered. Please contact me if needed.,Ham
Team #4878 is confirmed. Please contact me if needed.,Ham
Order #4879 starts tomorrow. Please contact me if needed.,Ham
Order #4880 is confirmed. Please contact me if needed.,Ham
Reminder #4881 needs approval. Please contact me if needed.,Ham
Order #4882 please review. Please contact me if needed.,Ham
Family #4883 starts tomorrow. Please contact me if needed.,Ham
Team #4884 has been updated. Please contact me if needed.,Ham
Schedule #4885 needs approval. Please contact me if needed.,Ham
Project #4886 is ready. Please contact me if needed.,Ham
Invoice #4887 please review. Please contact me if needed.,Ham
Schedule #4888 starts tomorrow. Please contact me if needed.,Ham
Invoice #4889 is ready. Please contact me if needed.,Ham
Meeting #4890 is attached. Please contact me if needed.,Ham
Reminder #4891 is ready. Please contact me if needed.,Ham
Family #4892 needs approval. Please contact me if needed.,Ham
Family #4893 needs approval. Please contact me if needed.,Ham
Appointment #4894 needs approval. Please contact me if needed.,Ham
Report #4895 starts tomorrow. Please contact me if needed.,Ham
Team #4896 starts tomorrow. Please contact me if needed.,Ham
Schedule #4897 is ready. Please contact me if needed.,Ham
Team #4898 needs approval. Please contact me if needed.,Ham
Meeting #4899 is confirmed. Please contact me if needed.,Ham
Schedule #4900 has been updated. Please contact me if needed.,Ham
Appointment #4901 was delivered. Please contact me if needed.,Ham
Meeting #4902 is attached. Please contact me if needed.,Ham
Schedule #4903 please review. Please contact me if needed.,Ham
Order #4904 is attached. Please contact me if needed.,Ham
Meeting #4905 has been updated. Please contact me if needed.,Ham
Reminder #4906 was delivered. Please contact me if needed.,Ham
Project #4907 needs approval. Please contact me if needed.,Ham
Meeting #4908 starts tomorrow. Please contact me if needed.,Ham
Team #4909 is ready. Please contact me if needed.,Ham
Meeting #4910 starts tomorrow. Please contact me if needed.,Ham
Project #4911 needs approval. Please contact me if needed.,Ham
Schedule #4912 was delivered. Please contact me if needed.,Ham
Team #4913 was delivered. Please contact me if needed.,Ham
Report #4914 is attached. Please contact me if needed.,Ham
Meeting #4915 was delivered. Please contact me if needed.,Ham
Team #4916 is ready. Please contact me if needed.,Ham
Schedule #4917 starts tomorrow. Please contact me if needed.,Ham
Family #4918 is confirmed. Please contact me if needed.,Ham
Project #4919 has been updated. Please contact me if needed.,Ham
Project #4920 is confirmed. Please contact me if needed.,Ham
Family #4921 please review. Please contact me if needed.,Ham
Order #4922 is confirmed. Please contact me if needed.,Ham
Reminder #4923 please review. Please contact me if needed.,Ham
Report #4924 please review. Please contact me if needed.,Ham
Report #4925 needs approval. Please contact me if needed.,Ham
Project #4926 was delivered. Please contact me if needed.,Ham
Team #4927 please review. Please contact me if needed.,Ham
Meeting #4928 was delivered. Please contact me if needed.,Ham
Schedule #4929 please review. Please contact me if needed.,Ham
Schedule #4930 is confirmed. Please contact me if needed.,Ham
Project #4931 is ready. Please contact me if needed.,Ham
Family #4932 is confirmed. Please contact me if needed.,Ham
Schedule #4933 is attached. Please contact me if needed.,Ham
Invoice #4934 is ready. Please contact me if needed.,Ham
Schedule #4935 was delivered. Please contact me if needed.,Ham
Order #4936 starts tomorrow. Please contact me if needed.,Ham
Meeting #4937 is confirmed. Please contact me if needed.,Ham
Report #4938 is confirmed. Please contact me if needed.,Ham
Appointment #4939 is confirmed. Please contact me if needed.,Ham
Schedule #4940 please review. Please contact me if needed.,Ham
Invoice #4941 was delivered. Please contact me if needed.,Ham
Invoice #4942 please review. Please contact me if needed.,Ham
Report #4943 has been updated. Please contact me if needed.,Ham
Team #4944 please review. Please contact me if needed.,Ham
Family #4945 starts tomorrow. Please contact me if needed.,Ham
Team #4946 was delivered. Please contact me if needed.,Ham
Appointment #4947 please review. Please contact me if needed.,Ham
Order #4948 needs approval. Please contact me if needed.,Ham
Order #4949 is confirmed. Please contact me if needed.,Ham
Reminder #4950 starts tomorrow. Please contact me if needed.,Ham
Appointment #4951 needs approval. Please contact me if needed.,Ham
Order #4952 has been updated. Please contact me if needed.,Ham
Schedule #4953 needs approval. Please contact me if needed.,Ham
Project #4954 starts tomorrow. Please contact me if needed.,Ham
Team #4955 is attached. Please contact me if needed.,Ham
Appointment #4956 please review. Please contact me if needed.,Ham
Project #4957 is ready. Please contact me if needed.,Ham
Project #4958 is confirmed. Please contact me if needed.,Ham
Team #4959 is confirmed. Please contact me if needed.,Ham
Order #4960 starts tomorrow. Please contact me if needed.,Ham
Reminder #4961 is confirmed. Please contact me if needed.,Ham
Family #4962 was delivered. Please contact me if needed.,Ham
Appointment #4963 has been updated. Please contact me if needed.,Ham
Order #4964 is ready. Please contact me if needed.,Ham
Report #4965 has been updated. Please contact me if needed.,Ham
Project #4966 please review. Please contact me if needed.,Ham
Meeting #4967 is attached. Please contact me if needed.,Ham
Meeting #4968 starts tomorrow. Please contact me if needed.,Ham
Invoice #4969 has been updated. Please contact me if needed.,Ham
Appointment #4970 was delivered. Please contact me if needed.,Ham
Report #4971 has been updated. Please contact me if needed.,Ham
Team #4972 is attached. Please contact me if needed.,Ham
Family #4973 is confirmed. Please contact me if needed.,Ham
Reminder #4974 starts tomorrow. Please contact me if needed.,Ham
Project #4975 needs approval. Please contact me if needed.,Ham
Schedule #4976 has been updated. Please contact me if needed.,Ham
Project #4977 has been updated. Please contact me if needed.,Ham
Order #4978 starts tomorrow. Please contact me if needed.,Ham
Reminder #4979 was delivered. Please contact me if needed.,Ham
Family #4980 please review. Please contact me if needed.,Ham
Family #4981 is confirmed. Please contact me if needed.,Ham
Reminder #4982 is confirmed. Please contact me if needed.,Ham
Schedule #4983 needs approval. Please contact me if needed.,Ham
Project #4984 please review. Please contact me if needed.,Ham
Project #4985 has been updated. Please contact me if needed.,Ham
Appointment #4986 was delivered. Please contact me if needed.,Ham
Schedule #4987 needs approval. Please contact me if needed.,Ham
Meeting #4988 is attached. Please contact me if needed.,Ham
Project #4989 is ready. Please contact me if needed.,Ham
Meeting #4990 is confirmed. Please contact me if needed.,Ham
Appointment #4991 was delivered. Please contact me if needed.,Ham
Report #4992 starts tomorrow. Please contact me if needed.,Ham
Project #4993 needs approval. Please contact me if needed.,Ham
Appointment #4994 needs approval. Please contact me if needed.,Ham
Team #4995 please review. Please contact me if needed.,Ham
Team #4996 starts tomorrow. Please contact me if needed.,Ham
Family #4997 starts tomorrow. Please contact me if needed.,Ham
Appointment #4998 is confirmed. Please contact me if needed.,Ham
Order #4999 needs approval. Please contact me if needed.,Ham
