Message,Label
Please note: Earn money from home with our amazing opportunity. Let me know. Offer2325,spam
Hi! Can you send me the notes from today's class? Let me know. Ref0116,ham
Can you share the Wi-Fi password? Thank you. Ref3445,ham
Please note: Let me know when you are available. Ref2863,ham
Don't forget to bring your ID card. Thanks. Ref8707,ham
Free gift waiting for you. Claim your reward today. Please reply. Offer5005,spam
Quick message: Happy birthday! Have a wonderful day. Reply when you can. Ref6138,ham
Reminder: Win a brand new phone today. Click to claim your prize. Thank you. Offer6020,spam
FREE entry to win a luxury car. Reply WIN now. Thanks. Offer4410,spam
Hi! I am going to the market now. Ref5250,ham
Today: Please bring your laptop tomorrow. Reply when you can. Ref1411,ham
Quick message: Claim your exclusive reward before it expires. Offer4505,spam
Exclusive offer available only today. Claim now. Offer7255,spam
"Today: Congratulations, your number has won a cash bonus. Thanks. Offer9084",spam
Important: Please submit the form before Friday. Let me know. Ref7934,ham
Quick message: Limited offer! Buy now and get a huge discount. Please reply. Offer9887,spam
Just letting you know: I reached safely. Ref9277,ham
Important: Get rich quickly with this incredible money-making offer. Offer8951,spam
Reminder: Act now to receive your free gift. Thanks. Offer9908,spam
Today: You have been chosen for a free vacation. Thank you. Offer3657,spam
Hi! You have been chosen for a free vacation. Offer6016,spam
Hi! The meeting starts at 10 am. Thanks. Ref5292,ham
Quick message: The class has been moved to room 204. Please reply. Ref9643,ham
Hi! You have won a shopping voucher. Click here now. Have a good day. Offer6134,spam
Hi! Can you pick up some groceries on your way? Thank you. Ref2830,ham
Please note: You are selected for a free prize. Confirm your details. Let me know. Offer1700,spam
Please note: Let me know when you are available. Thank you. Ref8079,ham
Quick message: You have been chosen for a free vacation. Offer4208,spam
"Just letting you know: Congratulations, your number has won a cash bonus. Have a good day. Offer8354",spam
Exclusive winner notification. Claim your cash prize. Let me know. Offer4815,spam
Quick message: Please submit the form before Friday. Ref2694,ham
Let's have lunch together today. Thanks. Ref8756,ham
Just letting you know: Are you free this evening? Thanks. Ref1639,ham
Today: I will be there in ten minutes. Please reply. Ref1659,ham
Hi! Exclusive offer available only today. Claim now. Thanks. Offer1023,spam
Just letting you know: Can you share the Wi-Fi password? Thank you. Ref4072,ham
Just letting you know: Congratulations! You have won a free prize. Claim now. Please reply. Offer2819,spam
Hi! Let me know when you are available. Thanks. Ref5785,ham
Hi! Please submit the form before Friday. Reply when you can. Ref6998,ham
Hi! You have won a guaranteed reward. Respond now. Let me know. Offer2696,spam
Hi! Earn thousands from home. Join this opportunity now. Reply when you can. Offer4374,spam
Hello! I reached safely. Ref0633,ham
Important: Get rich quickly with this incredible money-making offer. Offer6487,spam
Please note: Please submit the form before Friday. Have a good day. Ref3223,ham
Just letting you know: Exclusive offer available only today. Claim now. Thanks. Offer0586,spam
Hi! The project presentation is on Monday. Have a good day. Ref6819,ham
Just letting you know: Your order has been delivered. Let me know. Ref6407,ham
Today: I will call you after work. Thanks. Ref9341,ham
Let me know when you are available. Ref3479,ham
Today: I will call you after work. Reply when you can. Ref8112,ham
Quick message: Can we reschedule our appointment? Ref9908,ham
Just letting you know: Congratulations! You have won a free prize. Claim now. Thank you. Offer8537,spam
Hi! Please remind me about the meeting. Ref9509,ham
Free membership available. Register today. Reply when you can. Offer8216,spam
Please note: Please call me when you reach home. Thanks. Ref5510,ham
Today: Win a brand new phone today. Click to claim your prize. Reply when you can. Offer5214,spam
Hi! I will call you after work. Thanks. Ref2074,ham
Please note: Free gift waiting for you. Claim your reward today. Thank you. Offer4036,spam
Reminder: Let's have lunch together today. Thank you. Ref2933,ham
Quick message: I am going to the market now. Ref0774,ham
Please note: Your order has been delivered. Thank you. Ref9352,ham
Quick message: Special cash offer just for you. Reply now. Offer3655,spam
Quick message: FREE entry to win a luxury car. Reply WIN now. Reply when you can. Offer4567,spam
Today: Let's have lunch together today. Ref5810,ham
Hello! I will be there in ten minutes. Have a good day. Ref4832,ham
Hi! Amazing deal! Get your bonus before the offer ends. Let me know. Offer5809,spam
Hi! Let's have lunch together today. Thanks. Ref0227,ham
Important: Exclusive winner notification. Claim your cash prize. Have a good day. Offer8922,spam
Today: You have been chosen for a free vacation. Reply when you can. Offer5868,spam
Please remind me about the meeting. Please reply. Ref3661,ham
Hello! Exclusive winner notification. Claim your cash prize. Have a good day. Offer3293,spam
Please note: Let me know when you are available. Reply when you can. Ref7880,ham
Hi! Please call me when you reach home. Thank you. Ref2105,ham
Quick message: Can you send me the notes from today's class? Ref9723,ham
Please note: See you tomorrow morning. Thanks. Ref9657,ham
Special promotion! Get 90 percent off today. Please reply. Offer2685,spam
I am waiting outside the office. Ref5001,ham
Quick message: Amazing deal! Get your bonus before the offer ends. Offer5669,spam
"Important: Congratulations, your number has won a cash bonus. Reply when you can. Offer5978",spam
Hi! Let's have lunch together today. Let me know. Ref1979,ham
Quick message: You have won a shopping voucher. Click here now. Reply when you can. Offer8598,spam
Hi! Let me know when you are available. Ref2360,ham
Hello! Act now to receive your free gift. Offer0505,spam
I will be there in ten minutes. Thank you. Ref0342,ham
Reminder: Congratulations! You have won a free prize. Claim now. Reply when you can. Offer6454,spam
Quick message: See you tomorrow morning. Thank you. Ref3542,ham
Please note: I will call you after work. Let me know. Ref1653,ham
Today: Let's have lunch together today. Please reply. Ref0562,ham
Just letting you know: Congratulations! Your account has received a reward. Offer2441,spam
Today: Get a special discount now! Limited time offer. Reply when you can. Offer5004,spam
Reminder: Amazing deal! Get your bonus before the offer ends. Please reply. Offer9304,spam
Please note: Limited offer! Buy now and get a huge discount. Please reply. Offer0708,spam
Quick message: FREE entry to win a luxury car. Reply WIN now. Thank you. Offer3404,spam
Quick message: Don't forget to bring your ID card. Thanks. Ref9750,ham
Today: Please check the attached report. Thanks. Ref9032,ham
Please note: I have sent the documents to your email. Please reply. Ref3961,ham
Hi! Congratulations! You have won a free prize. Claim now. Let me know. Offer6166,spam
Please note: Get a special discount now! Limited time offer. Please reply. Offer3672,spam
Important: Special promotion! Get 90 percent off today. Let me know. Offer7694,spam
Quick message: Get rich quickly with this incredible money-making offer. Please reply. Offer0304,spam
Today: Please remind me about the meeting. Ref0884,ham
Quick message: Congratulations! You have won a free prize. Claim now. Have a good day. Offer5027,spam
Just letting you know: Your order has been delivered. Reply when you can. Ref2333,ham
You are the lucky winner of a huge cash prize. Thanks. Offer8180,spam
Please note: Earn money from home with our amazing opportunity. Thanks. Offer8848,spam
Hi! Happy birthday! Have a wonderful day. Let me know. Ref1067,ham
Hello! The weather is nice today. Have a good day. Ref8178,ham
Free coupon available now. Click to redeem. Thanks. Offer5992,spam
Important: Congratulations! You have won a free prize. Claim now. Thank you. Offer7314,spam
Hi! The project presentation is on Monday. Please reply. Ref3573,ham
Hello! Earn thousands from home. Join this opportunity now. Have a good day. Offer7164,spam
Today: Congratulations winner! Contact us to collect your prize. Please reply. Offer6378,spam
Hi! Are you free this evening? Thank you. Ref2748,ham
Today: Please call me when you reach home. Have a good day. Ref5826,ham
Please note: Congratulations! You have won a free prize. Claim now. Let me know. Offer3155,spam
Important: Thanks for helping me yesterday. Let me know. Ref7984,ham
Reminder: You have been chosen for a free vacation. Have a good day. Offer4181,spam
Reminder: Can we reschedule our appointment? Ref9541,ham
Important: Can you send me the notes from today's class? Let me know. Ref1699,ham
Today: Let's have lunch together today. Have a good day. Ref9672,ham
Just letting you know: Amazing deal! Get your bonus before the offer ends. Reply when you can. Offer5571,spam
Just letting you know: I am waiting outside the office. Ref3870,ham
Important: You are the lucky winner of a huge cash prize. Offer5771,spam
Please note: WIN CASH NOW! Reply YES to receive your reward. Thanks. Offer7875,spam
Today: See you tomorrow morning. Please reply. Ref1027,ham
The weather is nice today. Reply when you can. Ref3277,ham
Hi! Please submit the form before Friday. Ref1241,ham
Hi! I will call you after work. Let me know. Ref7549,ham
Please note: Limited offer! Buy now and get a huge discount. Reply when you can. Offer6466,spam
Please note: Let me know when you are available. Have a good day. Ref0336,ham
Today: Earn money from home with our amazing opportunity. Please reply. Offer3736,spam
Hello! What time does the train arrive? Thanks. Ref0012,ham
Reminder: The meeting starts at 10 am. Reply when you can. Ref0429,ham
Free coupon available now. Click to redeem. Thank you. Offer8948,spam
Today: Get rich quickly with this incredible money-making offer. Thanks. Offer7981,spam
Reminder: You have won a shopping voucher. Click here now. Have a good day. Offer7561,spam
Please note: Can you share the Wi-Fi password? Please reply. Ref2998,ham
Hello! Congratulations winner! Contact us to collect your prize. Have a good day. Offer3317,spam
Quick message: Your assignment is due tomorrow. Have a good day. Ref0911,ham
Please note: Exclusive winner notification. Claim your cash prize. Thank you. Offer0878,spam
Today: Can you share the Wi-Fi password? Have a good day. Ref4484,ham
Please note: You are the lucky winner of a huge cash prize. Offer0411,spam
Hello! Special promotion! Get 90 percent off today. Offer6659,spam
Reminder: Please bring your laptop tomorrow. Thanks. Ref0067,ham
Quick message: FREE entry to win a luxury car. Reply WIN now. Thanks. Offer6067,spam
Important: Limited offer! Buy now and get a huge discount. Reply when you can. Offer9551,spam
Please note: You are selected for a free prize. Confirm your details. Reply when you can. Offer5508,spam
Today: Can you pick up some groceries on your way? Have a good day. Ref2490,ham
Hello! Please bring your laptop tomorrow. Thank you. Ref0182,ham
Hi! Can you pick up some groceries on your way? Reply when you can. Ref3794,ham
Important: Earn thousands from home. Join this opportunity now. Offer9440,spam
Hello! You are eligible for a special bonus. Apply immediately. Thank you. Offer4707,spam
Reminder: Let's have lunch together today. Thank you. Ref2760,ham
Exclusive winner notification. Claim your cash prize. Offer1114,spam
Today: Amazing deal! Get your bonus before the offer ends. Thanks. Offer5768,spam
Quick message: Exclusive winner notification. Claim your cash prize. Offer8864,spam
Hi! Act now to receive your free gift. Thank you. Offer5414,spam
Today: Are you free this evening? Let me know. Ref2735,ham
Just letting you know: You have won a shopping voucher. Click here now. Let me know. Offer2104,spam
Quick message: Let me know when you are available. Have a good day. Ref2660,ham
Quick message: Can you share the Wi-Fi password? Thanks. Ref3193,ham
Don't forget to bring your ID card. Please reply. Ref2373,ham
Quick message: Act now to receive your free gift. Offer0712,spam
Please note: What time does the train arrive? Thanks. Ref9580,ham
Reminder: Your order has been delivered. Let me know. Ref8632,ham
I reached safely. Ref7080,ham
Today: Earn thousands from home. Join this opportunity now. Thanks. Offer3749,spam
Hi! You are the lucky winner of a huge cash prize. Have a good day. Offer5713,spam
Get a special discount now! Limited time offer. Thank you. Offer2724,spam
Just letting you know: Let's have lunch together today. Thanks. Ref9265,ham
Quick message: The weather is nice today. Thank you. Ref6458,ham
Important: Claim your exclusive reward before it expires. Offer4082,spam
Hello! Earn money from home with our amazing opportunity. Let me know. Offer3634,spam
Reminder: Get rich quickly with this incredible money-making offer. Let me know. Offer6282,spam
Hi! Can we reschedule our appointment? Thank you. Ref3766,ham
Important: Let me know when you are available. Let me know. Ref7002,ham
Reminder: Can you send me the notes from today's class? Let me know. Ref5978,ham
Hello! Exclusive winner notification. Claim your cash prize. Thanks. Offer0825,spam
Just letting you know: The project presentation is on Monday. Let me know. Ref4192,ham
Reminder: Free membership available. Register today. Let me know. Offer4458,spam
Hi! Congratulations! Your account has received a reward. Thanks. Offer7728,spam
The meeting starts at 10 am. Let me know. Ref3123,ham
Just letting you know: Special promotion! Get 90 percent off today. Thanks. Offer0799,spam
Hi! Let me know when you are available. Thank you. Ref4561,ham
Hello! Earn thousands from home. Join this opportunity now. Offer8695,spam
Just letting you know: Free membership available. Register today. Thanks. Offer8984,spam
Quick message: Please check the attached report. Thank you. Ref9650,ham
Reminder: Exclusive offer available only today. Claim now. Offer3859,spam
Can we reschedule our appointment? Thank you. Ref0708,ham
Today: The class has been moved to room 204. Reply when you can. Ref7074,ham
Important: Congratulations! You have won a free prize. Claim now. Thank you. Offer2515,spam
Quick message: Can you pick up some groceries on your way? Thanks. Ref0860,ham
Just letting you know: Please bring your laptop tomorrow. Ref7536,ham
Today: Are you free this evening? Ref5913,ham
Just letting you know: Free gift waiting for you. Claim your reward today. Let me know. Offer2304,spam
Hi! The meeting starts at 10 am. Reply when you can. Ref7857,ham
Just letting you know: Can you send me the notes from today's class? Let me know. Ref8715,ham
Just letting you know: Can you share the Wi-Fi password? Let me know. Ref3932,ham
Important: Please bring your laptop tomorrow. Thanks. Ref1936,ham
Today: Can you share the Wi-Fi password? Ref0238,ham
Hello! Limited offer! Buy now and get a huge discount. Thanks. Offer4034,spam
Earn money from home with our amazing opportunity. Please reply. Offer9948,spam
Please note: I will be there in ten minutes. Thanks. Ref5210,ham
Quick message: The project presentation is on Monday. Please reply. Ref2439,ham
Hello! Exclusive winner notification. Claim your cash prize. Thank you. Offer6367,spam
Don't forget to bring your ID card. Thank you. Ref0433,ham
Reminder: You are eligible for a special bonus. Apply immediately. Offer9452,spam
"Today: Hey, are we still meeting at 6 pm? Have a good day. Ref2627",ham
Important: URGENT! You have been selected for a cash reward. Call now. Reply when you can. Offer9789,spam
Today: The meeting starts at 10 am. Have a good day. Ref1276,ham
Hi! See you tomorrow morning. Reply when you can. Ref3614,ham
Hi! Limited offer! Buy now and get a huge discount. Let me know. Offer0348,spam
Reminder: Earn thousands from home. Join this opportunity now. Let me know. Offer1788,spam
Hi! Exclusive winner notification. Claim your cash prize. Reply when you can. Offer8084,spam
URGENT! You have been selected for a cash reward. Call now. Reply when you can. Offer2278,spam
Just letting you know: Congratulations! You have won a free prize. Claim now. Reply when you can. Offer0340,spam
Today: WIN CASH NOW! Reply YES to receive your reward. Let me know. Offer2158,spam
Hi! Free coupon available now. Click to redeem. Offer1379,spam
Act now to receive your free gift. Have a good day. Offer4786,spam
Hi! I reached safely. Thanks. Ref8485,ham
Hi! Amazing deal! Get your bonus before the offer ends. Thanks. Offer3408,spam
Just letting you know: Special cash offer just for you. Reply now. Thanks. Offer3322,spam
Hello! Free gift waiting for you. Claim your reward today. Thank you. Offer1054,spam
Hello! Can we reschedule our appointment? Thank you. Ref5858,ham
Today: Act now to receive your free gift. Thanks. Offer9045,spam
Please note: Please check the attached report. Thanks. Ref3529,ham
Please note: You have won a shopping voucher. Click here now. Please reply. Offer7948,spam
Hello! Get a special discount now! Limited time offer. Have a good day. Offer7738,spam
Important: The class has been moved to room 204. Ref6972,ham
"Hi! Congratulations, your number has won a cash bonus. Thank you. Offer5667",spam
Please call me when you reach home. Let me know. Ref7607,ham
Reminder: I am waiting outside the office. Thanks. Ref6961,ham
Please note: Amazing deal! Get your bonus before the offer ends. Thank you. Offer7536,spam
Hi! Amazing deal! Get your bonus before the offer ends. Offer0480,spam
Please note: The class has been moved to room 204. Reply when you can. Ref3275,ham
Important: Free coupon available now. Click to redeem. Please reply. Offer4883,spam
Today: Let me know when you are available. Reply when you can. Ref3790,ham
Hello! See you tomorrow morning. Let me know. Ref4574,ham
Today: Get a special discount now! Limited time offer. Offer9758,spam
Today: Limited offer! Buy now and get a huge discount. Let me know. Offer9353,spam
Please note: Exclusive winner notification. Claim your cash prize. Please reply. Offer2079,spam
Can you send me the notes from today's class? Let me know. Ref4385,ham
Important: Please submit the form before Friday. Please reply. Ref0303,ham
Hi! Your assignment is due tomorrow. Thanks. Ref0343,ham
Important: Please check the attached report. Ref5616,ham
"Hey, are we still meeting at 6 pm? Thank you. Ref3716",ham
Reminder: Get rich quickly with this incredible money-making offer. Please reply. Offer5525,spam
Important: The project presentation is on Monday. Let me know. Ref6360,ham
Please note: Please bring your laptop tomorrow. Ref8881,ham
Hello! Can you share the Wi-Fi password? Reply when you can. Ref7571,ham
Please note: You are selected for a free prize. Confirm your details. Thank you. Offer7206,spam
Today: Let's have lunch together today. Thanks. Ref0391,ham
Just letting you know: Win a brand new phone today. Click to claim your prize. Please reply. Offer8113,spam
Reminder: URGENT! You have been selected for a cash reward. Call now. Please reply. Offer6881,spam
Quick message: Can we reschedule our appointment? Reply when you can. Ref6393,ham
"Hi! Congratulations, your number has won a cash bonus. Thanks. Offer9115",spam
Reminder: I am waiting outside the office. Please reply. Ref2801,ham
Quick message: URGENT! You have been selected for a cash reward. Call now. Have a good day. Offer7841,spam
Please note: The class has been moved to room 204. Thanks. Ref8326,ham
Just letting you know: Happy birthday! Have a wonderful day. Please reply. Ref1032,ham
Hi! Let me know when you are available. Let me know. Ref4131,ham
Reminder: Win a brand new phone today. Click to claim your prize. Thank you. Offer8677,spam
Reminder: WIN CASH NOW! Reply YES to receive your reward. Thank you. Offer3275,spam
Quick message: Can you send me the notes from today's class? Let me know. Ref9128,ham
Hi! Happy birthday! Have a wonderful day. Have a good day. Ref4067,ham
Exclusive offer available only today. Claim now. Thank you. Offer7471,spam
Reminder: Congratulations! Your account has received a reward. Thank you. Offer0899,spam
Are you free this evening? Please reply. Ref9146,ham
Hello! Please bring your laptop tomorrow. Thank you. Ref9691,ham
Just letting you know: Please check the attached report. Reply when you can. Ref4031,ham
Hello! Can you pick up some groceries on your way? Thank you. Ref4407,ham
Important: Get a special discount now! Limited time offer. Thanks. Offer5064,spam
Earn money from home with our amazing opportunity. Please reply. Offer7504,spam
Please note: Congratulations! Your account has received a reward. Have a good day. Offer2193,spam
Reminder: Please check the attached report. Let me know. Ref5963,ham
Important: Limited offer! Buy now and get a huge discount. Let me know. Offer9446,spam
Reminder: Free coupon available now. Click to redeem. Let me know. Offer0794,spam
Today: Let me know when you are available. Please reply. Ref0105,ham
Hi! You are selected for a free prize. Confirm your details. Please reply. Offer5802,spam
Today: You are eligible for a special bonus. Apply immediately. Thank you. Offer1003,spam
Hi! Exclusive offer available only today. Claim now. Offer0477,spam
Hi! Happy birthday! Have a wonderful day. Thank you. Ref0048,ham
Just letting you know: Act now to receive your free gift. Reply when you can. Offer3001,spam
Hello! Urgent reward notification. Claim before midnight. Have a good day. Offer1039,spam
Reminder: You are eligible for a special bonus. Apply immediately. Reply when you can. Offer9691,spam
Just letting you know: Free membership available. Register today. Reply when you can. Offer1727,spam
Hi! Your order has been delivered. Reply when you can. Ref5999,ham
Hi! I am waiting outside the office. Thank you. Ref5453,ham
Hi! Your assignment is due tomorrow. Let me know. Ref0758,ham
Important: Your assignment is due tomorrow. Please reply. Ref5433,ham
Important: Claim your exclusive reward before it expires. Please reply. Offer7822,spam
Just letting you know: Win a brand new phone today. Click to claim your prize. Please reply. Offer8091,spam
Quick message: Amazing deal! Get your bonus before the offer ends. Have a good day. Offer7902,spam
Hello! Please submit the form before Friday. Let me know. Ref7943,ham
Earn money from home with our amazing opportunity. Thanks. Offer2588,spam
Quick message: Get rich quickly with this incredible money-making offer. Let me know. Offer2251,spam
You are the lucky winner of a huge cash prize. Reply when you can. Offer4033,spam
Reminder: Earn money from home with our amazing opportunity. Offer0702,spam
Just letting you know: Can you share the Wi-Fi password? Ref4676,ham
Reminder: Free coupon available now. Click to redeem. Let me know. Offer2119,spam
Quick message: Special cash offer just for you. Reply now. Have a good day. Offer6857,spam
Your assignment is due tomorrow. Ref7261,ham
Today: You are selected for a free prize. Confirm your details. Please reply. Offer9297,spam
Hello! Let's have lunch together today. Have a good day. Ref8463,ham
Quick message: Don't forget to bring your ID card. Thanks. Ref7089,ham
Reminder: Exclusive offer available only today. Claim now. Thanks. Offer2539,spam
Important: You have won a guaranteed reward. Respond now. Please reply. Offer0890,spam
Reminder: Congratulations winner! Contact us to collect your prize. Please reply. Offer2454,spam
Hello! I will call you after work. Have a good day. Ref6804,ham
Just letting you know: You are selected for a free prize. Confirm your details. Thank you. Offer5812,spam
"Hi! Congratulations, your number has won a cash bonus. Let me know. Offer0454",spam
You are eligible for a special bonus. Apply immediately. Thank you. Offer5739,spam
Important: Exclusive offer available only today. Claim now. Offer5818,spam
Please note: Win a brand new phone today. Click to claim your prize. Please reply. Offer9834,spam
Hello! Please remind me about the meeting. Thanks. Ref2912,ham
Just letting you know: You are selected for a free prize. Confirm your details. Reply when you can. Offer9240,spam
Quick message: Can you share the Wi-Fi password? Please reply. Ref4512,ham
Hello! You are eligible for a special bonus. Apply immediately. Have a good day. Offer7401,spam
Hello! Congratulations! You have won a free prize. Claim now. Thank you. Offer2520,spam
Quick message: Exclusive offer available only today. Claim now. Have a good day. Offer3653,spam
Hi! You have won a guaranteed reward. Respond now. Thank you. Offer7655,spam
Important: Can you send me the notes from today's class? Let me know. Ref6468,ham
You are selected for a free prize. Confirm your details. Offer3650,spam
Special cash offer just for you. Reply now. Thanks. Offer5569,spam
Just letting you know: Exclusive offer available only today. Claim now. Offer3561,spam
Reminder: You have won a guaranteed reward. Respond now. Offer1947,spam
Today: Please bring your laptop tomorrow. Please reply. Ref7587,ham
Get a special discount now! Limited time offer. Have a good day. Offer0305,spam
Reminder: Congratulations! Your account has received a reward. Thanks. Offer3537,spam
Hi! Please call me when you reach home. Let me know. Ref6727,ham
Just letting you know: Can you send me the notes from today's class? Please reply. Ref5897,ham
Hello! Are you free this evening? Ref1023,ham
Quick message: Don't forget to bring your ID card. Reply when you can. Ref8405,ham
Quick message: Thanks for helping me yesterday. Thank you. Ref6681,ham
"Please note: Congratulations, your number has won a cash bonus. Offer4935",spam
Important: The class has been moved to room 204. Thanks. Ref1707,ham
Important: Thanks for helping me yesterday. Thanks. Ref9762,ham
Today: Exclusive winner notification. Claim your cash prize. Thanks. Offer5339,spam
Important: Congratulations winner! Contact us to collect your prize. Thanks. Offer3434,spam
Please note: I have sent the documents to your email. Ref9573,ham
"Hello! Congratulations, your number has won a cash bonus. Please reply. Offer7197",spam
Important: Free coupon available now. Click to redeem. Let me know. Offer4169,spam
"Hello! Hey, are we still meeting at 6 pm? Have a good day. Ref6781",ham
Hi! WIN CASH NOW! Reply YES to receive your reward. Thanks. Offer3971,spam
Just letting you know: Claim your exclusive reward before it expires. Let me know. Offer0649,spam
Hello! I reached safely. Ref1966,ham
Today: Please submit the form before Friday. Let me know. Ref3648,ham
Just letting you know: Get rich quickly with this incredible money-making offer. Offer1444,spam
Congratulations winner! Contact us to collect your prize. Please reply. Offer7811,spam
Today: Free coupon available now. Click to redeem. Reply when you can. Offer7267,spam
"Reminder: Congratulations, your number has won a cash bonus. Offer4847",spam
Today: Happy birthday! Have a wonderful day. Ref9273,ham
What time does the train arrive? Thanks. Ref1414,ham
Just letting you know: The meeting starts at 10 am. Let me know. Ref6619,ham
Quick message: Congratulations winner! Contact us to collect your prize. Have a good day. Offer0802,spam
Hello! Can you pick up some groceries on your way? Thanks. Ref5484,ham
You have been chosen for a free vacation. Reply when you can. Offer9409,spam
"Today: Hey, are we still meeting at 6 pm? Please reply. Ref3498",ham
Please note: Congratulations! Your account has received a reward. Let me know. Offer4792,spam
Hello! The project presentation is on Monday. Please reply. Ref7094,ham
Important: Can we reschedule our appointment? Please reply. Ref4855,ham
Urgent reward notification. Claim before midnight. Thank you. Offer5909,spam
Quick message: Happy birthday! Have a wonderful day. Thanks. Ref2231,ham
Please note: Congratulations! You have won a free prize. Claim now. Thank you. Offer6202,spam
Today: Congratulations! Your account has received a reward. Please reply. Offer3264,spam
Exclusive winner notification. Claim your cash prize. Thanks. Offer0531,spam
Today: Limited offer! Buy now and get a huge discount. Offer6332,spam
Get a special discount now! Limited time offer. Let me know. Offer9468,spam
Hello! Are you free this evening? Thanks. Ref6696,ham
Please note: Are you free this evening? Thanks. Ref0214,ham
Just letting you know: Your assignment is due tomorrow. Please reply. Ref4556,ham
Important: Congratulations! You have won a free prize. Claim now. Please reply. Offer0057,spam
"Important: Hey, are we still meeting at 6 pm? Thanks. Ref8100",ham
Please note: Happy birthday! Have a wonderful day. Have a good day. Ref1800,ham
Reminder: Can you send me the notes from today's class? Have a good day. Ref0199,ham
Just letting you know: Special promotion! Get 90 percent off today. Reply when you can. Offer7844,spam
Reminder: Free membership available. Register today. Have a good day. Offer6112,spam
Today: Can we reschedule our appointment? Let me know. Ref4160,ham
Today: Don't forget to bring your ID card. Ref5625,ham
Just letting you know: Don't forget to bring your ID card. Have a good day. Ref8006,ham
Quick message: You are the lucky winner of a huge cash prize. Let me know. Offer8198,spam
Reminder: Urgent reward notification. Claim before midnight. Thank you. Offer7817,spam
Please note: I am going to the market now. Have a good day. Ref2884,ham
Just letting you know: Please submit the form before Friday. Ref2394,ham
Just letting you know: I am going to the market now. Please reply. Ref0873,ham
Important: You are selected for a free prize. Confirm your details. Please reply. Offer0934,spam
Hi! Get rich quickly with this incredible money-making offer. Have a good day. Offer2030,spam
Just letting you know: The meeting starts at 10 am. Please reply. Ref1066,ham
Please note: See you tomorrow morning. Let me know. Ref6200,ham
Just letting you know: I will call you after work. Reply when you can. Ref4787,ham
Quick message: Congratulations! You have won a free prize. Claim now. Thank you. Offer2906,spam
Today: Urgent reward notification. Claim before midnight. Let me know. Offer3446,spam
Please note: I am going to the market now. Thanks. Ref3233,ham
Important: See you tomorrow morning. Reply when you can. Ref9631,ham
Important: Free coupon available now. Click to redeem. Offer2171,spam
Hello! Special promotion! Get 90 percent off today. Reply when you can. Offer7470,spam
Hello! FREE entry to win a luxury car. Reply WIN now. Reply when you can. Offer0728,spam
Hello! I have sent the documents to your email. Please reply. Ref1021,ham
"Just letting you know: Hey, are we still meeting at 6 pm? Let me know. Ref5208",ham
Please note: Please remind me about the meeting. Let me know. Ref4842,ham
Hi! Are you free this evening? Thanks. Ref2452,ham
Hello! You are selected for a free prize. Confirm your details. Thanks. Offer4948,spam
Hi! Amazing deal! Get your bonus before the offer ends. Let me know. Offer6172,spam
Quick message: WIN CASH NOW! Reply YES to receive your reward. Reply when you can. Offer5890,spam
Hi! What time does the train arrive? Have a good day. Ref8415,ham
Hello! Don't forget to bring your ID card. Have a good day. Ref6318,ham
Just letting you know: Your order has been delivered. Reply when you can. Ref8586,ham
Free gift waiting for you. Claim your reward today. Let me know. Offer8409,spam
Quick message: I have sent the documents to your email. Please reply. Ref2031,ham
Quick message: I reached safely. Let me know. Ref7234,ham
You are the lucky winner of a huge cash prize. Let me know. Offer8809,spam
Quick message: Please check the attached report. Have a good day. Ref9120,ham
Just letting you know: Let's have lunch together today. Reply when you can. Ref8131,ham
Quick message: WIN CASH NOW! Reply YES to receive your reward. Reply when you can. Offer4597,spam
You are selected for a free prize. Confirm your details. Thanks. Offer9495,spam
Hello! Urgent reward notification. Claim before midnight. Please reply. Offer3866,spam
Please note: I will call you after work. Have a good day. Ref5219,ham
Hi! Can we reschedule our appointment? Have a good day. Ref2575,ham
Free gift waiting for you. Claim your reward today. Reply when you can. Offer7490,spam
Important: Congratulations! Your account has received a reward. Thank you. Offer2784,spam
Important: Congratulations! Your account has received a reward. Let me know. Offer6854,spam
Important: I will call you after work. Please reply. Ref8670,ham
Quick message: I will call you after work. Ref6461,ham
WIN CASH NOW! Reply YES to receive your reward. Have a good day. Offer4311,spam
Quick message: Exclusive winner notification. Claim your cash prize. Thanks. Offer4944,spam
Important: Amazing deal! Get your bonus before the offer ends. Have a good day. Offer7931,spam
Important: Get a special discount now! Limited time offer. Have a good day. Offer0821,spam
Hello! Please submit the form before Friday. Thanks. Ref0910,ham
Today: Urgent reward notification. Claim before midnight. Offer6642,spam
Please note: Limited offer! Buy now and get a huge discount. Offer4129,spam
Hello! See you tomorrow morning. Have a good day. Ref6714,ham
Hello! I will be there in ten minutes. Have a good day. Ref7054,ham
Just letting you know: Your order has been delivered. Ref8069,ham
Hello! What time does the train arrive? Please reply. Ref4409,ham
Hello! Amazing deal! Get your bonus before the offer ends. Please reply. Offer8441,spam
Important: I have sent the documents to your email. Please reply. Ref5164,ham
Please note: Congratulations! You have won a free prize. Claim now. Have a good day. Offer4800,spam
Hello! The weather is nice today. Please reply. Ref6434,ham
Hello! The class has been moved to room 204. Please reply. Ref8508,ham
Hello! Congratulations winner! Contact us to collect your prize. Reply when you can. Offer8524,spam
Please note: Urgent reward notification. Claim before midnight. Reply when you can. Offer8433,spam
Today: Limited offer! Buy now and get a huge discount. Offer5178,spam
Important: Win a brand new phone today. Click to claim your prize. Thanks. Offer3930,spam
Just letting you know: The meeting starts at 10 am. Thanks. Ref6811,ham
Reminder: The weather is nice today. Please reply. Ref0790,ham
Hi! Act now to receive your free gift. Have a good day. Offer0912,spam
Important: Act now to receive your free gift. Have a good day. Offer3422,spam
Amazing deal! Get your bonus before the offer ends. Reply when you can. Offer5734,spam
Please note: Happy birthday! Have a wonderful day. Let me know. Ref4904,ham
Quick message: Can you pick up some groceries on your way? Let me know. Ref2985,ham
Hi! I have sent the documents to your email. Let me know. Ref7992,ham
Hello! Exclusive offer available only today. Claim now. Have a good day. Offer4333,spam
Hi! Your assignment is due tomorrow. Ref3162,ham
Quick message: WIN CASH NOW! Reply YES to receive your reward. Thanks. Offer8269,spam
Hi! What time does the train arrive? Thank you. Ref5199,ham
"Quick message: Hey, are we still meeting at 6 pm? Please reply. Ref5340",ham
Important: Can you send me the notes from today's class? Have a good day. Ref9131,ham
Today: Get rich quickly with this incredible money-making offer. Offer7715,spam
Reminder: I reached safely. Let me know. Ref5721,ham
Please note: The meeting starts at 10 am. Reply when you can. Ref0995,ham
Hello! You are eligible for a special bonus. Apply immediately. Thanks. Offer6904,spam
Please note: You are selected for a free prize. Confirm your details. Let me know. Offer5230,spam
Hello! Can we reschedule our appointment? Have a good day. Ref4222,ham
Earn money from home with our amazing opportunity. Reply when you can. Offer5165,spam
Please note: Special cash offer just for you. Reply now. Offer8783,spam
Important: Earn thousands from home. Join this opportunity now. Thanks. Offer9806,spam
Quick message: Earn money from home with our amazing opportunity. Have a good day. Offer8285,spam
Hi! I have sent the documents to your email. Thanks. Ref6485,ham
Please note: Please remind me about the meeting. Please reply. Ref8598,ham
Please bring your laptop tomorrow. Have a good day. Ref2732,ham
Please note: I have sent the documents to your email. Thank you. Ref0787,ham
Quick message: Your assignment is due tomorrow. Let me know. Ref0521,ham
"Reminder: Congratulations, your number has won a cash bonus. Have a good day. Offer7710",spam
Please note: Special cash offer just for you. Reply now. Thanks. Offer2095,spam
Hello! Thanks for helping me yesterday. Thank you. Ref1371,ham
Reminder: You are the lucky winner of a huge cash prize. Reply when you can. Offer1427,spam
Just letting you know: Special cash offer just for you. Reply now. Let me know. Offer0332,spam
Reminder: You are the lucky winner of a huge cash prize. Let me know. Offer9252,spam
Please note: Please bring your laptop tomorrow. Have a good day. Ref2929,ham
"Quick message: Congratulations, your number has won a cash bonus. Reply when you can. Offer3430",spam
Hi! Please bring your laptop tomorrow. Thanks. Ref4877,ham
Hi! Happy birthday! Have a wonderful day. Ref8838,ham
Hello! I have sent the documents to your email. Thank you. Ref9011,ham
Reminder: Your assignment is due tomorrow. Thank you. Ref8295,ham
Today: The meeting starts at 10 am. Reply when you can. Ref5214,ham
Today: Earn thousands from home. Join this opportunity now. Thank you. Offer3183,spam
Quick message: You have won a guaranteed reward. Respond now. Have a good day. Offer9296,spam
Hello! Can you send me the notes from today's class? Let me know. Ref9191,ham
Important: I will be there in ten minutes. Ref1202,ham
Hello! I will be there in ten minutes. Reply when you can. Ref5130,ham
Reminder: See you tomorrow morning. Reply when you can. Ref5991,ham
Hello! Earn thousands from home. Join this opportunity now. Thank you. Offer3060,spam
Quick message: Exclusive offer available only today. Claim now. Thanks. Offer4930,spam
Quick message: Free gift waiting for you. Claim your reward today. Let me know. Offer8181,spam
Important: I have sent the documents to your email. Let me know. Ref8914,ham
Reminder: You have been chosen for a free vacation. Please reply. Offer4988,spam
"Please note: Congratulations, your number has won a cash bonus. Let me know. Offer5543",spam
Important: Your assignment is due tomorrow. Have a good day. Ref0654,ham
Reminder: Are you free this evening? Thank you. Ref0271,ham
Important: Congratulations winner! Contact us to collect your prize. Offer8834,spam
Hi! Get rich quickly with this incredible money-making offer. Thank you. Offer0655,spam
Quick message: WIN CASH NOW! Reply YES to receive your reward. Thanks. Offer7560,spam
Hello! Exclusive offer available only today. Claim now. Thanks. Offer8991,spam
Hello! You have won a shopping voucher. Click here now. Thanks. Offer5914,spam
Can you share the Wi-Fi password? Have a good day. Ref2395,ham
Important: I will call you after work. Ref3328,ham
Please note: Get rich quickly with this incredible money-making offer. Thank you. Offer8298,spam
Hi! Earn thousands from home. Join this opportunity now. Please reply. Offer6681,spam
Are you free this evening? Thank you. Ref5063,ham
Hi! I am going to the market now. Let me know. Ref5274,ham
Quick message: Please remind me about the meeting. Ref6638,ham
Just letting you know: I am waiting outside the office. Thanks. Ref4267,ham
Quick message: URGENT! You have been selected for a cash reward. Call now. Let me know. Offer1918,spam
Quick message: Win a brand new phone today. Click to claim your prize. Offer1605,spam
Hello! Special promotion! Get 90 percent off today. Have a good day. Offer0773,spam
Quick message: See you tomorrow morning. Let me know. Ref5743,ham
Hi! Win a brand new phone today. Click to claim your prize. Thanks. Offer6142,spam
Important: You have won a shopping voucher. Click here now. Let me know. Offer1829,spam
Quick message: Can you share the Wi-Fi password? Reply when you can. Ref0811,ham
Claim your exclusive reward before it expires. Thanks. Offer8970,spam
Hi! Special cash offer just for you. Reply now. Please reply. Offer8069,spam
Hello! Amazing deal! Get your bonus before the offer ends. Thank you. Offer0871,spam
Hi! Please remind me about the meeting. Thanks. Ref8499,ham
Hello! Let me know when you are available. Thanks. Ref9067,ham
Hello! I will call you after work. Ref3035,ham
Just letting you know: The class has been moved to room 204. Thank you. Ref6006,ham
Important: Don't forget to bring your ID card. Ref3160,ham
Quick message: Exclusive offer available only today. Claim now. Offer1869,spam
Today: Are you free this evening? Reply when you can. Ref1256,ham
Quick message: Please submit the form before Friday. Please reply. Ref8559,ham
I reached safely. Thanks. Ref4684,ham
Hello! URGENT! You have been selected for a cash reward. Call now. Thanks. Offer8390,spam
Important: I will be there in ten minutes. Reply when you can. Ref5234,ham
Just letting you know: Special promotion! Get 90 percent off today. Thanks. Offer6319,spam
Hi! I will be there in ten minutes. Thanks. Ref9596,ham
Reminder: Congratulations! Your account has received a reward. Please reply. Offer7963,spam
Hello! Urgent reward notification. Claim before midnight. Let me know. Offer4978,spam
Please remind me about the meeting. Reply when you can. Ref7469,ham
Hello! Can you send me the notes from today's class? Ref0408,ham
Please note: You are eligible for a special bonus. Apply immediately. Let me know. Offer1277,spam
Hi! You have been chosen for a free vacation. Let me know. Offer4539,spam
Just letting you know: Please check the attached report. Thank you. Ref8680,ham
Hi! Earn money from home with our amazing opportunity. Have a good day. Offer1823,spam
Special cash offer just for you. Reply now. Please reply. Offer5614,spam
Hello! Get rich quickly with this incredible money-making offer. Please reply. Offer3037,spam
Reminder: You are selected for a free prize. Confirm your details. Reply when you can. Offer1826,spam
Important: Can you pick up some groceries on your way? Thanks. Ref8978,ham
Get rich quickly with this incredible money-making offer. Please reply. Offer0956,spam
Get rich quickly with this incredible money-making offer. Let me know. Offer8706,spam
Important: I will be there in ten minutes. Thanks. Ref6276,ham
Today: The class has been moved to room 204. Reply when you can. Ref5557,ham
Important: WIN CASH NOW! Reply YES to receive your reward. Have a good day. Offer0205,spam
Please note: I will call you after work. Thanks. Ref7232,ham
Just letting you know: Can you pick up some groceries on your way? Please reply. Ref1174,ham
Please note: Get rich quickly with this incredible money-making offer. Let me know. Offer2390,spam
You are the lucky winner of a huge cash prize. Please reply. Offer3086,spam
Exclusive winner notification. Claim your cash prize. Thank you. Offer8974,spam
Quick message: Free membership available. Register today. Thank you. Offer0666,spam
Hello! Free gift waiting for you. Claim your reward today. Have a good day. Offer6080,spam
Please bring your laptop tomorrow. Please reply. Ref2528,ham
Congratulations! Your account has received a reward. Let me know. Offer5900,spam
Hello! WIN CASH NOW! Reply YES to receive your reward. Thanks. Offer0543,spam
The meeting starts at 10 am. Ref8982,ham
Reminder: Get rich quickly with this incredible money-making offer. Thank you. Offer1057,spam
Just letting you know: WIN CASH NOW! Reply YES to receive your reward. Offer8389,spam
Please note: Thanks for helping me yesterday. Have a good day. Ref8252,ham
Reminder: Your order has been delivered. Have a good day. Ref7114,ham
Reminder: Special promotion! Get 90 percent off today. Offer3268,spam
Hello! Please bring your laptop tomorrow. Thanks. Ref1991,ham
Hello! Happy birthday! Have a wonderful day. Let me know. Ref5455,ham
Please submit the form before Friday. Have a good day. Ref2675,ham
Just letting you know: WIN CASH NOW! Reply YES to receive your reward. Thank you. Offer2159,spam
Just letting you know: Congratulations! You have won a free prize. Claim now. Thank you. Offer0554,spam
Just letting you know: Your order has been delivered. Thanks. Ref5430,ham
Please note: You have won a shopping voucher. Click here now. Offer5704,spam
Hi! You are the lucky winner of a huge cash prize. Thank you. Offer4502,spam
Hi! Special cash offer just for you. Reply now. Offer1274,spam
Hi! Get rich quickly with this incredible money-making offer. Thank you. Offer1279,spam
Hi! Act now to receive your free gift. Thanks. Offer5879,spam
Quick message: You have been chosen for a free vacation. Please reply. Offer5034,spam
Hello! Amazing deal! Get your bonus before the offer ends. Offer2431,spam
Important: Can you pick up some groceries on your way? Please reply. Ref1608,ham
Important: Get a special discount now! Limited time offer. Reply when you can. Offer9818,spam
Reminder: Thanks for helping me yesterday. Reply when you can. Ref1046,ham
Hello! Thanks for helping me yesterday. Have a good day. Ref1261,ham
Reminder: Please bring your laptop tomorrow. Thank you. Ref2314,ham
Just letting you know: Free gift waiting for you. Claim your reward today. Have a good day. Offer6051,spam
Reminder: Limited offer! Buy now and get a huge discount. Thank you. Offer0784,spam
Important: Can we reschedule our appointment? Let me know. Ref8034,ham
Today: I have sent the documents to your email. Please reply. Ref1909,ham
Just letting you know: The project presentation is on Monday. Have a good day. Ref7474,ham
Just letting you know: You are the lucky winner of a huge cash prize. Reply when you can. Offer3857,spam
Important: Exclusive winner notification. Claim your cash prize. Have a good day. Offer1593,spam
Hello! Act now to receive your free gift. Thanks. Offer5997,spam
Reminder: Thanks for helping me yesterday. Thanks. Ref2552,ham
"Congratulations, your number has won a cash bonus. Thanks. Offer9656",spam
Just letting you know: You have won a guaranteed reward. Respond now. Please reply. Offer0417,spam
Hi! Please check the attached report. Reply when you can. Ref5339,ham
Quick message: Can you share the Wi-Fi password? Let me know. Ref3980,ham
Quick message: Happy birthday! Have a wonderful day. Thank you. Ref4251,ham
The class has been moved to room 204. Reply when you can. Ref3154,ham
Today: Earn thousands from home. Join this opportunity now. Have a good day. Offer6744,spam
Reminder: You have won a guaranteed reward. Respond now. Have a good day. Offer2169,spam
Just letting you know: I am going to the market now. Have a good day. Ref2779,ham
Please note: The class has been moved to room 204. Thank you. Ref2590,ham
Hello! Your assignment is due tomorrow. Reply when you can. Ref4189,ham
Quick message: Please bring your laptop tomorrow. Ref7042,ham
Today: Get rich quickly with this incredible money-making offer. Let me know. Offer8584,spam
Reminder: URGENT! You have been selected for a cash reward. Call now. Offer7993,spam
Today: Congratulations winner! Contact us to collect your prize. Thank you. Offer8701,spam
Quick message: Get a special discount now! Limited time offer. Thank you. Offer2862,spam
Hello! Your order has been delivered. Let me know. Ref4203,ham
Today: The meeting starts at 10 am. Thanks. Ref4008,ham
The project presentation is on Monday. Thanks. Ref6265,ham
Important: What time does the train arrive? Ref4775,ham
Hi! Congratulations! Your account has received a reward. Let me know. Offer9005,spam
Hi! I reached safely. Let me know. Ref0889,ham
Please note: I will call you after work. Please reply. Ref4055,ham
Hello! Free membership available. Register today. Reply when you can. Offer5950,spam
Quick message: Are you free this evening? Reply when you can. Ref8668,ham
"Important: Hey, are we still meeting at 6 pm? Please reply. Ref5132",ham
Let me know when you are available. Please reply. Ref8438,ham
Congratulations winner! Contact us to collect your prize. Please reply. Offer7434,spam
Quick message: The meeting starts at 10 am. Please reply. Ref6657,ham
Please note: I am going to the market now. Have a good day. Ref0644,ham
URGENT! You have been selected for a cash reward. Call now. Thanks. Offer1090,spam
Quick message: I will call you after work. Ref9434,ham
Reminder: Let's have lunch together today. Please reply. Ref1497,ham
Can you share the Wi-Fi password? Have a good day. Ref6441,ham
Quick message: You have been chosen for a free vacation. Please reply. Offer0308,spam
Please note: Please check the attached report. Please reply. Ref8831,ham
Happy birthday! Have a wonderful day. Please reply. Ref9284,ham
Just letting you know: FREE entry to win a luxury car. Reply WIN now. Thank you. Offer3817,spam
Quick message: Are you free this evening? Let me know. Ref7516,ham
Please note: Exclusive offer available only today. Claim now. Offer7820,spam
Important: You have been chosen for a free vacation. Thank you. Offer1704,spam
I have sent the documents to your email. Ref7884,ham
Just letting you know: FREE entry to win a luxury car. Reply WIN now. Please reply. Offer6835,spam
"Please note: Congratulations, your number has won a cash bonus. Let me know. Offer6620",spam
Hi! Happy birthday! Have a wonderful day. Please reply. Ref9080,ham
Can we reschedule our appointment? Let me know. Ref1879,ham
Congratulations! You have won a free prize. Claim now. Offer9753,spam
Today: Claim your exclusive reward before it expires. Let me know. Offer3686,spam
Please note: Can you share the Wi-Fi password? Thanks. Ref7132,ham
"Just letting you know: Hey, are we still meeting at 6 pm? Please reply. Ref4595",ham
Important: Claim your exclusive reward before it expires. Thank you. Offer8148,spam
Hello! Limited offer! Buy now and get a huge discount. Let me know. Offer1342,spam
Hello! Are you free this evening? Please reply. Ref4659,ham
Hi! Can you share the Wi-Fi password? Please reply. Ref8723,ham
Today: Let's have lunch together today. Reply when you can. Ref4680,ham
The project presentation is on Monday. Please reply. Ref6623,ham
Important: Congratulations! You have won a free prize. Claim now. Please reply. Offer1287,spam
Can you send me the notes from today's class? Please reply. Ref1372,ham
Reminder: Let me know when you are available. Ref8520,ham
Hi! Act now to receive your free gift. Reply when you can. Offer8126,spam
Hi! Free gift waiting for you. Claim your reward today. Let me know. Offer0282,spam
Reminder: The weather is nice today. Thanks. Ref4713,ham
WIN CASH NOW! Reply YES to receive your reward. Reply when you can. Offer1217,spam
Just letting you know: You have won a shopping voucher. Click here now. Please reply. Offer1418,spam
Important: Let me know when you are available. Ref2440,ham
Hello! Please submit the form before Friday. Thank you. Ref0202,ham
Hello! Act now to receive your free gift. Please reply. Offer3417,spam
I reached safely. Thanks. Ref5619,ham
Hi! See you tomorrow morning. Ref8663,ham
Reminder: FREE entry to win a luxury car. Reply WIN now. Thanks. Offer0449,spam
Hi! Can we reschedule our appointment? Thank you. Ref0716,ham
Please note: Congratulations winner! Contact us to collect your prize. Thank you. Offer8573,spam
Let me know when you are available. Let me know. Ref9373,ham
Your assignment is due tomorrow. Thanks. Ref8714,ham
Quick message: Urgent reward notification. Claim before midnight. Have a good day. Offer9797,spam
Today: Get rich quickly with this incredible money-making offer. Thanks. Offer5656,spam
Important: Special promotion! Get 90 percent off today. Please reply. Offer4729,spam
Today: Congratulations! You have won a free prize. Claim now. Reply when you can. Offer1344,spam
Hi! You have won a shopping voucher. Click here now. Thank you. Offer1471,spam
Today: FREE entry to win a luxury car. Reply WIN now. Please reply. Offer8671,spam
Today: You have won a guaranteed reward. Respond now. Offer2919,spam
Reminder: The class has been moved to room 204. Reply when you can. Ref8905,ham
Please note: I will call you after work. Let me know. Ref3971,ham
Today: Thanks for helping me yesterday. Please reply. Ref3055,ham
Reminder: Your order has been delivered. Let me know. Ref2176,ham
Today: Are you free this evening? Please reply. Ref2964,ham
Quick message: Your assignment is due tomorrow. Reply when you can. Ref8871,ham
Just letting you know: Congratulations! Your account has received a reward. Let me know. Offer0496,spam
Reminder: FREE entry to win a luxury car. Reply WIN now. Please reply. Offer1306,spam
Quick message: Are you free this evening? Thank you. Ref1449,ham
Hello! Exclusive offer available only today. Claim now. Offer7479,spam
WIN CASH NOW! Reply YES to receive your reward. Offer6426,spam
Important: Your assignment is due tomorrow. Reply when you can. Ref2509,ham
Reminder: You are eligible for a special bonus. Apply immediately. Please reply. Offer9549,spam
Important: The meeting starts at 10 am. Have a good day. Ref0507,ham
WIN CASH NOW! Reply YES to receive your reward. Thanks. Offer3941,spam
Please bring your laptop tomorrow. Thanks. Ref2072,ham
Important: Thanks for helping me yesterday. Please reply. Ref4020,ham
Hello! You have won a guaranteed reward. Respond now. Please reply. Offer0613,spam
Hi! Act now to receive your free gift. Please reply. Offer6831,spam
Please check the attached report. Thank you. Ref6814,ham
Hi! Get a special discount now! Limited time offer. Thank you. Offer6704,spam
Please note: Happy birthday! Have a wonderful day. Reply when you can. Ref3031,ham
Just letting you know: Act now to receive your free gift. Offer1661,spam
Hello! Please call me when you reach home. Have a good day. Ref7981,ham
Claim your exclusive reward before it expires. Reply when you can. Offer4146,spam
Reminder: Get a special discount now! Limited time offer. Let me know. Offer1543,spam
Today: Earn money from home with our amazing opportunity. Thanks. Offer5763,spam
Today: Exclusive winner notification. Claim your cash prize. Thank you. Offer7744,spam
Today: Please call me when you reach home. Let me know. Ref7610,ham
Hello! You have won a shopping voucher. Click here now. Reply when you can. Offer7087,spam
Hi! Get a special discount now! Limited time offer. Thanks. Offer9682,spam
Reminder: Amazing deal! Get your bonus before the offer ends. Thanks. Offer7569,spam
Important: Let me know when you are available. Ref2056,ham
Today: Free membership available. Register today. Have a good day. Offer7387,spam
Hello! Congratulations! Your account has received a reward. Reply when you can. Offer1380,spam
Please note: Can you send me the notes from today's class? Thanks. Ref2904,ham
Today: Limited offer! Buy now and get a huge discount. Let me know. Offer1662,spam
Are you free this evening? Please reply. Ref4762,ham
Today: Limited offer! Buy now and get a huge discount. Have a good day. Offer4032,spam
Hello! You are selected for a free prize. Confirm your details. Thank you. Offer0444,spam
Reminder: Let me know when you are available. Thanks. Ref4205,ham
Hello! You have won a guaranteed reward. Respond now. Reply when you can. Offer5625,spam
Hi! URGENT! You have been selected for a cash reward. Call now. Thank you. Offer3897,spam
Just letting you know: Get rich quickly with this incredible money-making offer. Have a good day. Offer8355,spam
Hi! Earn money from home with our amazing opportunity. Offer6279,spam
Hi! You have been chosen for a free vacation. Thank you. Offer0959,spam
Hello! Get a special discount now! Limited time offer. Thank you. Offer2718,spam
Please remind me about the meeting. Thank you. Ref2110,ham
Today: Free membership available. Register today. Let me know. Offer7235,spam
Hi! I will call you after work. Let me know. Ref3098,ham
Important: FREE entry to win a luxury car. Reply WIN now. Please reply. Offer8688,spam
Please note: Your order has been delivered. Please reply. Ref1602,ham
Just letting you know: The class has been moved to room 204. Ref2698,ham
Today: The project presentation is on Monday. Reply when you can. Ref8338,ham
Today: Exclusive winner notification. Claim your cash prize. Offer8469,spam
Today: Special cash offer just for you. Reply now. Have a good day. Offer5680,spam
Today: Thanks for helping me yesterday. Please reply. Ref6595,ham
Quick message: Exclusive offer available only today. Claim now. Let me know. Offer6284,spam
Important: Please bring your laptop tomorrow. Have a good day. Ref2656,ham
Just letting you know: I will call you after work. Thanks. Ref2889,ham
Please note: See you tomorrow morning. Let me know. Ref7108,ham
Hi! I will call you after work. Please reply. Ref0818,ham
Hi! Can you send me the notes from today's class? Reply when you can. Ref7091,ham
Hello! Act now to receive your free gift. Offer5784,spam
Hello! You are eligible for a special bonus. Apply immediately. Thanks. Offer4290,spam
Just letting you know: I reached safely. Ref6235,ham
Reminder: The weather is nice today. Reply when you can. Ref1978,ham
"Just letting you know: Hey, are we still meeting at 6 pm? Thank you. Ref6465",ham
Hi! Can you pick up some groceries on your way? Let me know. Ref6151,ham
Just letting you know: Please submit the form before Friday. Thanks. Ref5754,ham
You are selected for a free prize. Confirm your details. Offer9525,spam
Quick message: The class has been moved to room 204. Please reply. Ref4034,ham
Please remind me about the meeting. Thanks. Ref8564,ham
Today: You are selected for a free prize. Confirm your details. Reply when you can. Offer2103,spam
Today: URGENT! You have been selected for a cash reward. Call now. Let me know. Offer1927,spam
Please note: I will call you after work. Please reply. Ref1107,ham
Today: Earn thousands from home. Join this opportunity now. Let me know. Offer4877,spam
You are the lucky winner of a huge cash prize. Please reply. Offer0911,spam
Quick message: Please call me when you reach home. Let me know. Ref2080,ham
"Congratulations, your number has won a cash bonus. Thank you. Offer1526",spam
Reminder: Are you free this evening? Please reply. Ref5996,ham
Today: Earn money from home with our amazing opportunity. Please reply. Offer8763,spam
Just letting you know: See you tomorrow morning. Have a good day. Ref9976,ham
Today: FREE entry to win a luxury car. Reply WIN now. Thank you. Offer9594,spam
Hi! The meeting starts at 10 am. Thanks. Ref4283,ham
Reminder: Please remind me about the meeting. Please reply. Ref5587,ham
Important: The project presentation is on Monday. Ref8784,ham
Today: Congratulations winner! Contact us to collect your prize. Please reply. Offer3019,spam
Reminder: Can you pick up some groceries on your way? Thanks. Ref0292,ham
Quick message: Exclusive winner notification. Claim your cash prize. Have a good day. Offer2877,spam
Reminder: Your assignment is due tomorrow. Thanks. Ref7265,ham
Limited offer! Buy now and get a huge discount. Reply when you can. Offer1004,spam
Important: Let me know when you are available. Ref6602,ham
I am waiting outside the office. Please reply. Ref1629,ham
Quick message: Free gift waiting for you. Claim your reward today. Reply when you can. Offer8053,spam
Please note: Your order has been delivered. Ref8413,ham
Important: You are selected for a free prize. Confirm your details. Thanks. Offer8200,spam
The weather is nice today. Let me know. Ref2400,ham
Today: Can you pick up some groceries on your way? Let me know. Ref9686,ham
Reminder: Free membership available. Register today. Let me know. Offer0867,spam
Just letting you know: Let me know when you are available. Thank you. Ref1750,ham
Hello! The class has been moved to room 204. Thank you. Ref7710,ham
Please note: WIN CASH NOW! Reply YES to receive your reward. Reply when you can. Offer2309,spam
Hello! Win a brand new phone today. Click to claim your prize. Reply when you can. Offer7855,spam
Just letting you know: I will be there in ten minutes. Ref3587,ham
Today: Free membership available. Register today. Thank you. Offer8601,spam
Just letting you know: Special cash offer just for you. Reply now. Thank you. Offer2701,spam
Please note: Free coupon available now. Click to redeem. Please reply. Offer5137,spam
Important: URGENT! You have been selected for a cash reward. Call now. Thank you. Offer2138,spam
Hello! Congratulations! Your account has received a reward. Let me know. Offer8936,spam
Hi! Congratulations! Your account has received a reward. Please reply. Offer5253,spam
Please note: Get a special discount now! Limited time offer. Have a good day. Offer4784,spam
Just letting you know: The meeting starts at 10 am. Thanks. Ref8552,ham
Hi! Special cash offer just for you. Reply now. Let me know. Offer5727,spam
Hello! Exclusive winner notification. Claim your cash prize. Thank you. Offer1339,spam
Just letting you know: Special promotion! Get 90 percent off today. Please reply. Offer7518,spam
Important: Exclusive offer available only today. Claim now. Please reply. Offer6992,spam
Today: Please check the attached report. Thank you. Ref3021,ham
Please note: Please submit the form before Friday. Thanks. Ref2047,ham
I reached safely. Thank you. Ref5075,ham
Hello! Get a special discount now! Limited time offer. Reply when you can. Offer4314,spam
Just letting you know: You are eligible for a special bonus. Apply immediately. Offer8720,spam
Reminder: Don't forget to bring your ID card. Let me know. Ref6508,ham
Reminder: Happy birthday! Have a wonderful day. Thanks. Ref7226,ham
Important: Congratulations! Your account has received a reward. Offer2589,spam
Just letting you know: Exclusive winner notification. Claim your cash prize. Please reply. Offer3038,spam
Today: Exclusive offer available only today. Claim now. Thanks. Offer9741,spam
Reminder: Can we reschedule our appointment? Let me know. Ref7026,ham
I am going to the market now. Ref7335,ham
Please note: Thanks for helping me yesterday. Let me know. Ref4211,ham
Please note: Don't forget to bring your ID card. Thank you. Ref8145,ham
Please note: Special promotion! Get 90 percent off today. Please reply. Offer0003,spam
Reminder: Free gift waiting for you. Claim your reward today. Thanks. Offer4255,spam
Reminder: Thanks for helping me yesterday. Thank you. Ref2104,ham
Important: I am going to the market now. Thank you. Ref0767,ham
Quick message: See you tomorrow morning. Have a good day. Ref3555,ham
Hello! Happy birthday! Have a wonderful day. Thanks. Ref3520,ham
Today: You are selected for a free prize. Confirm your details. Let me know. Offer0929,spam
Hello! You are eligible for a special bonus. Apply immediately. Let me know. Offer5121,spam
Hello! Please call me when you reach home. Reply when you can. Ref6379,ham
Reminder: Congratulations! Your account has received a reward. Please reply. Offer9935,spam
FREE entry to win a luxury car. Reply WIN now. Have a good day. Offer7623,spam
Just letting you know: Exclusive winner notification. Claim your cash prize. Reply when you can. Offer3560,spam
"Please note: Hey, are we still meeting at 6 pm? Ref3859",ham
Important: Please bring your laptop tomorrow. Thanks. Ref3628,ham
Please note: Earn money from home with our amazing opportunity. Thank you. Offer3249,spam
Reminder: You have won a guaranteed reward. Respond now. Thank you. Offer1988,spam
Important: Please remind me about the meeting. Ref1492,ham
You are the lucky winner of a huge cash prize. Offer2530,spam
Important: Congratulations winner! Contact us to collect your prize. Please reply. Offer5225,spam
Hi! Special promotion! Get 90 percent off today. Let me know. Offer2399,spam
"Congratulations, your number has won a cash bonus. Please reply. Offer8257",spam
Today: I reached safely. Ref9471,ham
Hi! Earn thousands from home. Join this opportunity now. Offer5375,spam
Reminder: URGENT! You have been selected for a cash reward. Call now. Thanks. Offer6135,spam
Hello! Let me know when you are available. Reply when you can. Ref4943,ham
Quick message: Special promotion! Get 90 percent off today. Reply when you can. Offer6561,spam
Important: Claim your exclusive reward before it expires. Please reply. Offer0571,spam
Just letting you know: I will call you after work. Thank you. Ref3147,ham
Today: What time does the train arrive? Please reply. Ref0738,ham
Hi! Congratulations winner! Contact us to collect your prize. Reply when you can. Offer7330,spam
Reminder: Free gift waiting for you. Claim your reward today. Let me know. Offer6069,spam
Hi! Special cash offer just for you. Reply now. Thanks. Offer1796,spam
Just letting you know: Claim your exclusive reward before it expires. Reply when you can. Offer4778,spam
Special cash offer just for you. Reply now. Thank you. Offer6107,spam
Important: You are eligible for a special bonus. Apply immediately. Thank you. Offer9033,spam
Quick message: Free gift waiting for you. Claim your reward today. Offer3316,spam
Reminder: Happy birthday! Have a wonderful day. Please reply. Ref3030,ham
Hello! You have been chosen for a free vacation. Offer3656,spam
Please note: Special cash offer just for you. Reply now. Let me know. Offer5541,spam
Hello! See you tomorrow morning. Thanks. Ref7339,ham
Important: Act now to receive your free gift. Thanks. Offer9817,spam
Please note: Congratulations winner! Contact us to collect your prize. Reply when you can. Offer6631,spam
Hello! You are eligible for a special bonus. Apply immediately. Let me know. Offer6978,spam
"Just letting you know: Hey, are we still meeting at 6 pm? Let me know. Ref5098",ham
Hi! Limited offer! Buy now and get a huge discount. Reply when you can. Offer6837,spam
Please note: Please call me when you reach home. Please reply. Ref6402,ham
Quick message: Happy birthday! Have a wonderful day. Have a good day. Ref8370,ham
Please note: Act now to receive your free gift. Thanks. Offer1201,spam
Hi! Please call me when you reach home. Ref5997,ham
Today: Can you send me the notes from today's class? Ref7817,ham
Important: WIN CASH NOW! Reply YES to receive your reward. Have a good day. Offer5718,spam
Today: Please remind me about the meeting. Thank you. Ref4913,ham
Today: FREE entry to win a luxury car. Reply WIN now. Offer4245,spam
Hello! WIN CASH NOW! Reply YES to receive your reward. Offer1483,spam
What time does the train arrive? Thanks. Ref4480,ham
Please note: Claim your exclusive reward before it expires. Please reply. Offer9907,spam
Get rich quickly with this incredible money-making offer. Thank you. Offer3416,spam
Reminder: Please bring your laptop tomorrow. Let me know. Ref2959,ham
Just letting you know: Can you pick up some groceries on your way? Thanks. Ref6718,ham
Special promotion! Get 90 percent off today. Have a good day. Offer1932,spam
I will call you after work. Please reply. Ref8879,ham
Just letting you know: Your assignment is due tomorrow. Reply when you can. Ref7210,ham
Reminder: I am going to the market now. Thanks. Ref1716,ham
Get rich quickly with this incredible money-making offer. Thank you. Offer7818,spam
Please note: Let me know when you are available. Thank you. Ref4707,ham
Hello! Let me know when you are available. Let me know. Ref9705,ham
Hello! You have won a guaranteed reward. Respond now. Reply when you can. Offer6937,spam
Important: You have won a shopping voucher. Click here now. Have a good day. Offer0755,spam
Reminder: You are the lucky winner of a huge cash prize. Thanks. Offer0371,spam
Reminder: Can you send me the notes from today's class? Thanks. Ref7563,ham
Please note: Congratulations winner! Contact us to collect your prize. Reply when you can. Offer7635,spam
Please note: Limited offer! Buy now and get a huge discount. Have a good day. Offer1269,spam
I am going to the market now. Ref8321,ham
Please note: You have won a shopping voucher. Click here now. Offer9302,spam
Important: Claim your exclusive reward before it expires. Offer7287,spam
Just letting you know: Your assignment is due tomorrow. Thank you. Ref3491,ham
Can we reschedule our appointment? Please reply. Ref6988,ham
Important: Can you share the Wi-Fi password? Thanks. Ref7959,ham
Hi! Exclusive offer available only today. Claim now. Please reply. Offer6395,spam
Important: Act now to receive your free gift. Let me know. Offer7408,spam
Reminder: I am going to the market now. Ref8038,ham
Just letting you know: Can you send me the notes from today's class? Reply when you can. Ref4063,ham
Reminder: The meeting starts at 10 am. Ref9247,ham
Act now to receive your free gift. Let me know. Offer6182,spam
Please note: Please remind me about the meeting. Please reply. Ref6094,ham
Please note: Win a brand new phone today. Click to claim your prize. Thank you. Offer8519,spam
Reminder: I have sent the documents to your email. Let me know. Ref7852,ham
Today: You have been chosen for a free vacation. Have a good day. Offer1219,spam
Today: Special promotion! Get 90 percent off today. Reply when you can. Offer5446,spam
Quick message: The meeting starts at 10 am. Let me know. Ref7496,ham
Quick message: Happy birthday! Have a wonderful day. Please reply. Ref9314,ham
Just letting you know: Can we reschedule our appointment? Ref9887,ham
Important: Can you pick up some groceries on your way? Let me know. Ref7387,ham
Please note: Your order has been delivered. Thanks. Ref9601,ham
Today: Can we reschedule our appointment? Please reply. Ref8296,ham
Important: I will be there in ten minutes. Let me know. Ref8898,ham
Please note: Your order has been delivered. Ref7416,ham
Quick message: Special promotion! Get 90 percent off today. Offer4587,spam
Quick message: Please remind me about the meeting. Thank you. Ref4023,ham
Limited offer! Buy now and get a huge discount. Please reply. Offer9901,spam
Please note: What time does the train arrive? Thank you. Ref0249,ham
The weather is nice today. Thanks. Ref5435,ham
"Hey, are we still meeting at 6 pm? Ref6621",ham
Today: Get a special discount now! Limited time offer. Please reply. Offer9696,spam
Reminder: Exclusive winner notification. Claim your cash prize. Thanks. Offer6820,spam
Please note: You are the lucky winner of a huge cash prize. Offer8320,spam
Hi! Exclusive winner notification. Claim your cash prize. Thank you. Offer1794,spam
Hello! I will call you after work. Please reply. Ref3768,ham
Today: Earn thousands from home. Join this opportunity now. Thanks. Offer4193,spam
What time does the train arrive? Let me know. Ref0080,ham
Quick message: Earn money from home with our amazing opportunity. Thanks. Offer9170,spam
Reminder: Can we reschedule our appointment? Please reply. Ref8340,ham
Just letting you know: Get rich quickly with this incredible money-making offer. Thanks. Offer1089,spam
Just letting you know: Your order has been delivered. Have a good day. Ref9009,ham
Hi! I am going to the market now. Thank you. Ref2709,ham
Reminder: Please check the attached report. Ref0281,ham
Today: You have won a guaranteed reward. Respond now. Please reply. Offer2709,spam
Hi! Exclusive winner notification. Claim your cash prize. Please reply. Offer5848,spam
Just letting you know: See you tomorrow morning. Let me know. Ref7320,ham
Hello! Can you pick up some groceries on your way? Ref7105,ham
Reminder: The meeting starts at 10 am. Let me know. Ref5528,ham
Just letting you know: Claim your exclusive reward before it expires. Thanks. Offer5152,spam
Hello! Happy birthday! Have a wonderful day. Please reply. Ref3472,ham
Reminder: Free gift waiting for you. Claim your reward today. Let me know. Offer1783,spam
Quick message: Congratulations! Your account has received a reward. Offer8964,spam
Quick message: Urgent reward notification. Claim before midnight. Reply when you can. Offer2388,spam
Important: I am going to the market now. Let me know. Ref8142,ham
Important: URGENT! You have been selected for a cash reward. Call now. Offer0656,spam
Exclusive offer available only today. Claim now. Have a good day. Offer7201,spam
Quick message: FREE entry to win a luxury car. Reply WIN now. Thanks. Offer2985,spam
Hello! The weather is nice today. Ref9568,ham
Reminder: You are selected for a free prize. Confirm your details. Offer7257,spam
The meeting starts at 10 am. Reply when you can. Ref5538,ham
Important: The class has been moved to room 204. Let me know. Ref9236,ham
Quick message: The project presentation is on Monday. Thanks. Ref9860,ham
Hello! Don't forget to bring your ID card. Ref4259,ham
Please submit the form before Friday. Thanks. Ref9613,ham
Hi! Please call me when you reach home. Please reply. Ref4513,ham
Today: Thanks for helping me yesterday. Thanks. Ref9116,ham
Quick message: Please submit the form before Friday. Reply when you can. Ref2648,ham
Please note: Claim your exclusive reward before it expires. Please reply. Offer6357,spam
URGENT! You have been selected for a cash reward. Call now. Have a good day. Offer0980,spam
Just letting you know: Don't forget to bring your ID card. Ref6674,ham
Reminder: Congratulations winner! Contact us to collect your prize. Reply when you can. Offer9064,spam
Hi! Your order has been delivered. Thanks. Ref5697,ham
Reminder: The class has been moved to room 204. Let me know. Ref2521,ham
Just letting you know: Congratulations winner! Contact us to collect your prize. Thanks. Offer6801,spam
Quick message: Thanks for helping me yesterday. Thanks. Ref4084,ham
"Hello! Congratulations, your number has won a cash bonus. Let me know. Offer2007",spam
Today: Don't forget to bring your ID card. Have a good day. Ref6827,ham
Reminder: Free membership available. Register today. Thanks. Offer0059,spam
Important: Please submit the form before Friday. Thank you. Ref2799,ham
Reminder: I will call you after work. Thank you. Ref7868,ham
Please note: I have sent the documents to your email. Thanks. Ref7128,ham
Quick message: Please submit the form before Friday. Ref4927,ham
Don't forget to bring your ID card. Let me know. Ref2350,ham
Please note: Congratulations! You have won a free prize. Claim now. Thanks. Offer5113,spam
Special cash offer just for you. Reply now. Have a good day. Offer7359,spam
Quick message: Earn thousands from home. Join this opportunity now. Reply when you can. Offer4535,spam
Hello! Get a special discount now! Limited time offer. Thanks. Offer9099,spam
"Reminder: Congratulations, your number has won a cash bonus. Thank you. Offer1676",spam
Hello! Urgent reward notification. Claim before midnight. Offer1554,spam
Today: Get rich quickly with this incredible money-making offer. Thank you. Offer6888,spam
Please note: FREE entry to win a luxury car. Reply WIN now. Have a good day. Offer4423,spam
Get a special discount now! Limited time offer. Have a good day. Offer8217,spam
Just letting you know: Let's have lunch together today. Ref9682,ham
Happy birthday! Have a wonderful day. Reply when you can. Ref0754,ham
Quick message: Amazing deal! Get your bonus before the offer ends. Let me know. Offer8336,spam
"Today: Hey, are we still meeting at 6 pm? Ref4420",ham
Important: Can you share the Wi-Fi password? Ref0143,ham
Reminder: Win a brand new phone today. Click to claim your prize. Thank you. Offer0220,spam
Just letting you know: The meeting starts at 10 am. Have a good day. Ref6266,ham
"Just letting you know: Hey, are we still meeting at 6 pm? Thanks. Ref3513",ham
Today: You are eligible for a special bonus. Apply immediately. Let me know. Offer9598,spam
Please note: Can you share the Wi-Fi password? Thanks. Ref5803,ham
Hello! URGENT! You have been selected for a cash reward. Call now. Thanks. Offer1050,spam
Important: Get a special discount now! Limited time offer. Reply when you can. Offer9180,spam
Just letting you know: Exclusive winner notification. Claim your cash prize. Thanks. Offer3315,spam
Hello! I have sent the documents to your email. Have a good day. Ref9868,ham
Please note: Win a brand new phone today. Click to claim your prize. Please reply. Offer3011,spam
Hi! Are you free this evening? Reply when you can. Ref0625,ham
Today: Can you share the Wi-Fi password? Thanks. Ref1183,ham
Important: Exclusive offer available only today. Claim now. Thanks. Offer5726,spam
"Please note: Congratulations, your number has won a cash bonus. Please reply. Offer7779",spam
Important: Exclusive winner notification. Claim your cash prize. Let me know. Offer4928,spam
Quick message: Win a brand new phone today. Click to claim your prize. Thanks. Offer5303,spam
Quick message: Can you send me the notes from today's class? Ref0658,ham
Today: The meeting starts at 10 am. Ref4238,ham
Your order has been delivered. Ref5151,ham
Hi! Get rich quickly with this incredible money-making offer. Offer6600,spam
Reminder: I reached safely. Thank you. Ref0649,ham
Important: Your assignment is due tomorrow. Please reply. Ref0527,ham
Hi! You are eligible for a special bonus. Apply immediately. Please reply. Offer0875,spam
Hello! I am going to the market now. Have a good day. Ref6677,ham
Just letting you know: Your order has been delivered. Thank you. Ref7772,ham
Reminder: Don't forget to bring your ID card. Thanks. Ref5801,ham
Hello! Let's have lunch together today. Ref3322,ham
Reminder: Limited offer! Buy now and get a huge discount. Thanks. Offer5441,spam
FREE entry to win a luxury car. Reply WIN now. Let me know. Offer9879,spam
Just letting you know: Earn thousands from home. Join this opportunity now. Thank you. Offer6764,spam
Important: Act now to receive your free gift. Reply when you can. Offer5789,spam
Please note: The meeting starts at 10 am. Thanks. Ref1807,ham
Quick message: Claim your exclusive reward before it expires. Please reply. Offer1613,spam
Just letting you know: Don't forget to bring your ID card. Please reply. Ref0975,ham
Hello! Please check the attached report. Reply when you can. Ref4305,ham
"Just letting you know: Hey, are we still meeting at 6 pm? Thanks. Ref3876",ham
"Hello! Hey, are we still meeting at 6 pm? Thank you. Ref0194",ham
You are eligible for a special bonus. Apply immediately. Reply when you can. Offer2768,spam
Today: You are the lucky winner of a huge cash prize. Let me know. Offer8517,spam
Important: Please submit the form before Friday. Have a good day. Ref1723,ham
Happy birthday! Have a wonderful day. Have a good day. Ref5828,ham
Quick message: Claim your exclusive reward before it expires. Let me know. Offer5549,spam
Hello! See you tomorrow morning. Please reply. Ref0825,ham
Reminder: WIN CASH NOW! Reply YES to receive your reward. Offer4005,spam
Just letting you know: Amazing deal! Get your bonus before the offer ends. Please reply. Offer5781,spam
Reminder: Please remind me about the meeting. Ref2764,ham
Reminder: Please remind me about the meeting. Reply when you can. Ref5404,ham
Urgent reward notification. Claim before midnight. Let me know. Offer9676,spam
Please note: Earn thousands from home. Join this opportunity now. Thanks. Offer5447,spam
Reminder: Special cash offer just for you. Reply now. Have a good day. Offer5136,spam
Just letting you know: Get a special discount now! Limited time offer. Have a good day. Offer7114,spam
Quick message: Please check the attached report. Let me know. Ref6943,ham
Just letting you know: Exclusive winner notification. Claim your cash prize. Let me know. Offer6878,spam
Today: Please remind me about the meeting. Reply when you can. Ref1702,ham
Today: Can we reschedule our appointment? Thank you. Ref8368,ham
Hello! Special cash offer just for you. Reply now. Let me know. Offer3750,spam
Please note: FREE entry to win a luxury car. Reply WIN now. Thanks. Offer4751,spam
Important: Limited offer! Buy now and get a huge discount. Thanks. Offer8874,spam
What time does the train arrive? Please reply. Ref3121,ham
Please remind me about the meeting. Have a good day. Ref9590,ham
Today: I am waiting outside the office. Let me know. Ref5782,ham
Important: Please bring your laptop tomorrow. Ref1626,ham
Reminder: Get rich quickly with this incredible money-making offer. Have a good day. Offer0260,spam
Quick message: I will be there in ten minutes. Reply when you can. Ref8693,ham
Claim your exclusive reward before it expires. Please reply. Offer5266,spam
Important: Urgent reward notification. Claim before midnight. Let me know. Offer3801,spam
Just letting you know: You are selected for a free prize. Confirm your details. Reply when you can. Offer3427,spam
Hello! Please submit the form before Friday. Reply when you can. Ref1034,ham
"Hey, are we still meeting at 6 pm? Ref3771",ham
Can you pick up some groceries on your way? Have a good day. Ref9520,ham
Today: Earn money from home with our amazing opportunity. Offer3957,spam
Hi! Can you share the Wi-Fi password? Let me know. Ref0110,ham
"Hey, are we still meeting at 6 pm? Please reply. Ref3188",ham
Please note: Special promotion! Get 90 percent off today. Have a good day. Offer4179,spam
"Hello! Congratulations, your number has won a cash bonus. Thanks. Offer0409",spam
Quick message: Please check the attached report. Reply when you can. Ref9435,ham
Reminder: I will be there in ten minutes. Ref2234,ham
The project presentation is on Monday. Ref9005,ham
Please note: Don't forget to bring your ID card. Thanks. Ref1538,ham
Hi! I am waiting outside the office. Thank you. Ref7413,ham
Please note: Earn money from home with our amazing opportunity. Thanks. Offer9895,spam
Important: Claim your exclusive reward before it expires. Let me know. Offer2662,spam
Reminder: Limited offer! Buy now and get a huge discount. Let me know. Offer9778,spam
Can you send me the notes from today's class? Let me know. Ref5282,ham
You have won a shopping voucher. Click here now. Please reply. Offer0577,spam
Today: Your assignment is due tomorrow. Reply when you can. Ref6268,ham
Hello! WIN CASH NOW! Reply YES to receive your reward. Reply when you can. Offer7375,spam
Today: I am going to the market now. Let me know. Ref8101,ham
Quick message: Limited offer! Buy now and get a huge discount. Reply when you can. Offer2726,spam
Important: I reached safely. Let me know. Ref4841,ham
Hello! Get a special discount now! Limited time offer. Please reply. Offer2044,spam
Quick message: I have sent the documents to your email. Thank you. Ref5990,ham
Please note: Amazing deal! Get your bonus before the offer ends. Have a good day. Offer3353,spam
Today: Please submit the form before Friday. Let me know. Ref5903,ham
Just letting you know: Happy birthday! Have a wonderful day. Thank you. Ref2148,ham
Please note: You have won a guaranteed reward. Respond now. Let me know. Offer2583,spam
Reminder: Your order has been delivered. Thanks. Ref1689,ham
Just letting you know: Can you pick up some groceries on your way? Thanks. Ref6728,ham
Please note: The class has been moved to room 204. Have a good day. Ref8501,ham
Quick message: You are the lucky winner of a huge cash prize. Please reply. Offer3762,spam
Reminder: Can you pick up some groceries on your way? Ref4447,ham
Quick message: Free membership available. Register today. Let me know. Offer6753,spam
I will be there in ten minutes. Thanks. Ref4711,ham
Hello! Please remind me about the meeting. Have a good day. Ref8643,ham
Reminder: Please remind me about the meeting. Have a good day. Ref2362,ham
Important: What time does the train arrive? Have a good day. Ref7658,ham
Hi! Exclusive winner notification. Claim your cash prize. Let me know. Offer0572,spam
Reminder: Congratulations winner! Contact us to collect your prize. Thanks. Offer1990,spam
Please note: Free coupon available now. Click to redeem. Offer6610,spam
Important: Please submit the form before Friday. Reply when you can. Ref9920,ham
Earn thousands from home. Join this opportunity now. Thank you. Offer6287,spam
Reminder: Please bring your laptop tomorrow. Let me know. Ref6551,ham
Just letting you know: The class has been moved to room 204. Thanks. Ref2975,ham
Hello! Special cash offer just for you. Reply now. Offer1716,spam
Hello! Please remind me about the meeting. Let me know. Ref1648,ham
Can you send me the notes from today's class? Reply when you can. Ref7421,ham
Just letting you know: Earn money from home with our amazing opportunity. Thanks. Offer0012,spam
Just letting you know: Act now to receive your free gift. Let me know. Offer8330,spam
Just letting you know: Are you free this evening? Reply when you can. Ref8897,ham
"Hi! Congratulations, your number has won a cash bonus. Offer7441",spam
Hello! Please check the attached report. Let me know. Ref8923,ham
Let's have lunch together today. Thank you. Ref5087,ham
Hello! See you tomorrow morning. Let me know. Ref3729,ham
Quick message: Thanks for helping me yesterday. Let me know. Ref4980,ham
Please note: I will be there in ten minutes. Have a good day. Ref8436,ham
Reminder: Free gift waiting for you. Claim your reward today. Reply when you can. Offer9012,spam
Just letting you know: Earn thousands from home. Join this opportunity now. Reply when you can. Offer8890,spam
Important: Please remind me about the meeting. Thank you. Ref3650,ham
What time does the train arrive? Let me know. Ref8772,ham
Please note: Please remind me about the meeting. Reply when you can. Ref8558,ham
The meeting starts at 10 am. Let me know. Ref6928,ham
Just letting you know: Get a special discount now! Limited time offer. Let me know. Offer0953,spam
Please note: Free membership available. Register today. Please reply. Offer4234,spam
Quick message: Can you pick up some groceries on your way? Reply when you can. Ref3013,ham
Just letting you know: Earn money from home with our amazing opportunity. Let me know. Offer8211,spam
Reminder: Free membership available. Register today. Please reply. Offer2664,spam
Are you free this evening? Thank you. Ref0084,ham
Just letting you know: I reached safely. Please reply. Ref4124,ham
Hello! Can we reschedule our appointment? Reply when you can. Ref8572,ham
Just letting you know: You have won a guaranteed reward. Respond now. Thanks. Offer4611,spam
Hello! Don't forget to bring your ID card. Ref2336,ham
Hello! Act now to receive your free gift. Please reply. Offer9041,spam
Please note: I reached safely. Thank you. Ref1365,ham
Hello! Limited offer! Buy now and get a huge discount. Offer0516,spam
Today: Let me know when you are available. Have a good day. Ref1010,ham
Hello! You have won a guaranteed reward. Respond now. Thank you. Offer0100,spam
Today: Are you free this evening? Have a good day. Ref8659,ham
Hi! Get a special discount now! Limited time offer. Please reply. Offer8028,spam
Important: Free gift waiting for you. Claim your reward today. Thank you. Offer0362,spam
Today: Special promotion! Get 90 percent off today. Let me know. Offer5773,spam
Reminder: Your assignment is due tomorrow. Thank you. Ref7095,ham
Please note: Let's have lunch together today. Thank you. Ref8624,ham
Please note: Congratulations! You have won a free prize. Claim now. Reply when you can. Offer4136,spam
Just letting you know: Please bring your laptop tomorrow. Let me know. Ref2864,ham
Quick message: Don't forget to bring your ID card. Reply when you can. Ref4240,ham
Reminder: Get a special discount now! Limited time offer. Thanks. Offer1403,spam
Quick message: Congratulations! You have won a free prize. Claim now. Reply when you can. Offer8046,spam
Hi! The class has been moved to room 204. Let me know. Ref3438,ham
Hello! Please check the attached report. Thanks. Ref7627,ham
Hi! Can we reschedule our appointment? Thanks. Ref4675,ham
Reminder: Let me know when you are available. Let me know. Ref6031,ham
You have been chosen for a free vacation. Please reply. Offer5281,spam
Hello! FREE entry to win a luxury car. Reply WIN now. Thanks. Offer3248,spam
Reminder: Exclusive winner notification. Claim your cash prize. Have a good day. Offer8681,spam
Today: Special cash offer just for you. Reply now. Have a good day. Offer8077,spam
Just letting you know: Win a brand new phone today. Click to claim your prize. Thank you. Offer8709,spam
Hello! Win a brand new phone today. Click to claim your prize. Let me know. Offer8843,spam
Hi! I will call you after work. Thank you. Ref0600,ham
The class has been moved to room 204. Thank you. Ref4984,ham
Quick message: Can you send me the notes from today's class? Thanks. Ref1162,ham
Today: Free coupon available now. Click to redeem. Thanks. Offer7166,spam
Today: You are selected for a free prize. Confirm your details. Have a good day. Offer8307,spam
Important: URGENT! You have been selected for a cash reward. Call now. Let me know. Offer0745,spam
Reminder: I am waiting outside the office. Please reply. Ref8292,ham
Important: Congratulations! You have won a free prize. Claim now. Thanks. Offer5786,spam
Just letting you know: I am going to the market now. Reply when you can. Ref8848,ham
Please note: I am going to the market now. Please reply. Ref2805,ham
Important: Amazing deal! Get your bonus before the offer ends. Offer9286,spam
Important: Let me know when you are available. Thank you. Ref0511,ham
Quick message: Thanks for helping me yesterday. Ref6346,ham
Free membership available. Register today. Have a good day. Offer6874,spam
Hi! Free membership available. Register today. Thank you. Offer8505,spam
Hi! FREE entry to win a luxury car. Reply WIN now. Let me know. Offer0646,spam
Just letting you know: What time does the train arrive? Thank you. Ref8653,ham
Hi! The project presentation is on Monday. Let me know. Ref9845,ham
Quick message: You have won a guaranteed reward. Respond now. Thank you. Offer4332,spam
Quick message: Limited offer! Buy now and get a huge discount. Please reply. Offer7473,spam
Hello! Can you pick up some groceries on your way? Have a good day. Ref6559,ham
Quick message: Free coupon available now. Click to redeem. Please reply. Offer1276,spam
Today: Please call me when you reach home. Thank you. Ref5095,ham
"Please note: Hey, are we still meeting at 6 pm? Ref8388",ham
Hello! Congratulations winner! Contact us to collect your prize. Thank you. Offer5748,spam
Please note: Please call me when you reach home. Reply when you can. Ref1754,ham
Important: Earn money from home with our amazing opportunity. Offer4756,spam
Please note: Exclusive offer available only today. Claim now. Thank you. Offer2510,spam
Today: Exclusive winner notification. Claim your cash prize. Reply when you can. Offer9602,spam
Quick message: Don't forget to bring your ID card. Let me know. Ref3424,ham
Just letting you know: I am going to the market now. Let me know. Ref5079,ham
Today: The weather is nice today. Thanks. Ref1860,ham
Important: Thanks for helping me yesterday. Thank you. Ref9179,ham
Hi! Free gift waiting for you. Claim your reward today. Thanks. Offer7315,spam
WIN CASH NOW! Reply YES to receive your reward. Let me know. Offer5698,spam
Quick message: Happy birthday! Have a wonderful day. Thanks. Ref2773,ham
Please remind me about the meeting. Thanks. Ref7645,ham
"Hello! Hey, are we still meeting at 6 pm? Ref4103",ham
Please note: Urgent reward notification. Claim before midnight. Thanks. Offer0228,spam
Today: Earn thousands from home. Join this opportunity now. Please reply. Offer1112,spam
Please call me when you reach home. Have a good day. Ref1865,ham
Important: What time does the train arrive? Please reply. Ref5137,ham
Quick message: Can we reschedule our appointment? Ref3341,ham
Quick message: Please remind me about the meeting. Let me know. Ref0039,ham
Just letting you know: You have been chosen for a free vacation. Thanks. Offer4196,spam
Hi! Win a brand new phone today. Click to claim your prize. Offer9754,spam
Reminder: Exclusive winner notification. Claim your cash prize. Reply when you can. Offer9839,spam
Just letting you know: Please remind me about the meeting. Have a good day. Ref8322,ham
Important: Free coupon available now. Click to redeem. Reply when you can. Offer4798,spam
Just letting you know: Your order has been delivered. Please reply. Ref3829,ham
Hi! URGENT! You have been selected for a cash reward. Call now. Let me know. Offer1195,spam
Please note: The meeting starts at 10 am. Have a good day. Ref1849,ham
Today: Please check the attached report. Have a good day. Ref8166,ham
"Hi! Hey, are we still meeting at 6 pm? Have a good day. Ref4605",ham
You are selected for a free prize. Confirm your details. Offer8542,spam
Important: You are selected for a free prize. Confirm your details. Offer4131,spam
Just letting you know: Thanks for helping me yesterday. Ref6574,ham
Reminder: The project presentation is on Monday. Thanks. Ref5982,ham
Important: Don't forget to bring your ID card. Reply when you can. Ref6290,ham
FREE entry to win a luxury car. Reply WIN now. Please reply. Offer8623,spam
"Just letting you know: Hey, are we still meeting at 6 pm? Reply when you can. Ref3738",ham
Just letting you know: Special promotion! Get 90 percent off today. Offer9618,spam
Quick message: Amazing deal! Get your bonus before the offer ends. Offer7646,spam
Just letting you know: I will call you after work. Ref1159,ham
Just letting you know: Please check the attached report. Thanks. Ref2469,ham
Hello! The project presentation is on Monday. Have a good day. Ref2326,ham
Reminder: You have been chosen for a free vacation. Thank you. Offer2676,spam
Congratulations! You have won a free prize. Claim now. Thanks. Offer3225,spam
Just letting you know: You are eligible for a special bonus. Apply immediately. Let me know. Offer1994,spam
Quick message: See you tomorrow morning. Ref8503,ham
Important: I will call you after work. Let me know. Ref9646,ham
Please note: I will be there in ten minutes. Let me know. Ref4162,ham
Please note: Amazing deal! Get your bonus before the offer ends. Thanks. Offer0208,spam
Important: You have won a guaranteed reward. Respond now. Thank you. Offer4555,spam
Reminder: I will call you after work. Please reply. Ref4514,ham
Reminder: Free gift waiting for you. Claim your reward today. Offer0622,spam
Claim your exclusive reward before it expires. Thanks. Offer7755,spam
Today: Congratulations! Your account has received a reward. Thank you. Offer0508,spam
Reminder: Please remind me about the meeting. Ref9142,ham
Please note: Can you share the Wi-Fi password? Ref4812,ham
Please note: I am going to the market now. Thanks. Ref8182,ham
"Reminder: Hey, are we still meeting at 6 pm? Let me know. Ref5177",ham
Just letting you know: Exclusive offer available only today. Claim now. Thanks. Offer7656,spam
Free membership available. Register today. Thank you. Offer6605,spam
Please note: Can you pick up some groceries on your way? Please reply. Ref2049,ham
Hello! Get a special discount now! Limited time offer. Reply when you can. Offer7881,spam
Hello! What time does the train arrive? Thanks. Ref7801,ham
Please note: Free coupon available now. Click to redeem. Have a good day. Offer7077,spam
Hello! Special promotion! Get 90 percent off today. Reply when you can. Offer9437,spam
Hi! Let's have lunch together today. Please reply. Ref8783,ham
Hello! URGENT! You have been selected for a cash reward. Call now. Let me know. Offer1304,spam
Let's have lunch together today. Thank you. Ref3749,ham
Important: The meeting starts at 10 am. Ref3622,ham
Reminder: Special cash offer just for you. Reply now. Please reply. Offer1446,spam
Please note: You are selected for a free prize. Confirm your details. Please reply. Offer4397,spam
Congratulations winner! Contact us to collect your prize. Offer0689,spam
Reminder: What time does the train arrive? Ref1161,ham
Important: Please check the attached report. Thanks. Ref4328,ham
Please note: WIN CASH NOW! Reply YES to receive your reward. Thank you. Offer6549,spam
Please note: WIN CASH NOW! Reply YES to receive your reward. Please reply. Offer1204,spam
Quick message: Congratulations winner! Contact us to collect your prize. Thanks. Offer7026,spam
Hi! The weather is nice today. Reply when you can. Ref4134,ham
Please note: Claim your exclusive reward before it expires. Let me know. Offer5538,spam
Hello! Can you send me the notes from today's class? Let me know. Ref0877,ham
Just letting you know: Congratulations! You have won a free prize. Claim now. Please reply. Offer6529,spam
Today: I reached safely. Thank you. Ref3634,ham
Quick message: The project presentation is on Monday. Ref9350,ham
Hi! Please call me when you reach home. Thanks. Ref6366,ham
Reminder: Congratulations! You have won a free prize. Claim now. Thank you. Offer5708,spam
Please note: Please remind me about the meeting. Thanks. Ref6881,ham
Hi! Congratulations! Your account has received a reward. Please reply. Offer2513,spam
Reminder: Can you pick up some groceries on your way? Thanks. Ref9481,ham
Please note: Earn thousands from home. Join this opportunity now. Thank you. Offer3229,spam
Just letting you know: WIN CASH NOW! Reply YES to receive your reward. Let me know. Offer3676,spam
Important: Act now to receive your free gift. Let me know. Offer0309,spam
Hi! Don't forget to bring your ID card. Please reply. Ref0453,ham
Today: I have sent the documents to your email. Ref9135,ham
Just letting you know: Don't forget to bring your ID card. Have a good day. Ref4468,ham
Important: Special promotion! Get 90 percent off today. Let me know. Offer1486,spam
Hello! Can you send me the notes from today's class? Let me know. Ref9888,ham
Hi! What time does the train arrive? Thank you. Ref9833,ham
The weather is nice today. Please reply. Ref0411,ham
Can you pick up some groceries on your way? Please reply. Ref0175,ham
Please note: Get rich quickly with this incredible money-making offer. Have a good day. Offer3230,spam
Important: URGENT! You have been selected for a cash reward. Call now. Thanks. Offer4073,spam
Congratulations! Your account has received a reward. Let me know. Offer6193,spam
Today: I will call you after work. Ref7011,ham
Hi! Can you send me the notes from today's class? Ref2010,ham
Hello! I have sent the documents to your email. Thank you. Ref7976,ham
Hello! Free membership available. Register today. Let me know. Offer1960,spam
Exclusive winner notification. Claim your cash prize. Thanks. Offer7249,spam
Today: Please call me when you reach home. Reply when you can. Ref3103,ham
Can we reschedule our appointment? Thanks. Ref5815,ham
Just letting you know: Please submit the form before Friday. Thank you. Ref8272,ham
Please bring your laptop tomorrow. Let me know. Ref8590,ham
Just letting you know: Exclusive winner notification. Claim your cash prize. Offer2207,spam
Just letting you know: I reached safely. Please reply. Ref8086,ham
Important: See you tomorrow morning. Thanks. Ref3208,ham
Please note: WIN CASH NOW! Reply YES to receive your reward. Have a good day. Offer0020,spam
Important: You have won a guaranteed reward. Respond now. Thank you. Offer5929,spam
Reminder: Exclusive winner notification. Claim your cash prize. Please reply. Offer3920,spam
Please note: The project presentation is on Monday. Ref6282,ham
Hello! The meeting starts at 10 am. Have a good day. Ref6694,ham
Reminder: Special promotion! Get 90 percent off today. Thanks. Offer4671,spam
Today: Happy birthday! Have a wonderful day. Have a good day. Ref4212,ham
Hi! I am going to the market now. Please reply. Ref2192,ham
I am going to the market now. Thanks. Ref0167,ham
Quick message: URGENT! You have been selected for a cash reward. Call now. Offer6813,spam
Hi! Can you pick up some groceries on your way? Please reply. Ref5490,ham
Today: See you tomorrow morning. Thank you. Ref9391,ham
"Quick message: Hey, are we still meeting at 6 pm? Ref7940",ham
Hi! Please call me when you reach home. Thanks. Ref1915,ham
Quick message: Get rich quickly with this incredible money-making offer. Thank you. Offer9212,spam
Just letting you know: You have been chosen for a free vacation. Let me know. Offer0758,spam
Important: Free gift waiting for you. Claim your reward today. Please reply. Offer1328,spam
Important: You are selected for a free prize. Confirm your details. Let me know. Offer4363,spam
Are you free this evening? Ref0221,ham
Hi! Exclusive offer available only today. Claim now. Please reply. Offer1715,spam
Important: Earn thousands from home. Join this opportunity now. Reply when you can. Offer3508,spam
Hi! Don't forget to bring your ID card. Let me know. Ref5402,ham
Important: You are the lucky winner of a huge cash prize. Thanks. Offer5235,spam
Can you send me the notes from today's class? Ref0760,ham
Hello! The meeting starts at 10 am. Reply when you can. Ref6375,ham
Don't forget to bring your ID card. Ref2097,ham
Hi! Let's have lunch together today. Thank you. Ref4718,ham
Just letting you know: Don't forget to bring your ID card. Let me know. Ref3972,ham
Quick message: Thanks for helping me yesterday. Please reply. Ref7849,ham
Important: Free gift waiting for you. Claim your reward today. Have a good day. Offer0392,spam
Please note: Free coupon available now. Click to redeem. Let me know. Offer5791,spam
I am going to the market now. Have a good day. Ref0225,ham
Hi! Happy birthday! Have a wonderful day. Reply when you can. Ref6821,ham
Just letting you know: Congratulations winner! Contact us to collect your prize. Thanks. Offer3500,spam
Quick message: Act now to receive your free gift. Thanks. Offer6808,spam
"Quick message: Hey, are we still meeting at 6 pm? Reply when you can. Ref2751",ham
Important: Urgent reward notification. Claim before midnight. Please reply. Offer3280,spam
Please call me when you reach home. Thanks. Ref1472,ham
Quick message: Please call me when you reach home. Thanks. Ref7766,ham
Just letting you know: Special promotion! Get 90 percent off today. Please reply. Offer1733,spam
Hello! I reached safely. Please reply. Ref8155,ham
Reminder: Urgent reward notification. Claim before midnight. Reply when you can. Offer3362,spam
Important: I am waiting outside the office. Thanks. Ref6493,ham
Can we reschedule our appointment? Thanks. Ref4794,ham
Important: Limited offer! Buy now and get a huge discount. Please reply. Offer6511,spam
Important: Get rich quickly with this incredible money-making offer. Have a good day. Offer0891,spam
Hi! Let's have lunch together today. Please reply. Ref3496,ham
Hello! You have won a guaranteed reward. Respond now. Thanks. Offer4830,spam
URGENT! You have been selected for a cash reward. Call now. Let me know. Offer7565,spam
Important: Don't forget to bring your ID card. Thank you. Ref2629,ham
Today: Happy birthday! Have a wonderful day. Thanks. Ref2193,ham
Just letting you know: Your assignment is due tomorrow. Thanks. Ref1914,ham
The project presentation is on Monday. Ref4093,ham
Reminder: I am waiting outside the office. Thanks. Ref8420,ham
Please note: You are eligible for a special bonus. Apply immediately. Have a good day. Offer7269,spam
Hi! Congratulations! You have won a free prize. Claim now. Let me know. Offer3588,spam
Please note: Free gift waiting for you. Claim your reward today. Reply when you can. Offer2322,spam
You are selected for a free prize. Confirm your details. Please reply. Offer4223,spam
Please note: Exclusive offer available only today. Claim now. Thanks. Offer6531,spam
Quick message: FREE entry to win a luxury car. Reply WIN now. Please reply. Offer2386,spam
Quick message: Free membership available. Register today. Offer1045,spam
Important: See you tomorrow morning. Ref5230,ham
Just letting you know: The weather is nice today. Let me know. Ref9374,ham
Just letting you know: Win a brand new phone today. Click to claim your prize. Have a good day. Offer8042,spam
Hi! Don't forget to bring your ID card. Please reply. Ref0347,ham
Reminder: I will call you after work. Have a good day. Ref8819,ham
Important: URGENT! You have been selected for a cash reward. Call now. Please reply. Offer5030,spam
Please note: Special cash offer just for you. Reply now. Have a good day. Offer6254,spam
Just letting you know: You have been chosen for a free vacation. Offer8941,spam
Quick message: Get a special discount now! Limited time offer. Have a good day. Offer2310,spam
Today: The meeting starts at 10 am. Thank you. Ref5429,ham
Today: You are the lucky winner of a huge cash prize. Let me know. Offer3414,spam
Important: Happy birthday! Have a wonderful day. Reply when you can. Ref4911,ham
Today: Limited offer! Buy now and get a huge discount. Thanks. Offer6408,spam
Today: Earn money from home with our amazing opportunity. Thanks. Offer1291,spam
"Please note: Congratulations, your number has won a cash bonus. Let me know. Offer6630",spam
Reminder: See you tomorrow morning. Thanks. Ref1649,ham
Please note: Thanks for helping me yesterday. Let me know. Ref8029,ham
Quick message: The weather is nice today. Let me know. Ref7103,ham
Important: Can you share the Wi-Fi password? Thank you. Ref8957,ham
Please note: You are eligible for a special bonus. Apply immediately. Please reply. Offer0766,spam
Important: Urgent reward notification. Claim before midnight. Please reply. Offer4412,spam
Hi! Limited offer! Buy now and get a huge discount. Thank you. Offer3188,spam
Today: I will call you after work. Thanks. Ref7654,ham
Quick message: Special cash offer just for you. Reply now. Please reply. Offer8284,spam
Reminder: Urgent reward notification. Claim before midnight. Thank you. Offer8380,spam
Quick message: I am going to the market now. Let me know. Ref1927,ham
Hello! Can you share the Wi-Fi password? Let me know. Ref8582,ham
Hello! Congratulations! You have won a free prize. Claim now. Reply when you can. Offer6083,spam
Today: Free gift waiting for you. Claim your reward today. Let me know. Offer1711,spam
Important: See you tomorrow morning. Ref1165,ham
Hi! Are you free this evening? Ref9978,ham
Just letting you know: Win a brand new phone today. Click to claim your prize. Offer5518,spam
Today: Please check the attached report. Let me know. Ref7917,ham
Your order has been delivered. Let me know. Ref7479,ham
Hi! Earn money from home with our amazing opportunity. Let me know. Offer5095,spam
Hi! Please check the attached report. Ref4356,ham
Today: Congratulations! You have won a free prize. Claim now. Thanks. Offer8310,spam
Quick message: You have won a shopping voucher. Click here now. Have a good day. Offer2727,spam
Please note: Claim your exclusive reward before it expires. Thank you. Offer7370,spam
Hello! Can you share the Wi-Fi password? Ref8589,ham
Today: Please check the attached report. Ref3007,ham
Quick message: Amazing deal! Get your bonus before the offer ends. Thanks. Offer9787,spam
Today: URGENT! You have been selected for a cash reward. Call now. Have a good day. Offer5448,spam
Can you pick up some groceries on your way? Reply when you can. Ref3926,ham
Special promotion! Get 90 percent off today. Thanks. Offer7403,spam
Just letting you know: Let's have lunch together today. Have a good day. Ref7193,ham
Hi! I will be there in ten minutes. Please reply. Ref0810,ham
Hello! Please bring your laptop tomorrow. Let me know. Ref6220,ham
Important: You are eligible for a special bonus. Apply immediately. Thank you. Offer6269,spam
Just letting you know: Please call me when you reach home. Please reply. Ref9443,ham
Exclusive winner notification. Claim your cash prize. Have a good day. Offer6076,spam
Hello! See you tomorrow morning. Reply when you can. Ref0643,ham
Hi! You are the lucky winner of a huge cash prize. Offer7102,spam
Hi! The class has been moved to room 204. Thank you. Ref2133,ham
Hello! I have sent the documents to your email. Let me know. Ref0081,ham
Just letting you know: Your order has been delivered. Ref9575,ham
Please note: Free coupon available now. Click to redeem. Reply when you can. Offer3536,spam
Hi! Congratulations! Your account has received a reward. Thank you. Offer8237,spam
Important: You have won a shopping voucher. Click here now. Thank you. Offer1234,spam
Reminder: The weather is nice today. Let me know. Ref1917,ham
Important: I will call you after work. Thank you. Ref6962,ham
Reminder: I will be there in ten minutes. Thanks. Ref6208,ham
Your assignment is due tomorrow. Thank you. Ref0352,ham
Quick message: I reached safely. Thank you. Ref1722,ham
Quick message: What time does the train arrive? Ref5792,ham
Today: The project presentation is on Monday. Have a good day. Ref6497,ham
Free coupon available now. Click to redeem. Thank you. Offer4958,spam
Reminder: Congratulations winner! Contact us to collect your prize. Thank you. Offer6049,spam
Hello! Special promotion! Get 90 percent off today. Let me know. Offer6758,spam
Hi! You have won a shopping voucher. Click here now. Thanks. Offer1346,spam
Hi! Can you share the Wi-Fi password? Reply when you can. Ref1565,ham
Hello! URGENT! You have been selected for a cash reward. Call now. Please reply. Offer0109,spam
Please note: Free coupon available now. Click to redeem. Reply when you can. Offer0379,spam
Hello! Get rich quickly with this incredible money-making offer. Let me know. Offer1474,spam
Quick message: What time does the train arrive? Reply when you can. Ref8884,ham
Today: What time does the train arrive? Thank you. Ref7370,ham
"Quick message: Congratulations, your number has won a cash bonus. Thank you. Offer7095",spam
Reminder: The weather is nice today. Ref2693,ham
Earn thousands from home. Join this opportunity now. Please reply. Offer7908,spam
Hello! Congratulations! You have won a free prize. Claim now. Have a good day. Offer0706,spam
Quick message: The meeting starts at 10 am. Thanks. Ref5653,ham
Hello! Congratulations winner! Contact us to collect your prize. Please reply. Offer9177,spam
Just letting you know: Let's have lunch together today. Let me know. Ref2861,ham
Quick message: Please call me when you reach home. Let me know. Ref6091,ham
Your order has been delivered. Thanks. Ref0835,ham
Hi! Get a special discount now! Limited time offer. Offer8219,spam
Quick message: Urgent reward notification. Claim before midnight. Offer9580,spam
Please note: Exclusive offer available only today. Claim now. Have a good day. Offer6612,spam
Hi! You have been chosen for a free vacation. Reply when you can. Offer6732,spam
Important: Free gift waiting for you. Claim your reward today. Offer0523,spam
Hello! Get a special discount now! Limited time offer. Please reply. Offer9357,spam
You have won a guaranteed reward. Respond now. Please reply. Offer3215,spam
Quick message: Win a brand new phone today. Click to claim your prize. Let me know. Offer3923,spam
Important: Thanks for helping me yesterday. Reply when you can. Ref1559,ham
Please note: Earn thousands from home. Join this opportunity now. Offer7376,spam
Just letting you know: Let me know when you are available. Please reply. Ref6517,ham
Today: I have sent the documents to your email. Reply when you can. Ref8263,ham
Hello! Win a brand new phone today. Click to claim your prize. Thanks. Offer4402,spam
Important: You are eligible for a special bonus. Apply immediately. Let me know. Offer0616,spam
Hi! I will call you after work. Reply when you can. Ref1990,ham
Please note: Are you free this evening? Please reply. Ref2243,ham
Reminder: Your assignment is due tomorrow. Let me know. Ref1825,ham
Hello! WIN CASH NOW! Reply YES to receive your reward. Let me know. Offer6900,spam
Today: I am going to the market now. Ref3045,ham
Just letting you know: URGENT! You have been selected for a cash reward. Call now. Let me know. Offer8932,spam
Just letting you know: Congratulations! Your account has received a reward. Thanks. Offer6909,spam
Hello! Free membership available. Register today. Let me know. Offer5835,spam
Hi! Let me know when you are available. Reply when you can. Ref2508,ham
Just letting you know: I will be there in ten minutes. Ref0404,ham
Hi! See you tomorrow morning. Let me know. Ref2040,ham
Important: The class has been moved to room 204. Ref8168,ham
Hi! Please bring your laptop tomorrow. Have a good day. Ref6467,ham
Please note: Free membership available. Register today. Offer3703,spam
Just letting you know: Exclusive offer available only today. Claim now. Let me know. Offer7663,spam
Today: Don't forget to bring your ID card. Thank you. Ref7289,ham
Quick message: I will call you after work. Have a good day. Ref1952,ham
Hi! Earn money from home with our amazing opportunity. Please reply. Offer7278,spam
Hi! I reached safely. Let me know. Ref5569,ham
Today: I am waiting outside the office. Have a good day. Ref0413,ham
Hi! Act now to receive your free gift. Offer7505,spam
Special promotion! Get 90 percent off today. Offer6423,spam
Please note: Can we reschedule our appointment? Have a good day. Ref8991,ham
Reminder: You have been chosen for a free vacation. Please reply. Offer8239,spam
Please note: You have been chosen for a free vacation. Offer2712,spam
Important: I am waiting outside the office. Let me know. Ref2179,ham
Important: Happy birthday! Have a wonderful day. Thanks. Ref7597,ham
Just letting you know: Get rich quickly with this incredible money-making offer. Please reply. Offer9037,spam
Hello! I am waiting outside the office. Please reply. Ref2127,ham
Hello! Please remind me about the meeting. Please reply. Ref2688,ham
I will be there in ten minutes. Have a good day. Ref6417,ham
Hi! The weather is nice today. Let me know. Ref0563,ham
Just letting you know: You are selected for a free prize. Confirm your details. Thanks. Offer0333,spam
Quick message: Please call me when you reach home. Please reply. Ref9312,ham
Please note: URGENT! You have been selected for a cash reward. Call now. Let me know. Offer3124,spam
Important: Don't forget to bring your ID card. Have a good day. Ref5954,ham
Hello! Can you pick up some groceries on your way? Thank you. Ref0149,ham
Today: You have won a shopping voucher. Click here now. Please reply. Offer7642,spam
Hello! I reached safely. Thank you. Ref1271,ham
Hi! Please remind me about the meeting. Reply when you can. Ref1279,ham
Just letting you know: Get a special discount now! Limited time offer. Thank you. Offer2854,spam
Today: I reached safely. Let me know. Ref1822,ham
Today: Are you free this evening? Ref0665,ham
Hi! WIN CASH NOW! Reply YES to receive your reward. Offer1223,spam
Reminder: You are the lucky winner of a huge cash prize. Have a good day. Offer0452,spam
Hello! I am going to the market now. Let me know. Ref8271,ham
Important: You are the lucky winner of a huge cash prize. Please reply. Offer4870,spam
Please note: Can we reschedule our appointment? Please reply. Ref6177,ham
Just letting you know: The weather is nice today. Let me know. Ref9209,ham
Today: You have won a shopping voucher. Click here now. Offer2962,spam
Just letting you know: Can you send me the notes from today's class? Ref4856,ham
Today: I will call you after work. Reply when you can. Ref9779,ham
Reminder: Earn money from home with our amazing opportunity. Let me know. Offer8873,spam
Important: I am going to the market now. Have a good day. Ref8929,ham
Hi! Free gift waiting for you. Claim your reward today. Have a good day. Offer9672,spam
Hello! You are the lucky winner of a huge cash prize. Thanks. Offer1478,spam
Hello! Get a special discount now! Limited time offer. Please reply. Offer5259,spam
Hello! Thanks for helping me yesterday. Please reply. Ref0680,ham
Quick message: Special cash offer just for you. Reply now. Let me know. Offer0206,spam
Hello! Let's have lunch together today. Thanks. Ref6822,ham
Today: You are the lucky winner of a huge cash prize. Offer5952,spam
Quick message: Congratulations! Your account has received a reward. Have a good day. Offer5975,spam
Quick message: The project presentation is on Monday. Have a good day. Ref1916,ham
You have won a shopping voucher. Click here now. Offer2141,spam
Today: Earn money from home with our amazing opportunity. Offer5533,spam
Hello! Thanks for helping me yesterday. Have a good day. Ref2601,ham
Hi! You have won a guaranteed reward. Respond now. Thanks. Offer8428,spam
Earn thousands from home. Join this opportunity now. Thank you. Offer7160,spam
Just letting you know: Can you share the Wi-Fi password? Have a good day. Ref3264,ham
Quick message: You have been chosen for a free vacation. Thank you. Offer3913,spam
Today: You have won a guaranteed reward. Respond now. Offer2074,spam
Hi! I am waiting outside the office. Please reply. Ref5791,ham
Quick message: Please call me when you reach home. Reply when you can. Ref5643,ham
Quick message: The class has been moved to room 204. Let me know. Ref3440,ham
Hi! Free membership available. Register today. Let me know. Offer3370,spam
The project presentation is on Monday. Let me know. Ref5202,ham
Hi! Can you send me the notes from today's class? Thank you. Ref0372,ham
Hello! Free coupon available now. Click to redeem. Offer1348,spam
Quick message: Congratulations! Your account has received a reward. Have a good day. Offer8886,spam
Please note: I reached safely. Thanks. Ref7678,ham
Hello! Special promotion! Get 90 percent off today. Please reply. Offer3223,spam
Reminder: Let me know when you are available. Please reply. Ref5276,ham
The project presentation is on Monday. Have a good day. Ref7891,ham
Important: Your order has been delivered. Reply when you can. Ref6130,ham
"Important: Congratulations, your number has won a cash bonus. Let me know. Offer8556",spam
Hi! Congratulations! You have won a free prize. Claim now. Offer5437,spam
Just letting you know: WIN CASH NOW! Reply YES to receive your reward. Thanks. Offer3494,spam
Earn money from home with our amazing opportunity. Have a good day. Offer9876,spam
Hi! Please call me when you reach home. Let me know. Ref9243,ham
Hi! I am going to the market now. Thanks. Ref4122,ham
Important: Urgent reward notification. Claim before midnight. Thank you. Offer5985,spam
Hello! Your assignment is due tomorrow. Thank you. Ref9628,ham
Quick message: See you tomorrow morning. Please reply. Ref7979,ham
Hello! Earn thousands from home. Join this opportunity now. Please reply. Offer8335,spam
Quick message: The class has been moved to room 204. Thank you. Ref2922,ham
Reminder: Let me know when you are available. Thank you. Ref6702,ham
Quick message: Can we reschedule our appointment? Please reply. Ref9291,ham
Quick message: Can you send me the notes from today's class? Thanks. Ref2488,ham
Hi! I have sent the documents to your email. Please reply. Ref6857,ham
Hi! The project presentation is on Monday. Have a good day. Ref2462,ham
Just letting you know: FREE entry to win a luxury car. Reply WIN now. Please reply. Offer9253,spam
Just letting you know: Act now to receive your free gift. Thanks. Offer4116,spam
Please note: Claim your exclusive reward before it expires. Thanks. Offer6893,spam
Important: Don't forget to bring your ID card. Reply when you can. Ref3838,ham
Earn money from home with our amazing opportunity. Thank you. Offer6987,spam
Reminder: Special promotion! Get 90 percent off today. Thank you. Offer5576,spam
Today: Don't forget to bring your ID card. Reply when you can. Ref5294,ham
Quick message: You have won a guaranteed reward. Respond now. Thank you. Offer9543,spam
Hi! I reached safely. Let me know. Ref4143,ham
Hello! You have won a shopping voucher. Click here now. Please reply. Offer6501,spam
Hello! Please call me when you reach home. Thanks. Ref8667,ham
Today: The project presentation is on Monday. Let me know. Ref9460,ham
Important: Don't forget to bring your ID card. Thanks. Ref4354,ham
Just letting you know: Congratulations! You have won a free prize. Claim now. Please reply. Offer6335,spam
Hi! Get a special discount now! Limited time offer. Offer8883,spam
Reminder: Can you pick up some groceries on your way? Let me know. Ref7312,ham
Reminder: Your assignment is due tomorrow. Reply when you can. Ref0121,ham
Hi! Can you pick up some groceries on your way? Have a good day. Ref8699,ham
Important: Thanks for helping me yesterday. Ref2059,ham
Quick message: The meeting starts at 10 am. Ref9270,ham
Quick message: You have been chosen for a free vacation. Reply when you can. Offer4494,spam
Hello! Special cash offer just for you. Reply now. Please reply. Offer6116,spam
Hello! FREE entry to win a luxury car. Reply WIN now. Thanks. Offer6450,spam
Quick message: I am going to the market now. Thanks. Ref0917,ham
Just letting you know: Happy birthday! Have a wonderful day. Please reply. Ref5816,ham
Important: Exclusive offer available only today. Claim now. Please reply. Offer5331,spam
Thanks for helping me yesterday. Ref4139,ham
Quick message: Special promotion! Get 90 percent off today. Thanks. Offer9282,spam
Hi! Thanks for helping me yesterday. Let me know. Ref5017,ham
Hello! I am waiting outside the office. Thanks. Ref1963,ham
Quick message: FREE entry to win a luxury car. Reply WIN now. Thank you. Offer8938,spam
Please note: Please call me when you reach home. Ref0912,ham
Reminder: URGENT! You have been selected for a cash reward. Call now. Let me know. Offer9117,spam
Hi! Free coupon available now. Click to redeem. Reply when you can. Offer8551,spam
Earn thousands from home. Join this opportunity now. Please reply. Offer3026,spam
Just letting you know: Special cash offer just for you. Reply now. Thank you. Offer7698,spam
Hi! Amazing deal! Get your bonus before the offer ends. Let me know. Offer9009,spam
"Congratulations, your number has won a cash bonus. Reply when you can. Offer6901",spam
Just letting you know: Can you send me the notes from today's class? Thank you. Ref3667,ham
Please note: You have won a shopping voucher. Click here now. Thanks. Offer5287,spam
Just letting you know: The class has been moved to room 204. Thanks. Ref0261,ham
Please note: Please call me when you reach home. Thanks. Ref1481,ham
Hi! Let's have lunch together today. Reply when you can. Ref4922,ham
Important: You have won a shopping voucher. Click here now. Please reply. Offer8522,spam
"Hi! Hey, are we still meeting at 6 pm? Thank you. Ref1274",ham
Quick message: Claim your exclusive reward before it expires. Have a good day. Offer6776,spam
Hi! You have won a shopping voucher. Click here now. Please reply. Offer9438,spam
Today: The meeting starts at 10 am. Please reply. Ref1897,ham
Today: WIN CASH NOW! Reply YES to receive your reward. Let me know. Offer2618,spam
Are you free this evening? Thanks. Ref9150,ham
Important: What time does the train arrive? Please reply. Ref1596,ham
Just letting you know: You have won a guaranteed reward. Respond now. Let me know. Offer2806,spam
Today: Can we reschedule our appointment? Ref4108,ham
I will be there in ten minutes. Please reply. Ref3850,ham
Quick message: Can we reschedule our appointment? Thank you. Ref2915,ham
Congratulations! You have won a free prize. Claim now. Thank you. Offer8983,spam
Hi! You are the lucky winner of a huge cash prize. Please reply. Offer7996,spam
Hi! See you tomorrow morning. Let me know. Ref5065,ham
Important: Please remind me about the meeting. Thanks. Ref7751,ham
Hi! Your order has been delivered. Reply when you can. Ref2132,ham
I will be there in ten minutes. Have a good day. Ref3224,ham
Hello! I will call you after work. Reply when you can. Ref2168,ham
Just letting you know: I am going to the market now. Reply when you can. Ref8447,ham
Just letting you know: I will be there in ten minutes. Thanks. Ref7816,ham
Please note: Please bring your laptop tomorrow. Reply when you can. Ref2543,ham
Exclusive offer available only today. Claim now. Let me know. Offer3366,spam
Please note: I am waiting outside the office. Let me know. Ref1956,ham
Just letting you know: Urgent reward notification. Claim before midnight. Thanks. Offer9940,spam
Today: Get rich quickly with this incredible money-making offer. Reply when you can. Offer3129,spam
Important: Let me know when you are available. Have a good day. Ref8060,ham
Reminder: See you tomorrow morning. Please reply. Ref3769,ham
Please note: Limited offer! Buy now and get a huge discount. Please reply. Offer6491,spam
Congratulations winner! Contact us to collect your prize. Thanks. Offer7930,spam
Hello! Your assignment is due tomorrow. Thanks. Ref3079,ham
Today: You have won a shopping voucher. Click here now. Thanks. Offer4331,spam
Quick message: Urgent reward notification. Claim before midnight. Offer1491,spam
Today: See you tomorrow morning. Reply when you can. Ref5798,ham
Important: Congratulations! You have won a free prize. Claim now. Have a good day. Offer1378,spam
Hi! You have won a guaranteed reward. Respond now. Offer8129,spam
Reminder: Special promotion! Get 90 percent off today. Let me know. Offer8837,spam
Please note: The project presentation is on Monday. Please reply. Ref1283,ham
Today: Exclusive winner notification. Claim your cash prize. Offer5346,spam
Just letting you know: Your assignment is due tomorrow. Have a good day. Ref9793,ham
Hi! Please remind me about the meeting. Have a good day. Ref1002,ham
Reminder: I will be there in ten minutes. Reply when you can. Ref9451,ham
Important: Free membership available. Register today. Let me know. Offer0735,spam
Important: Limited offer! Buy now and get a huge discount. Thank you. Offer4095,spam
Hi! Your order has been delivered. Thanks. Ref2602,ham
Today: Act now to receive your free gift. Thanks. Offer6031,spam
Please check the attached report. Ref7590,ham
Just letting you know: The meeting starts at 10 am. Thank you. Ref2849,ham
Today: Your assignment is due tomorrow. Have a good day. Ref1740,ham
Important: I am going to the market now. Ref3015,ham
What time does the train arrive? Ref6019,ham
Just letting you know: Get a special discount now! Limited time offer. Please reply. Offer1432,spam
Important: Congratulations! Your account has received a reward. Reply when you can. Offer3850,spam
Hello! See you tomorrow morning. Thank you. Ref0402,ham
Reminder: Let me know when you are available. Have a good day. Ref3955,ham
Just letting you know: I will call you after work. Have a good day. Ref7400,ham
Please note: Congratulations! Your account has received a reward. Let me know. Offer2828,spam
Hi! URGENT! You have been selected for a cash reward. Call now. Reply when you can. Offer1175,spam
Important: Happy birthday! Have a wonderful day. Thank you. Ref8188,ham
Reminder: The weather is nice today. Thank you. Ref0482,ham
Hi! I am waiting outside the office. Thanks. Ref1363,ham
Earn money from home with our amazing opportunity. Offer6566,spam
Reminder: Earn thousands from home. Join this opportunity now. Let me know. Offer3928,spam
Just letting you know: Let me know when you are available. Let me know. Ref4945,ham
Please note: Congratulations winner! Contact us to collect your prize. Thanks. Offer4732,spam
Today: Your order has been delivered. Please reply. Ref8157,ham
Congratulations! Your account has received a reward. Offer1562,spam
Important: Limited offer! Buy now and get a huge discount. Reply when you can. Offer0932,spam
Important: You are eligible for a special bonus. Apply immediately. Please reply. Offer0506,spam
Important: Are you free this evening? Ref5857,ham
Just letting you know: Please check the attached report. Let me know. Ref9170,ham
Hello! Your assignment is due tomorrow. Please reply. Ref9235,ham
Reminder: Special cash offer just for you. Reply now. Thanks. Offer6796,spam
Important: Please submit the form before Friday. Let me know. Ref2826,ham
Today: Thanks for helping me yesterday. Reply when you can. Ref0385,ham
Today: Earn money from home with our amazing opportunity. Let me know. Offer4566,spam
Just letting you know: Special cash offer just for you. Reply now. Let me know. Offer9206,spam
Hi! Act now to receive your free gift. Thanks. Offer1017,spam
Just letting you know: See you tomorrow morning. Please reply. Ref3965,ham
Reminder: Are you free this evening? Have a good day. Ref8103,ham
Quick message: You have won a shopping voucher. Click here now. Offer7562,spam
Quick message: URGENT! You have been selected for a cash reward. Call now. Have a good day. Offer7792,spam
"Just letting you know: Hey, are we still meeting at 6 pm? Thanks. Ref8107",ham
Today: Your order has been delivered. Reply when you can. Ref0099,ham
Limited offer! Buy now and get a huge discount. Please reply. Offer1950,spam
Please note: You are the lucky winner of a huge cash prize. Let me know. Offer7214,spam
Reminder: I will be there in ten minutes. Thank you. Ref3329,ham
Please note: Congratulations winner! Contact us to collect your prize. Let me know. Offer9211,spam
Reminder: You have won a shopping voucher. Click here now. Thank you. Offer5344,spam
"Reminder: Congratulations, your number has won a cash bonus. Thanks. Offer3721",spam
Hi! Congratulations! You have won a free prize. Claim now. Reply when you can. Offer9886,spam
Reminder: URGENT! You have been selected for a cash reward. Call now. Let me know. Offer7488,spam
Please note: Claim your exclusive reward before it expires. Have a good day. Offer1848,spam
Please note: You have been chosen for a free vacation. Thank you. Offer0644,spam
Important: WIN CASH NOW! Reply YES to receive your reward. Offer1763,spam
The meeting starts at 10 am. Thank you. Ref9522,ham
Hello! Can you send me the notes from today's class? Reply when you can. Ref3337,ham
Today: Amazing deal! Get your bonus before the offer ends. Have a good day. Offer9891,spam
Quick message: Can you pick up some groceries on your way? Thank you. Ref2355,ham
Important: Free membership available. Register today. Thanks. Offer5870,spam
Please note: I will call you after work. Thank you. Ref8417,ham
Hello! The weather is nice today. Please reply. Ref2106,ham
Today: Free gift waiting for you. Claim your reward today. Offer7271,spam
Today: Please bring your laptop tomorrow. Thanks. Ref0979,ham
Today: The meeting starts at 10 am. Let me know. Ref7455,ham
Important: You are eligible for a special bonus. Apply immediately. Offer6147,spam
Hi! I will call you after work. Thanks. Ref6845,ham
Hello! Thanks for helping me yesterday. Thank you. Ref7828,ham
Please note: Claim your exclusive reward before it expires. Offer6836,spam
Reminder: WIN CASH NOW! Reply YES to receive your reward. Please reply. Offer8001,spam
WIN CASH NOW! Reply YES to receive your reward. Have a good day. Offer3538,spam
Quick message: Congratulations! You have won a free prize. Claim now. Offer2848,spam
Important: You are selected for a free prize. Confirm your details. Please reply. Offer3630,spam
Just letting you know: See you tomorrow morning. Please reply. Ref0692,ham
Just letting you know: I am waiting outside the office. Please reply. Ref7059,ham
Just letting you know: Please bring your laptop tomorrow. Please reply. Ref6388,ham
Hi! You are eligible for a special bonus. Apply immediately. Reply when you can. Offer2992,spam
Just letting you know: Get rich quickly with this incredible money-making offer. Reply when you can. Offer0232,spam
"Reminder: Congratulations, your number has won a cash bonus. Reply when you can. Offer8480",spam
Hello! Can you pick up some groceries on your way? Reply when you can. Ref2560,ham
Hi! Your assignment is due tomorrow. Reply when you can. Ref8511,ham
Your assignment is due tomorrow. Please reply. Ref1690,ham
Reminder: See you tomorrow morning. Thanks. Ref0120,ham
Hello! Congratulations winner! Contact us to collect your prize. Offer7538,spam
Important: You are the lucky winner of a huge cash prize. Please reply. Offer5300,spam
Hello! I will call you after work. Let me know. Ref1103,ham
Please note: You have won a shopping voucher. Click here now. Thanks. Offer3214,spam
Hi! Please call me when you reach home. Ref8708,ham
Quick message: Act now to receive your free gift. Offer3507,spam
Hi! The project presentation is on Monday. Thanks. Ref1744,ham
Quick message: The weather is nice today. Have a good day. Ref9669,ham
Hello! Please submit the form before Friday. Thanks. Ref0123,ham
Hello! Don't forget to bring your ID card. Thanks. Ref7319,ham
Important: You have been chosen for a free vacation. Thanks. Offer2913,spam
Today: Your assignment is due tomorrow. Thanks. Ref7553,ham
Today: Special cash offer just for you. Reply now. Let me know. Offer5028,spam
Please note: See you tomorrow morning. Ref6063,ham
Let's have lunch together today. Ref6097,ham
Important: You have won a shopping voucher. Click here now. Have a good day. Offer3961,spam
Free membership available. Register today. Let me know. Offer3765,spam
Just letting you know: Thanks for helping me yesterday. Please reply. Ref0111,ham
Quick message: I have sent the documents to your email. Have a good day. Ref3959,ham
Hello! Let's have lunch together today. Thank you. Ref8281,ham
Hi! I am going to the market now. Have a good day. Ref0050,ham
Just letting you know: I will call you after work. Please reply. Ref2308,ham
Reminder: Urgent reward notification. Claim before midnight. Please reply. Offer9939,spam
Reminder: What time does the train arrive? Thank you. Ref7004,ham
Please note: Can you send me the notes from today's class? Please reply. Ref0448,ham
Hello! Let me know when you are available. Please reply. Ref2665,ham
Hello! Act now to receive your free gift. Thank you. Offer6809,spam
Important: The project presentation is on Monday. Let me know. Ref2967,ham
FREE entry to win a luxury car. Reply WIN now. Please reply. Offer7260,spam
Important: Exclusive winner notification. Claim your cash prize. Thanks. Offer9588,spam
Just letting you know: Can we reschedule our appointment? Let me know. Ref1720,ham
Hi! Exclusive offer available only today. Claim now. Let me know. Offer0552,spam
Hi! You are selected for a free prize. Confirm your details. Thanks. Offer3521,spam
Today: Congratulations! Your account has received a reward. Please reply. Offer9232,spam
Reminder: Exclusive offer available only today. Claim now. Let me know. Offer2284,spam
Please note: Thanks for helping me yesterday. Reply when you can. Ref3294,ham
Hi! Your order has been delivered. Let me know. Ref3477,ham
Please note: I am going to the market now. Ref0791,ham
Quick message: You have won a shopping voucher. Click here now. Let me know. Offer3070,spam
Reminder: I will call you after work. Reply when you can. Ref0256,ham
Thanks for helping me yesterday. Ref3184,ham
Reminder: Don't forget to bring your ID card. Thank you. Ref7676,ham
Reminder: Special promotion! Get 90 percent off today. Thank you. Offer3354,spam
You have been chosen for a free vacation. Let me know. Offer1255,spam
Hi! Please submit the form before Friday. Let me know. Ref7623,ham
Hi! Please submit the form before Friday. Thanks. Ref3094,ham
Please note: Get a special discount now! Limited time offer. Reply when you can. Offer3479,spam
You are eligible for a special bonus. Apply immediately. Offer6682,spam
Just letting you know: Please check the attached report. Let me know. Ref0938,ham
Today: Can we reschedule our appointment? Let me know. Ref7652,ham
Please note: I will be there in ten minutes. Thanks. Ref2637,ham
Important: Get a special discount now! Limited time offer. Please reply. Offer3870,spam
"Please note: Congratulations, your number has won a cash bonus. Please reply. Offer1373",spam
Quick message: Special promotion! Get 90 percent off today. Please reply. Offer0039,spam
Just letting you know: WIN CASH NOW! Reply YES to receive your reward. Thanks. Offer7143,spam
Quick message: I am waiting outside the office. Please reply. Ref9313,ham
Important: Special promotion! Get 90 percent off today. Reply when you can. Offer5671,spam
Today: Are you free this evening? Thank you. Ref8419,ham
Please note: You are selected for a free prize. Confirm your details. Thanks. Offer2817,spam
Important: Exclusive offer available only today. Claim now. Reply when you can. Offer8772,spam
Please note: Act now to receive your free gift. Please reply. Offer4887,spam
Just letting you know: I reached safely. Have a good day. Ref9599,ham
Just letting you know: Limited offer! Buy now and get a huge discount. Have a good day. Offer9632,spam
Today: Claim your exclusive reward before it expires. Thanks. Offer8989,spam
Today: Exclusive offer available only today. Claim now. Offer1257,spam
"Please note: Hey, are we still meeting at 6 pm? Have a good day. Ref9781",ham
Reminder: Please submit the form before Friday. Thanks. Ref7101,ham
Hello! Can you pick up some groceries on your way? Please reply. Ref0015,ham
Just letting you know: You are selected for a free prize. Confirm your details. Please reply. Offer4474,spam
Please note: Can we reschedule our appointment? Let me know. Ref2383,ham
Please note: Can you pick up some groceries on your way? Ref9025,ham
Hi! Are you free this evening? Please reply. Ref1505,ham
Reminder: The weather is nice today. Have a good day. Ref2558,ham
Please note: The class has been moved to room 204. Ref3914,ham
Please note: Happy birthday! Have a wonderful day. Ref4069,ham
Hi! You are eligible for a special bonus. Apply immediately. Have a good day. Offer6730,spam
Please call me when you reach home. Ref6672,ham
Hello! Please submit the form before Friday. Please reply. Ref3561,ham
"Hello! Congratulations, your number has won a cash bonus. Thank you. Offer3290",spam
Important: Free gift waiting for you. Claim your reward today. Thanks. Offer9145,spam
Quick message: Your assignment is due tomorrow. Reply when you can. Ref9507,ham
Quick message: You have been chosen for a free vacation. Offer5998,spam
Please note: Act now to receive your free gift. Let me know. Offer6846,spam
Just letting you know: Get a special discount now! Limited time offer. Have a good day. Offer1462,spam
Important: Earn thousands from home. Join this opportunity now. Thank you. Offer6747,spam
Today: Can you pick up some groceries on your way? Thank you. Ref7262,ham
Hello! Earn money from home with our amazing opportunity. Let me know. Offer2176,spam
Can we reschedule our appointment? Thank you. Ref3511,ham
Important: What time does the train arrive? Thank you. Ref1696,ham
Quick message: The weather is nice today. Please reply. Ref3783,ham
Today: URGENT! You have been selected for a cash reward. Call now. Reply when you can. Offer5696,spam
Quick message: Free coupon available now. Click to redeem. Reply when you can. Offer5409,spam
Today: Free membership available. Register today. Let me know. Offer3087,spam
Just letting you know: What time does the train arrive? Thank you. Ref3719,ham
Quick message: I reached safely. Ref5495,ham
Please note: Can you pick up some groceries on your way? Please reply. Ref0661,ham
Reminder: I have sent the documents to your email. Please reply. Ref3293,ham
Please note: Free coupon available now. Click to redeem. Let me know. Offer0473,spam
Just letting you know: Get a special discount now! Limited time offer. Let me know. Offer2657,spam
Quick message: I have sent the documents to your email. Thanks. Ref2005,ham
Important: Please submit the form before Friday. Ref5471,ham
Limited offer! Buy now and get a huge discount. Offer6212,spam
Important: Please call me when you reach home. Thanks. Ref0428,ham
Today: Don't forget to bring your ID card. Let me know. Ref6933,ham
Quick message: Please bring your laptop tomorrow. Thank you. Ref0279,ham
Reminder: WIN CASH NOW! Reply YES to receive your reward. Thanks. Offer8653,spam
Quick message: Free membership available. Register today. Please reply. Offer5836,spam
Quick message: Let's have lunch together today. Please reply. Ref1569,ham
Hi! Can you pick up some groceries on your way? Ref9220,ham
Important: The project presentation is on Monday. Please reply. Ref3254,ham
Just letting you know: Free gift waiting for you. Claim your reward today. Thank you. Offer7241,spam
Just letting you know: You are selected for a free prize. Confirm your details. Let me know. Offer3755,spam
Reminder: Let me know when you are available. Thanks. Ref4043,ham
Quick message: Exclusive offer available only today. Claim now. Thank you. Offer7169,spam
Please note: Amazing deal! Get your bonus before the offer ends. Thanks. Offer8814,spam
Today: Congratulations winner! Contact us to collect your prize. Thank you. Offer0114,spam
Just letting you know: Free coupon available now. Click to redeem. Offer4723,spam
Just letting you know: You are selected for a free prize. Confirm your details. Offer5683,spam
Reminder: WIN CASH NOW! Reply YES to receive your reward. Please reply. Offer5840,spam
Can you share the Wi-Fi password? Ref2276,ham
Hello! Claim your exclusive reward before it expires. Let me know. Offer6669,spam
Hi! You are the lucky winner of a huge cash prize. Let me know. Offer3575,spam
Please note: Act now to receive your free gift. Thanks. Offer3419,spam
Hi! Can you share the Wi-Fi password? Have a good day. Ref4482,ham
Quick message: The project presentation is on Monday. Ref8482,ham
Quick message: Let me know when you are available. Let me know. Ref0230,ham
Reminder: Free membership available. Register today. Offer6066,spam
Just letting you know: What time does the train arrive? Let me know. Ref2381,ham
Hello! Exclusive offer available only today. Claim now. Let me know. Offer7574,spam
Quick message: I will call you after work. Let me know. Ref3979,ham
Hi! FREE entry to win a luxury car. Reply WIN now. Let me know. Offer3604,spam
Hello! Earn money from home with our amazing opportunity. Reply when you can. Offer3099,spam
Important: You are selected for a free prize. Confirm your details. Reply when you can. Offer5145,spam
Today: You have won a guaranteed reward. Respond now. Let me know. Offer3119,spam
Hi! The class has been moved to room 204. Let me know. Ref5501,ham
Please note: Act now to receive your free gift. Thank you. Offer3844,spam
Please note: You are selected for a free prize. Confirm your details. Have a good day. Offer2522,spam
Please note: Exclusive offer available only today. Claim now. Let me know. Offer9520,spam
The meeting starts at 10 am. Thanks. Ref5556,ham
Just letting you know: You have won a guaranteed reward. Respond now. Let me know. Offer0024,spam
Reminder: Please submit the form before Friday. Have a good day. Ref5380,ham
"Please note: Hey, are we still meeting at 6 pm? Let me know. Ref9799",ham
Just letting you know: Special promotion! Get 90 percent off today. Let me know. Offer3532,spam
Hi! Your order has been delivered. Please reply. Ref7125,ham
Quick message: WIN CASH NOW! Reply YES to receive your reward. Let me know. Offer4468,spam
Hello! I have sent the documents to your email. Thanks. Ref2161,ham
Reminder: Special cash offer just for you. Reply now. Let me know. Offer8305,spam
Quick message: The class has been moved to room 204. Let me know. Ref4785,ham
Today: Please check the attached report. Ref8737,ham
Today: URGENT! You have been selected for a cash reward. Call now. Please reply. Offer0521,spam
Hello! Win a brand new phone today. Click to claim your prize. Offer4455,spam
Please note: Thanks for helping me yesterday. Thanks. Ref6487,ham
Please note: I have sent the documents to your email. Thanks. Ref7778,ham
Today: Can we reschedule our appointment? Thank you. Ref8403,ham
Please note: Your order has been delivered. Have a good day. Ref1006,ham
Today: Get rich quickly with this incredible money-making offer. Please reply. Offer8350,spam
Hello! Exclusive offer available only today. Claim now. Have a good day. Offer4060,spam
Important: You are the lucky winner of a huge cash prize. Thank you. Offer3173,spam
Quick message: Earn money from home with our amazing opportunity. Let me know. Offer2035,spam
Please note: Urgent reward notification. Claim before midnight. Thank you. Offer8243,spam
Reminder: Please remind me about the meeting. Let me know. Ref4825,ham
Reminder: Please call me when you reach home. Reply when you can. Ref0272,ham
Today: Earn thousands from home. Join this opportunity now. Reply when you can. Offer7849,spam
Urgent reward notification. Claim before midnight. Thank you. Offer2402,spam
Reminder: What time does the train arrive? Reply when you can. Ref5090,ham
Hello! Free membership available. Register today. Have a good day. Offer1260,spam
Happy birthday! Have a wonderful day. Thank you. Ref6772,ham
Just letting you know: Act now to receive your free gift. Let me know. Offer2656,spam
Let me know when you are available. Ref4056,ham
Important: See you tomorrow morning. Please reply. Ref0728,ham
"Today: Congratulations, your number has won a cash bonus. Have a good day. Offer0261",spam
Hello! Exclusive offer available only today. Claim now. Thanks. Offer5347,spam
Hello! Claim your exclusive reward before it expires. Offer3142,spam
Hello! Please check the attached report. Thank you. Ref0786,ham
Please note: Congratulations! You have won a free prize. Claim now. Please reply. Offer4846,spam
Quick message: You are eligible for a special bonus. Apply immediately. Let me know. Offer5348,spam
Quick message: Please check the attached report. Have a good day. Ref6428,ham
Please note: I am waiting outside the office. Let me know. Ref0816,ham
Hi! Claim your exclusive reward before it expires. Thank you. Offer5445,spam
Quick message: Please call me when you reach home. Let me know. Ref6183,ham
Hello! I am waiting outside the office. Ref8498,ham
Today: Special cash offer just for you. Reply now. Please reply. Offer8937,spam
Today: The weather is nice today. Please reply. Ref7534,ham
Important: I reached safely. Thank you. Ref1179,ham
Free membership available. Register today. Reply when you can. Offer3412,spam
Just letting you know: Can you share the Wi-Fi password? Please reply. Ref1938,ham
Just letting you know: WIN CASH NOW! Reply YES to receive your reward. Thank you. Offer9262,spam
Reminder: You have been chosen for a free vacation. Thanks. Offer8863,spam
Today: Can you send me the notes from today's class? Reply when you can. Ref7309,ham
Quick message: I will be there in ten minutes. Please reply. Ref4049,ham
Hello! Are you free this evening? Thank you. Ref5555,ham
Reminder: Please remind me about the meeting. Please reply. Ref6529,ham
Important: Happy birthday! Have a wonderful day. Thanks. Ref3127,ham
Hello! Special promotion! Get 90 percent off today. Thank you. Offer7576,spam
Quick message: Get rich quickly with this incredible money-making offer. Have a good day. Offer9209,spam
Please note: I am waiting outside the office. Reply when you can. Ref1406,ham
Important: Let me know when you are available. Please reply. Ref3040,ham
Hi! I will call you after work. Ref6700,ham
Please note: I have sent the documents to your email. Reply when you can. Ref8719,ham
Quick message: Congratulations! You have won a free prize. Claim now. Offer9244,spam
Important: Your assignment is due tomorrow. Ref6895,ham
Important: I will call you after work. Ref0477,ham
Just letting you know: I am going to the market now. Thank you. Ref0947,ham
Let's have lunch together today. Thanks. Ref2696,ham
Hello! Please submit the form before Friday. Thanks. Ref1038,ham
Please note: Earn thousands from home. Join this opportunity now. Let me know. Offer4089,spam
Hi! Free membership available. Register today. Please reply. Offer7815,spam
Hi! Exclusive winner notification. Claim your cash prize. Thank you. Offer9749,spam
Hi! Let me know when you are available. Ref6115,ham
Today: Amazing deal! Get your bonus before the offer ends. Let me know. Offer3477,spam
Just letting you know: Earn money from home with our amazing opportunity. Let me know. Offer5783,spam
Please note: Exclusive winner notification. Claim your cash prize. Have a good day. Offer1677,spam
Hello! Congratulations! You have won a free prize. Claim now. Let me know. Offer5774,spam
Hi! Please check the attached report. Please reply. Ref0723,ham
Quick message: I reached safely. Let me know. Ref3964,ham
Reminder: Please check the attached report. Have a good day. Ref5203,ham
Hello! The meeting starts at 10 am. Ref7567,ham
Hello! I will be there in ten minutes. Thank you. Ref4405,ham
Reminder: Win a brand new phone today. Click to claim your prize. Thanks. Offer1749,spam
Quick message: The meeting starts at 10 am. Thanks. Ref6734,ham
Important: Free gift waiting for you. Claim your reward today. Please reply. Offer7097,spam
Hi! You have won a guaranteed reward. Respond now. Thank you. Offer1687,spam
Today: You are the lucky winner of a huge cash prize. Thank you. Offer6559,spam
Today: I will call you after work. Let me know. Ref3767,ham
Just letting you know: Win a brand new phone today. Click to claim your prize. Thanks. Offer6263,spam
Reminder: Claim your exclusive reward before it expires. Let me know. Offer2987,spam
Please note: Get a special discount now! Limited time offer. Offer5193,spam
Just letting you know: I am going to the market now. Thanks. Ref4998,ham
Important: Your assignment is due tomorrow. Ref4218,ham
Please note: Get a special discount now! Limited time offer. Let me know. Offer8157,spam
Reminder: Are you free this evening? Let me know. Ref3196,ham
Please note: Special cash offer just for you. Reply now. Thanks. Offer9056,spam
WIN CASH NOW! Reply YES to receive your reward. Let me know. Offer7139,spam
Please note: Get rich quickly with this incredible money-making offer. Thanks. Offer3150,spam
Quick message: Act now to receive your free gift. Thank you. Offer4017,spam
Just letting you know: Free membership available. Register today. Thanks. Offer9072,spam
WIN CASH NOW! Reply YES to receive your reward. Thank you. Offer7968,spam
Important: Don't forget to bring your ID card. Please reply. Ref6960,ham
Important: Exclusive offer available only today. Claim now. Please reply. Offer5325,spam
Quick message: Please submit the form before Friday. Thank you. Ref2988,ham
Hi! Special promotion! Get 90 percent off today. Let me know. Offer9269,spam
Please note: Your assignment is due tomorrow. Please reply. Ref9532,ham
Please note: WIN CASH NOW! Reply YES to receive your reward. Please reply. Offer7726,spam
Please note: I will be there in ten minutes. Have a good day. Ref1247,ham
Quick message: Let me know when you are available. Let me know. Ref8610,ham
Reminder: Free gift waiting for you. Claim your reward today. Please reply. Offer6590,spam
Reminder: Please remind me about the meeting. Thank you. Ref1148,ham
Reminder: Special cash offer just for you. Reply now. Thanks. Offer3743,spam
Quick message: WIN CASH NOW! Reply YES to receive your reward. Let me know. Offer4956,spam
Hi! Special cash offer just for you. Reply now. Have a good day. Offer6044,spam
Just letting you know: Win a brand new phone today. Click to claim your prize. Offer7950,spam
"Important: Hey, are we still meeting at 6 pm? Thank you. Ref0772",ham
Please note: Urgent reward notification. Claim before midnight. Reply when you can. Offer3950,spam
Today: Urgent reward notification. Claim before midnight. Thank you. Offer2940,spam
Quick message: You have won a guaranteed reward. Respond now. Let me know. Offer6111,spam
Please note: Free membership available. Register today. Reply when you can. Offer0301,spam
Today: You have won a shopping voucher. Click here now. Thank you. Offer7830,spam
Important: Congratulations! Your account has received a reward. Thanks. Offer7775,spam
Today: What time does the train arrive? Ref7660,ham
Please note: I reached safely. Have a good day. Ref7493,ham
Important: Exclusive winner notification. Claim your cash prize. Let me know. Offer6348,spam
Hi! Please submit the form before Friday. Thanks. Ref7909,ham
Reminder: Happy birthday! Have a wonderful day. Thanks. Ref2559,ham
Please note: Please check the attached report. Please reply. Ref3808,ham
Please note: Happy birthday! Have a wonderful day. Thanks. Ref7686,ham
Important: Can we reschedule our appointment? Thanks. Ref0999,ham
Hi! I am going to the market now. Let me know. Ref9231,ham
Quick message: Special promotion! Get 90 percent off today. Thank you. Offer3252,spam
Important: What time does the train arrive? Thank you. Ref8987,ham
Reminder: Please bring your laptop tomorrow. Have a good day. Ref6451,ham
Today: URGENT! You have been selected for a cash reward. Call now. Offer3627,spam
Hello! The project presentation is on Monday. Thank you. Ref3672,ham
Hello! Can you pick up some groceries on your way? Thanks. Ref0748,ham
Just letting you know: Your assignment is due tomorrow. Ref6914,ham
Just letting you know: Don't forget to bring your ID card. Ref0784,ham
Just letting you know: What time does the train arrive? Please reply. Ref3261,ham
Reminder: Can you share the Wi-Fi password? Thanks. Ref2859,ham
Hello! Earn money from home with our amazing opportunity. Have a good day. Offer7004,spam
Please note: The meeting starts at 10 am. Thanks. Ref4867,ham
Quick message: You are eligible for a special bonus. Apply immediately. Reply when you can. Offer1075,spam
Important: Exclusive winner notification. Claim your cash prize. Reply when you can. Offer5416,spam
Quick message: Can we reschedule our appointment? Let me know. Ref6908,ham
Today: Let me know when you are available. Thanks. Ref7747,ham
WIN CASH NOW! Reply YES to receive your reward. Please reply. Offer3590,spam
Just letting you know: Special cash offer just for you. Reply now. Offer1321,spam
Today: Let me know when you are available. Please reply. Ref0957,ham
Please note: Earn thousands from home. Join this opportunity now. Reply when you can. Offer0152,spam
Today: Exclusive offer available only today. Claim now. Please reply. Offer6713,spam
Hello! Exclusive offer available only today. Claim now. Thank you. Offer0900,spam
Hi! Amazing deal! Get your bonus before the offer ends. Offer2221,spam
Please note: The project presentation is on Monday. Have a good day. Ref0796,ham
Hello! You are the lucky winner of a huge cash prize. Offer8247,spam
Important: Free gift waiting for you. Claim your reward today. Thanks. Offer2162,spam
Hi! I have sent the documents to your email. Reply when you can. Ref3413,ham
Hi! I will be there in ten minutes. Ref7296,ham
Hi! Win a brand new phone today. Click to claim your prize. Thank you. Offer0677,spam
Reminder: Get rich quickly with this incredible money-making offer. Have a good day. Offer0450,spam
Please note: Urgent reward notification. Claim before midnight. Offer0813,spam
Just letting you know: WIN CASH NOW! Reply YES to receive your reward. Offer1692,spam
Today: Free membership available. Register today. Let me know. Offer2693,spam
Today: Please submit the form before Friday. Reply when you can. Ref1061,ham
Please note: Can you send me the notes from today's class? Have a good day. Ref2281,ham
Important: Special cash offer just for you. Reply now. Thank you. Offer2850,spam
Today: What time does the train arrive? Let me know. Ref1742,ham
Important: Are you free this evening? Please reply. Ref2295,ham
Please note: Exclusive offer available only today. Claim now. Offer3747,spam
Hi! Act now to receive your free gift. Have a good day. Offer3470,spam
Important: FREE entry to win a luxury car. Reply WIN now. Thanks. Offer3306,spam
Just letting you know: Urgent reward notification. Claim before midnight. Let me know. Offer6463,spam
Today: URGENT! You have been selected for a cash reward. Call now. Offer5002,spam
Quick message: See you tomorrow morning. Please reply. Ref7876,ham
Reminder: You are selected for a free prize. Confirm your details. Thanks. Offer8206,spam
Just letting you know: Special cash offer just for you. Reply now. Have a good day. Offer1349,spam
Hello! Special cash offer just for you. Reply now. Offer3519,spam
You have won a shopping voucher. Click here now. Reply when you can. Offer9109,spam
Hello! You have been chosen for a free vacation. Offer9717,spam
Hello! You have won a shopping voucher. Click here now. Have a good day. Offer7530,spam
Quick message: Urgent reward notification. Claim before midnight. Thank you. Offer1782,spam
Important: Please check the attached report. Reply when you can. Ref8421,ham
Please note: Act now to receive your free gift. Offer0999,spam
Quick message: Let's have lunch together today. Let me know. Ref7001,ham
Hello! Can you pick up some groceries on your way? Let me know. Ref1788,ham
Today: Don't forget to bring your ID card. Reply when you can. Ref1459,ham
Hi! You are selected for a free prize. Confirm your details. Offer4895,spam
Please check the attached report. Have a good day. Ref4946,ham
Reminder: Earn money from home with our amazing opportunity. Let me know. Offer4387,spam
Today: Please call me when you reach home. Thanks. Ref4809,ham
Hello! I will be there in ten minutes. Thank you. Ref4316,ham
Get rich quickly with this incredible money-making offer. Offer5498,spam
"Important: Hey, are we still meeting at 6 pm? Reply when you can. Ref5664",ham
Please note: You have won a shopping voucher. Click here now. Have a good day. Offer8023,spam
Important: Free membership available. Register today. Let me know. Offer3664,spam
Today: What time does the train arrive? Reply when you can. Ref2622,ham
Quick message: See you tomorrow morning. Please reply. Ref2081,ham
Hi! Please submit the form before Friday. Thanks. Ref8547,ham
Important: WIN CASH NOW! Reply YES to receive your reward. Offer6577,spam
Reminder: Can you send me the notes from today's class? Thank you. Ref5917,ham
Quick message: You have won a guaranteed reward. Respond now. Let me know. Offer1521,spam
You are the lucky winner of a huge cash prize. Offer5334,spam
Hello! I have sent the documents to your email. Reply when you can. Ref1705,ham
Reminder: The meeting starts at 10 am. Thanks. Ref2310,ham
Important: Free membership available. Register today. Please reply. Offer6105,spam
Hello! You are eligible for a special bonus. Apply immediately. Thank you. Offer6055,spam
Important: Your assignment is due tomorrow. Let me know. Ref9450,ham
Today: Exclusive offer available only today. Claim now. Thanks. Offer1165,spam
Important: I will call you after work. Please reply. Ref3451,ham
Please note: Special cash offer just for you. Reply now. Offer0759,spam
Please note: You have won a shopping voucher. Click here now. Thank you. Offer1189,spam
Please note: Special cash offer just for you. Reply now. Have a good day. Offer6789,spam
Hello! Are you free this evening? Have a good day. Ref4704,ham
Today: Can you pick up some groceries on your way? Let me know. Ref6969,ham
Please note: Congratulations winner! Contact us to collect your prize. Offer9809,spam
Just letting you know: What time does the train arrive? Please reply. Ref5309,ham
Important: What time does the train arrive? Thanks. Ref5534,ham
Free membership available. Register today. Thanks. Offer9342,spam
Important: Earn thousands from home. Join this opportunity now. Reply when you can. Offer8747,spam
Hi! Free coupon available now. Click to redeem. Thanks. Offer5778,spam
Please note: Exclusive offer available only today. Claim now. Offer2305,spam
Hi! Special cash offer just for you. Reply now. Thank you. Offer2365,spam
Please note: I reached safely. Let me know. Ref2736,ham
Just letting you know: Can you send me the notes from today's class? Have a good day. Ref9069,ham
Reminder: Please bring your laptop tomorrow. Thanks. Ref6901,ham
Quick message: I am going to the market now. Thanks. Ref5031,ham
Hello! Please submit the form before Friday. Ref8484,ham
Hello! Amazing deal! Get your bonus before the offer ends. Have a good day. Offer2982,spam
Please note: I reached safely. Thanks. Ref4318,ham
Today: Special promotion! Get 90 percent off today. Thank you. Offer8727,spam
Quick message: Act now to receive your free gift. Please reply. Offer8907,spam
"Quick message: Congratulations, your number has won a cash bonus. Let me know. Offer1696",spam
You are selected for a free prize. Confirm your details. Thanks. Offer4394,spam
Please note: WIN CASH NOW! Reply YES to receive your reward. Thank you. Offer1881,spam
Please note: Please call me when you reach home. Ref8472,ham
Hi! Are you free this evening? Thanks. Ref8496,ham
Earn money from home with our amazing opportunity. Thank you. Offer1435,spam
Reminder: You have been chosen for a free vacation. Let me know. Offer8770,spam
Quick message: Let me know when you are available. Ref2481,ham
Today: What time does the train arrive? Let me know. Ref8611,ham
Quick message: I am going to the market now. Thanks. Ref2793,ham
Please note: Exclusive winner notification. Claim your cash prize. Please reply. Offer8348,spam
I will call you after work. Please reply. Ref2128,ham
Today: Thanks for helping me yesterday. Have a good day. Ref6538,ham
The class has been moved to room 204. Thank you. Ref3132,ham
Today: You are eligible for a special bonus. Apply immediately. Please reply. Offer5792,spam
Reminder: Thanks for helping me yesterday. Let me know. Ref0801,ham
Reminder: Win a brand new phone today. Click to claim your prize. Thanks. Offer1152,spam
Reminder: Are you free this evening? Ref0302,ham
Reminder: The project presentation is on Monday. Thank you. Ref9053,ham
Just letting you know: Don't forget to bring your ID card. Reply when you can. Ref6055,ham
Please note: Please remind me about the meeting. Thanks. Ref0720,ham
Important: I am waiting outside the office. Please reply. Ref2014,ham
Quick message: See you tomorrow morning. Let me know. Ref3938,ham
Hi! Congratulations! You have won a free prize. Claim now. Thanks. Offer2117,spam
Reminder: Special cash offer just for you. Reply now. Let me know. Offer3191,spam
"Hello! Hey, are we still meeting at 6 pm? Please reply. Ref8885",ham
Hello! The project presentation is on Monday. Thanks. Ref6920,ham
The weather is nice today. Ref7599,ham
Important: Act now to receive your free gift. Let me know. Offer8654,spam
Quick message: Act now to receive your free gift. Thanks. Offer3288,spam
Hi! The weather is nice today. Let me know. Ref7447,ham
Thanks for helping me yesterday. Ref3093,ham
Just letting you know: Earn money from home with our amazing opportunity. Thank you. Offer5942,spam
Just letting you know: What time does the train arrive? Ref4764,ham
Hi! Limited offer! Buy now and get a huge discount. Please reply. Offer4120,spam
Hi! Act now to receive your free gift. Please reply. Offer3929,spam
Just letting you know: I am waiting outside the office. Thanks. Ref2789,ham
Reminder: Free coupon available now. Click to redeem. Please reply. Offer2820,spam
Important: Don't forget to bring your ID card. Ref8310,ham
Hi! You are selected for a free prize. Confirm your details. Please reply. Offer0287,spam
Please note: Don't forget to bring your ID card. Ref4144,ham
Reminder: I am going to the market now. Thanks. Ref1570,ham
Today: You have been chosen for a free vacation. Reply when you can. Offer5162,spam
Hi! I reached safely. Ref3805,ham
Today: I am going to the market now. Thanks. Ref4411,ham
Hello! You are eligible for a special bonus. Apply immediately. Offer6866,spam
Reminder: You have won a shopping voucher. Click here now. Thanks. Offer5534,spam
Please note: Thanks for helping me yesterday. Please reply. Ref3928,ham
Important: I reached safely. Ref9709,ham
Please note: I reached safely. Please reply. Ref5508,ham
Just letting you know: Limited offer! Buy now and get a huge discount. Thanks. Offer6226,spam
Reminder: Free coupon available now. Click to redeem. Reply when you can. Offer4219,spam
Hi! Please submit the form before Friday. Reply when you can. Ref0621,ham
Important: I will call you after work. Thank you. Ref5186,ham
Hi! Happy birthday! Have a wonderful day. Let me know. Ref6060,ham
Please note: Amazing deal! Get your bonus before the offer ends. Let me know. Offer3401,spam
Quick message: Your order has been delivered. Let me know. Ref5604,ham
Today: You are the lucky winner of a huge cash prize. Have a good day. Offer7599,spam
Quick message: See you tomorrow morning. Let me know. Ref2689,ham
Quick message: Special cash offer just for you. Reply now. Offer3498,spam
I reached safely. Reply when you can. Ref4568,ham
Just letting you know: Earn thousands from home. Join this opportunity now. Thanks. Offer4065,spam
Reminder: The meeting starts at 10 am. Thank you. Ref1226,ham
Please note: Please submit the form before Friday. Let me know. Ref9830,ham
Please note: Please bring your laptop tomorrow. Thanks. Ref1352,ham
Hi! Please check the attached report. Have a good day. Ref9993,ham
Just letting you know: Urgent reward notification. Claim before midnight. Reply when you can. Offer6918,spam
Important: Win a brand new phone today. Click to claim your prize. Reply when you can. Offer0921,spam
Hi! Claim your exclusive reward before it expires. Thanks. Offer5911,spam
Don't forget to bring your ID card. Have a good day. Ref8979,ham
Hi! Please check the attached report. Thank you. Ref7217,ham
Reminder: Special cash offer just for you. Reply now. Let me know. Offer0845,spam
Important: Act now to receive your free gift. Please reply. Offer9663,spam
Quick message: I will be there in ten minutes. Please reply. Ref8722,ham
Reminder: Your assignment is due tomorrow. Have a good day. Ref8302,ham
Reminder: The weather is nice today. Have a good day. Ref1205,ham
Let's have lunch together today. Reply when you can. Ref9882,ham
Quick message: Are you free this evening? Ref7064,ham
Quick message: You are eligible for a special bonus. Apply immediately. Please reply. Offer5880,spam
Reminder: Let's have lunch together today. Have a good day. Ref8373,ham
Quick message: Let me know when you are available. Ref9430,ham
Important: I have sent the documents to your email. Thank you. Ref9985,ham
Please note: Special promotion! Get 90 percent off today. Let me know. Offer9267,spam
Important: WIN CASH NOW! Reply YES to receive your reward. Thanks. Offer9762,spam
Hi! Congratulations winner! Contact us to collect your prize. Please reply. Offer1959,spam
Important: Free coupon available now. Click to redeem. Please reply. Offer2742,spam
Quick message: Exclusive offer available only today. Claim now. Thanks. Offer4615,spam
Act now to receive your free gift. Thank you. Offer9049,spam
"Today: Congratulations, your number has won a cash bonus. Thanks. Offer5694",spam
Today: Urgent reward notification. Claim before midnight. Let me know. Offer3294,spam
Reminder: The project presentation is on Monday. Please reply. Ref7389,ham
Exclusive winner notification. Claim your cash prize. Offer1894,spam
Reminder: You have won a guaranteed reward. Respond now. Let me know. Offer0682,spam
Hello! Earn money from home with our amazing opportunity. Reply when you can. Offer8559,spam
Please note: WIN CASH NOW! Reply YES to receive your reward. Offer9914,spam
Please note: Special promotion! Get 90 percent off today. Thanks. Offer4358,spam
Please note: Exclusive winner notification. Claim your cash prize. Let me know. Offer3374,spam
Quick message: Please bring your laptop tomorrow. Ref6876,ham
Hi! Congratulations! Your account has received a reward. Offer1263,spam
Reminder: Your assignment is due tomorrow. Let me know. Ref5414,ham
Please note: Please submit the form before Friday. Reply when you can. Ref0943,ham
Hello! Please remind me about the meeting. Please reply. Ref8118,ham
Hello! Thanks for helping me yesterday. Let me know. Ref0085,ham
Just letting you know: Can you pick up some groceries on your way? Let me know. Ref4647,ham
Quick message: I will be there in ten minutes. Ref3392,ham
Quick message: Please submit the form before Friday. Thanks. Ref4076,ham
Reminder: Act now to receive your free gift. Please reply. Offer2529,spam
Just letting you know: Free coupon available now. Click to redeem. Let me know. Offer6246,spam
Reminder: Can you pick up some groceries on your way? Please reply. Ref2054,ham
Please note: Let me know when you are available. Ref6190,ham
Special cash offer just for you. Reply now. Please reply. Offer0898,spam
Please note: The class has been moved to room 204. Let me know. Ref6917,ham
Hello! You have won a shopping voucher. Click here now. Let me know. Offer3629,spam
Important: What time does the train arrive? Ref5002,ham
Free coupon available now. Click to redeem. Offer6841,spam
Important: Win a brand new phone today. Click to claim your prize. Thanks. Offer0901,spam
Can you send me the notes from today's class? Please reply. Ref4495,ham
"Just letting you know: Hey, are we still meeting at 6 pm? Have a good day. Ref2299",ham
I am waiting outside the office. Please reply. Ref9046,ham
Important: Special cash offer just for you. Reply now. Thanks. Offer5252,spam
Important: Limited offer! Buy now and get a huge discount. Thank you. Offer8486,spam
Just letting you know: The project presentation is on Monday. Thank you. Ref5998,ham
Today: Don't forget to bring your ID card. Please reply. Ref2079,ham
Reminder: Exclusive offer available only today. Claim now. Have a good day. Offer6865,spam
Hi! Earn thousands from home. Join this opportunity now. Thank you. Offer4119,spam
Hello! Win a brand new phone today. Click to claim your prize. Let me know. Offer6548,spam
Hello! Get a special discount now! Limited time offer. Thanks. Offer7082,spam
Please note: The meeting starts at 10 am. Please reply. Ref5647,ham
Act now to receive your free gift. Reply when you can. Offer3351,spam
"Hi! Congratulations, your number has won a cash bonus. Thank you. Offer4459",spam
Important: Earn thousands from home. Join this opportunity now. Have a good day. Offer2871,spam
Special promotion! Get 90 percent off today. Please reply. Offer9945,spam
Please note: Please submit the form before Friday. Let me know. Ref6820,ham
Hi! URGENT! You have been selected for a cash reward. Call now. Thank you. Offer3025,spam
Earn thousands from home. Join this opportunity now. Have a good day. Offer4878,spam
Important: Let's have lunch together today. Thanks. Ref0886,ham
Reminder: See you tomorrow morning. Have a good day. Ref7243,ham
Important: Please bring your laptop tomorrow. Thank you. Ref6301,ham
Please note: Are you free this evening? Reply when you can. Ref1843,ham
Quick message: Please check the attached report. Thanks. Ref3976,ham
Hi! Happy birthday! Have a wonderful day. Ref9736,ham
Please note: I have sent the documents to your email. Have a good day. Ref7175,ham
Today: I will be there in ten minutes. Ref9363,ham
Hi! Exclusive winner notification. Claim your cash prize. Thank you. Offer6160,spam
Hello! Free coupon available now. Click to redeem. Have a good day. Offer9810,spam
Can you share the Wi-Fi password? Ref6410,ham
Today: Special cash offer just for you. Reply now. Thanks. Offer6579,spam
Today: Let me know when you are available. Thanks. Ref6480,ham
Quick message: Win a brand new phone today. Click to claim your prize. Reply when you can. Offer1567,spam
Please note: Free membership available. Register today. Have a good day. Offer9505,spam
Thanks for helping me yesterday. Please reply. Ref7798,ham
Hi! Exclusive offer available only today. Claim now. Thank you. Offer4577,spam
Hi! Can you send me the notes from today's class? Thanks. Ref0388,ham
Important: The meeting starts at 10 am. Please reply. Ref8333,ham
Quick message: FREE entry to win a luxury car. Reply WIN now. Offer0258,spam
Reminder: I have sent the documents to your email. Thank you. Ref5755,ham
Free gift waiting for you. Claim your reward today. Thanks. Offer9144,spam
I will call you after work. Thank you. Ref1201,ham
Hi! Congratulations! Your account has received a reward. Have a good day. Offer3843,spam
Please note: Please submit the form before Friday. Thanks. Ref7850,ham
I am going to the market now. Let me know. Ref0355,ham
Just letting you know: Free membership available. Register today. Offer4548,spam
Quick message: What time does the train arrive? Thank you. Ref5739,ham
Just letting you know: Congratulations! Your account has received a reward. Thank you. Offer5032,spam
Today: The weather is nice today. Ref9809,ham
Today: Get a special discount now! Limited time offer. Let me know. Offer3195,spam
Today: The meeting starts at 10 am. Thanks. Ref9084,ham
Reminder: Let me know when you are available. Thank you. Ref4298,ham
Reminder: I will call you after work. Thanks. Ref4972,ham
Hi! Special promotion! Get 90 percent off today. Have a good day. Offer4639,spam
Important: Exclusive winner notification. Claim your cash prize. Please reply. Offer3872,spam
Hello! Amazing deal! Get your bonus before the offer ends. Thanks. Offer1182,spam
Important: Get a special discount now! Limited time offer. Thanks. Offer8137,spam
Quick message: Exclusive offer available only today. Claim now. Offer0596,spam
Hello! Earn money from home with our amazing opportunity. Offer9217,spam
Important: Please call me when you reach home. Let me know. Ref5694,ham
Important: Win a brand new phone today. Click to claim your prize. Please reply. Offer1407,spam
Please note: Win a brand new phone today. Click to claim your prize. Let me know. Offer5227,spam
Today: Special cash offer just for you. Reply now. Please reply. Offer4156,spam
Important: Win a brand new phone today. Click to claim your prize. Please reply. Offer4373,spam
Important: Congratulations! You have won a free prize. Claim now. Let me know. Offer2301,spam
Just letting you know: Claim your exclusive reward before it expires. Have a good day. Offer0947,spam
Today: I reached safely. Reply when you can. Ref2432,ham
Hello! The class has been moved to room 204. Thanks. Ref3668,ham
Thanks for helping me yesterday. Thanks. Ref1095,ham
Hello! Please check the attached report. Reply when you can. Ref1441,ham
Congratulations! Your account has received a reward. Please reply. Offer5361,spam
Important: Let me know when you are available. Thank you. Ref6994,ham
Please note: I will be there in ten minutes. Please reply. Ref3948,ham
Important: Special cash offer just for you. Reply now. Please reply. Offer4602,spam
Important: The meeting starts at 10 am. Thanks. Ref0802,ham
Important: You are eligible for a special bonus. Apply immediately. Thanks. Offer0029,spam
See you tomorrow morning. Thank you. Ref8290,ham
Just letting you know: Can we reschedule our appointment? Ref4860,ham
Today: Free gift waiting for you. Claim your reward today. Please reply. Offer8240,spam
Important: Get a special discount now! Limited time offer. Offer0588,spam
Please note: I will call you after work. Ref6446,ham
Hi! You are selected for a free prize. Confirm your details. Have a good day. Offer9238,spam
Just letting you know: Thanks for helping me yesterday. Reply when you can. Ref1615,ham
Your assignment is due tomorrow. Have a good day. Ref5902,ham
Hello! Free coupon available now. Click to redeem. Thanks. Offer2491,spam
Important: I am waiting outside the office. Thank you. Ref8097,ham
Hello! Earn money from home with our amazing opportunity. Thank you. Offer7092,spam
Today: I reached safely. Let me know. Ref2182,ham
Today: I will be there in ten minutes. Thank you. Ref1153,ham
Reminder: Don't forget to bring your ID card. Ref3604,ham
Quick message: Congratulations winner! Contact us to collect your prize. Offer7512,spam
Important: Free membership available. Register today. Let me know. Offer1411,spam
Quick message: Please submit the form before Friday. Have a good day. Ref0325,ham
Reminder: Please check the attached report. Please reply. Ref7154,ham
Congratulations winner! Contact us to collect your prize. Reply when you can. Offer0925,spam
Quick message: Thanks for helping me yesterday. Thank you. Ref0113,ham
Quick message: Please bring your laptop tomorrow. Please reply. Ref7174,ham
Just letting you know: Win a brand new phone today. Click to claim your prize. Let me know. Offer8322,spam
Hi! I have sent the documents to your email. Thanks. Ref4408,ham
Hi! Claim your exclusive reward before it expires. Thank you. Offer6661,spam
Hello! Your order has been delivered. Please reply. Ref3108,ham
Hi! Can you send me the notes from today's class? Reply when you can. Ref3350,ham
Hello! Let's have lunch together today. Ref5608,ham
Important: Congratulations! Your account has received a reward. Let me know. Offer7412,spam
Hi! Get rich quickly with this incredible money-making offer. Let me know. Offer4106,spam
Please submit the form before Friday. Have a good day. Ref7578,ham
Just letting you know: You have won a shopping voucher. Click here now. Thank you. Offer5364,spam
Reminder: The class has been moved to room 204. Ref1329,ham
Hi! I will call you after work. Ref9269,ham
Please note: You are eligible for a special bonus. Apply immediately. Offer8133,spam
Important: The project presentation is on Monday. Please reply. Ref4187,ham
Please note: Please submit the form before Friday. Have a good day. Ref7153,ham
Today: Win a brand new phone today. Click to claim your prize. Thank you. Offer6437,spam
Today: You are the lucky winner of a huge cash prize. Please reply. Offer6181,spam
Reminder: Don't forget to bring your ID card. Thanks. Ref6014,ham
WIN CASH NOW! Reply YES to receive your reward. Thank you. Offer6546,spam
Today: Special cash offer just for you. Reply now. Please reply. Offer4933,spam
Quick message: You are eligible for a special bonus. Apply immediately. Have a good day. Offer3661,spam
Reminder: The project presentation is on Monday. Have a good day. Ref6646,ham
Please note: Congratulations! Your account has received a reward. Offer5186,spam
Just letting you know: Act now to receive your free gift. Please reply. Offer8949,spam
Today: You are selected for a free prize. Confirm your details. Please reply. Offer4853,spam
Today: Exclusive winner notification. Claim your cash prize. Let me know. Offer9265,spam
Reminder: Act now to receive your free gift. Have a good day. Offer6328,spam
Hello! The class has been moved to room 204. Let me know. Ref4715,ham
Hi! The weather is nice today. Thank you. Ref3416,ham
Just letting you know: Your assignment is due tomorrow. Have a good day. Ref8045,ham
Hello! Please call me when you reach home. Thank you. Ref4996,ham
Please note: Special promotion! Get 90 percent off today. Offer8807,spam
Hi! The meeting starts at 10 am. Please reply. Ref7836,ham
Hello! Can you pick up some groceries on your way? Let me know. Ref2322,ham
Can you share the Wi-Fi password? Please reply. Ref2819,ham
Just letting you know: Free gift waiting for you. Claim your reward today. Please reply. Offer2394,spam
Please note: Free coupon available now. Click to redeem. Thank you. Offer4839,spam
Please note: Act now to receive your free gift. Thank you. Offer7631,spam
Hello! Your order has been delivered. Thanks. Ref1870,ham
Please note: Can you share the Wi-Fi password? Let me know. Ref5010,ham
Quick message: Let me know when you are available. Thank you. Ref2358,ham
Quick message: Let's have lunch together today. Thank you. Ref6816,ham
Just letting you know: Earn money from home with our amazing opportunity. Thanks. Offer9472,spam
Please note: Are you free this evening? Have a good day. Ref5726,ham
Reminder: Urgent reward notification. Claim before midnight. Have a good day. Offer0290,spam
Today: See you tomorrow morning. Reply when you can. Ref5252,ham
Hello! You are the lucky winner of a huge cash prize. Have a good day. Offer4898,spam
Quick message: Can you share the Wi-Fi password? Let me know. Ref0751,ham
"Hey, are we still meeting at 6 pm? Thank you. Ref4400",ham
Hi! I am waiting outside the office. Reply when you can. Ref9264,ham
Hello! Please check the attached report. Thanks. Ref6145,ham
Important: Special promotion! Get 90 percent off today. Thanks. Offer8477,spam
I will call you after work. Have a good day. Ref0595,ham
The meeting starts at 10 am. Please reply. Ref7998,ham
Please note: I will be there in ten minutes. Ref0361,ham
Special cash offer just for you. Reply now. Offer0518,spam
FREE entry to win a luxury car. Reply WIN now. Offer9335,spam
Just letting you know: Special promotion! Get 90 percent off today. Reply when you can. Offer6295,spam
Important: Congratulations! Your account has received a reward. Reply when you can. Offer5195,spam
Important: Your order has been delivered. Have a good day. Ref8287,ham
Please call me when you reach home. Reply when you can. Ref4109,ham
Just letting you know: Amazing deal! Get your bonus before the offer ends. Please reply. Offer2349,spam
Just letting you know: Your assignment is due tomorrow. Reply when you can. Ref7887,ham
You are eligible for a special bonus. Apply immediately. Please reply. Offer0413,spam
Hello! Claim your exclusive reward before it expires. Thank you. Offer4547,spam
Hello! I will be there in ten minutes. Let me know. Ref9612,ham
Important: The weather is nice today. Ref9881,ham
Quick message: Don't forget to bring your ID card. Have a good day. Ref0061,ham
Reminder: Your assignment is due tomorrow. Please reply. Ref2174,ham
Reminder: Free membership available. Register today. Let me know. Offer8496,spam
Please note: WIN CASH NOW! Reply YES to receive your reward. Thanks. Offer0670,spam
Hi! Get rich quickly with this incredible money-making offer. Thanks. Offer6299,spam
Important: Let's have lunch together today. Please reply. Ref5492,ham
Just letting you know: Limited offer! Buy now and get a huge discount. Thank you. Offer9424,spam
Reminder: You are the lucky winner of a huge cash prize. Thanks. Offer1308,spam
Please note: Are you free this evening? Let me know. Ref0049,ham
Hello! Earn thousands from home. Join this opportunity now. Please reply. Offer4291,spam
Important: The weather is nice today. Please reply. Ref1135,ham
Just letting you know: Let me know when you are available. Have a good day. Ref7112,ham
Quick message: You have been chosen for a free vacation. Thanks. Offer7094,spam
Please note: Happy birthday! Have a wonderful day. Please reply. Ref8169,ham
Quick message: Your assignment is due tomorrow. Please reply. Ref6753,ham
Just letting you know: You are the lucky winner of a huge cash prize. Thanks. Offer2734,spam
Hello! Your assignment is due tomorrow. Ref7779,ham
Quick message: Free gift waiting for you. Claim your reward today. Offer3162,spam
Hi! Thanks for helping me yesterday. Ref4431,ham
Quick message: I will call you after work. Thanks. Ref4926,ham
Hi! Claim your exclusive reward before it expires. Let me know. Offer8732,spam
Today: Happy birthday! Have a wonderful day. Ref5812,ham
Hi! Don't forget to bring your ID card. Please reply. Ref8960,ham
Hi! You have won a guaranteed reward. Respond now. Please reply. Offer0904,spam
Just letting you know: The class has been moved to room 204. Thanks. Ref7595,ham
Please remind me about the meeting. Reply when you can. Ref8049,ham
Just letting you know: Please bring your laptop tomorrow. Thank you. Ref7442,ham
Hello! I am waiting outside the office. Have a good day. Ref5901,ham
Today: I am waiting outside the office. Ref8440,ham
"Just letting you know: Congratulations, your number has won a cash bonus. Please reply. Offer9157",spam
Hello! Can you share the Wi-Fi password? Have a good day. Ref1172,ham
Hello! I will be there in ten minutes. Thanks. Ref7009,ham
Important: Can you pick up some groceries on your way? Ref4172,ham
Hello! Please call me when you reach home. Thank you. Ref3825,ham
Quick message: Happy birthday! Have a wonderful day. Let me know. Ref1814,ham
"Reminder: Congratulations, your number has won a cash bonus. Thank you. Offer0108",spam
Just letting you know: Urgent reward notification. Claim before midnight. Please reply. Offer3893,spam
I have sent the documents to your email. Reply when you can. Ref2282,ham
Reminder: Free coupon available now. Click to redeem. Thanks. Offer2149,spam
Today: Your order has been delivered. Let me know. Ref2298,ham
Just letting you know: URGENT! You have been selected for a cash reward. Call now. Reply when you can. Offer5343,spam
Today: Please remind me about the meeting. Thanks. Ref6970,ham
Hello! I reached safely. Thanks. Ref8315,ham
Hello! You are selected for a free prize. Confirm your details. Offer1289,spam
Can you share the Wi-Fi password? Reply when you can. Ref3287,ham
Today: What time does the train arrive? Ref7165,ham
Today: Please bring your laptop tomorrow. Let me know. Ref7298,ham
Please note: Earn thousands from home. Join this opportunity now. Please reply. Offer5648,spam
Hello! The project presentation is on Monday. Please reply. Ref9020,ham
Hi! You have won a shopping voucher. Click here now. Thanks. Offer5646,spam
Just letting you know: You have won a shopping voucher. Click here now. Let me know. Offer5144,spam
Hello! The meeting starts at 10 am. Please reply. Ref2960,ham
Important: The meeting starts at 10 am. Thank you. Ref3551,ham
Important: Special promotion! Get 90 percent off today. Thanks. Offer6568,spam
Just letting you know: Your order has been delivered. Let me know. Ref5142,ham
Today: Please check the attached report. Have a good day. Ref9921,ham
Important: Earn thousands from home. Join this opportunity now. Thank you. Offer1707,spam
Hi! WIN CASH NOW! Reply YES to receive your reward. Reply when you can. Offer8838,spam
Important: You have been chosen for a free vacation. Thanks. Offer2990,spam
Today: The class has been moved to room 204. Let me know. Ref8264,ham
Don't forget to bring your ID card. Please reply. Ref5478,ham
Hello! Your assignment is due tomorrow. Have a good day. Ref2550,ham
Important: Urgent reward notification. Claim before midnight. Have a good day. Offer6870,spam
Reminder: Please bring your laptop tomorrow. Ref4909,ham
Hello! I am going to the market now. Thank you. Ref4389,ham
Important: Limited offer! Buy now and get a huge discount. Let me know. Offer8521,spam
Just letting you know: Earn money from home with our amazing opportunity. Thanks. Offer3073,spam
Quick message: You are the lucky winner of a huge cash prize. Offer6955,spam
Important: Please check the attached report. Ref0335,ham
Important: Congratulations! You have won a free prize. Claim now. Thanks. Offer2746,spam
Reminder: You are eligible for a special bonus. Apply immediately. Thanks. Offer4325,spam
Hello! Please check the attached report. Ref7722,ham
Today: You have won a guaranteed reward. Respond now. Offer5988,spam
Reminder: The class has been moved to room 204. Let me know. Ref2654,ham
Hi! Your assignment is due tomorrow. Thank you. Ref9344,ham
Important: Amazing deal! Get your bonus before the offer ends. Thanks. Offer4832,spam
Just letting you know: Congratulations! Your account has received a reward. Thanks. Offer2686,spam
Just letting you know: Free gift waiting for you. Claim your reward today. Offer9888,spam
Just letting you know: Don't forget to bring your ID card. Thanks. Ref6303,ham
Can you send me the notes from today's class? Thank you. Ref0041,ham
Please note: Let me know when you are available. Please reply. Ref8985,ham
Reminder: You have won a guaranteed reward. Respond now. Thank you. Offer6774,spam
Today: The project presentation is on Monday. Please reply. Ref5895,ham
Please note: I am waiting outside the office. Have a good day. Ref9798,ham
Important: Are you free this evening? Reply when you can. Ref0407,ham
Hello! FREE entry to win a luxury car. Reply WIN now. Let me know. Offer1553,spam
Reminder: Claim your exclusive reward before it expires. Please reply. Offer6969,spam
Hi! I reached safely. Reply when you can. Ref8506,ham
Quick message: I am going to the market now. Reply when you can. Ref9922,ham
Hi! Are you free this evening? Please reply. Ref7315,ham
Important: You are selected for a free prize. Confirm your details. Offer1817,spam
You have won a guaranteed reward. Respond now. Thanks. Offer4599,spam
Hi! Exclusive winner notification. Claim your cash prize. Reply when you can. Offer6507,spam
Quick message: Exclusive winner notification. Claim your cash prize. Let me know. Offer4416,spam
Reminder: The class has been moved to room 204. Let me know. Ref8990,ham
Reminder: Urgent reward notification. Claim before midnight. Offer0137,spam
"Reminder: Congratulations, your number has won a cash bonus. Offer7229",spam
Just letting you know: Can we reschedule our appointment? Ref2511,ham
Just letting you know: Act now to receive your free gift. Let me know. Offer6266,spam
Reminder: What time does the train arrive? Have a good day. Ref7780,ham
Reminder: You have been chosen for a free vacation. Thanks. Offer3556,spam
Hello! Special cash offer just for you. Reply now. Please reply. Offer3712,spam
Can you pick up some groceries on your way? Have a good day. Ref9301,ham
Hello! Can you send me the notes from today's class? Please reply. Ref6107,ham
"Quick message: Hey, are we still meeting at 6 pm? Please reply. Ref0222",ham
Hi! Free coupon available now. Click to redeem. Have a good day. Offer1956,spam
Hi! Earn money from home with our amazing opportunity. Please reply. Offer0376,spam
Important: The class has been moved to room 204. Let me know. Ref4645,ham
Just letting you know: Earn money from home with our amazing opportunity. Let me know. Offer5970,spam
Hi! Your assignment is due tomorrow. Thank you. Ref5535,ham
Just letting you know: Exclusive winner notification. Claim your cash prize. Have a good day. Offer0570,spam
Please note: Can you pick up some groceries on your way? Have a good day. Ref5597,ham
Just letting you know: FREE entry to win a luxury car. Reply WIN now. Offer1076,spam
Quick message: Please call me when you reach home. Have a good day. Ref8367,ham
Hi! The meeting starts at 10 am. Let me know. Ref8696,ham
Hello! URGENT! You have been selected for a cash reward. Call now. Thank you. Offer6811,spam
Important: Happy birthday! Have a wonderful day. Let me know. Ref3944,ham
I am going to the market now. Reply when you can. Ref8656,ham
I will be there in ten minutes. Please reply. Ref1186,ham
Earn money from home with our amazing opportunity. Thank you. Offer4894,spam
Please note: Let me know when you are available. Please reply. Ref3487,ham
Please note: I reached safely. Ref9472,ham
Please note: The meeting starts at 10 am. Ref0383,ham
Exclusive winner notification. Claim your cash prize. Thank you. Offer8996,spam
Please note: Free coupon available now. Click to redeem. Let me know. Offer0643,spam
Hi! The class has been moved to room 204. Thank you. Ref4348,ham
Today: Claim your exclusive reward before it expires. Thank you. Offer2082,spam
Hello! Can you pick up some groceries on your way? Thanks. Ref2028,ham
Important: See you tomorrow morning. Thank you. Ref7185,ham
Just letting you know: Special cash offer just for you. Reply now. Let me know. Offer5208,spam
Hello! FREE entry to win a luxury car. Reply WIN now. Let me know. Offer0432,spam
Today: Free gift waiting for you. Claim your reward today. Let me know. Offer0102,spam
Just letting you know: FREE entry to win a luxury car. Reply WIN now. Reply when you can. Offer4162,spam
Hi! Don't forget to bring your ID card. Ref3195,ham
Can you pick up some groceries on your way? Thanks. Ref2062,ham
Reminder: You have won a shopping voucher. Click here now. Thank you. Offer2384,spam
Please note: Special promotion! Get 90 percent off today. Let me know. Offer9565,spam
Please note: WIN CASH NOW! Reply YES to receive your reward. Offer5585,spam
Quick message: Please remind me about the meeting. Ref0193,ham
Please note: Please remind me about the meeting. Reply when you can. Ref5896,ham
Exclusive offer available only today. Claim now. Have a good day. Offer7945,spam
Today: Earn money from home with our amazing opportunity. Please reply. Offer0808,spam
Hi! Free gift waiting for you. Claim your reward today. Thank you. Offer9764,spam
Quick message: Let me know when you are available. Thanks. Ref9886,ham
Today: See you tomorrow morning. Ref8298,ham
Hi! Can we reschedule our appointment? Please reply. Ref7949,ham
Important: WIN CASH NOW! Reply YES to receive your reward. Reply when you can. Offer5267,spam
Reminder: Amazing deal! Get your bonus before the offer ends. Offer7480,spam
Just letting you know: I am waiting outside the office. Thank you. Ref5920,ham
Important: Congratulations winner! Contact us to collect your prize. Let me know. Offer0125,spam
Please note: Free membership available. Register today. Please reply. Offer6470,spam
Just letting you know: Limited offer! Buy now and get a huge discount. Thank you. Offer6026,spam
Quick message: Amazing deal! Get your bonus before the offer ends. Reply when you can. Offer3980,spam
Happy birthday! Have a wonderful day. Let me know. Ref5715,ham
Hello! Let's have lunch together today. Thanks. Ref8746,ham
Special cash offer just for you. Reply now. Have a good day. Offer5497,spam
Today: Please call me when you reach home. Ref5157,ham
Can you send me the notes from today's class? Ref6726,ham
Quick message: Can you pick up some groceries on your way? Please reply. Ref8460,ham
Reminder: Get a special discount now! Limited time offer. Please reply. Offer1846,spam
Today: Please check the attached report. Thanks. Ref2402,ham
Just letting you know: Thanks for helping me yesterday. Thanks. Ref7870,ham
You have won a guaranteed reward. Respond now. Have a good day. Offer7632,spam
Reminder: Special promotion! Get 90 percent off today. Reply when you can. Offer7482,spam
Hi! The meeting starts at 10 am. Thank you. Ref9962,ham
Hi! Can you send me the notes from today's class? Let me know. Ref6036,ham
Please note: The meeting starts at 10 am. Thank you. Ref0466,ham
Just letting you know: Let's have lunch together today. Please reply. Ref0314,ham
The weather is nice today. Thank you. Ref8962,ham
Today: I am waiting outside the office. Please reply. Ref2838,ham
Can we reschedule our appointment? Ref2554,ham
"Please note: Congratulations, your number has won a cash bonus. Please reply. Offer5710",spam
Reminder: Don't forget to bring your ID card. Have a good day. Ref0698,ham
Just letting you know: I will be there in ten minutes. Let me know. Ref4536,ham
Reminder: URGENT! You have been selected for a cash reward. Call now. Offer8448,spam
Please note: The meeting starts at 10 am. Ref2984,ham
Quick message: Your order has been delivered. Please reply. Ref7291,ham
Just letting you know: Please check the attached report. Ref9332,ham
Important: I am going to the market now. Let me know. Ref7890,ham
Important: Don't forget to bring your ID card. Please reply. Ref7695,ham
Hello! The weather is nice today. Reply when you can. Ref2329,ham
Hi! The project presentation is on Monday. Let me know. Ref5307,ham
Please note: See you tomorrow morning. Thank you. Ref9149,ham
Quick message: You are the lucky winner of a huge cash prize. Reply when you can. Offer4531,spam
Can we reschedule our appointment? Ref1547,ham
Today: Special promotion! Get 90 percent off today. Thank you. Offer2202,spam
Hi! I am waiting outside the office. Have a good day. Ref0689,ham
Important: Free membership available. Register today. Offer5089,spam
Reminder: Get a special discount now! Limited time offer. Reply when you can. Offer0297,spam
Please note: Can we reschedule our appointment? Reply when you can. Ref3211,ham
Important: Are you free this evening? Reply when you can. Ref6862,ham
Reminder: Can you pick up some groceries on your way? Let me know. Ref9588,ham
Just letting you know: See you tomorrow morning. Reply when you can. Ref0368,ham
Quick message: You are selected for a free prize. Confirm your details. Have a good day. Offer6609,spam
Please note: See you tomorrow morning. Thanks. Ref6492,ham
Please note: I reached safely. Thank you. Ref0296,ham
Hello! The project presentation is on Monday. Please reply. Ref2206,ham
You have won a guaranteed reward. Respond now. Thank you. Offer9532,spam
Just letting you know: Can you pick up some groceries on your way? Thank you. Ref4836,ham
Quick message: Exclusive offer available only today. Claim now. Let me know. Offer1484,spam
Thanks for helping me yesterday. Let me know. Ref4912,ham
Just letting you know: Earn money from home with our amazing opportunity. Thank you. Offer8071,spam
Please note: The meeting starts at 10 am. Please reply. Ref5652,ham
Important: I am waiting outside the office. Ref0591,ham
You are the lucky winner of a huge cash prize. Have a good day. Offer6398,spam
Quick message: Can you send me the notes from today's class? Have a good day. Ref1934,ham
Quick message: Free membership available. Register today. Please reply. Offer7571,spam
Today: Congratulations winner! Contact us to collect your prize. Reply when you can. Offer8108,spam
Today: Please bring your laptop tomorrow. Ref4895,ham
Hello! Act now to receive your free gift. Let me know. Offer2816,spam
Today: Get rich quickly with this incredible money-making offer. Offer9512,spam
Please note: FREE entry to win a luxury car. Reply WIN now. Let me know. Offer1105,spam
Today: URGENT! You have been selected for a cash reward. Call now. Thanks. Offer8364,spam
Just letting you know: Please check the attached report. Ref5379,ham
Reminder: Please call me when you reach home. Please reply. Ref7958,ham
Reminder: Free gift waiting for you. Claim your reward today. Offer6489,spam
Quick message: Act now to receive your free gift. Have a good day. Offer2063,spam
Just letting you know: You have been chosen for a free vacation. Have a good day. Offer3283,spam
Quick message: Let me know when you are available. Please reply. Ref3877,ham
Today: See you tomorrow morning. Thanks. Ref5504,ham
Special cash offer just for you. Reply now. Reply when you can. Offer9451,spam
Today: Let me know when you are available. Ref1088,ham
Just letting you know: Amazing deal! Get your bonus before the offer ends. Have a good day. Offer0868,spam
Quick message: You have won a guaranteed reward. Respond now. Have a good day. Offer3888,spam
Your assignment is due tomorrow. Ref2057,ham
I reached safely. Have a good day. Ref8202,ham
Please note: Urgent reward notification. Claim before midnight. Offer6724,spam
Hi! Earn money from home with our amazing opportunity. Thanks. Offer9633,spam
Hi! Can we reschedule our appointment? Please reply. Ref6474,ham
Quick message: What time does the train arrive? Reply when you can. Ref6009,ham
Please note: Win a brand new phone today. Click to claim your prize. Reply when you can. Offer8641,spam
Quick message: Win a brand new phone today. Click to claim your prize. Have a good day. Offer7334,spam
Congratulations! You have won a free prize. Claim now. Offer0987,spam
Important: What time does the train arrive? Please reply. Ref0443,ham
"Hi! Hey, are we still meeting at 6 pm? Let me know. Ref1144",ham
Hello! Urgent reward notification. Claim before midnight. Offer1807,spam
The weather is nice today. Thank you. Ref2468,ham
Important: You are the lucky winner of a huge cash prize. Have a good day. Offer7742,spam
Hi! The weather is nice today. Please reply. Ref1157,ham
Just letting you know: Earn money from home with our amazing opportunity. Reply when you can. Offer9903,spam
Today: Get a special discount now! Limited time offer. Offer4371,spam
Today: You have won a shopping voucher. Click here now. Let me know. Offer9962,spam
Please remind me about the meeting. Have a good day. Ref1306,ham
Please note: Your assignment is due tomorrow. Let me know. Ref7073,ham
Quick message: See you tomorrow morning. Thanks. Ref1878,ham
Hello! Can you pick up some groceries on your way? Reply when you can. Ref4802,ham
Please note: Special promotion! Get 90 percent off today. Let me know. Offer3535,spam
Hello! Can we reschedule our appointment? Ref6293,ham
Please note: Congratulations! Your account has received a reward. Please reply. Offer5155,spam
Reminder: Don't forget to bring your ID card. Thank you. Ref7920,ham
Free gift waiting for you. Claim your reward today. Let me know. Offer3931,spam
Congratulations! Your account has received a reward. Have a good day. Offer6863,spam
Please note: Can you send me the notes from today's class? Thanks. Ref9633,ham
Please note: Thanks for helping me yesterday. Please reply. Ref7462,ham
Hello! Let me know when you are available. Let me know. Ref7557,ham
Exclusive winner notification. Claim your cash prize. Please reply. Offer3995,spam
Today: You are the lucky winner of a huge cash prize. Reply when you can. Offer5040,spam
Hello! Congratulations! You have won a free prize. Claim now. Have a good day. Offer7510,spam
Quick message: Earn money from home with our amazing opportunity. Let me know. Offer5829,spam
Get a special discount now! Limited time offer. Reply when you can. Offer5770,spam
Please call me when you reach home. Let me know. Ref2297,ham
You have won a guaranteed reward. Respond now. Thanks. Offer4812,spam
Reminder: You are the lucky winner of a huge cash prize. Offer7636,spam
Just letting you know: URGENT! You have been selected for a cash reward. Call now. Offer6256,spam
Just letting you know: I will be there in ten minutes. Reply when you can. Ref4445,ham
I have sent the documents to your email. Thanks. Ref7637,ham
"Today: Congratulations, your number has won a cash bonus. Let me know. Offer8662",spam
Hello! Let me know when you are available. Let me know. Ref9115,ham
Just letting you know: What time does the train arrive? Reply when you can. Ref2288,ham
Just letting you know: Your assignment is due tomorrow. Let me know. Ref4756,ham
Quick message: Get a special discount now! Limited time offer. Please reply. Offer2019,spam
Please note: Your order has been delivered. Please reply. Ref0914,ham
Quick message: Win a brand new phone today. Click to claim your prize. Reply when you can. Offer1437,spam
Reminder: Win a brand new phone today. Click to claim your prize. Please reply. Offer3234,spam
You have won a guaranteed reward. Respond now. Have a good day. Offer3783,spam
Please note: You are eligible for a special bonus. Apply immediately. Reply when you can. Offer5035,spam
Quick message: Your assignment is due tomorrow. Let me know. Ref2874,ham
Please note: Congratulations winner! Contact us to collect your prize. Please reply. Offer7952,spam
Today: I have sent the documents to your email. Please reply. Ref6439,ham
Hello! WIN CASH NOW! Reply YES to receive your reward. Let me know. Offer6629,spam
Just letting you know: Free membership available. Register today. Offer6462,spam
Reminder: What time does the train arrive? Have a good day. Ref7036,ham
Quick message: Get rich quickly with this incredible money-making offer. Please reply. Offer3948,spam
Hello! Free gift waiting for you. Claim your reward today. Thank you. Offer9114,spam
Please note: The weather is nice today. Have a good day. Ref0157,ham
I will call you after work. Let me know. Ref4706,ham
Hello! Please remind me about the meeting. Please reply. Ref9681,ham
"Reminder: Congratulations, your number has won a cash bonus. Offer7203",spam
Reminder: Don't forget to bring your ID card. Reply when you can. Ref5844,ham
Reminder: Please submit the form before Friday. Thanks. Ref1549,ham
I am going to the market now. Please reply. Ref4944,ham
Reminder: Act now to receive your free gift. Let me know. Offer4115,spam
Quick message: FREE entry to win a luxury car. Reply WIN now. Please reply. Offer7592,spam
Hello! What time does the train arrive? Ref3641,ham
Important: Special cash offer just for you. Reply now. Have a good day. Offer7581,spam
"Hi! Congratulations, your number has won a cash bonus. Please reply. Offer5904",spam
Hello! Are you free this evening? Thanks. Ref5328,ham
Quick message: FREE entry to win a luxury car. Reply WIN now. Offer1913,spam
The meeting starts at 10 am. Thank you. Ref6639,ham
Just letting you know: Please call me when you reach home. Please reply. Ref4900,ham
Today: Let me know when you are available. Thank you. Ref5259,ham
Hello! Happy birthday! Have a wonderful day. Let me know. Ref6011,ham
Hi! Earn thousands from home. Join this opportunity now. Have a good day. Offer5156,spam
Important: I am waiting outside the office. Please reply. Ref7307,ham
Today: Can you share the Wi-Fi password? Thank you. Ref7333,ham
Today: Earn money from home with our amazing opportunity. Thank you. Offer5421,spam
Hi! I have sent the documents to your email. Let me know. Ref5405,ham
Hello! Please remind me about the meeting. Thank you. Ref5537,ham
Hi! You are the lucky winner of a huge cash prize. Thanks. Offer2737,spam
Important: You have won a shopping voucher. Click here now. Thank you. Offer0918,spam
Important: Special cash offer just for you. Reply now. Thanks. Offer7136,spam
Hello! Free gift waiting for you. Claim your reward today. Offer5461,spam
Hi! Urgent reward notification. Claim before midnight. Thanks. Offer4806,spam
Quick message: Congratulations! You have won a free prize. Claim now. Thank you. Offer5260,spam
Hi! Congratulations winner! Contact us to collect your prize. Reply when you can. Offer9581,spam
Just letting you know: Can you send me the notes from today's class? Please reply. Ref5146,ham
Please check the attached report. Ref2596,ham
Hello! Your order has been delivered. Thank you. Ref0586,ham
Quick message: Claim your exclusive reward before it expires. Please reply. Offer8870,spam
Can you share the Wi-Fi password? Please reply. Ref6119,ham
Important: Free coupon available now. Click to redeem. Let me know. Offer5130,spam
Hello! Can you send me the notes from today's class? Thank you. Ref9058,ham
Hi! Your assignment is due tomorrow. Please reply. Ref0491,ham
Reminder: Amazing deal! Get your bonus before the offer ends. Let me know. Offer7790,spam
URGENT! You have been selected for a cash reward. Call now. Offer0407,spam
Exclusive winner notification. Claim your cash prize. Offer9765,spam
Important: I am waiting outside the office. Have a good day. Ref0373,ham
Important: Don't forget to bring your ID card. Let me know. Ref7148,ham
Reminder: Get rich quickly with this incredible money-making offer. Thanks. Offer3113,spam
Quick message: Free membership available. Register today. Have a good day. Offer6242,spam
Today: Your order has been delivered. Have a good day. Ref3576,ham
Today: Free coupon available now. Click to redeem. Let me know. Offer9533,spam
Please note: I have sent the documents to your email. Let me know. Ref6695,ham
Just letting you know: Please bring your laptop tomorrow. Reply when you can. Ref1191,ham
Quick message: The class has been moved to room 204. Ref7544,ham
Hello! The meeting starts at 10 am. Please reply. Ref2585,ham
Reminder: Congratulations! Your account has received a reward. Have a good day. Offer8022,spam
FREE entry to win a luxury car. Reply WIN now. Thanks. Offer9560,spam
Important: Are you free this evening? Thank you. Ref4036,ham
Please note: Don't forget to bring your ID card. Reply when you can. Ref8450,ham
Important: Let me know when you are available. Reply when you can. Ref8397,ham
Please note: Can you send me the notes from today's class? Reply when you can. Ref2867,ham
Thanks for helping me yesterday. Thank you. Ref1618,ham
Just letting you know: Your order has been delivered. Thanks. Ref6047,ham
Hi! I will call you after work. Let me know. Ref8489,ham
Please submit the form before Friday. Thank you. Ref2374,ham
Quick message: Please submit the form before Friday. Thanks. Ref7090,ham
Quick message: I will call you after work. Have a good day. Ref6823,ham
Today: Claim your exclusive reward before it expires. Let me know. Offer4360,spam
Hi! Your order has been delivered. Thank you. Ref3213,ham
Your order has been delivered. Have a good day. Ref7485,ham
The meeting starts at 10 am. Reply when you can. Ref7856,ham
Quick message: Earn money from home with our amazing opportunity. Offer9469,spam
Reminder: Win a brand new phone today. Click to claim your prize. Have a good day. Offer9514,spam
Hello! I will call you after work. Thanks. Ref7411,ham
Today: Special promotion! Get 90 percent off today. Offer3863,spam
Just letting you know: Your order has been delivered. Thanks. Ref3239,ham
Important: Can you pick up some groceries on your way? Let me know. Ref3427,ham
Please note: Please remind me about the meeting. Ref5497,ham
Important: Please call me when you reach home. Let me know. Ref5945,ham
Important: Earn thousands from home. Join this opportunity now. Thanks. Offer8131,spam
Hello! Earn money from home with our amazing opportunity. Thank you. Offer3460,spam
Quick message: The project presentation is on Monday. Thank you. Ref5548,ham
Just letting you know: Please bring your laptop tomorrow. Ref0328,ham
Today: Let me know when you are available. Let me know. Ref3985,ham
Hello! Limited offer! Buy now and get a huge discount. Thank you. Offer1317,spam
Important: Congratulations winner! Contact us to collect your prize. Please reply. Offer1890,spam
"Hello! Congratulations, your number has won a cash bonus. Have a good day. Offer4021",spam
Hi! Free membership available. Register today. Thanks. Offer7684,spam
Quick message: Can you send me the notes from today's class? Thank you. Ref3297,ham
Hi! Exclusive offer available only today. Claim now. Offer1795,spam
Hi! Free coupon available now. Click to redeem. Offer5702,spam
Reminder: Can you share the Wi-Fi password? Thanks. Ref4507,ham
Quick message: Exclusive winner notification. Claim your cash prize. Please reply. Offer4104,spam
Hi! See you tomorrow morning. Thank you. Ref4710,ham
"Reminder: Congratulations, your number has won a cash bonus. Thanks. Offer4306",spam
Hello! Your order has been delivered. Thanks. Ref8432,ham
Just letting you know: The meeting starts at 10 am. Thank you. Ref4932,ham
Hi! Please bring your laptop tomorrow. Let me know. Ref9328,ham
Please note: WIN CASH NOW! Reply YES to receive your reward. Let me know. Offer8172,spam
Today: Let me know when you are available. Ref4795,ham
Hello! Can you pick up some groceries on your way? Please reply. Ref4079,ham
The class has been moved to room 204. Please reply. Ref2446,ham
Reminder: Free membership available. Register today. Please reply. Offer4155,spam
Hi! Special cash offer just for you. Reply now. Thanks. Offer8689,spam
Hi! Congratulations winner! Contact us to collect your prize. Offer5755,spam
Today: Urgent reward notification. Claim before midnight. Please reply. Offer6420,spam
Reminder: Happy birthday! Have a wonderful day. Have a good day. Ref7693,ham
Just letting you know: You have won a shopping voucher. Click here now. Thanks. Offer8952,spam
Important: I have sent the documents to your email. Thank you. Ref0533,ham
Reminder: I reached safely. Please reply. Ref0232,ham
Reminder: Please submit the form before Friday. Ref5831,ham
FREE entry to win a luxury car. Reply WIN now. Have a good day. Offer6040,spam
Today: Please remind me about the meeting. Thanks. Ref2454,ham
Just letting you know: Please call me when you reach home. Have a good day. Ref4850,ham
Hi! Special cash offer just for you. Reply now. Offer4372,spam
Hello! Free coupon available now. Click to redeem. Thank you. Offer1546,spam
Important: Exclusive offer available only today. Claim now. Have a good day. Offer6973,spam
Quick message: Congratulations winner! Contact us to collect your prize. Let me know. Offer5201,spam
Claim your exclusive reward before it expires. Let me know. Offer9943,spam
Quick message: Limited offer! Buy now and get a huge discount. Thanks. Offer1538,spam
Important: Please bring your laptop tomorrow. Please reply. Ref4721,ham
Important: Can you share the Wi-Fi password? Have a good day. Ref3202,ham
Please note: You are the lucky winner of a huge cash prize. Thank you. Offer5627,spam
Reminder: Thanks for helping me yesterday. Thanks. Ref9421,ham
Act now to receive your free gift. Have a good day. Offer9752,spam
Today: Free membership available. Register today. Thanks. Offer4027,spam
Reminder: You are selected for a free prize. Confirm your details. Please reply. Offer6493,spam
Just letting you know: Free gift waiting for you. Claim your reward today. Let me know. Offer2303,spam
Reminder: Special promotion! Get 90 percent off today. Offer8251,spam
Just letting you know: You are eligible for a special bonus. Apply immediately. Thank you. Offer6443,spam
Today: Exclusive offer available only today. Claim now. Thank you. Offer1576,spam
I have sent the documents to your email. Let me know. Ref0044,ham
Important: Can you share the Wi-Fi password? Let me know. Ref2293,ham
You are eligible for a special bonus. Apply immediately. Thanks. Offer4879,spam
Just letting you know: You are the lucky winner of a huge cash prize. Let me know. Offer4838,spam
Today: I will call you after work. Ref3367,ham
Today: Can you pick up some groceries on your way? Please reply. Ref3237,ham
Hi! You have been chosen for a free vacation. Please reply. Offer1314,spam
Just letting you know: Earn money from home with our amazing opportunity. Offer8797,spam
Today: Urgent reward notification. Claim before midnight. Reply when you can. Offer4893,spam
Reminder: Congratulations! Your account has received a reward. Offer7832,spam
Important: The weather is nice today. Let me know. Ref8792,ham
Hi! You have won a guaranteed reward. Respond now. Thank you. Offer7228,spam
Just letting you know: Special cash offer just for you. Reply now. Have a good day. Offer2379,spam
Important: I am going to the market now. Thank you. Ref9134,ham
Hello! Let me know when you are available. Thank you. Ref3402,ham
Reminder: Your assignment is due tomorrow. Thanks. Ref0930,ham
Just letting you know: Please submit the form before Friday. Thank you. Ref6470,ham
Today: I reached safely. Have a good day. Ref6414,ham
Reminder: Can you share the Wi-Fi password? Reply when you can. Ref2737,ham
Please submit the form before Friday. Ref0313,ham
Hello! Congratulations! Your account has received a reward. Please reply. Offer2428,spam
Reminder: Special promotion! Get 90 percent off today. Let me know. Offer0037,spam
Hello! I am going to the market now. Thanks. Ref3807,ham
Hi! Let's have lunch together today. Have a good day. Ref4517,ham
Hello! Let's have lunch together today. Let me know. Ref8981,ham
Please note: The meeting starts at 10 am. Please reply. Ref3436,ham
Please submit the form before Friday. Thanks. Ref8713,ham
Just letting you know: Congratulations! You have won a free prize. Claim now. Offer3209,spam
Just letting you know: FREE entry to win a luxury car. Reply WIN now. Please reply. Offer0271,spam
Hello! Earn money from home with our amazing opportunity. Have a good day. Offer6455,spam
Reminder: Let me know when you are available. Reply when you can. Ref7010,ham
Hello! I am going to the market now. Reply when you can. Ref2918,ham
Please note: Win a brand new phone today. Click to claim your prize. Offer2174,spam
Hello! You are selected for a free prize. Confirm your details. Thank you. Offer7941,spam
Reminder: Exclusive offer available only today. Claim now. Thanks. Offer6153,spam
Hi! Thanks for helping me yesterday. Have a good day. Ref4724,ham
"Please note: Hey, are we still meeting at 6 pm? Have a good day. Ref9574",ham
Just letting you know: You are selected for a free prize. Confirm your details. Thank you. Offer1967,spam
Quick message: Get a special discount now! Limited time offer. Thanks. Offer7493,spam
Please note: See you tomorrow morning. Thank you. Ref4590,ham
Please note: Happy birthday! Have a wonderful day. Let me know. Ref3960,ham
Important: Special promotion! Get 90 percent off today. Offer2511,spam
Today: Are you free this evening? Ref8120,ham
Quick message: You have been chosen for a free vacation. Offer1420,spam
Reminder: Exclusive offer available only today. Claim now. Reply when you can. Offer1132,spam
Quick message: You have won a shopping voucher. Click here now. Thanks. Offer5111,spam
Important: The meeting starts at 10 am. Ref9632,ham
Special promotion! Get 90 percent off today. Thank you. Offer4352,spam
Important: Earn thousands from home. Join this opportunity now. Please reply. Offer6621,spam
Quick message: Your order has been delivered. Ref3399,ham
Just letting you know: I will call you after work. Have a good day. Ref7539,ham
Today: I will be there in ten minutes. Reply when you can. Ref1128,ham
Just letting you know: Can you pick up some groceries on your way? Let me know. Ref3816,ham
Important: See you tomorrow morning. Ref5069,ham
Important: FREE entry to win a luxury car. Reply WIN now. Offer1410,spam
Just letting you know: Win a brand new phone today. Click to claim your prize. Reply when you can. Offer4694,spam
Quick message: Congratulations winner! Contact us to collect your prize. Let me know. Offer6078,spam
Reminder: Congratulations winner! Contact us to collect your prize. Offer0864,spam
Just letting you know: Congratulations! You have won a free prize. Claim now. Thanks. Offer4649,spam
Please call me when you reach home. Thanks. Ref2798,ham
Today: I am going to the market now. Let me know. Ref3791,ham
Hello! Claim your exclusive reward before it expires. Let me know. Offer1448,spam
Just letting you know: Let me know when you are available. Reply when you can. Ref0909,ham
Important: Win a brand new phone today. Click to claim your prize. Have a good day. Offer8488,spam
Don't forget to bring your ID card. Have a good day. Ref4045,ham
Reminder: WIN CASH NOW! Reply YES to receive your reward. Thank you. Offer9959,spam
Please note: Let's have lunch together today. Please reply. Ref0278,ham
Hello! Congratulations winner! Contact us to collect your prize. Offer7958,spam
Hello! Don't forget to bring your ID card. Ref1873,ham
Today: I am going to the market now. Reply when you can. Ref8018,ham
Important: Free membership available. Register today. Thanks. Offer5309,spam
Important: Limited offer! Buy now and get a huge discount. Thank you. Offer6694,spam
Special cash offer just for you. Reply now. Let me know. Offer8779,spam
Get rich quickly with this incredible money-making offer. Please reply. Offer3083,spam
Please check the attached report. Thanks. Ref8195,ham
Earn money from home with our amazing opportunity. Have a good day. Offer2739,spam
"Quick message: Hey, are we still meeting at 6 pm? Thank you. Ref4857",ham
Reminder: Happy birthday! Have a wonderful day. Please reply. Ref0503,ham
Quick message: Free membership available. Register today. Thanks. Offer8995,spam
Just letting you know: Free coupon available now. Click to redeem. Offer9712,spam
Today: The project presentation is on Monday. Please reply. Ref4666,ham
Hello! Free gift waiting for you. Claim your reward today. Thank you. Offer1421,spam
Just letting you know: Congratulations! Your account has received a reward. Please reply. Offer9024,spam
Please note: Let me know when you are available. Have a good day. Ref3665,ham
Just letting you know: Are you free this evening? Thanks. Ref8152,ham
Hello! What time does the train arrive? Please reply. Ref8156,ham
Just letting you know: You are the lucky winner of a huge cash prize. Have a good day. Offer6068,spam
Hi! Can you share the Wi-Fi password? Please reply. Ref4882,ham
Please note: The project presentation is on Monday. Thanks. Ref8134,ham
Just letting you know: Can you send me the notes from today's class? Let me know. Ref1617,ham
Quick message: Free coupon available now. Click to redeem. Have a good day. Offer4339,spam
"Reminder: Congratulations, your number has won a cash bonus. Reply when you can. Offer9965",spam
Important: You have won a guaranteed reward. Respond now. Please reply. Offer2782,spam
Quick message: What time does the train arrive? Have a good day. Ref1673,ham
Important: Can you share the Wi-Fi password? Please reply. Ref1057,ham
"Important: Hey, are we still meeting at 6 pm? Ref7034",ham
Just letting you know: Happy birthday! Have a wonderful day. Reply when you can. Ref3539,ham
Hi! You are the lucky winner of a huge cash prize. Offer3089,spam
Reminder: Don't forget to bring your ID card. Please reply. Ref5506,ham
Important: Act now to receive your free gift. Thank you. Offer8715,spam
Please note: FREE entry to win a luxury car. Reply WIN now. Thank you. Offer6775,spam
Hi! Are you free this evening? Please reply. Ref4235,ham
Today: I am going to the market now. Have a good day. Ref8988,ham
Just letting you know: The weather is nice today. Thanks. Ref0682,ham
Please note: The project presentation is on Monday. Thank you. Ref5376,ham
Just letting you know: I have sent the documents to your email. Have a good day. Ref1022,ham
Hello! You have won a shopping voucher. Click here now. Please reply. Offer0778,spam
Important: Please remind me about the meeting. Thank you. Ref7964,ham
Hello! The project presentation is on Monday. Reply when you can. Ref8374,ham
Important: What time does the train arrive? Thanks. Ref7401,ham
Quick message: What time does the train arrive? Thanks. Ref4779,ham
Today: Please call me when you reach home. Reply when you can. Ref9039,ham
Hello! I reached safely. Please reply. Ref2839,ham
Just letting you know: Can you share the Wi-Fi password? Let me know. Ref8730,ham
Reminder: Free coupon available now. Click to redeem. Thank you. Offer4875,spam
"Please note: Congratulations, your number has won a cash bonus. Reply when you can. Offer7633",spam
Today: Claim your exclusive reward before it expires. Have a good day. Offer2489,spam
Just letting you know: Please bring your laptop tomorrow. Let me know. Ref1364,ham
Please note: What time does the train arrive? Please reply. Ref7556,ham
Important: Can we reschedule our appointment? Please reply. Ref7631,ham
Reminder: The meeting starts at 10 am. Thanks. Ref7703,ham
Today: The class has been moved to room 204. Ref3167,ham
Hello! Amazing deal! Get your bonus before the offer ends. Let me know. Offer7423,spam
Important: Please bring your laptop tomorrow. Ref4343,ham
Please check the attached report. Please reply. Ref6852,ham
Just letting you know: Act now to receive your free gift. Thank you. Offer2760,spam
Reminder: You have won a guaranteed reward. Respond now. Offer9403,spam
Important: Urgent reward notification. Claim before midnight. Thank you. Offer5662,spam
Hello! Earn thousands from home. Join this opportunity now. Offer6101,spam
Today: I have sent the documents to your email. Thank you. Ref9893,ham
Hi! Please remind me about the meeting. Ref2345,ham
Reminder: I have sent the documents to your email. Thank you. Ref6927,ham
Just letting you know: Can we reschedule our appointment? Reply when you can. Ref5648,ham
Hi! See you tomorrow morning. Have a good day. Ref1815,ham
Hi! Act now to receive your free gift. Let me know. Offer3263,spam
Please note: Win a brand new phone today. Click to claim your prize. Offer0033,spam
Just letting you know: Limited offer! Buy now and get a huge discount. Let me know. Offer5432,spam
Quick message: Thanks for helping me yesterday. Thanks. Ref8934,ham
Just letting you know: The class has been moved to room 204. Ref4936,ham
Quick message: Exclusive offer available only today. Claim now. Please reply. Offer0970,spam
Hi! Can you pick up some groceries on your way? Let me know. Ref3818,ham
Important: I am waiting outside the office. Thank you. Ref9040,ham
Hello! I am going to the market now. Let me know. Ref8430,ham
Hello! I have sent the documents to your email. Please reply. Ref9266,ham
Just letting you know: Get rich quickly with this incredible money-making offer. Offer1545,spam
Important: Please remind me about the meeting. Thanks. Ref2075,ham
Quick message: Let me know when you are available. Please reply. Ref3307,ham
Happy birthday! Have a wonderful day. Ref6330,ham
Hi! Congratulations! Your account has received a reward. Reply when you can. Offer9052,spam
Important: You have been chosen for a free vacation. Please reply. Offer8736,spam
Can you share the Wi-Fi password? Let me know. Ref3400,ham
Just letting you know: Get a special discount now! Limited time offer. Thanks. Offer6422,spam
Please note: Urgent reward notification. Claim before midnight. Have a good day. Offer7305,spam
Hello! FREE entry to win a luxury car. Reply WIN now. Reply when you can. Offer2290,spam
Important: Can you pick up some groceries on your way? Thank you. Ref1239,ham
Quick message: The meeting starts at 10 am. Ref6090,ham
Please note: Exclusive winner notification. Claim your cash prize. Thank you. Offer2673,spam
Important: I reached safely. Thank you. Ref2907,ham
Quick message: You are selected for a free prize. Confirm your details. Thank you. Offer2610,spam
Please note: You have been chosen for a free vacation. Thanks. Offer5046,spam
Quick message: Can you pick up some groceries on your way? Reply when you can. Ref9683,ham
Hi! Free coupon available now. Click to redeem. Let me know. Offer9204,spam
Hello! See you tomorrow morning. Please reply. Ref3493,ham
Important: The class has been moved to room 204. Have a good day. Ref0134,ham
Hello! Urgent reward notification. Claim before midnight. Offer1601,spam
Just letting you know: I am waiting outside the office. Reply when you can. Ref4324,ham
Please note: Amazing deal! Get your bonus before the offer ends. Let me know. Offer0680,spam
Please note: Claim your exclusive reward before it expires. Offer3468,spam
Important: Free membership available. Register today. Thank you. Offer6976,spam
Just letting you know: Please call me when you reach home. Let me know. Ref6254,ham
Today: Your order has been delivered. Thank you. Ref7424,ham
Reminder: The meeting starts at 10 am. Reply when you can. Ref0578,ham
Please note: Can you pick up some groceries on your way? Reply when you can. Ref7642,ham
Hello! Happy birthday! Have a wonderful day. Please reply. Ref2212,ham
Important: Earn thousands from home. Join this opportunity now. Let me know. Offer8798,spam
You have won a shopping voucher. Click here now. Thank you. Offer7074,spam
Hi! I have sent the documents to your email. Have a good day. Ref0874,ham
Your order has been delivered. Please reply. Ref6030,ham
Just letting you know: I reached safely. Let me know. Ref0575,ham
Just letting you know: What time does the train arrive? Ref8813,ham
You are eligible for a special bonus. Apply immediately. Have a good day. Offer1862,spam
Please note: Let's have lunch together today. Thanks. Ref3523,ham
Hello! Special cash offer just for you. Reply now. Please reply. Offer9229,spam
Hello! Amazing deal! Get your bonus before the offer ends. Let me know. Offer2874,spam
Important: You have won a shopping voucher. Click here now. Reply when you can. Offer5380,spam
Important: Free coupon available now. Click to redeem. Let me know. Offer5577,spam
Hello! Let me know when you are available. Have a good day. Ref2422,ham
Hi! You have been chosen for a free vacation. Please reply. Offer5188,spam
Hi! You are selected for a free prize. Confirm your details. Reply when you can. Offer7430,spam
Reminder: What time does the train arrive? Thank you. Ref7068,ham
Reminder: Amazing deal! Get your bonus before the offer ends. Reply when you can. Offer6384,spam
Just letting you know: Let's have lunch together today. Reply when you can. Ref3001,ham
Hi! Free membership available. Register today. Please reply. Offer1273,spam
Hi! Free coupon available now. Click to redeem. Thank you. Offer1519,spam
Hi! You are selected for a free prize. Confirm your details. Thanks. Offer1030,spam
Hello! Can you pick up some groceries on your way? Ref1995,ham
Hello! Act now to receive your free gift. Have a good day. Offer8358,spam
Today: Please submit the form before Friday. Thank you. Ref5972,ham
Hi! Please bring your laptop tomorrow. Please reply. Ref1931,ham
You have been chosen for a free vacation. Have a good day. Offer2239,spam
Today: Claim your exclusive reward before it expires. Offer7921,spam
Just letting you know: Congratulations! Your account has received a reward. Reply when you can. Offer5844,spam
Get a special discount now! Limited time offer. Let me know. Offer2941,spam
Important: You have won a shopping voucher. Click here now. Thanks. Offer6223,spam
Hello! Congratulations! Your account has received a reward. Thanks. Offer3628,spam
Please note: Win a brand new phone today. Click to claim your prize. Thanks. Offer7973,spam
Quick message: Can we reschedule our appointment? Thank you. Ref5690,ham
Just letting you know: I have sent the documents to your email. Thanks. Ref6974,ham
Hello! You have won a shopping voucher. Click here now. Offer6235,spam
Hi! I have sent the documents to your email. Please reply. Ref1224,ham
Reminder: Can you send me the notes from today's class? Let me know. Ref9923,ham
"Just letting you know: Hey, are we still meeting at 6 pm? Please reply. Ref5201",ham
Important: Free coupon available now. Click to redeem. Have a good day. Offer7217,spam
Hello! Urgent reward notification. Claim before midnight. Thank you. Offer2836,spam
Quick message: I have sent the documents to your email. Let me know. Ref8366,ham
Reminder: URGENT! You have been selected for a cash reward. Call now. Have a good day. Offer5643,spam
"Hi! Hey, are we still meeting at 6 pm? Please reply. Ref9943",ham
Earn money from home with our amazing opportunity. Thanks. Offer8718,spam
Important: You are the lucky winner of a huge cash prize. Let me know. Offer0160,spam
Reminder: What time does the train arrive? Thank you. Ref5575,ham
Important: Amazing deal! Get your bonus before the offer ends. Have a good day. Offer2186,spam
Hi! Please call me when you reach home. Ref5943,ham
Amazing deal! Get your bonus before the offer ends. Reply when you can. Offer8859,spam
Quick message: Are you free this evening? Let me know. Ref3579,ham
Important: Urgent reward notification. Claim before midnight. Offer1125,spam
Just letting you know: Can we reschedule our appointment? Thank you. Ref0308,ham
Reminder: Congratulations! Your account has received a reward. Offer9584,spam
Please note: Free membership available. Register today. Have a good day. Offer9207,spam
Important: Are you free this evening? Let me know. Ref1303,ham
Hello! Please submit the form before Friday. Reply when you can. Ref4290,ham
"Hello! Congratulations, your number has won a cash bonus. Offer6217",spam
Reminder: I will be there in ten minutes. Thanks. Ref9894,ham
Reminder: Claim your exclusive reward before it expires. Please reply. Offer7134,spam
Quick message: I am going to the market now. Have a good day. Ref1471,ham
You have been chosen for a free vacation. Please reply. Offer2008,spam
Please bring your laptop tomorrow. Have a good day. Ref3575,ham
Today: Exclusive offer available only today. Claim now. Please reply. Offer2936,spam
Quick message: Earn thousands from home. Join this opportunity now. Please reply. Offer5220,spam
Important: Thanks for helping me yesterday. Let me know. Ref9004,ham
What time does the train arrive? Please reply. Ref0918,ham
Hi! I have sent the documents to your email. Reply when you can. Ref6886,ham
Important: Special cash offer just for you. Reply now. Have a good day. Offer4850,spam
You have been chosen for a free vacation. Thanks. Offer9198,spam
Win a brand new phone today. Click to claim your prize. Reply when you can. Offer1697,spam
Important: The project presentation is on Monday. Reply when you can. Ref6008,ham
Can you send me the notes from today's class? Ref7395,ham
Reminder: Thanks for helping me yesterday. Thanks. Ref4302,ham
Today: Please check the attached report. Reply when you can. Ref7630,ham
Today: I have sent the documents to your email. Let me know. Ref1044,ham
Just letting you know: Free coupon available now. Click to redeem. Thank you. Offer3832,spam
Are you free this evening? Have a good day. Ref5821,ham
Important: You have won a shopping voucher. Click here now. Let me know. Offer0967,spam
Hi! See you tomorrow morning. Please reply. Ref7200,ham
Hello! You have been chosen for a free vacation. Reply when you can. Offer6814,spam
Hello! Please submit the form before Friday. Please reply. Ref8147,ham
Hello! Free coupon available now. Click to redeem. Have a good day. Offer0334,spam
Hello! Special cash offer just for you. Reply now. Have a good day. Offer8165,spam
"Hi! Congratulations, your number has won a cash bonus. Please reply. Offer3006",spam
Reminder: You have won a shopping voucher. Click here now. Thank you. Offer4375,spam
Hi! Act now to receive your free gift. Thanks. Offer5291,spam
Today: You have been chosen for a free vacation. Offer8058,spam
Hi! You are the lucky winner of a huge cash prize. Thank you. Offer9362,spam
Just letting you know: The class has been moved to room 204. Let me know. Ref8073,ham
Just letting you know: What time does the train arrive? Let me know. Ref5215,ham
Reminder: Congratulations! You have won a free prize. Claim now. Have a good day. Offer6237,spam
Just letting you know: The project presentation is on Monday. Please reply. Ref6756,ham
Reminder: Earn money from home with our amazing opportunity. Please reply. Offer0350,spam
Hi! Urgent reward notification. Claim before midnight. Thanks. Offer5174,spam
Today: Can you share the Wi-Fi password? Thanks. Ref9821,ham
Just letting you know: Free membership available. Register today. Have a good day. Offer8464,spam
Reminder: Claim your exclusive reward before it expires. Thank you. Offer0587,spam
Hi! Urgent reward notification. Claim before midnight. Thank you. Offer3080,spam
Hello! Please remind me about the meeting. Reply when you can. Ref6767,ham
Just letting you know: Congratulations! You have won a free prize. Claim now. Thanks. Offer0754,spam
Please note: I am going to the market now. Thank you. Ref7985,ham
Quick message: I will be there in ten minutes. Let me know. Ref9958,ham
Reminder: Congratulations! You have won a free prize. Claim now. Have a good day. Offer9772,spam
Exclusive offer available only today. Claim now. Let me know. Offer5015,spam
Hi! Please check the attached report. Please reply. Ref1446,ham
Reminder: Please remind me about the meeting. Ref6245,ham
Important: Your order has been delivered. Please reply. Ref0346,ham
Reminder: Please call me when you reach home. Reply when you can. Ref9743,ham
Hello! Please check the attached report. Have a good day. Ref7874,ham
Hi! Earn money from home with our amazing opportunity. Let me know. Offer8026,spam
Thanks for helping me yesterday. Thanks. Ref4075,ham
Hello! What time does the train arrive? Have a good day. Ref5600,ham
Reminder: Can you share the Wi-Fi password? Have a good day. Ref0773,ham
Today: I have sent the documents to your email. Let me know. Ref4766,ham
Just letting you know: Claim your exclusive reward before it expires. Thanks. Offer4992,spam
Hello! The class has been moved to room 204. Please reply. Ref0620,ham
Important: Free gift waiting for you. Claim your reward today. Offer8741,spam
Hello! Get a special discount now! Limited time offer. Offer6639,spam
Just letting you know: Are you free this evening? Ref9311,ham
Free coupon available now. Click to redeem. Let me know. Offer8260,spam
Reminder: Get a special discount now! Limited time offer. Offer3064,spam
Today: Your assignment is due tomorrow. Let me know. Ref7521,ham
Hi! Free membership available. Register today. Offer7638,spam
Please note: Please submit the form before Friday. Ref2135,ham
Important: The weather is nice today. Thanks. Ref4146,ham
Just letting you know: Win a brand new phone today. Click to claim your prize. Please reply. Offer7445,spam
Just letting you know: The project presentation is on Monday. Reply when you can. Ref6363,ham
Win a brand new phone today. Click to claim your prize. Offer5951,spam
Hi! Act now to receive your free gift. Let me know. Offer6723,spam
Important: The weather is nice today. Please reply. Ref2916,ham
Just letting you know: Please bring your laptop tomorrow. Reply when you can. Ref7465,ham
Just letting you know: Free coupon available now. Click to redeem. Have a good day. Offer2228,spam
Reminder: Exclusive offer available only today. Claim now. Offer4692,spam
Hello! Happy birthday! Have a wonderful day. Thank you. Ref0929,ham
Reminder: Get rich quickly with this incredible money-making offer. Let me know. Offer3285,spam
Hello! Congratulations! You have won a free prize. Claim now. Thanks. Offer9934,spam
Hello! Earn money from home with our amazing opportunity. Thank you. Offer8793,spam
See you tomorrow morning. Let me know. Ref1733,ham
Hi! I am going to the market now. Thank you. Ref3761,ham
Hi! Amazing deal! Get your bonus before the offer ends. Thanks. Offer6320,spam
"Hello! Hey, are we still meeting at 6 pm? Thank you. Ref1912",ham
Hi! I will call you after work. Reply when you can. Ref6839,ham
Today: The project presentation is on Monday. Have a good day. Ref1947,ham
Hello! The project presentation is on Monday. Ref2384,ham
Today: You have won a guaranteed reward. Respond now. Have a good day. Offer6586,spam
Important: Earn money from home with our amazing opportunity. Have a good day. Offer0307,spam
Quick message: Let's have lunch together today. Thank you. Ref8139,ham
Hello! I am waiting outside the office. Thank you. Ref0543,ham
Important: I am waiting outside the office. Let me know. Ref1732,ham
Reminder: Please call me when you reach home. Ref6231,ham
Today: Congratulations! Your account has received a reward. Offer8915,spam
The class has been moved to room 204. Please reply. Ref6479,ham
Hello! Free coupon available now. Click to redeem. Thanks. Offer2540,spam
Hello! Claim your exclusive reward before it expires. Let me know. Offer7494,spam
"Quick message: Hey, are we still meeting at 6 pm? Reply when you can. Ref8180",ham
Please note: You have won a shopping voucher. Click here now. Please reply. Offer1761,spam
Today: You have been chosen for a free vacation. Have a good day. Offer1952,spam
Quick message: Please call me when you reach home. Thanks. Ref7681,ham
Today: I am waiting outside the office. Let me know. Ref8185,ham
Please note: URGENT! You have been selected for a cash reward. Call now. Reply when you can. Offer4024,spam
Just letting you know: Act now to receive your free gift. Have a good day. Offer9137,spam
Can you send me the notes from today's class? Reply when you can. Ref6175,ham
Hi! I am going to the market now. Reply when you can. Ref6443,ham
"Hi! Hey, are we still meeting at 6 pm? Thanks. Ref6219",ham
Reminder: The class has been moved to room 204. Reply when you can. Ref4918,ham
Please note: Are you free this evening? Thanks. Ref3370,ham
Congratulations! You have won a free prize. Claim now. Thanks. Offer4495,spam
Just letting you know: Exclusive offer available only today. Claim now. Offer5622,spam
"Quick message: Hey, are we still meeting at 6 pm? Let me know. Ref0421",ham
Just letting you know: Can you send me the notes from today's class? Thanks. Ref3747,ham
Please note: Special cash offer just for you. Reply now. Offer4147,spam
Hello! Claim your exclusive reward before it expires. Please reply. Offer1298,spam
Reminder: Free gift waiting for you. Claim your reward today. Offer7903,spam
Hello! You have been chosen for a free vacation. Have a good day. Offer8640,spam
Just letting you know: See you tomorrow morning. Ref0315,ham
Quick message: I will call you after work. Thank you. Ref6584,ham
Important: URGENT! You have been selected for a cash reward. Call now. Reply when you can. Offer5895,spam
Please note: Please check the attached report. Thanks. Ref9984,ham
Hi! Exclusive offer available only today. Claim now. Offer5069,spam
FREE entry to win a luxury car. Reply WIN now. Please reply. Offer1020,spam
Quick message: Exclusive winner notification. Claim your cash prize. Let me know. Offer4867,spam
Are you free this evening? Thanks. Ref5665,ham
Important: You are selected for a free prize. Confirm your details. Thanks. Offer5118,spam
Free coupon available now. Click to redeem. Please reply. Offer9951,spam
Hello! I have sent the documents to your email. Reply when you can. Ref4763,ham
Hi! Limited offer! Buy now and get a huge discount. Offer2451,spam
Hello! You have been chosen for a free vacation. Let me know. Offer4709,spam
Please note: Earn money from home with our amazing opportunity. Reply when you can. Offer5177,spam
Today: Can you pick up some groceries on your way? Ref7523,ham
Hello! Act now to receive your free gift. Thank you. Offer3186,spam
Quick message: Can you send me the notes from today's class? Please reply. Ref6741,ham
Special promotion! Get 90 percent off today. Thank you. Offer9836,spam
Reminder: I have sent the documents to your email. Let me know. Ref1803,ham
Just letting you know: I have sent the documents to your email. Please reply. Ref2078,ham
Reminder: Can you send me the notes from today's class? Ref5144,ham
Today: Can you pick up some groceries on your way? Reply when you can. Ref1628,ham
Please note: Let me know when you are available. Please reply. Ref0990,ham
Reminder: You have been chosen for a free vacation. Please reply. Offer5360,spam
Reminder: Free coupon available now. Click to redeem. Reply when you can. Offer9140,spam
Quick message: I have sent the documents to your email. Thank you. Ref9761,ham
Quick message: You have won a guaranteed reward. Respond now. Offer9478,spam
Hi! You have won a shopping voucher. Click here now. Thank you. Offer0326,spam
Hi! Get rich quickly with this incredible money-making offer. Let me know. Offer6916,spam
Reminder: The project presentation is on Monday. Thanks. Ref8972,ham
Special cash offer just for you. Reply now. Offer9610,spam
Quick message: You have won a shopping voucher. Click here now. Please reply. Offer0979,spam
Can you share the Wi-Fi password? Ref8343,ham
Important: I will call you after work. Let me know. Ref6023,ham
Just letting you know: Can you share the Wi-Fi password? Please reply. Ref4166,ham
Just letting you know: Can you pick up some groceries on your way? Please reply. Ref5389,ham
Please note: The weather is nice today. Please reply. Ref4626,ham
Hi! What time does the train arrive? Ref4080,ham
Please note: Get rich quickly with this incredible money-making offer. Let me know. Offer7168,spam
Reminder: Earn money from home with our amazing opportunity. Please reply. Offer9426,spam
Please note: Free gift waiting for you. Claim your reward today. Offer6503,spam
Reminder: Congratulations winner! Contact us to collect your prize. Please reply. Offer2559,spam
Important: You are selected for a free prize. Confirm your details. Have a good day. Offer6008,spam
Win a brand new phone today. Click to claim your prize. Thanks. Offer7207,spam
Today: You are eligible for a special bonus. Apply immediately. Thanks. Offer0470,spam
Hi! Please call me when you reach home. Reply when you can. Ref0567,ham
Quick message: Special promotion! Get 90 percent off today. Please reply. Offer0559,spam
Just letting you know: I am waiting outside the office. Thanks. Ref2961,ham
Quick message: Claim your exclusive reward before it expires. Reply when you can. Offer3730,spam
Reminder: Free coupon available now. Click to redeem. Please reply. Offer7693,spam
Today: Your assignment is due tomorrow. Let me know. Ref4062,ham
Important: Please remind me about the meeting. Let me know. Ref3396,ham
Hello! I am going to the market now. Ref9127,ham
Hi! Your assignment is due tomorrow. Thanks. Ref8465,ham
Hi! You are the lucky winner of a huge cash prize. Thanks. Offer6219,spam
Hi! I reached safely. Please reply. Ref6922,ham
Quick message: Let's have lunch together today. Let me know. Ref7366,ham
Just letting you know: The project presentation is on Monday. Thanks. Ref4275,ham
Important: You are eligible for a special bonus. Apply immediately. Offer6096,spam
Important: Free coupon available now. Click to redeem. Please reply. Offer8183,spam
Important: The class has been moved to room 204. Please reply. Ref6387,ham
Important: WIN CASH NOW! Reply YES to receive your reward. Please reply. Offer6386,spam
Just letting you know: Earn thousands from home. Join this opportunity now. Please reply. Offer8187,spam
Urgent reward notification. Claim before midnight. Thanks. Offer9280,spam
Get rich quickly with this incredible money-making offer. Let me know. Offer6137,spam
Please note: Earn thousands from home. Join this opportunity now. Thanks. Offer3524,spam
Reminder: Let me know when you are available. Thank you. Ref1268,ham
You are eligible for a special bonus. Apply immediately. Offer9127,spam
Today: Free membership available. Register today. Please reply. Offer5852,spam
Important: Exclusive winner notification. Claim your cash prize. Offer9393,spam
Hello! Win a brand new phone today. Click to claim your prize. Thanks. Offer7129,spam
Important: Congratulations winner! Contact us to collect your prize. Reply when you can. Offer4856,spam
URGENT! You have been selected for a cash reward. Call now. Thanks. Offer8079,spam
Special cash offer just for you. Reply now. Let me know. Offer0513,spam
Please note: FREE entry to win a luxury car. Reply WIN now. Please reply. Offer1169,spam
Quick message: Free gift waiting for you. Claim your reward today. Please reply. Offer8373,spam
Reminder: You are eligible for a special bonus. Apply immediately. Let me know. Offer9205,spam
Important: Amazing deal! Get your bonus before the offer ends. Thank you. Offer1619,spam
Hello! Your assignment is due tomorrow. Let me know. Ref1861,ham
Hello! Can you share the Wi-Fi password? Thanks. Ref4393,ham
Reminder: URGENT! You have been selected for a cash reward. Call now. Thank you. Offer4857,spam
Today: You are selected for a free prize. Confirm your details. Thanks. Offer9511,spam
Please note: Happy birthday! Have a wonderful day. Thank you. Ref9094,ham
Important: Free gift waiting for you. Claim your reward today. Thank you. Offer8145,spam
Please note: Can we reschedule our appointment? Please reply. Ref6013,ham
Hi! Congratulations! Your account has received a reward. Let me know. Offer4771,spam
Today: Congratulations! You have won a free prize. Claim now. Thanks. Offer9364,spam
Just letting you know: I am waiting outside the office. Ref5866,ham
Hi! Let me know when you are available. Reply when you can. Ref5254,ham
Important: Free membership available. Register today. Thanks. Offer4665,spam
Today: Act now to receive your free gift. Reply when you can. Offer9729,spam
Hello! WIN CASH NOW! Reply YES to receive your reward. Have a good day. Offer0007,spam
Important: Your order has been delivered. Thanks. Ref5623,ham
Reminder: I will call you after work. Reply when you can. Ref8122,ham
Reminder: You have been chosen for a free vacation. Reply when you can. Offer2287,spam
Important: Earn thousands from home. Join this opportunity now. Thank you. Offer6161,spam
Please note: I will call you after work. Reply when you can. Ref1676,ham
Hello! Free gift waiting for you. Claim your reward today. Reply when you can. Offer0777,spam
Reminder: Act now to receive your free gift. Offer2226,spam
Hi! Claim your exclusive reward before it expires. Reply when you can. Offer9081,spam
Congratulations! You have won a free prize. Claim now. Have a good day. Offer6375,spam
Can you share the Wi-Fi password? Thanks. Ref9208,ham
Today: Your order has been delivered. Thanks. Ref8651,ham
Quick message: Can you share the Wi-Fi password? Thanks. Ref1589,ham
Important: Please bring your laptop tomorrow. Please reply. Ref3597,ham
Today: What time does the train arrive? Ref8683,ham
"Important: Congratulations, your number has won a cash bonus. Thanks. Offer6372",spam
Important: Your assignment is due tomorrow. Thanks. Ref0070,ham
Reminder: Special cash offer just for you. Reply now. Please reply. Offer7529,spam
Hi! Please call me when you reach home. Have a good day. Ref9274,ham
Hi! Can you pick up some groceries on your way? Please reply. Ref3336,ham
"Congratulations, your number has won a cash bonus. Thank you. Offer2036",spam
Important: Can you send me the notes from today's class? Ref4549,ham
Today: Special cash offer just for you. Reply now. Reply when you can. Offer8101,spam
Hi! Exclusive offer available only today. Claim now. Thanks. Offer1639,spam
Reminder: Can we reschedule our appointment? Have a good day. Ref7793,ham
Hi! Earn money from home with our amazing opportunity. Please reply. Offer8958,spam
Reminder: I will call you after work. Have a good day. Ref4960,ham
"Just letting you know: Congratulations, your number has won a cash bonus. Reply when you can. Offer6092",spam
Please note: Act now to receive your free gift. Please reply. Offer1617,spam
Hello! WIN CASH NOW! Reply YES to receive your reward. Offer0575,spam
Hello! Congratulations! Your account has received a reward. Thank you. Offer3546,spam
Hello! Limited offer! Buy now and get a huge discount. Please reply. Offer8744,spam
Please call me when you reach home. Let me know. Ref1206,ham
Important: The meeting starts at 10 am. Ref0709,ham
Please note: I will call you after work. Thank you. Ref3894,ham
Reminder: Let's have lunch together today. Thanks. Ref1677,ham
Quick message: Your assignment is due tomorrow. Have a good day. Ref9915,ham
See you tomorrow morning. Ref4178,ham
Today: Win a brand new phone today. Click to claim your prize. Thank you. Offer1072,spam
Today: I have sent the documents to your email. Ref7863,ham
Hi! Can you pick up some groceries on your way? Thanks. Ref5631,ham
Important: Congratulations winner! Contact us to collect your prize. Let me know. Offer8703,spam
Hello! I have sent the documents to your email. Thank you. Ref7495,ham
Quick message: I have sent the documents to your email. Thanks. Ref5936,ham
Just letting you know: I am waiting outside the office. Ref1553,ham
Important: You have been chosen for a free vacation. Offer2886,spam
Quick message: I will be there in ten minutes. Reply when you can. Ref8660,ham
Hi! Please bring your laptop tomorrow. Ref1999,ham
Quick message: URGENT! You have been selected for a cash reward. Call now. Reply when you can. Offer6745,spam
"Important: Hey, are we still meeting at 6 pm? Let me know. Ref5218",ham
Today: Don't forget to bring your ID card. Ref4145,ham
Please note: I will be there in ten minutes. Reply when you can. Ref8975,ham
Important: Special promotion! Get 90 percent off today. Offer8804,spam
Just letting you know: Congratulations! Your account has received a reward. Please reply. Offer0043,spam
Important: Congratulations! Your account has received a reward. Thanks. Offer8366,spam
Today: FREE entry to win a luxury car. Reply WIN now. Offer8468,spam
Please note: Free gift waiting for you. Claim your reward today. Reply when you can. Offer0800,spam
Hello! Act now to receive your free gift. Let me know. Offer7525,spam
Hello! Can you send me the notes from today's class? Ref9766,ham
Today: Exclusive offer available only today. Claim now. Offer4727,spam
Hello! Exclusive offer available only today. Claim now. Please reply. Offer4844,spam
Today: Earn thousands from home. Join this opportunity now. Let me know. Offer1883,spam
Reminder: Earn thousands from home. Join this opportunity now. Reply when you can. Offer8430,spam
Just letting you know: I will call you after work. Please reply. Ref2140,ham
Just letting you know: You are selected for a free prize. Confirm your details. Offer8548,spam
"Please note: Hey, are we still meeting at 6 pm? Ref5630",ham
Reminder: Congratulations winner! Contact us to collect your prize. Thanks. Offer7787,spam
Important: Congratulations! You have won a free prize. Claim now. Thank you. Offer1166,spam
Reminder: I will be there in ten minutes. Let me know. Ref6788,ham
Today: Please remind me about the meeting. Thanks. Ref0855,ham
Important: I have sent the documents to your email. Ref7142,ham
Hi! I will call you after work. Thank you. Ref5709,ham
Quick message: Get a special discount now! Limited time offer. Reply when you can. Offer2642,spam
"Quick message: Hey, are we still meeting at 6 pm? Ref7968",ham
Hi! Don't forget to bring your ID card. Reply when you can. Ref0083,ham
Reminder: URGENT! You have been selected for a cash reward. Call now. Reply when you can. Offer3340,spam
Quick message: Your assignment is due tomorrow. Thanks. Ref2982,ham
Please note: Exclusive winner notification. Claim your cash prize. Thanks. Offer7532,spam
Hello! Amazing deal! Get your bonus before the offer ends. Please reply. Offer5238,spam
Important: Can we reschedule our appointment? Thanks. Ref0244,ham
Hi! You are selected for a free prize. Confirm your details. Reply when you can. Offer9847,spam
Today: You have won a guaranteed reward. Respond now. Let me know. Offer9028,spam
Important: FREE entry to win a luxury car. Reply WIN now. Have a good day. Offer9036,spam
Important: You are eligible for a special bonus. Apply immediately. Reply when you can. Offer1252,spam
Your assignment is due tomorrow. Reply when you can. Ref2978,ham
The meeting starts at 10 am. Thank you. Ref7143,ham
Hi! URGENT! You have been selected for a cash reward. Call now. Please reply. Offer8186,spam
Reminder: I am going to the market now. Have a good day. Ref4286,ham
Hello! Your assignment is due tomorrow. Let me know. Ref6308,ham
Congratulations! You have won a free prize. Claim now. Let me know. Offer3170,spam
Hello! Free gift waiting for you. Claim your reward today. Thanks. Offer4429,spam
Please note: Earn thousands from home. Join this opportunity now. Have a good day. Offer2010,spam
Today: Free coupon available now. Click to redeem. Please reply. Offer1315,spam
Quick message: Free gift waiting for you. Claim your reward today. Please reply. Offer7882,spam
Quick message: Free membership available. Register today. Thank you. Offer1544,spam
Today: Urgent reward notification. Claim before midnight. Thanks. Offer2506,spam
Today: See you tomorrow morning. Ref8228,ham
Hi! Special promotion! Get 90 percent off today. Please reply. Offer1272,spam
Just letting you know: You have won a shopping voucher. Click here now. Offer1856,spam
Quick message: Urgent reward notification. Claim before midnight. Let me know. Offer6034,spam
Reminder: I have sent the documents to your email. Have a good day. Ref5172,ham
Today: Please bring your laptop tomorrow. Please reply. Ref7726,ham
You are selected for a free prize. Confirm your details. Thank you. Offer1375,spam
Today: I am going to the market now. Thanks. Ref1854,ham
Reminder: FREE entry to win a luxury car. Reply WIN now. Thank you. Offer5120,spam
Hello! The class has been moved to room 204. Thanks. Ref6039,ham
Just letting you know: Free membership available. Register today. Thank you. Offer3387,spam
Important: Claim your exclusive reward before it expires. Thanks. Offer2398,spam
Today: You have been chosen for a free vacation. Thanks. Offer6872,spam
Congratulations winner! Contact us to collect your prize. Thanks. Offer0091,spam
Quick message: The weather is nice today. Thank you. Ref8942,ham
Please note: Can we reschedule our appointment? Thanks. Ref3192,ham
Quick message: Urgent reward notification. Claim before midnight. Please reply. Offer2330,spam
FREE entry to win a luxury car. Reply WIN now. Let me know. Offer7033,spam
Hello! Urgent reward notification. Claim before midnight. Thanks. Offer1608,spam
Hello! Your assignment is due tomorrow. Thanks. Ref2845,ham
Hello! See you tomorrow morning. Ref6028,ham
Please note: URGENT! You have been selected for a cash reward. Call now. Let me know. Offer5740,spam
Reminder: Your order has been delivered. Thank you. Ref5242,ham
Hello! Happy birthday! Have a wonderful day. Please reply. Ref8826,ham
Reminder: Please submit the form before Friday. Let me know. Ref0569,ham
Important: Let's have lunch together today. Ref3205,ham
Hello! Urgent reward notification. Claim before midnight. Reply when you can. Offer8599,spam
Hello! Claim your exclusive reward before it expires. Have a good day. Offer8986,spam
Just letting you know: Free coupon available now. Click to redeem. Let me know. Offer1194,spam
Important: Free membership available. Register today. Please reply. Offer4511,spam
Reminder: Please remind me about the meeting. Thanks. Ref2544,ham
Just letting you know: You have been chosen for a free vacation. Please reply. Offer8050,spam
Hello! See you tomorrow morning. Ref3497,ham
Free membership available. Register today. Offer7124,spam
Hi! You have been chosen for a free vacation. Offer1599,spam
Just letting you know: The project presentation is on Monday. Thanks. Ref4463,ham
Today: Please submit the form before Friday. Please reply. Ref6507,ham
Exclusive winner notification. Claim your cash prize. Thanks. Offer4343,spam
Hello! Win a brand new phone today. Click to claim your prize. Please reply. Offer4753,spam
Please note: Act now to receive your free gift. Please reply. Offer7432,spam
Please note: I am waiting outside the office. Thank you. Ref6911,ham
"Hi! Hey, are we still meeting at 6 pm? Thank you. Ref9875",ham
Please note: Get a special discount now! Limited time offer. Thank you. Offer1209,spam
Today: Free gift waiting for you. Claim your reward today. Thanks. Offer8923,spam
Hello! Congratulations! You have won a free prize. Claim now. Let me know. Offer9119,spam
Today: Exclusive offer available only today. Claim now. Have a good day. Offer2367,spam
Important: Free coupon available now. Click to redeem. Reply when you can. Offer6144,spam
Please note: Please call me when you reach home. Ref4933,ham
Are you free this evening? Reply when you can. Ref1830,ham
Congratulations! You have won a free prize. Claim now. Please reply. Offer9978,spam
Hello! Free gift waiting for you. Claim your reward today. Offer7459,spam
Hi! Exclusive winner notification. Claim your cash prize. Please reply. Offer2096,spam
Quick message: Please check the attached report. Ref9982,ham
Reminder: Can we reschedule our appointment? Please reply. Ref0139,ham
Urgent reward notification. Claim before midnight. Reply when you can. Offer0919,spam
Important: See you tomorrow morning. Let me know. Ref0449,ham
Hi! I am waiting outside the office. Thanks. Ref6648,ham
Today: I am waiting outside the office. Ref9302,ham
Important: Exclusive offer available only today. Claim now. Thanks. Offer1431,spam
Just letting you know: Please call me when you reach home. Thanks. Ref6647,ham
Please note: Please call me when you reach home. Let me know. Ref9257,ham
Important: The project presentation is on Monday. Have a good day. Ref7927,ham
Please bring your laptop tomorrow. Thanks. Ref5496,ham
Hi! Urgent reward notification. Claim before midnight. Offer2147,spam
Hi! Congratulations! Your account has received a reward. Let me know. Offer5888,spam
Hello! Exclusive offer available only today. Claim now. Let me know. Offer3760,spam
Important: URGENT! You have been selected for a cash reward. Call now. Offer1980,spam
Hi! I will be there in ten minutes. Thank you. Ref4797,ham
"Please note: Congratulations, your number has won a cash bonus. Thanks. Offer1334",spam
Please note: See you tomorrow morning. Please reply. Ref2410,ham
Please note: Your assignment is due tomorrow. Thank you. Ref9463,ham
The project presentation is on Monday. Let me know. Ref2111,ham
Today: I am waiting outside the office. Thank you. Ref9357,ham
"Hello! Hey, are we still meeting at 6 pm? Thanks. Ref1580",ham
Reminder: Thanks for helping me yesterday. Reply when you can. Ref3951,ham
"Hey, are we still meeting at 6 pm? Thank you. Ref1605",ham
Hello! Free gift waiting for you. Claim your reward today. Let me know. Offer1086,spam
Reminder: Can we reschedule our appointment? Thanks. Ref6863,ham
Please note: Free coupon available now. Click to redeem. Thanks. Offer5519,spam
Hi! You are the lucky winner of a huge cash prize. Reply when you can. Offer3403,spam
Just letting you know: Free membership available. Register today. Please reply. Offer0817,spam
Hi! Can we reschedule our appointment? Let me know. Ref7162,ham
Just letting you know: Congratulations! Your account has received a reward. Have a good day. Offer1224,spam
Just letting you know: Exclusive offer available only today. Claim now. Reply when you can. Offer7297,spam
Reminder: The class has been moved to room 204. Thank you. Ref0327,ham
Hi! Thanks for helping me yesterday. Let me know. Ref2743,ham
Hello! Can we reschedule our appointment? Thanks. Ref2261,ham
Reminder: Can you send me the notes from today's class? Reply when you can. Ref8875,ham
Quick message: Let's have lunch together today. Have a good day. Ref3984,ham
Important: You have been chosen for a free vacation. Thank you. Offer8643,spam
Can we reschedule our appointment? Reply when you can. Ref9591,ham
Hi! Please remind me about the meeting. Let me know. Ref0962,ham
Quick message: I will be there in ten minutes. Thanks. Ref8217,ham
Hi! Please submit the form before Friday. Ref7812,ham
Today: Let's have lunch together today. Thank you. Ref2403,ham
Important: Can you share the Wi-Fi password? Reply when you can. Ref2505,ham
Today: Get a special discount now! Limited time offer. Please reply. Offer7006,spam
Hello! Exclusive winner notification. Claim your cash prize. Offer5977,spam
Hi! Thanks for helping me yesterday. Thank you. Ref5225,ham
Reminder: Special promotion! Get 90 percent off today. Have a good day. Offer2585,spam
Please note: Free gift waiting for you. Claim your reward today. Have a good day. Offer8794,spam
Quick message: Congratulations! You have won a free prize. Claim now. Please reply. Offer8193,spam
Important: I reached safely. Thanks. Ref9371,ham
You have won a guaranteed reward. Respond now. Reply when you can. Offer4524,spam
I am going to the market now. Have a good day. Ref5732,ham
Just letting you know: Can we reschedule our appointment? Have a good day. Ref1242,ham
Your order has been delivered. Thank you. Ref3882,ham
Just letting you know: Are you free this evening? Please reply. Ref0337,ham
Reminder: Can you share the Wi-Fi password? Thank you. Ref9647,ham
Exclusive offer available only today. Claim now. Please reply. Offer0720,spam
Important: Please call me when you reach home. Ref0294,ham
Please note: Limited offer! Buy now and get a huge discount. Thanks. Offer9216,spam
Today: I will be there in ten minutes. Reply when you can. Ref9513,ham
Hello! What time does the train arrive? Ref1721,ham
Please note: Please remind me about the meeting. Have a good day. Ref3756,ham
Hi! Exclusive winner notification. Claim your cash prize. Offer1341,spam
Please note: You have been chosen for a free vacation. Please reply. Offer6748,spam
Just letting you know: You are eligible for a special bonus. Apply immediately. Reply when you can. Offer4816,spam
Hello! I reached safely. Thanks. Ref0073,ham
Reminder: FREE entry to win a luxury car. Reply WIN now. Let me know. Offer0151,spam
Please note: What time does the train arrive? Reply when you can. Ref4782,ham
Quick message: Get rich quickly with this incredible money-making offer. Thanks. Offer5479,spam
Just letting you know: Let me know when you are available. Thanks. Ref2917,ham
Hello! I will call you after work. Let me know. Ref7759,ham
Hello! I reached safely. Reply when you can. Ref6501,ham
Important: Amazing deal! Get your bonus before the offer ends. Thank you. Offer9194,spam
Just letting you know: Exclusive offer available only today. Claim now. Reply when you can. Offer9470,spam
Hi! You are selected for a free prize. Confirm your details. Offer1750,spam
Today: I will be there in ten minutes. Let me know. Ref1783,ham
Congratulations winner! Contact us to collect your prize. Have a good day. Offer9228,spam
Please note: Earn money from home with our amazing opportunity. Please reply. Offer3101,spam
Hi! Exclusive winner notification. Claim your cash prize. Let me know. Offer9670,spam
Hello! Can you send me the notes from today's class? Thanks. Ref6787,ham
Just letting you know: I will call you after work. Let me know. Ref8706,ham
Please note: I have sent the documents to your email. Ref9804,ham
Quick message: Your assignment is due tomorrow. Ref1394,ham
Please note: I will call you after work. Ref9389,ham
Just letting you know: Please bring your laptop tomorrow. Have a good day. Ref7893,ham
Hi! You are eligible for a special bonus. Apply immediately. Offer5093,spam
Congratulations! Your account has received a reward. Have a good day. Offer1775,spam
Please note: Please call me when you reach home. Thanks. Ref8542,ham
Quick message: Please remind me about the meeting. Reply when you can. Ref9635,ham
Quick message: Can you send me the notes from today's class? Please reply. Ref0863,ham
Hi! Free coupon available now. Click to redeem. Thank you. Offer4983,spam
Today: Special promotion! Get 90 percent off today. Have a good day. Offer8383,spam
Please note: Can you share the Wi-Fi password? Let me know. Ref7219,ham
Just letting you know: Please submit the form before Friday. Let me know. Ref5025,ham
Just letting you know: Please check the attached report. Thanks. Ref3345,ham
Reminder: Limited offer! Buy now and get a huge discount. Have a good day. Offer8698,spam
You are the lucky winner of a huge cash prize. Let me know. Offer4503,spam
Just letting you know: I am waiting outside the office. Let me know. Ref1058,ham
Hi! Can you send me the notes from today's class? Please reply. Ref7790,ham
Reminder: Please call me when you reach home. Thank you. Ref3480,ham
Reminder: Exclusive winner notification. Claim your cash prize. Have a good day. Offer2916,spam
Important: Let me know when you are available. Thanks. Ref4969,ham
Just letting you know: Congratulations! You have won a free prize. Claim now. Let me know. Offer7173,spam
Hi! Let's have lunch together today. Thanks. Ref6634,ham
Just letting you know: I will be there in ten minutes. Reply when you can. Ref3700,ham
Today: Don't forget to bring your ID card. Thanks. Ref9701,ham
Hello! Please bring your laptop tomorrow. Thanks. Ref5583,ham
"Just letting you know: Congratulations, your number has won a cash bonus. Have a good day. Offer6232",spam
Just letting you know: Get rich quickly with this incredible money-making offer. Let me know. Offer7023,spam
Today: Please bring your laptop tomorrow. Ref5114,ham
Important: Free coupon available now. Click to redeem. Offer4537,spam
Please note: Please bring your laptop tomorrow. Please reply. Ref3177,ham
Quick message: Amazing deal! Get your bonus before the offer ends. Please reply. Offer2774,spam
Please check the attached report. Reply when you can. Ref5684,ham
Hello! Earn thousands from home. Join this opportunity now. Please reply. Offer5972,spam
Please note: Can you pick up some groceries on your way? Ref0082,ham
Quick message: Please submit the form before Friday. Please reply. Ref2775,ham
Please note: Are you free this evening? Thank you. Ref7915,ham
Just letting you know: Can you share the Wi-Fi password? Reply when you can. Ref9842,ham
Free coupon available now. Click to redeem. Let me know. Offer0381,spam
Important: You have won a guaranteed reward. Respond now. Let me know. Offer8575,spam
Hi! Can we reschedule our appointment? Please reply. Ref1872,ham
Reminder: Don't forget to bring your ID card. Let me know. Ref9121,ham
Reminder: What time does the train arrive? Let me know. Ref8839,ham
Reminder: Exclusive winner notification. Claim your cash prize. Reply when you can. Offer5619,spam
Hi! Your assignment is due tomorrow. Have a good day. Ref4048,ham
Today: I will be there in ten minutes. Thanks. Ref6176,ham
Just letting you know: Let's have lunch together today. Please reply. Ref0813,ham
Hi! Special promotion! Get 90 percent off today. Thanks. Offer5299,spam
Just letting you know: FREE entry to win a luxury car. Reply WIN now. Thanks. Offer1976,spam
Please note: Please submit the form before Friday. Thank you. Ref5953,ham
Quick message: I will be there in ten minutes. Thanks. Ref8398,ham
Reminder: Win a brand new phone today. Click to claim your prize. Let me know. Offer2500,spam
Just letting you know: Act now to receive your free gift. Please reply. Offer7256,spam
Just letting you know: Can we reschedule our appointment? Let me know. Ref2427,ham
Hello! URGENT! You have been selected for a cash reward. Call now. Have a good day. Offer0284,spam
Important: Happy birthday! Have a wonderful day. Please reply. Ref4306,ham
Please call me when you reach home. Thank you. Ref9805,ham
Act now to receive your free gift. Thank you. Offer3245,spam
Please note: Happy birthday! Have a wonderful day. Ref7871,ham
Important: You are the lucky winner of a huge cash prize. Reply when you can. Offer3722,spam
Reminder: Urgent reward notification. Claim before midnight. Let me know. Offer9380,spam
Hello! I am waiting outside the office. Reply when you can. Ref4910,ham
Please note: Get rich quickly with this incredible money-making offer. Offer5989,spam
Hi! See you tomorrow morning. Thank you. Ref4303,ham
Quick message: You have won a shopping voucher. Click here now. Thank you. Offer9003,spam
Hello! Free membership available. Register today. Please reply. Offer3882,spam
WIN CASH NOW! Reply YES to receive your reward. Offer7893,spam
Let me know when you are available. Please reply. Ref9773,ham
Quick message: The project presentation is on Monday. Let me know. Ref5040,ham
"Congratulations, your number has won a cash bonus. Offer7909",spam
Today: I have sent the documents to your email. Ref0574,ham
Hello! Your assignment is due tomorrow. Thanks. Ref6408,ham
Important: Free gift waiting for you. Claim your reward today. Thank you. Offer9563,spam
You have won a shopping voucher. Click here now. Thanks. Offer5899,spam
What time does the train arrive? Have a good day. Ref2866,ham
Important: I will call you after work. Ref4501,ham
Hi! The weather is nice today. Thanks. Ref3710,ham
Reminder: Free membership available. Register today. Thanks. Offer5813,spam
"Today: Congratulations, your number has won a cash bonus. Thank you. Offer0955",spam
Hi! FREE entry to win a luxury car. Reply WIN now. Please reply. Offer1154,spam
I will call you after work. Ref5699,ham
Hello! I reached safely. Have a good day. Ref8822,ham
Today: I reached safely. Please reply. Ref1950,ham
Important: Amazing deal! Get your bonus before the offer ends. Thanks. Offer2773,spam
Just letting you know: Please remind me about the meeting. Please reply. Ref2512,ham
Reminder: The project presentation is on Monday. Ref8919,ham
Quick message: Free coupon available now. Click to redeem. Thanks. Offer5598,spam
Just letting you know: Can you share the Wi-Fi password? Please reply. Ref2257,ham
Exclusive offer available only today. Claim now. Thanks. Offer6280,spam
Hello! I am waiting outside the office. Let me know. Ref7721,ham
"Important: Congratulations, your number has won a cash bonus. Have a good day. Offer3741",spam
Hi! Limited offer! Buy now and get a huge discount. Have a good day. Offer8924,spam
Please note: I am going to the market now. Ref5965,ham
Hello! Urgent reward notification. Claim before midnight. Please reply. Offer5074,spam
Quick message: Special promotion! Get 90 percent off today. Please reply. Offer1691,spam
Just letting you know: You have won a guaranteed reward. Respond now. Please reply. Offer3003,spam
Quick message: URGENT! You have been selected for a cash reward. Call now. Let me know. Offer0795,spam
I have sent the documents to your email. Thanks. Ref7414,ham
Reminder: I am waiting outside the office. Ref7127,ham
Urgent reward notification. Claim before midnight. Offer2594,spam
Just letting you know: Get rich quickly with this incredible money-making offer. Let me know. Offer1808,spam
Today: Claim your exclusive reward before it expires. Let me know. Offer9392,spam
URGENT! You have been selected for a cash reward. Call now. Offer4266,spam
Hi! Let me know when you are available. Thanks. Ref3186,ham
Please note: You have won a guaranteed reward. Respond now. Offer0958,spam
Today: Special promotion! Get 90 percent off today. Offer2266,spam
Quick message: Let's have lunch together today. Thanks. Ref6875,ham
Quick message: Let's have lunch together today. Ref3270,ham
Today: The project presentation is on Monday. Please reply. Ref4310,ham
Hi! The meeting starts at 10 am. Ref4886,ham
Just letting you know: I have sent the documents to your email. Have a good day. Ref8154,ham
Please note: Free membership available. Register today. Reply when you can. Offer9529,spam
Hi! Are you free this evening? Let me know. Ref2169,ham
Quick message: Get a special discount now! Limited time offer. Offer3202,spam
Reminder: URGENT! You have been selected for a cash reward. Call now. Thank you. Offer7550,spam
Reminder: The meeting starts at 10 am. Have a good day. Ref5290,ham
Reminder: Your assignment is due tomorrow. Thanks. Ref3851,ham
Reminder: Please call me when you reach home. Let me know. Ref4230,ham
Hello! Free coupon available now. Click to redeem. Let me know. Offer0186,spam
Today: The project presentation is on Monday. Thank you. Ref8637,ham
Please note: Free gift waiting for you. Claim your reward today. Have a good day. Offer9517,spam
Hi! You are the lucky winner of a huge cash prize. Reply when you can. Offer5733,spam
Quick message: FREE entry to win a luxury car. Reply WIN now. Thanks. Offer8146,spam
Quick message: Limited offer! Buy now and get a huge discount. Have a good day. Offer5204,spam
Hello! You have won a shopping voucher. Click here now. Have a good day. Offer9502,spam
Important: Earn money from home with our amazing opportunity. Thanks. Offer8201,spam
Today: Claim your exclusive reward before it expires. Reply when you can. Offer7579,spam
Quick message: I reached safely. Reply when you can. Ref7420,ham
Important: Claim your exclusive reward before it expires. Have a good day. Offer1706,spam
Quick message: I am waiting outside the office. Thanks. Ref5769,ham
You are selected for a free prize. Confirm your details. Let me know. Offer9726,spam
Reminder: Please call me when you reach home. Thank you. Ref3488,ham
Just letting you know: Please call me when you reach home. Ref8743,ham
Important: You have been chosen for a free vacation. Reply when you can. Offer5875,spam
Please note: The project presentation is on Monday. Please reply. Ref3627,ham
Quick message: Congratulations! Your account has received a reward. Thank you. Offer9534,spam
Reminder: Act now to receive your free gift. Have a good day. Offer3108,spam
Hello! Special promotion! Get 90 percent off today. Thanks. Offer3181,spam
Today: You have been chosen for a free vacation. Offer1786,spam
Just letting you know: You are selected for a free prize. Confirm your details. Let me know. Offer4207,spam
Just letting you know: Can we reschedule our appointment? Have a good day. Ref5014,ham
Quick message: I reached safely. Thank you. Ref3532,ham
Important: Can you share the Wi-Fi password? Reply when you can. Ref6221,ham
Quick message: I reached safely. Please reply. Ref1447,ham
The weather is nice today. Let me know. Ref5427,ham
Hi! See you tomorrow morning. Have a good day. Ref2411,ham
Hello! Can we reschedule our appointment? Ref5207,ham
Urgent reward notification. Claim before midnight. Please reply. Offer3643,spam
Reminder: Exclusive winner notification. Claim your cash prize. Please reply. Offer0004,spam
Quick message: Earn money from home with our amazing opportunity. Please reply. Offer3139,spam
Hello! Exclusive offer available only today. Claim now. Offer0624,spam
Just letting you know: Congratulations! Your account has received a reward. Have a good day. Offer3814,spam
Just letting you know: Earn money from home with our amazing opportunity. Offer4117,spam
Today: See you tomorrow morning. Please reply. Ref2181,ham
"Please note: Hey, are we still meeting at 6 pm? Reply when you can. Ref9783",ham
Hello! Can we reschedule our appointment? Have a good day. Ref0699,ham
Hello! Can you send me the notes from today's class? Please reply. Ref8081,ham
Reminder: Exclusive offer available only today. Claim now. Please reply. Offer0049,spam
Important: Your order has been delivered. Thanks. Ref1028,ham
Today: Win a brand new phone today. Click to claim your prize. Offer6017,spam
"Hello! Congratulations, your number has won a cash bonus. Thank you. Offer8947",spam
Quick message: The meeting starts at 10 am. Thanks. Ref2150,ham
Just letting you know: Congratulations! You have won a free prize. Claim now. Have a good day. Offer2560,spam
Reminder: Exclusive offer available only today. Claim now. Let me know. Offer2148,spam
Important: I will be there in ten minutes. Ref5745,ham
Hello! Claim your exclusive reward before it expires. Thanks. Offer6818,spam
Quick message: I reached safely. Thanks. Ref3865,ham
Quick message: The meeting starts at 10 am. Let me know. Ref0571,ham
Hello! Your assignment is due tomorrow. Please reply. Ref6996,ham
Please note: The project presentation is on Monday. Reply when you can. Ref1249,ham
Just letting you know: Free coupon available now. Click to redeem. Thanks. Offer3960,spam
Please note: URGENT! You have been selected for a cash reward. Call now. Please reply. Offer5797,spam
Hi! I reached safely. Reply when you can. Ref4752,ham
Quick message: You have won a shopping voucher. Click here now. Let me know. Offer9782,spam
Your order has been delivered. Please reply. Ref6792,ham
Hello! Earn thousands from home. Join this opportunity now. Thanks. Offer5661,spam
Hi! What time does the train arrive? Have a good day. Ref9945,ham
Exclusive offer available only today. Claim now. Offer9443,spam
"Please note: Hey, are we still meeting at 6 pm? Please reply. Ref3134",ham
Hello! Exclusive winner notification. Claim your cash prize. Thanks. Offer9540,spam
Today: What time does the train arrive? Thanks. Ref8646,ham
Please note: Free coupon available now. Click to redeem. Offer5219,spam
Just letting you know: Please call me when you reach home. Ref3305,ham
Quick message: Your order has been delivered. Let me know. Ref3691,ham
Hi! Please remind me about the meeting. Let me know. Ref4277,ham
Today: Please submit the form before Friday. Thanks. Ref3050,ham
Please note: Your order has been delivered. Let me know. Ref3250,ham
Hello! Limited offer! Buy now and get a huge discount. Reply when you can. Offer5736,spam
Quick message: Please remind me about the meeting. Reply when you can. Ref3267,ham
Please note: Special promotion! Get 90 percent off today. Thank you. Offer6641,spam
Let me know when you are available. Have a good day. Ref5217,ham
Reminder: Are you free this evening? Have a good day. Ref0262,ham
Today: Happy birthday! Have a wonderful day. Let me know. Ref6178,ham
Just letting you know: Get rich quickly with this incredible money-making offer. Reply when you can. Offer2563,spam
Please call me when you reach home. Reply when you can. Ref5964,ham
Hi! Get rich quickly with this incredible money-making offer. Thank you. Offer7218,spam
Reminder: Can you share the Wi-Fi password? Let me know. Ref9403,ham
I reached safely. Let me know. Ref7728,ham
Hello! I am waiting outside the office. Please reply. Ref3316,ham
Reminder: Urgent reward notification. Claim before midnight. Thanks. Offer6766,spam
Hi! Thanks for helping me yesterday. Please reply. Ref8218,ham
Just letting you know: The weather is nice today. Thanks. Ref0187,ham
Please note: I have sent the documents to your email. Thank you. Ref4220,ham
Hello! Please call me when you reach home. Please reply. Ref8216,ham
Reminder: I reached safely. Thanks. Ref7869,ham
FREE entry to win a luxury car. Reply WIN now. Reply when you can. Offer0713,spam
Hello! See you tomorrow morning. Please reply. Ref1599,ham
Today: Your assignment is due tomorrow. Thank you. Ref6187,ham
Quick message: Your order has been delivered. Thank you. Ref2895,ham
Today: Let's have lunch together today. Have a good day. Ref1281,ham
Hello! FREE entry to win a luxury car. Reply WIN now. Offer9344,spam
Important: URGENT! You have been selected for a cash reward. Call now. Let me know. Offer0415,spam
Reminder: Can you share the Wi-Fi password? Let me know. Ref3847,ham
Please note: Can we reschedule our appointment? Ref7410,ham
Quick message: I am waiting outside the office. Ref1255,ham
Important: Please submit the form before Friday. Have a good day. Ref8814,ham
I have sent the documents to your email. Have a good day. Ref6361,ham
Reminder: Are you free this evening? Thank you. Ref7331,ham
You have won a guaranteed reward. Respond now. Let me know. Offer1937,spam
Hi! You are selected for a free prize. Confirm your details. Please reply. Offer3514,spam
Reminder: Free membership available. Register today. Thank you. Offer2738,spam
Quick message: See you tomorrow morning. Reply when you can. Ref2098,ham
Just letting you know: The project presentation is on Monday. Let me know. Ref8952,ham
Hello! Congratulations! You have won a free prize. Claim now. Offer6300,spam
I am waiting outside the office. Let me know. Ref4888,ham
Please note: Are you free this evening? Let me know. Ref1304,ham
Congratulations winner! Contact us to collect your prize. Let me know. Offer7721,spam
Hi! URGENT! You have been selected for a cash reward. Call now. Offer2949,spam
Important: Are you free this evening? Thanks. Ref0678,ham
Today: The meeting starts at 10 am. Have a good day. Ref1799,ham
Just letting you know: The meeting starts at 10 am. Have a good day. Ref5523,ham
I am waiting outside the office. Have a good day. Ref5819,ham
Quick message: You have been chosen for a free vacation. Please reply. Offer0548,spam
Hi! Exclusive offer available only today. Claim now. Thank you. Offer1618,spam
Quick message: I am going to the market now. Please reply. Ref5115,ham
"Important: Hey, are we still meeting at 6 pm? Have a good day. Ref5611",ham
Quick message: Please remind me about the meeting. Have a good day. Ref5263,ham
Today: Are you free this evening? Let me know. Ref0255,ham
Today: Can you pick up some groceries on your way? Please reply. Ref8488,ham
Please note: Act now to receive your free gift. Offer4886,spam
"Important: Congratulations, your number has won a cash bonus. Thank you. Offer1220",spam
Quick message: I will call you after work. Please reply. Ref0426,ham
Please note: Let's have lunch together today. Thanks. Ref9361,ham
Please note: The project presentation is on Monday. Thanks. Ref0427,ham
"Today: Hey, are we still meeting at 6 pm? Thanks. Ref9104",ham
Please note: The class has been moved to room 204. Have a good day. Ref1620,ham
Reminder: Congratulations winner! Contact us to collect your prize. Have a good day. Offer0416,spam
Reminder: Exclusive winner notification. Claim your cash prize. Thank you. Offer9507,spam
Don't forget to bring your ID card. Let me know. Ref5589,ham
Reminder: Don't forget to bring your ID card. Reply when you can. Ref0217,ham
See you tomorrow morning. Thanks. Ref7304,ham
Hi! Don't forget to bring your ID card. Thanks. Ref1490,ham
Today: Claim your exclusive reward before it expires. Have a good day. Offer5993,spam
Hi! Get a special discount now! Limited time offer. Please reply. Offer2649,spam
Can you pick up some groceries on your way? Thanks. Ref1360,ham
The meeting starts at 10 am. Thanks. Ref1728,ham
Hello! Limited offer! Buy now and get a huge discount. Offer7460,spam
"Reminder: Hey, are we still meeting at 6 pm? Reply when you can. Ref9418",ham
Please note: What time does the train arrive? Thank you. Ref6578,ham
Hello! Act now to receive your free gift. Let me know. Offer9142,spam
The class has been moved to room 204. Thanks. Ref6377,ham
Just letting you know: Please call me when you reach home. Let me know. Ref5944,ham
Hi! The class has been moved to room 204. Let me know. Ref6793,ham
"Today: Hey, are we still meeting at 6 pm? Reply when you can. Ref0233",ham
Just letting you know: You are eligible for a special bonus. Apply immediately. Offer5819,spam
Hello! The meeting starts at 10 am. Ref7093,ham
Just letting you know: I will call you after work. Thanks. Ref5127,ham
Please note: Happy birthday! Have a wonderful day. Thanks. Ref6207,ham
Hello! Limited offer! Buy now and get a huge discount. Let me know. Offer4464,spam
Quick message: Thanks for helping me yesterday. Ref1064,ham
Please note: The meeting starts at 10 am. Let me know. Ref6123,ham
Reminder: I will be there in ten minutes. Ref7624,ham
Please note: You have won a guaranteed reward. Respond now. Please reply. Offer9897,spam
Quick message: Exclusive offer available only today. Claim now. Reply when you can. Offer7982,spam
Quick message: Can you share the Wi-Fi password? Please reply. Ref8528,ham
Please note: Limited offer! Buy now and get a huge discount. Thank you. Offer2028,spam
Hello! Happy birthday! Have a wonderful day. Have a good day. Ref8616,ham
Today: Let's have lunch together today. Thanks. Ref8001,ham
Today: Congratulations! Your account has received a reward. Thanks. Offer5025,spam
"Quick message: Hey, are we still meeting at 6 pm? Thanks. Ref9554",ham
Reminder: I will be there in ten minutes. Let me know. Ref9832,ham
Quick message: You have been chosen for a free vacation. Thanks. Offer7415,spam
Please note: Are you free this evening? Reply when you can. Ref0700,ham
Hello! What time does the train arrive? Thank you. Ref9161,ham
Today: Can we reschedule our appointment? Let me know. Ref2277,ham
Important: Please check the attached report. Have a good day. Ref9697,ham
Important: I reached safely. Thanks. Ref4007,ham
Just letting you know: You are eligible for a special bonus. Apply immediately. Thanks. Offer5919,spam
Today: Are you free this evening? Please reply. Ref8293,ham
Quick message: Claim your exclusive reward before it expires. Reply when you can. Offer4612,spam
Just letting you know: See you tomorrow morning. Reply when you can. Ref6295,ham
Please note: What time does the train arrive? Have a good day. Ref1192,ham
Please note: Congratulations! You have won a free prize. Claim now. Thanks. Offer0199,spam
Just letting you know: Limited offer! Buy now and get a huge discount. Thanks. Offer1866,spam
Quick message: WIN CASH NOW! Reply YES to receive your reward. Please reply. Offer0357,spam
Please note: Amazing deal! Get your bonus before the offer ends. Please reply. Offer9993,spam
Hi! Can you share the Wi-Fi password? Let me know. Ref0030,ham
"Important: Hey, are we still meeting at 6 pm? Let me know. Ref0183",ham
Important: See you tomorrow morning. Let me know. Ref9561,ham
Important: The weather is nice today. Ref2966,ham
Just letting you know: You are eligible for a special bonus. Apply immediately. Let me know. Offer7234,spam
Just letting you know: Please check the attached report. Let me know. Ref2747,ham
Important: Earn money from home with our amazing opportunity. Let me know. Offer9348,spam
Please note: Earn thousands from home. Join this opportunity now. Please reply. Offer2707,spam
Important: Please remind me about the meeting. Reply when you can. Ref4098,ham
Reminder: Free gift waiting for you. Claim your reward today. Thanks. Offer6240,spam
Today: The project presentation is on Monday. Let me know. Ref6015,ham
Reminder: Get a special discount now! Limited time offer. Please reply. Offer2614,spam
"Reminder: Hey, are we still meeting at 6 pm? Ref4414",ham
Just letting you know: FREE entry to win a luxury car. Reply WIN now. Have a good day. Offer9750,spam
Just letting you know: Claim your exclusive reward before it expires. Have a good day. Offer1311,spam
Important: Amazing deal! Get your bonus before the offer ends. Please reply. Offer5044,spam
Important: Free membership available. Register today. Thank you. Offer0632,spam
Just letting you know: WIN CASH NOW! Reply YES to receive your reward. Let me know. Offer4932,spam
"Reminder: Congratulations, your number has won a cash bonus. Let me know. Offer9890",spam
Hi! You are eligible for a special bonus. Apply immediately. Have a good day. Offer0736,spam
Don't forget to bring your ID card. Thanks. Ref5377,ham
Hi! You have won a shopping voucher. Click here now. Please reply. Offer4545,spam
Quick message: What time does the train arrive? Please reply. Ref3291,ham
Important: See you tomorrow morning. Thanks. Ref7330,ham
Important: Exclusive offer available only today. Claim now. Offer7076,spam
Reminder: See you tomorrow morning. Please reply. Ref7053,ham
Just letting you know: You are the lucky winner of a huge cash prize. Let me know. Offer1569,spam
Hello! Congratulations! Your account has received a reward. Have a good day. Offer4466,spam
Quick message: Please submit the form before Friday. Let me know. Ref9838,ham
Today: Urgent reward notification. Claim before midnight. Have a good day. Offer5579,spam
Quick message: Please check the attached report. Let me know. Ref6037,ham
Important: Can we reschedule our appointment? Thank you. Ref4833,ham
Important: I will be there in ten minutes. Let me know. Ref7215,ham
Please note: Congratulations winner! Contact us to collect your prize. Let me know. Offer8592,spam
Hi! What time does the train arrive? Let me know. Ref8210,ham
Today: Can you send me the notes from today's class? Thanks. Ref0109,ham
Please note: The meeting starts at 10 am. Thank you. Ref7929,ham
Important: The weather is nice today. Let me know. Ref1457,ham
Just letting you know: WIN CASH NOW! Reply YES to receive your reward. Let me know. Offer9161,spam
Please note: What time does the train arrive? Ref7294,ham
Quick message: The class has been moved to room 204. Thanks. Ref0997,ham
Free coupon available now. Click to redeem. Thank you. Offer3380,spam
"Hi! Congratulations, your number has won a cash bonus. Have a good day. Offer1615",spam
Hello! Act now to receive your free gift. Thank you. Offer3982,spam
Today: Please remind me about the meeting. Please reply. Ref5182,ham
Reminder: Exclusive offer available only today. Claim now. Offer9679,spam
Important: You have been chosen for a free vacation. Have a good day. Offer8385,spam
Important: Free membership available. Register today. Have a good day. Offer9799,spam
Win a brand new phone today. Click to claim your prize. Let me know. Offer1014,spam
Today: The class has been moved to room 204. Please reply. Ref9956,ham
Important: Don't forget to bring your ID card. Have a good day. Ref1957,ham
Reminder: The meeting starts at 10 am. Please reply. Ref2537,ham
Hello! Please remind me about the meeting. Thank you. Ref1726,ham
Quick message: Get a special discount now! Limited time offer. Offer4067,spam
Hi! You are selected for a free prize. Confirm your details. Let me know. Offer2077,spam
Reminder: I am waiting outside the office. Thank you. Ref8309,ham
"Please note: Hey, are we still meeting at 6 pm? Please reply. Ref0898",ham
Reminder: Thanks for helping me yesterday. Thank you. Ref6749,ham
Please note: The class has been moved to room 204. Thanks. Ref7063,ham
Hello! Are you free this evening? Please reply. Ref9342,ham
Congratulations winner! Contact us to collect your prize. Thanks. Offer7155,spam
Quick message: You are the lucky winner of a huge cash prize. Thanks. Offer9648,spam
Hi! Urgent reward notification. Claim before midnight. Offer7892,spam
Today: Free gift waiting for you. Claim your reward today. Have a good day. Offer8811,spam
Hello! Win a brand new phone today. Click to claim your prize. Please reply. Offer7398,spam
Today: You are selected for a free prize. Confirm your details. Offer8839,spam
Important: Are you free this evening? Thank you. Ref8549,ham
You have won a guaranteed reward. Respond now. Thank you. Offer6509,spam
Today: The meeting starts at 10 am. Let me know. Ref7281,ham
"Important: Hey, are we still meeting at 6 pm? Ref1130",ham
Hi! Limited offer! Buy now and get a huge discount. Let me know. Offer4737,spam
Hello! Win a brand new phone today. Click to claim your prize. Have a good day. Offer4070,spam
Hi! Can we reschedule our appointment? Thanks. Ref2289,ham
Today: Can you share the Wi-Fi password? Let me know. Ref0124,ham
Please note: I am waiting outside the office. Thank you. Ref0119,ham
I reached safely. Ref2424,ham
Today: Please call me when you reach home. Thanks. Ref6473,ham
Please note: Free membership available. Register today. Thank you. Offer9139,spam
Just letting you know: Urgent reward notification. Claim before midnight. Please reply. Offer5743,spam
Reminder: Can you pick up some groceries on your way? Ref9300,ham
Today: Congratulations! You have won a free prize. Claim now. Thank you. Offer5674,spam
Today: Can you pick up some groceries on your way? Please reply. Ref9818,ham
Important: Can you share the Wi-Fi password? Have a good day. Ref7012,ham
Today: I will call you after work. Thank you. Ref9528,ham
Important: Special promotion! Get 90 percent off today. Let me know. Offer8708,spam
Please note: Free membership available. Register today. Thank you. Offer2937,spam
Reminder: The project presentation is on Monday. Reply when you can. Ref0246,ham
Please note: Congratulations! You have won a free prize. Claim now. Thanks. Offer0254,spam
Please note: Special promotion! Get 90 percent off today. Thanks. Offer5932,spam
Hello! I have sent the documents to your email. Ref8262,ham
Just letting you know: Exclusive winner notification. Claim your cash prize. Please reply. Offer0560,spam
Today: Limited offer! Buy now and get a huge discount. Please reply. Offer6540,spam
Please note: Amazing deal! Get your bonus before the offer ends. Reply when you can. Offer2179,spam
Just letting you know: Congratulations winner! Contact us to collect your prize. Have a good day. Offer9832,spam
Reminder: You are the lucky winner of a huge cash prize. Thanks. Offer4475,spam
Quick message: I am waiting outside the office. Ref0955,ham
Important: Limited offer! Buy now and get a huge discount. Thanks. Offer1290,spam
Reminder: Congratulations! Your account has received a reward. Let me know. Offer9612,spam
Today: Free gift waiting for you. Claim your reward today. Offer3577,spam
Hello! I will call you after work. Reply when you can. Ref4948,ham
Please note: I reached safely. Let me know. Ref4181,ham
Hi! Win a brand new phone today. Click to claim your prize. Thank you. Offer6273,spam
Important: Congratulations! Your account has received a reward. Have a good day. Offer8099,spam
Hello! I will be there in ten minutes. Thanks. Ref2363,ham
You are eligible for a special bonus. Apply immediately. Please reply. Offer4561,spam
Hello! Your order has been delivered. Have a good day. Ref4491,ham
Hello! Special cash offer just for you. Reply now. Offer8540,spam
Hello! Can we reschedule our appointment? Let me know. Ref3038,ham
Quick message: Let me know when you are available. Thank you. Ref5316,ham
Quick message: Your order has been delivered. Have a good day. Ref2891,ham
Today: Amazing deal! Get your bonus before the offer ends. Offer1469,spam
Hello! Get a special discount now! Limited time offer. Offer4420,spam
Reminder: Free coupon available now. Click to redeem. Offer5363,spam
Please remind me about the meeting. Thanks. Ref2598,ham
Just letting you know: Are you free this evening? Thank you. Ref6264,ham
Please note: I reached safely. Let me know. Ref4071,ham
Please note: Your assignment is due tomorrow. Reply when you can. Ref7826,ham
Quick message: Let's have lunch together today. Have a good day. Ref9975,ham
Amazing deal! Get your bonus before the offer ends. Thank you. Offer0463,spam
Just letting you know: I have sent the documents to your email. Let me know. Ref4541,ham
Please note: Can you send me the notes from today's class? Ref2746,ham
Please note: Don't forget to bring your ID card. Let me know. Ref2294,ham
Hello! Your assignment is due tomorrow. Thank you. Ref5078,ham
Today: Can we reschedule our appointment? Thanks. Ref2652,ham
Reminder: I have sent the documents to your email. Ref6198,ham
Reminder: Limited offer! Buy now and get a huge discount. Thank you. Offer9559,spam
Hello! I am waiting outside the office. Ref9478,ham
Reminder: Earn money from home with our amazing opportunity. Thanks. Offer1739,spam
Hello! You have been chosen for a free vacation. Thank you. Offer7719,spam
"Just letting you know: Hey, are we still meeting at 6 pm? Have a good day. Ref8606",ham
Just letting you know: Let's have lunch together today. Thank you. Ref6157,ham
Important: The meeting starts at 10 am. Thank you. Ref9850,ham
Reminder: Can you pick up some groceries on your way? Have a good day. Ref8541,ham
Please note: Can you share the Wi-Fi password? Thanks. Ref3458,ham
Hello! Earn thousands from home. Join this opportunity now. Thank you. Offer5250,spam
"Just letting you know: Hey, are we still meeting at 6 pm? Ref0004",ham
Quick message: You are selected for a free prize. Confirm your details. Let me know. Offer4696,spam
Important: Congratulations winner! Contact us to collect your prize. Thanks. Offer9953,spam
Please note: You have won a shopping voucher. Click here now. Reply when you can. Offer4546,spam
Today: URGENT! You have been selected for a cash reward. Call now. Thanks. Offer8607,spam
Hi! Let me know when you are available. Have a good day. Ref9545,ham
Hello! Special cash offer just for you. Reply now. Thank you. Offer7923,spam
Please note: Please submit the form before Friday. Ref8999,ham
Important: What time does the train arrive? Have a good day. Ref1573,ham
Please note: FREE entry to win a luxury car. Reply WIN now. Offer7035,spam
Hi! I will be there in ten minutes. Let me know. Ref7476,ham
Hello! I have sent the documents to your email. Thanks. Ref0489,ham
Hi! Free coupon available now. Click to redeem. Thank you. Offer6381,spam
Important: Exclusive winner notification. Claim your cash prize. Offer4936,spam
Hi! Let me know when you are available. Please reply. Ref9720,ham
Hi! Please remind me about the meeting. Thank you. Ref4845,ham
Important: I have sent the documents to your email. Let me know. Ref7211,ham
Hi! Thanks for helping me yesterday. Thank you. Ref2180,ham
Hello! Congratulations! You have won a free prize. Claim now. Let me know. Offer7969,spam
Please bring your laptop tomorrow. Let me know. Ref5073,ham
Please note: Get rich quickly with this incredible money-making offer. Let me know. Offer5563,spam
Today: Congratulations winner! Contact us to collect your prize. Let me know. Offer5602,spam
Hi! Earn money from home with our amazing opportunity. Thank you. Offer3697,spam
Quick message: Earn money from home with our amazing opportunity. Reply when you can. Offer6769,spam
Hi! I will call you after work. Thank you. Ref3549,ham
"Hi! Hey, are we still meeting at 6 pm? Please reply. Ref6616",ham
Important: Your assignment is due tomorrow. Thanks. Ref4665,ham
Hi! You have been chosen for a free vacation. Thanks. Offer9724,spam
"Just letting you know: Hey, are we still meeting at 6 pm? Thank you. Ref3415",ham
Reminder: Act now to receive your free gift. Thanks. Offer9973,spam
Just letting you know: Please check the attached report. Please reply. Ref2557,ham
Today: Congratulations! Your account has received a reward. Please reply. Offer6985,spam
Hello! Limited offer! Buy now and get a huge discount. Thank you. Offer1282,spam
Quick message: Act now to receive your free gift. Reply when you can. Offer9389,spam
Can you share the Wi-Fi password? Please reply. Ref7076,ham
Get a special discount now! Limited time offer. Please reply. Offer4050,spam
Hi! I reached safely. Please reply. Ref7176,ham
Hi! Claim your exclusive reward before it expires. Offer6483,spam
Important: Are you free this evening? Ref5525,ham
Hello! Let's have lunch together today. Please reply. Ref8194,ham
Important: Can we reschedule our appointment? Ref6080,ham
Reminder: You have won a guaranteed reward. Respond now. Reply when you can. Offer9513,spam
Today: The weather is nice today. Please reply. Ref2869,ham
Important: I am waiting outside the office. Let me know. Ref0963,ham
Quick message: I am going to the market now. Please reply. Ref1537,ham
Hello! Free coupon available now. Click to redeem. Let me know. Offer3547,spam
Just letting you know: Happy birthday! Have a wonderful day. Have a good day. Ref6243,ham
Important: Free membership available. Register today. Please reply. Offer5059,spam
Hi! Limited offer! Buy now and get a huge discount. Thanks. Offer9545,spam
I will call you after work. Thanks. Ref9664,ham
Just letting you know: Limited offer! Buy now and get a huge discount. Please reply. Offer1053,spam
Reminder: You are selected for a free prize. Confirm your details. Offer9553,spam
Just letting you know: Let me know when you are available. Please reply. Ref7866,ham
"Just letting you know: Hey, are we still meeting at 6 pm? Please reply. Ref1756",ham
Just letting you know: The weather is nice today. Please reply. Ref4493,ham
Please note: Congratulations winner! Contact us to collect your prize. Thanks. Offer5192,spam
Important: I am going to the market now. Reply when you can. Ref8534,ham
Important: Please submit the form before Friday. Thanks. Ref5036,ham
Important: Exclusive offer available only today. Claim now. Thank you. Offer8971,spam
Important: Your order has been delivered. Ref0141,ham
"Today: Hey, are we still meeting at 6 pm? Thanks. Ref2813",ham
Hello! Special promotion! Get 90 percent off today. Let me know. Offer5762,spam
Hi! Earn money from home with our amazing opportunity. Thanks. Offer7577,spam
I will be there in ten minutes. Reply when you can. Ref2661,ham
Important: Earn money from home with our amazing opportunity. Offer6691,spam
Please note: Congratulations! You have won a free prize. Claim now. Let me know. Offer6826,spam
Just letting you know: URGENT! You have been selected for a cash reward. Call now. Offer6972,spam
Reminder: Congratulations! You have won a free prize. Claim now. Let me know. Offer7380,spam
Reminder: Earn thousands from home. Join this opportunity now. Thanks. Offer7717,spam
Today: You are eligible for a special bonus. Apply immediately. Offer6785,spam
You have won a guaranteed reward. Respond now. Let me know. Offer8702,spam
Hi! You have won a guaranteed reward. Respond now. Thanks. Offer8905,spam
Just letting you know: Happy birthday! Have a wonderful day. Ref0540,ham
Just letting you know: Earn money from home with our amazing opportunity. Please reply. Offer0098,spam
Please note: Thanks for helping me yesterday. Have a good day. Ref2284,ham
Free membership available. Register today. Offer8007,spam
Reminder: Your assignment is due tomorrow. Please reply. Ref8324,ham
Important: Exclusive winner notification. Claim your cash prize. Please reply. Offer9164,spam
Important: Please submit the form before Friday. Ref6048,ham
Reminder: I am waiting outside the office. Reply when you can. Ref6045,ham
Please note: Special promotion! Get 90 percent off today. Thank you. Offer3806,spam
Quick message: You have won a guaranteed reward. Respond now. Offer3769,spam
Hello! Earn thousands from home. Join this opportunity now. Reply when you can. Offer9395,spam
Hi! Urgent reward notification. Claim before midnight. Have a good day. Offer6354,spam
Important: The class has been moved to room 204. Thank you. Ref9326,ham
Please note: Let's have lunch together today. Thank you. Ref6967,ham
Can you send me the notes from today's class? Have a good day. Ref6652,ham
Reminder: Can we reschedule our appointment? Thanks. Ref9558,ham
Quick message: Can you pick up some groceries on your way? Thanks. Ref4657,ham
Please note: The class has been moved to room 204. Thanks. Ref1590,ham
Today: FREE entry to win a luxury car. Reply WIN now. Have a good day. Offer7275,spam
Today: The class has been moved to room 204. Please reply. Ref5512,ham
Please note: I have sent the documents to your email. Let me know. Ref1467,ham
Reminder: URGENT! You have been selected for a cash reward. Call now. Offer1207,spam
Reminder: Act now to receive your free gift. Thank you. Offer3478,spam
Quick message: I reached safely. Thanks. Ref6103,ham
Hi! Claim your exclusive reward before it expires. Reply when you can. Offer7285,spam
Reminder: I am waiting outside the office. Let me know. Ref6499,ham
Please note: WIN CASH NOW! Reply YES to receive your reward. Let me know. Offer2880,spam
Please note: Can we reschedule our appointment? Reply when you can. Ref3029,ham
Today: Are you free this evening? Thanks. Ref6853,ham
Reminder: What time does the train arrive? Thanks. Ref1196,ham
Quick message: I am waiting outside the office. Have a good day. Ref4974,ham
Reminder: You are selected for a free prize. Confirm your details. Thank you. Offer8238,spam
Please note: Please remind me about the meeting. Have a good day. Ref5756,ham
Hello! WIN CASH NOW! Reply YES to receive your reward. Thanks. Offer3599,spam
Just letting you know: Get a special discount now! Limited time offer. Offer8645,spam
Quick message: URGENT! You have been selected for a cash reward. Call now. Thanks. Offer9938,spam
Just letting you know: Claim your exclusive reward before it expires. Please reply. Offer3055,spam
Hello! Please call me when you reach home. Ref0890,ham
Reminder: Earn thousands from home. Join this opportunity now. Reply when you can. Offer5668,spam
Important: What time does the train arrive? Let me know. Ref1782,ham
Quick message: Exclusive winner notification. Claim your cash prize. Thank you. Offer3036,spam
Are you free this evening? Ref5662,ham
Important: The project presentation is on Monday. Reply when you can. Ref3227,ham
Just letting you know: Please remind me about the meeting. Thank you. Ref9987,ham
Please note: Please submit the form before Friday. Please reply. Ref8761,ham
Please note: Free coupon available now. Click to redeem. Offer5079,spam
Important: I am waiting outside the office. Thanks. Ref8256,ham
Today: URGENT! You have been selected for a cash reward. Call now. Let me know. Offer6371,spam
Quick message: Can you share the Wi-Fi password? Have a good day. Ref3600,ham
Important: The weather is nice today. Please reply. Ref0809,ham
Hello! Special promotion! Get 90 percent off today. Offer7630,spam
Free gift waiting for you. Claim your reward today. Reply when you can. Offer9857,spam
"Please note: Congratulations, your number has won a cash bonus. Thank you. Offer5008",spam
Hello! You are selected for a free prize. Confirm your details. Please reply. Offer6294,spam
Quick message: You are selected for a free prize. Confirm your details. Offer3166,spam
Please call me when you reach home. Ref6546,ham
Just letting you know: I am going to the market now. Let me know. Ref4485,ham
Important: Happy birthday! Have a wonderful day. Ref7104,ham
Important: Amazing deal! Get your bonus before the offer ends. Let me know. Offer4434,spam
Just letting you know: See you tomorrow morning. Have a good day. Ref4455,ham
Please note: Special promotion! Get 90 percent off today. Have a good day. Offer7409,spam
Just letting you know: Please remind me about the meeting. Thanks. Ref1922,ham
Today: Are you free this evening? Let me know. Ref8695,ham
Important: Let me know when you are available. Let me know. Ref4215,ham
Today: Let me know when you are available. Let me know. Ref3831,ham
Hello! Are you free this evening? Thank you. Ref5758,ham
Hi! You have won a guaranteed reward. Respond now. Offer4635,spam
Reminder: I will call you after work. Please reply. Ref1516,ham
Quick message: Free membership available. Register today. Reply when you can. Offer4735,spam
Important: Can you send me the notes from today's class? Thank you. Ref2633,ham
Just letting you know: Happy birthday! Have a wonderful day. Let me know. Ref7537,ham
Reminder: Let's have lunch together today. Let me know. Ref3100,ham
Important: Let me know when you are available. Let me know. Ref1155,ham
Hi! Can we reschedule our appointment? Have a good day. Ref8477,ham
Hi! Special cash offer just for you. Reply now. Have a good day. Offer2100,spam
Hello! I am going to the market now. Ref0516,ham
Reminder: The weather is nice today. Ref6289,ham
Hello! Can we reschedule our appointment? Let me know. Ref1319,ham
Important: Claim your exclusive reward before it expires. Reply when you can. Offer8086,spam
Hi! Can we reschedule our appointment? Reply when you can. Ref3813,ham
Today: Free coupon available now. Click to redeem. Let me know. Offer8347,spam
Reminder: You are selected for a free prize. Confirm your details. Reply when you can. Offer2229,spam
Hello! The weather is nice today. Thanks. Ref6478,ham
Hello! Happy birthday! Have a wonderful day. Thank you. Ref7187,ham
Just letting you know: I am going to the market now. Thanks. Ref0584,ham
Today: See you tomorrow morning. Let me know. Ref1770,ham
Please note: The weather is nice today. Please reply. Ref3009,ham
Hello! Get a special discount now! Limited time offer. Let me know. Offer1164,spam
Just letting you know: Claim your exclusive reward before it expires. Reply when you can. Offer3356,spam
Just letting you know: The meeting starts at 10 am. Please reply. Ref6743,ham
Just letting you know: You are selected for a free prize. Confirm your details. Let me know. Offer0157,spam
Please note: Special cash offer just for you. Reply now. Please reply. Offer3909,spam
"Quick message: Hey, are we still meeting at 6 pm? Ref5865",ham
Quick message: URGENT! You have been selected for a cash reward. Call now. Let me know. Offer6882,spam
Just letting you know: Let me know when you are available. Ref9108,ham
What time does the train arrive? Thank you. Ref7375,ham
Hello! I am waiting outside the office. Let me know. Ref0589,ham
Today: Win a brand new phone today. Click to claim your prize. Offer7093,spam
I will call you after work. Let me know. Ref2498,ham
Today: I have sent the documents to your email. Please reply. Ref4896,ham
Hello! Please bring your laptop tomorrow. Let me know. Ref0321,ham
Hi! Special cash offer just for you. Reply now. Let me know. Offer5865,spam
Important: Please remind me about the meeting. Let me know. Ref7978,ham
Quick message: Are you free this evening? Ref6137,ham
Happy birthday! Have a wonderful day. Let me know. Ref5126,ham
Hi! Claim your exclusive reward before it expires. Thanks. Offer4231,spam
"Important: Hey, are we still meeting at 6 pm? Reply when you can. Ref8662",ham
Important: You are the lucky winner of a huge cash prize. Thanks. Offer2172,spam
Today: Your assignment is due tomorrow. Ref5797,ham
Hi! The meeting starts at 10 am. Thank you. Ref6337,ham
Hello! I will be there in ten minutes. Reply when you can. Ref3546,ham
Just letting you know: Win a brand new phone today. Click to claim your prize. Reply when you can. Offer9918,spam
"Hello! Hey, are we still meeting at 6 pm? Thank you. Ref0545",ham
Today: Congratulations winner! Contact us to collect your prize. Offer9101,spam
Important: WIN CASH NOW! Reply YES to receive your reward. Thank you. Offer5285,spam
Please note: Can we reschedule our appointment? Thank you. Ref3888,ham
Just letting you know: I am going to the market now. Ref2518,ham
Important: Win a brand new phone today. Click to claim your prize. Thanks. Offer8674,spam
Reminder: Congratulations winner! Contact us to collect your prize. Have a good day. Offer2991,spam
Hi! FREE entry to win a luxury car. Reply WIN now. Thank you. Offer7978,spam
Important: I am going to the market now. Please reply. Ref1712,ham
Please check the attached report. Let me know. Ref2320,ham
Important: Happy birthday! Have a wonderful day. Ref3002,ham
"Hello! Hey, are we still meeting at 6 pm? Please reply. Ref7082",ham
Today: You have been chosen for a free vacation. Thank you. Offer3624,spam
Please note: You are the lucky winner of a huge cash prize. Please reply. Offer9276,spam
Just letting you know: You have won a shopping voucher. Click here now. Please reply. Offer8582,spam
Reminder: I will be there in ten minutes. Please reply. Ref2375,ham
Hi! Are you free this evening? Reply when you can. Ref5135,ham
Important: I will be there in ten minutes. Thank you. Ref6715,ham
Important: Please call me when you reach home. Thank you. Ref2101,ham
Reminder: Can we reschedule our appointment? Reply when you can. Ref2551,ham
Please note: Your assignment is due tomorrow. Ref5034,ham
Just letting you know: Please bring your laptop tomorrow. Ref1678,ham
Quick message: Please check the attached report. Let me know. Ref2667,ham
Reminder: You are selected for a free prize. Confirm your details. Have a good day. Offer5071,spam
Important: Get a special discount now! Limited time offer. Let me know. Offer7714,spam
Today: Your assignment is due tomorrow. Please reply. Ref2265,ham
Hello! You have won a guaranteed reward. Respond now. Please reply. Offer2212,spam
Quick message: The class has been moved to room 204. Thanks. Ref5356,ham
Quick message: Congratulations winner! Contact us to collect your prize. Thanks. Offer1540,spam
Hi! Don't forget to bring your ID card. Ref2905,ham
Just letting you know: I have sent the documents to your email. Thank you. Ref6053,ham
Just letting you know: WIN CASH NOW! Reply YES to receive your reward. Reply when you can. Offer8161,spam
Hi! Your order has been delivered. Thanks. Ref4014,ham
Just letting you know: Exclusive offer available only today. Claim now. Thank you. Offer1312,spam
Reminder: I am waiting outside the office. Thank you. Ref5335,ham
Important: You are selected for a free prize. Confirm your details. Have a good day. Offer3296,spam
Quick message: Congratulations winner! Contact us to collect your prize. Offer0671,spam
Hi! I am waiting outside the office. Thanks. Ref0405,ham
Today: Can you pick up some groceries on your way? Thank you. Ref4419,ham
Reminder: You are selected for a free prize. Confirm your details. Thank you. Offer7126,spam
Reminder: You are eligible for a special bonus. Apply immediately. Thanks. Offer2952,spam
Just letting you know: FREE entry to win a luxury car. Reply WIN now. Offer1094,spam
You have been chosen for a free vacation. Offer3732,spam
Reminder: Claim your exclusive reward before it expires. Offer5305,spam
Hello! Let's have lunch together today. Let me know. Ref7282,ham
Today: Don't forget to bring your ID card. Have a good day. Ref3041,ham
Important: Please call me when you reach home. Ref3368,ham
Important: Limited offer! Buy now and get a huge discount. Have a good day. Offer5154,spam
Please check the attached report. Please reply. Ref8439,ham
Today: Win a brand new phone today. Click to claim your prize. Reply when you can. Offer8713,spam
Please check the attached report. Ref6840,ham
Important: Earn money from home with our amazing opportunity. Please reply. Offer5355,spam
Reminder: Please check the attached report. Thank you. Ref2365,ham
Just letting you know: I reached safely. Let me know. Ref9366,ham
The project presentation is on Monday. Reply when you can. Ref2947,ham
WIN CASH NOW! Reply YES to receive your reward. Thanks. Offer0140,spam
Hi! You have won a guaranteed reward. Respond now. Have a good day. Offer5986,spam
Hello! Please bring your laptop tomorrow. Let me know. Ref8700,ham
Important: Let me know when you are available. Reply when you can. Ref8013,ham
Quick message: I will be there in ten minutes. Have a good day. Ref1105,ham
Reminder: Thanks for helping me yesterday. Have a good day. Ref0736,ham
Please note: Let's have lunch together today. Have a good day. Ref4053,ham
"Quick message: Congratulations, your number has won a cash bonus. Thanks. Offer4743",spam
Important: Can you send me the notes from today's class? Reply when you can. Ref1025,ham
Hi! I will call you after work. Please reply. Ref0517,ham
"Quick message: Hey, are we still meeting at 6 pm? Thanks. Ref2680",ham
Important: Exclusive winner notification. Claim your cash prize. Please reply. Offer0537,spam
Hello! Exclusive winner notification. Claim your cash prize. Thanks. Offer9735,spam
Today: Are you free this evening? Thank you. Ref8026,ham
Hello! Please call me when you reach home. Ref0147,ham
Important: Free coupon available now. Click to redeem. Thank you. Offer4419,spam
"Important: Congratulations, your number has won a cash bonus. Thank you. Offer9382",spam
Just letting you know: I have sent the documents to your email. Ref3577,ham
Reminder: URGENT! You have been selected for a cash reward. Call now. Let me know. Offer4490,spam
Please note: You have won a guaranteed reward. Respond now. Offer5228,spam
Hello! The meeting starts at 10 am. Thank you. Ref4100,ham
See you tomorrow morning. Please reply. Ref3343,ham
Just letting you know: Your assignment is due tomorrow. Thank you. Ref6676,ham
Reminder: Can you send me the notes from today's class? Thanks. Ref4319,ham
Please note: The weather is nice today. Thanks. Ref2887,ham
Today: WIN CASH NOW! Reply YES to receive your reward. Thanks. Offer4236,spam
Today: You are selected for a free prize. Confirm your details. Thanks. Offer1250,spam
Hi! Claim your exclusive reward before it expires. Offer3936,spam
Hello! Congratulations! You have won a free prize. Claim now. Thank you. Offer3054,spam
You have been chosen for a free vacation. Thank you. Offer6145,spam
Please note: Special cash offer just for you. Reply now. Please reply. Offer7030,spam
Important: URGENT! You have been selected for a cash reward. Call now. Have a good day. Offer5108,spam
Reminder: WIN CASH NOW! Reply YES to receive your reward. Have a good day. Offer7676,spam
Today: Can you send me the notes from today's class? Please reply. Ref2846,ham
Hi! You have won a shopping voucher. Click here now. Let me know. Offer2620,spam
Hi! Let me know when you are available. Thank you. Ref1266,ham
"Congratulations, your number has won a cash bonus. Let me know. Offer5330",spam
I reached safely. Thank you. Ref1216,ham
Just letting you know: I have sent the documents to your email. Reply when you can. Ref0338,ham
The weather is nice today. Have a good day. Ref6506,ham
Just letting you know: I reached safely. Please reply. Ref6750,ham
Please note: Earn money from home with our amazing opportunity. Let me know. Offer8880,spam
Hi! Free coupon available now. Click to redeem. Thanks. Offer2994,spam
Just letting you know: Exclusive offer available only today. Claim now. Have a good day. Offer1490,spam
Please note: You are the lucky winner of a huge cash prize. Please reply. Offer2018,spam
Hi! I will call you after work. Thanks. Ref8916,ham
Just letting you know: Get rich quickly with this incredible money-making offer. Thanks. Offer1149,spam
Congratulations winner! Contact us to collect your prize. Thank you. Offer2775,spam
Just letting you know: Free membership available. Register today. Reply when you can. Offer7222,spam
Hello! URGENT! You have been selected for a cash reward. Call now. Reply when you can. Offer1879,spam
Reminder: Please bring your laptop tomorrow. Ref8994,ham
Reminder: You have been chosen for a free vacation. Have a good day. Offer7073,spam
Reminder: Please call me when you reach home. Thanks. Ref1487,ham
Today: You have won a shopping voucher. Click here now. Have a good day. Offer1451,spam
Hello! I have sent the documents to your email. Ref0954,ham
Reminder: Please submit the form before Friday. Please reply. Ref9353,ham
"Quick message: Congratulations, your number has won a cash bonus. Thanks. Offer8246",spam
Quick message: WIN CASH NOW! Reply YES to receive your reward. Offer4139,spam
Today: Congratulations winner! Contact us to collect your prize. Thanks. Offer8059,spam
Hi! You have won a shopping voucher. Click here now. Thank you. Offer3334,spam
Please note: Win a brand new phone today. Click to claim your prize. Thank you. Offer0725,spam
Hi! Don't forget to bring your ID card. Let me know. Ref2376,ham
Please note: Can you send me the notes from today's class? Please reply. Ref0425,ham
Quick message: I reached safely. Thanks. Ref6453,ham
Important: Don't forget to bring your ID card. Let me know. Ref3922,ham
Hello! Can we reschedule our appointment? Thank you. Ref3071,ham
Hi! I will be there in ten minutes. Please reply. Ref8471,ham
Quick message: You have been chosen for a free vacation. Let me know. Offer0965,spam
Please note: You have been chosen for a free vacation. Let me know. Offer4627,spam
Hi! I will call you after work. Please reply. Ref7113,ham
Get rich quickly with this incredible money-making offer. Please reply. Offer9896,spam
Win a brand new phone today. Click to claim your prize. Thank you. Offer3395,spam
I have sent the documents to your email. Thank you. Ref0532,ham
Just letting you know: You have been chosen for a free vacation. Thank you. Offer5826,spam
I reached safely. Thanks. Ref1552,ham
Reminder: Special cash offer just for you. Reply now. Thanks. Offer9441,spam
Important: Please call me when you reach home. Thanks. Ref1015,ham
Reminder: The project presentation is on Monday. Let me know. Ref1114,ham
Hello! You are selected for a free prize. Confirm your details. Thanks. Offer7224,spam
Hello! Exclusive offer available only today. Claim now. Thank you. Offer9946,spam
Don't forget to bring your ID card. Thank you. Ref6563,ham
Reminder: Amazing deal! Get your bonus before the offer ends. Have a good day. Offer4083,spam
Today: Earn thousands from home. Join this opportunity now. Have a good day. Offer1568,spam
Please note: What time does the train arrive? Have a good day. Ref7644,ham
Hello! Free coupon available now. Click to redeem. Offer4009,spam
Hi! Let's have lunch together today. Let me know. Ref4838,ham
Just letting you know: Amazing deal! Get your bonus before the offer ends. Have a good day. Offer4913,spam
Quick message: Win a brand new phone today. Click to claim your prize. Thanks. Offer3499,spam
Important: Your assignment is due tomorrow. Let me know. Ref3840,ham
Today: You have won a guaranteed reward. Respond now. Please reply. Offer9644,spam
Please note: Let's have lunch together today. Reply when you can. Ref6663,ham
Hi! Win a brand new phone today. Click to claim your prize. Let me know. Offer8315,spam
Hi! Please bring your laptop tomorrow. Thank you. Ref3105,ham
The class has been moved to room 204. Reply when you can. Ref4584,ham
Hello! Special promotion! Get 90 percent off today. Thank you. Offer5636,spam
Just letting you know: I reached safely. Thanks. Ref6979,ham
Please note: Win a brand new phone today. Click to claim your prize. Reply when you can. Offer3845,spam
Today: I will call you after work. Thank you. Ref0515,ham
Quick message: I will call you after work. Thanks. Ref3500,ham
Hi! Can you send me the notes from today's class? Thanks. Ref3586,ham
Hello! Amazing deal! Get your bonus before the offer ends. Please reply. Offer5052,spam
Hi! What time does the train arrive? Reply when you can. Ref1141,ham
Just letting you know: Let me know when you are available. Ref3210,ham
The class has been moved to room 204. Let me know. Ref2208,ham
Hi! Happy birthday! Have a wonderful day. Thank you. Ref1120,ham
Quick message: Please remind me about the meeting. Let me know. Ref3019,ham
Quick message: The project presentation is on Monday. Let me know. Ref8965,ham
Please note: Free coupon available now. Click to redeem. Thank you. Offer8150,spam
"Reminder: Hey, are we still meeting at 6 pm? Ref6742",ham
Hello! Congratulations winner! Contact us to collect your prize. Please reply. Offer3256,spam
Please note: I will call you after work. Let me know. Ref7196,ham
Please note: You are the lucky winner of a huge cash prize. Offer7759,spam
Important: I will be there in ten minutes. Reply when you can. Ref4016,ham
Happy birthday! Have a wonderful day. Ref7509,ham
Today: I am waiting outside the office. Have a good day. Ref1658,ham
Hello! You are the lucky winner of a huge cash prize. Let me know. Offer0698,spam
Please submit the form before Friday. Let me know. Ref8844,ham
Can you send me the notes from today's class? Have a good day. Ref0122,ham
Reminder: You have won a shopping voucher. Click here now. Let me know. Offer9928,spam
Important: Get rich quickly with this incredible money-making offer. Offer8293,spam
Reminder: Free membership available. Register today. Reply when you can. Offer8840,spam
Today: Happy birthday! Have a wonderful day. Let me know. Ref6891,ham
Important: Don't forget to bring your ID card. Thank you. Ref0172,ham
"Hi! Congratulations, your number has won a cash bonus. Please reply. Offer2455",spam
Important: Your order has been delivered. Thank you. Ref2484,ham
Important: Act now to receive your free gift. Have a good day. Offer4344,spam
You are selected for a free prize. Confirm your details. Have a good day. Offer9080,spam
Reminder: You are eligible for a special bonus. Apply immediately. Let me know. Offer4222,spam
Please note: Free gift waiting for you. Claim your reward today. Thank you. Offer6351,spam
Just letting you know: URGENT! You have been selected for a cash reward. Call now. Have a good day. Offer4677,spam
Today: The meeting starts at 10 am. Please reply. Ref1900,ham
Just letting you know: Can you pick up some groceries on your way? Reply when you can. Ref0108,ham
Please note: Are you free this evening? Thank you. Ref8304,ham
Today: Free coupon available now. Click to redeem. Reply when you can. Offer0441,spam
Important: Get rich quickly with this incredible money-making offer. Let me know. Offer7974,spam
Amazing deal! Get your bonus before the offer ends. Please reply. Offer5399,spam
Limited offer! Buy now and get a huge discount. Have a good day. Offer0635,spam
Hello! URGENT! You have been selected for a cash reward. Call now. Let me know. Offer4161,spam
Today: Please submit the form before Friday. Ref5833,ham
Today: Urgent reward notification. Claim before midnight. Let me know. Offer0512,spam
Reminder: Please remind me about the meeting. Let me know. Ref5951,ham
Just letting you know: Can we reschedule our appointment? Thank you. Ref8204,ham
Quick message: You are eligible for a special bonus. Apply immediately. Thanks. Offer3323,spam
Important: Please submit the form before Friday. Let me know. Ref1736,ham
Hi! Your assignment is due tomorrow. Please reply. Ref0573,ham
Hi! Thanks for helping me yesterday. Please reply. Ref9615,ham
Hello! Urgent reward notification. Claim before midnight. Reply when you can. Offer1323,spam
Hi! Can you send me the notes from today's class? Have a good day. Ref0850,ham
Important: Can you send me the notes from today's class? Ref1400,ham
Please note: The weather is nice today. Thanks. Ref5867,ham
Please note: Thanks for helping me yesterday. Thank you. Ref8521,ham
Hi! Congratulations! You have won a free prize. Claim now. Let me know. Offer3825,spam
Today: Please call me when you reach home. Thank you. Ref9271,ham
Important: Win a brand new phone today. Click to claim your prize. Offer9730,spam
Hello! Please check the attached report. Thank you. Ref9980,ham
Important: Please bring your laptop tomorrow. Reply when you can. Ref5422,ham
Quick message: Free gift waiting for you. Claim your reward today. Reply when you can. Offer9966,spam
Reminder: Claim your exclusive reward before it expires. Thank you. Offer8828,spam
Quick message: The class has been moved to room 204. Reply when you can. Ref9349,ham
Just letting you know: Get rich quickly with this incredible money-making offer. Offer1969,spam
Please note: You have won a guaranteed reward. Respond now. Thanks. Offer4634,spam
Hi! I am waiting outside the office. Let me know. Ref6844,ham
Special promotion! Get 90 percent off today. Have a good day. Offer7591,spam
"Hi! Hey, are we still meeting at 6 pm? Thanks. Ref2272",ham
Hi! Special promotion! Get 90 percent off today. Offer5268,spam
Today: Your order has been delivered. Have a good day. Ref7180,ham
Hello! I will be there in ten minutes. Ref5058,ham
Quick message: Free membership available. Register today. Offer3785,spam
Important: Please remind me about the meeting. Reply when you can. Ref7003,ham
Reminder: The meeting starts at 10 am. Ref4358,ham
Quick message: Exclusive winner notification. Claim your cash prize. Offer3034,spam
Please note: Please remind me about the meeting. Let me know. Ref9148,ham
Please note: Your order has been delivered. Ref8076,ham
Important: You are selected for a free prize. Confirm your details. Thank you. Offer7873,spam
Important: What time does the train arrive? Ref5670,ham
Amazing deal! Get your bonus before the offer ends. Thanks. Offer3112,spam
Important: The weather is nice today. Thank you. Ref0478,ham
Just letting you know: Win a brand new phone today. Click to claim your prize. Let me know. Offer2340,spam
Just letting you know: URGENT! You have been selected for a cash reward. Call now. Thank you. Offer9134,spam
Important: Can you share the Wi-Fi password? Ref3059,ham
Claim your exclusive reward before it expires. Offer5673,spam
Hello! The weather is nice today. Let me know. Ref1047,ham
Hi! You have won a shopping voucher. Click here now. Reply when you can. Offer6982,spam
Quick message: Don't forget to bring your ID card. Ref2401,ham
Today: Please submit the form before Friday. Let me know. Ref4410,ham
Important: Earn thousands from home. Join this opportunity now. Offer1916,spam
Hello! WIN CASH NOW! Reply YES to receive your reward. Reply when you can. Offer1583,spam
Just letting you know: Please call me when you reach home. Thank you. Ref9786,ham
Today: Free membership available. Register today. Offer4271,spam
Quick message: Get rich quickly with this incredible money-making offer. Reply when you can. Offer8031,spam
Reminder: Let me know when you are available. Please reply. Ref0498,ham
Please note: Please call me when you reach home. Have a good day. Ref4629,ham
Hello! The weather is nice today. Have a good day. Ref0045,ham
Reminder: The project presentation is on Monday. Let me know. Ref4459,ham
Quick message: Please remind me about the meeting. Thank you. Ref2516,ham
Quick message: FREE entry to win a luxury car. Reply WIN now. Let me know. Offer6734,spam
Important: I am going to the market now. Thanks. Ref6331,ham
Just letting you know: Win a brand new phone today. Click to claim your prize. Thanks. Offer6543,spam
Hello! You are the lucky winner of a huge cash prize. Thanks. Offer7677,spam
Hello! Can you share the Wi-Fi password? Let me know. Ref3153,ham
Hi! You have won a guaranteed reward. Respond now. Have a good day. Offer4586,spam
Today: Act now to receive your free gift. Have a good day. Offer9932,spam
Hello! Please check the attached report. Please reply. Ref6073,ham
Quick message: Earn thousands from home. Join this opportunity now. Let me know. Offer4629,spam
Today: Can you send me the notes from today's class? Please reply. Ref6829,ham
Important: Let's have lunch together today. Reply when you can. Ref3550,ham
Important: Can you pick up some groceries on your way? Thanks. Ref9852,ham
Hi! Can you send me the notes from today's class? Thank you. Ref2022,ham
Please note: Are you free this evening? Thanks. Ref2372,ham
Hi! I will be there in ten minutes. Thank you. Ref2219,ham
Today: Exclusive winner notification. Claim your cash prize. Please reply. Offer0499,spam
Hi! I am going to the market now. Please reply. Ref5141,ham
The meeting starts at 10 am. Ref9099,ham
Reminder: The class has been moved to room 204. Have a good day. Ref6064,ham
Please note: Special promotion! Get 90 percent off today. Thanks. Offer3965,spam
Hi! Exclusive offer available only today. Claim now. Thank you. Offer8606,spam
Let's have lunch together today. Reply when you can. Ref6851,ham
Important: Your order has been delivered. Ref1518,ham
Please note: The project presentation is on Monday. Ref0378,ham
Quick message: Earn money from home with our amazing opportunity. Let me know. Offer8382,spam
Quick message: You are selected for a free prize. Confirm your details. Reply when you can. Offer6688,spam
Reminder: I am going to the market now. Thanks. Ref1523,ham
Hello! Congratulations winner! Contact us to collect your prize. Thanks. Offer7988,spam
Hello! Congratulations! You have won a free prize. Claim now. Please reply. Offer8147,spam
Hello! I am going to the market now. Please reply. Ref8529,ham
Hello! Please check the attached report. Ref9579,ham
Just letting you know: Free coupon available now. Click to redeem. Thank you. Offer0771,spam
Hello! The class has been moved to room 204. Have a good day. Ref1760,ham
Important: FREE entry to win a luxury car. Reply WIN now. Please reply. Offer5379,spam
Reminder: Claim your exclusive reward before it expires. Offer7920,spam
Please note: Exclusive offer available only today. Claim now. Have a good day. Offer5859,spam
Hello! I am waiting outside the office. Thank you. Ref9684,ham
Just letting you know: You have won a guaranteed reward. Respond now. Have a good day. Offer8461,spam
Hello! Can you send me the notes from today's class? Thank you. Ref4125,ham
Quick message: Thanks for helping me yesterday. Let me know. Ref0191,ham
Reminder: You have won a shopping voucher. Click here now. Reply when you can. Offer5682,spam
Please note: Earn thousands from home. Join this opportunity now. Thank you. Offer7748,spam
Quick message: Please bring your laptop tomorrow. Thanks. Ref7197,ham
Please note: Happy birthday! Have a wonderful day. Thank you. Ref7300,ham
Hi! You have won a guaranteed reward. Respond now. Reply when you can. Offer1393,spam
Quick message: Free gift waiting for you. Claim your reward today. Thank you. Offer5320,spam
Please note: You have been chosen for a free vacation. Please reply. Offer7444,spam
Important: Don't forget to bring your ID card. Ref6195,ham
Reminder: Please check the attached report. Thanks. Ref5195,ham
Hi! WIN CASH NOW! Reply YES to receive your reward. Have a good day. Offer7540,spam
Hi! Congratulations! You have won a free prize. Claim now. Please reply. Offer5223,spam
Your assignment is due tomorrow. Thank you. Ref4990,ham
Please note: FREE entry to win a luxury car. Reply WIN now. Please reply. Offer2457,spam
Reminder: Please remind me about the meeting. Thanks. Ref6526,ham
Hello! Don't forget to bring your ID card. Thanks. Ref1253,ham
Reminder: Exclusive offer available only today. Claim now. Please reply. Offer8338,spam
Important: Are you free this evening? Let me know. Ref9627,ham
Don't forget to bring your ID card. Thanks. Ref9001,ham
Hi! I reached safely. Please reply. Ref9950,ham
Please note: I am going to the market now. Let me know. Ref0673,ham
Hello! You are selected for a free prize. Confirm your details. Please reply. Offer4418,spam
Earn money from home with our amazing opportunity. Reply when you can. Offer4185,spam
Hi! Please submit the form before Friday. Please reply. Ref6032,ham
Please note: Special cash offer just for you. Reply now. Thank you. Offer3177,spam
Please note: You are eligible for a special bonus. Apply immediately. Thank you. Offer2639,spam
Please note: Can you send me the notes from today's class? Ref3245,ham
Please note: Don't forget to bring your ID card. Please reply. Ref8524,ham
Please note: Act now to receive your free gift. Let me know. Offer6790,spam
Just letting you know: Urgent reward notification. Claim before midnight. Reply when you can. Offer7454,spam
Hi! You have won a shopping voucher. Click here now. Let me know. Offer3272,spam
Please note: Please check the attached report. Thank you. Ref0071,ham
Win a brand new phone today. Click to claim your prize. Offer1439,spam
Please note: You have won a guaranteed reward. Respond now. Reply when you can. Offer9418,spam
Hi! Earn money from home with our amazing opportunity. Let me know. Offer0807,spam
Hi! Congratulations! Your account has received a reward. Offer9013,spam
Hi! Get rich quickly with this incredible money-making offer. Thanks. Offer8223,spam
Please note: You have been chosen for a free vacation. Thank you. Offer0185,spam
Quick message: Thanks for helping me yesterday. Reply when you can. Ref2523,ham
Hello! Special cash offer just for you. Reply now. Thanks. Offer1066,spam
Hi! See you tomorrow morning. Please reply. Ref8078,ham
Hi! Can you send me the notes from today's class? Thank you. Ref3656,ham
Reminder: Can you send me the notes from today's class? Reply when you can. Ref9492,ham
Important: Can you pick up some groceries on your way? Thank you. Ref4598,ham
Quick message: Claim your exclusive reward before it expires. Have a good day. Offer3455,spam
Reminder: Are you free this evening? Please reply. Ref2896,ham
Reminder: Please submit the form before Friday. Please reply. Ref1883,ham
Important: Can you share the Wi-Fi password? Let me know. Ref8605,ham
Today: I will be there in ten minutes. Let me know. Ref5481,ham
Reminder: Please bring your laptop tomorrow. Have a good day. Ref2117,ham
The meeting starts at 10 am. Have a good day. Ref5642,ham
Today: Free gift waiting for you. Claim your reward today. Let me know. Offer7317,spam
Please submit the form before Friday. Please reply. Ref4940,ham
Please note: The weather is nice today. Let me know. Ref5483,ham
Free coupon available now. Click to redeem. Have a good day. Offer4246,spam
Just letting you know: Special cash offer just for you. Reply now. Reply when you can. Offer6934,spam
Hello! I will be there in ten minutes. Ref5346,ham
Just letting you know: Let's have lunch together today. Ref7926,ham
URGENT! You have been selected for a cash reward. Call now. Thank you. Offer5077,spam
Today: Act now to receive your free gift. Offer4165,spam
Just letting you know: Get rich quickly with this incredible money-making offer. Please reply. Offer6109,spam
Today: I am going to the market now. Thanks. Ref0844,ham
Hi! Free gift waiting for you. Claim your reward today. Thank you. Offer4691,spam
Hello! Free gift waiting for you. Claim your reward today. Offer0288,spam
Just letting you know: Congratulations winner! Contact us to collect your prize. Thank you. Offer0372,spam
Important: Get rich quickly with this incredible money-making offer. Have a good day. Offer1943,spam
Today: Exclusive winner notification. Claim your cash prize. Offer7396,spam
URGENT! You have been selected for a cash reward. Call now. Please reply. Offer8969,spam
Today: The meeting starts at 10 am. Ref2831,ham
Hi! The project presentation is on Monday. Ref8016,ham
Don't forget to bring your ID card. Please reply. Ref3784,ham
Hello! FREE entry to win a luxury car. Reply WIN now. Offer0709,spam
Free membership available. Register today. Let me know. Offer8894,spam
Just letting you know: Special cash offer just for you. Reply now. Reply when you can. Offer3359,spam
"Important: Congratulations, your number has won a cash bonus. Thank you. Offer5913",spam
Hi! Get rich quickly with this incredible money-making offer. Thanks. Offer6461,spam
Hi! You have won a shopping voucher. Click here now. Offer8885,spam
Today: Your order has been delivered. Ref7576,ham
Today: You are the lucky winner of a huge cash prize. Have a good day. Offer0251,spam
Happy birthday! Have a wonderful day. Thanks. Ref3904,ham
Important: Please submit the form before Friday. Thanks. Ref6801,ham
Today: Are you free this evening? Reply when you can. Ref7803,ham
"Congratulations, your number has won a cash bonus. Let me know. Offer9311",spam
Get rich quickly with this incredible money-making offer. Have a good day. Offer0791,spam
Hello! I will call you after work. Please reply. Ref1295,ham
Today: Are you free this evening? Thanks. Ref4029,ham
Hi! I will be there in ten minutes. Please reply. Ref1793,ham
Hi! Get rich quickly with this incredible money-making offer. Let me know. Offer8528,spam
Quick message: WIN CASH NOW! Reply YES to receive your reward. Please reply. Offer3213,spam
Reminder: You have been chosen for a free vacation. Thank you. Offer1325,spam
Important: URGENT! You have been selected for a cash reward. Call now. Offer3010,spam
Important: I reached safely. Thank you. Ref9338,ham
Please note: Win a brand new phone today. Click to claim your prize. Have a good day. Offer4417,spam
Today: I will call you after work. Thanks. Ref7928,ham
Today: You are selected for a free prize. Confirm your details. Offer1911,spam
Hello! I am waiting outside the office. Thank you. Ref8223,ham
Important: The project presentation is on Monday. Ref6401,ham
Hello! Your assignment is due tomorrow. Let me know. Ref4001,ham
Today: Exclusive offer available only today. Claim now. Please reply. Offer2031,spam
Just letting you know: The project presentation is on Monday. Please reply. Ref3609,ham
Quick message: Claim your exclusive reward before it expires. Thanks. Offer0322,spam
Important: Get a special discount now! Limited time offer. Offer6362,spam
Important: Urgent reward notification. Claim before midnight. Thanks. Offer1828,spam
Please note: Can you pick up some groceries on your way? Ref1463,ham
Just letting you know: You are eligible for a special bonus. Apply immediately. Reply when you can. Offer5495,spam
Just letting you know: Please submit the form before Friday. Please reply. Ref0988,ham
Reminder: I am going to the market now. Reply when you can. Ref1059,ham
Exclusive offer available only today. Claim now. Thanks. Offer7872,spam
Hello! FREE entry to win a luxury car. Reply WIN now. Please reply. Offer6325,spam
Quick message: Congratulations winner! Contact us to collect your prize. Let me know. Offer5023,spam
Quick message: Free coupon available now. Click to redeem. Offer1498,spam
Hi! Get rich quickly with this incredible money-making offer. Please reply. Offer3504,spam
Hello! Don't forget to bring your ID card. Let me know. Ref9858,ham
Important: I will be there in ten minutes. Please reply. Ref0435,ham
Hi! The weather is nice today. Have a good day. Ref7131,ham
Quick message: I have sent the documents to your email. Please reply. Ref7824,ham
Hi! Get rich quickly with this incredible money-making offer. Reply when you can. Offer8410,spam
Today: Act now to receive your free gift. Let me know. Offer2590,spam
Reminder: Thanks for helping me yesterday. Please reply. Ref7725,ham
Quick message: Can you send me the notes from today's class? Let me know. Ref2944,ham
Hi! Let me know when you are available. Let me know. Ref3028,ham
The project presentation is on Monday. Thanks. Ref7124,ham
Hello! Are you free this evening? Ref3462,ham
Hello! I reached safely. Thank you. Ref3987,ham
Just letting you know: I will call you after work. Let me know. Ref7017,ham
Win a brand new phone today. Click to claim your prize. Please reply. Offer6636,spam
Reminder: Earn money from home with our amazing opportunity. Thank you. Offer3226,spam
Quick message: I will call you after work. Thanks. Ref0666,ham
Today: Can you share the Wi-Fi password? Please reply. Ref8571,ham
Just letting you know: WIN CASH NOW! Reply YES to receive your reward. Please reply. Offer6500,spam
Let's have lunch together today. Ref0168,ham
Today: Congratulations winner! Contact us to collect your prize. Reply when you can. Offer4758,spam
Just letting you know: I will be there in ten minutes. Ref9679,ham
Hello! Let's have lunch together today. Please reply. Ref8599,ham
Just letting you know: Are you free this evening? Have a good day. Ref2649,ham
"Today: Congratulations, your number has won a cash bonus. Please reply. Offer1949",spam
"Quick message: Congratulations, your number has won a cash bonus. Have a good day. Offer8457",spam
Just letting you know: Earn money from home with our amazing opportunity. Reply when you can. Offer7306,spam
The weather is nice today. Let me know. Ref9432,ham
Hello! Thanks for helping me yesterday. Ref4376,ham
Hi! Please remind me about the meeting. Please reply. Ref0469,ham
Important: Your order has been delivered. Thank you. Ref1112,ham
Today: Happy birthday! Have a wonderful day. Thanks. Ref8614,ham
Reminder: See you tomorrow morning. Let me know. Ref5131,ham
Important: Can you pick up some groceries on your way? Reply when you can. Ref2082,ham
Please note: Please check the attached report. Reply when you can. Ref5906,ham
Important: Exclusive offer available only today. Claim now. Have a good day. Offer2368,spam
Important: You are the lucky winner of a huge cash prize. Offer7634,spam
Hi! I will call you after work. Have a good day. Ref8294,ham
Hi! FREE entry to win a luxury car. Reply WIN now. Reply when you can. Offer9998,spam
Are you free this evening? Let me know. Ref5960,ham
Today: URGENT! You have been selected for a cash reward. Call now. Have a good day. Offer7765,spam
Please note: Get a special discount now! Limited time offer. Offer3646,spam
URGENT! You have been selected for a cash reward. Call now. Please reply. Offer1508,spam
Hello! What time does the train arrive? Have a good day. Ref5212,ham
Please note: Congratulations! You have won a free prize. Claim now. Offer1533,spam
Today: Earn thousands from home. Join this opportunity now. Offer8649,spam
Just letting you know: I am waiting outside the office. Let me know. Ref2920,ham
Special cash offer just for you. Reply now. Offer1046,spam
Hello! The project presentation is on Monday. Thanks. Ref5720,ham
The class has been moved to room 204. Ref4366,ham
Just letting you know: The meeting starts at 10 am. Thanks. Ref2568,ham
Important: I have sent the documents to your email. Let me know. Ref1567,ham
Just letting you know: I have sent the documents to your email. Thank you. Ref3308,ham
Reminder: Claim your exclusive reward before it expires. Reply when you can. Offer4770,spam
Today: Claim your exclusive reward before it expires. Thanks. Offer8631,spam
Can you share the Wi-Fi password? Thank you. Ref7574,ham
Reminder: You are the lucky winner of a huge cash prize. Thank you. Offer1139,spam
Today: Free membership available. Register today. Thanks. Offer8602,spam
Quick message: The weather is nice today. Please reply. Ref2772,ham
Just letting you know: See you tomorrow morning. Ref7776,ham
Special promotion! Get 90 percent off today. Thanks. Offer3738,spam
Important: You are selected for a free prize. Confirm your details. Reply when you can. Offer7740,spam
Your assignment is due tomorrow. Reply when you can. Ref1385,ham
Please note: Get rich quickly with this incredible money-making offer. Offer1858,spam
Important: You have won a guaranteed reward. Respond now. Offer7791,spam
Please note: I am waiting outside the office. Please reply. Ref6989,ham
Reminder: See you tomorrow morning. Ref3660,ham
Hello! I will call you after work. Ref2635,ham
Limited offer! Buy now and get a huge discount. Offer4719,spam
Just letting you know: Don't forget to bring your ID card. Thanks. Ref9667,ham
Important: The weather is nice today. Have a good day. Ref9276,ham
Today: Claim your exclusive reward before it expires. Thank you. Offer8014,spam
Reminder: Amazing deal! Get your bonus before the offer ends. Offer4400,spam
"Quick message: Congratulations, your number has won a cash bonus. Thank you. Offer7154",spam
Hello! I have sent the documents to your email. Ref2405,ham
Hello! Earn money from home with our amazing opportunity. Thanks. Offer8785,spam
Today: You are selected for a free prize. Confirm your details. Reply when you can. Offer4221,spam
Hello! Let me know when you are available. Please reply. Ref1091,ham
Just letting you know: Please bring your laptop tomorrow. Please reply. Ref5156,ham
Quick message: Special promotion! Get 90 percent off today. Reply when you can. Offer2296,spam
Hi! What time does the train arrive? Thanks. Ref7051,ham
Please note: Congratulations! You have won a free prize. Claim now. Offer7338,spam
Hello! You have won a guaranteed reward. Respond now. Please reply. Offer1187,spam
Hello! Can we reschedule our appointment? Ref8673,ham
I will be there in ten minutes. Reply when you can. Ref9914,ham
I am waiting outside the office. Ref4736,ham
Hi! Exclusive offer available only today. Claim now. Have a good day. Offer1805,spam
Please note: You are eligible for a special bonus. Apply immediately. Thank you. Offer2623,spam
Hello! Thanks for helping me yesterday. Reply when you can. Ref7346,ham
Important: I reached safely. Please reply. Ref3642,ham
Quick message: Can you send me the notes from today's class? Please reply. Ref6386,ham
Hello! Free membership available. Register today. Let me know. Offer9379,spam
Today: Can you pick up some groceries on your way? Reply when you can. Ref8080,ham
Today: Can you send me the notes from today's class? Thank you. Ref1042,ham
Quick message: Special promotion! Get 90 percent off today. Thank you. Offer3035,spam
Hi! You have won a shopping voucher. Click here now. Please reply. Offer9453,spam
Can you pick up some groceries on your way? Reply when you can. Ref0752,ham
Important: Please call me when you reach home. Please reply. Ref2844,ham
Hello! I reached safely. Have a good day. Ref5358,ham
Just letting you know: Can you send me the notes from today's class? Ref0130,ham
Important: Can you send me the notes from today's class? Please reply. Ref8400,ham
Reminder: Urgent reward notification. Claim before midnight. Please reply. Offer5962,spam
Hello! Are you free this evening? Let me know. Ref1774,ham
Just letting you know: Your order has been delivered. Please reply. Ref2368,ham
"Hey, are we still meeting at 6 pm? Thanks. Ref4126",ham
Reminder: Please check the attached report. Reply when you can. Ref8949,ham
Just letting you know: Please remind me about the meeting. Let me know. Ref6817,ham
Hi! Special cash offer just for you. Reply now. Reply when you can. Offer3692,spam
Free gift waiting for you. Claim your reward today. Offer4346,spam
Hello! The project presentation is on Monday. Thank you. Ref7559,ham
Please note: Free gift waiting for you. Claim your reward today. Thanks. Offer0620,spam
Just letting you know: I have sent the documents to your email. Please reply. Ref0519,ham
You are selected for a free prize. Confirm your details. Let me know. Offer6209,spam
Quick message: I have sent the documents to your email. Reply when you can. Ref9992,ham
Please note: Let's have lunch together today. Let me know. Ref8061,ham
Hi! The meeting starts at 10 am. Ref6659,ham
Please note: Win a brand new phone today. Click to claim your prize. Please reply. Offer0913,spam
Earn thousands from home. Join this opportunity now. Thanks. Offer3890,spam
Just letting you know: WIN CASH NOW! Reply YES to receive your reward. Please reply. Offer6058,spam
Hi! Happy birthday! Have a wonderful day. Thanks. Ref9290,ham
Hi! FREE entry to win a luxury car. Reply WIN now. Thanks. Offer4356,spam
Quick message: Exclusive winner notification. Claim your cash prize. Reply when you can. Offer9318,spam
Today: You have won a guaranteed reward. Respond now. Thanks. Offer9977,spam
Today: Exclusive offer available only today. Claim now. Thanks. Offer7435,spam
Please note: I will be there in ten minutes. Ref0683,ham
Please note: Special promotion! Get 90 percent off today. Please reply. Offer3899,spam
Please note: I am waiting outside the office. Ref8591,ham
Please note: You have been chosen for a free vacation. Let me know. Offer2671,spam
Quick message: I am waiting outside the office. Let me know. Ref1856,ham
Reminder: The class has been moved to room 204. Thank you. Ref4068,ham
Free membership available. Register today. Let me know. Offer1721,spam
I will call you after work. Thank you. Ref9237,ham
Today: Can you send me the notes from today's class? Thanks. Ref7422,ham
Quick message: Let's have lunch together today. Let me know. Ref6780,ham
Today: Congratulations! You have won a free prize. Claim now. Please reply. Offer6880,spam
Today: Congratulations! Your account has received a reward. Let me know. Offer1530,spam
Today: Can you pick up some groceries on your way? Ref6671,ham
Today: Don't forget to bring your ID card. Let me know. Ref9693,ham
Reminder: Free gift waiting for you. Claim your reward today. Thank you. Offer5304,spam
Just letting you know: Can we reschedule our appointment? Please reply. Ref2077,ham
I reached safely. Let me know. Ref7158,ham
Quick message: Congratulations! You have won a free prize. Claim now. Reply when you can. Offer9401,spam
Important: Congratulations winner! Contact us to collect your prize. Reply when you can. Offer4438,spam
Please note: Exclusive winner notification. Claim your cash prize. Thanks. Offer5033,spam
Important: Special cash offer just for you. Reply now. Let me know. Offer6975,spam
Today: Please bring your laptop tomorrow. Have a good day. Ref8891,ham
Hello! Your order has been delivered. Thank you. Ref9531,ham
Hello! Let me know when you are available. Reply when you can. Ref1465,ham
Today: Are you free this evening? Have a good day. Ref5735,ham
Important: Can you pick up some groceries on your way? Thank you. Ref8052,ham
Please note: I am going to the market now. Please reply. Ref8021,ham
Reminder: Exclusive winner notification. Claim your cash prize. Offer4892,spam
Please note: Please check the attached report. Please reply. Ref5044,ham
Just letting you know: What time does the train arrive? Have a good day. Ref4663,ham
Please note: Can you share the Wi-Fi password? Thank you. Ref0743,ham
Hello! The class has been moved to room 204. Have a good day. Ref7072,ham
Hello! I am going to the market now. Ref3568,ham
Reminder: You are eligible for a special bonus. Apply immediately. Offer7939,spam
Hello! Free gift waiting for you. Claim your reward today. Let me know. Offer6446,spam
Can we reschedule our appointment? Have a good day. Ref1504,ham
Just letting you know: Get rich quickly with this incredible money-making offer. Please reply. Offer6207,spam
Hi! Get a special discount now! Limited time offer. Let me know. Offer0369,spam
Today: Get a special discount now! Limited time offer. Thanks. Offer4681,spam
Hi! Win a brand new phone today. Click to claim your prize. Thank you. Offer0410,spam
Please note: You are selected for a free prize. Confirm your details. Let me know. Offer5803,spam
Reminder: Exclusive winner notification. Claim your cash prize. Thanks. Offer2947,spam
Quick message: Earn thousands from home. Join this opportunity now. Reply when you can. Offer3489,spam
"Just letting you know: Hey, are we still meeting at 6 pm? Reply when you can. Ref7718",ham
Hello! Don't forget to bring your ID card. Reply when you can. Ref6093,ham
Act now to receive your free gift. Please reply. Offer5637,spam
Reminder: I will call you after work. Ref6656,ham
Today: I will be there in ten minutes. Thanks. Ref7598,ham
You are selected for a free prize. Confirm your details. Reply when you can. Offer7141,spam
Hello! I am waiting outside the office. Please reply. Ref5386,ham
Hello! URGENT! You have been selected for a cash reward. Call now. Thank you. Offer1785,spam
Important: What time does the train arrive? Thanks. Ref1175,ham
Reminder: Your order has been delivered. Please reply. Ref0668,ham
Reminder: Congratulations winner! Contact us to collect your prize. Let me know. Offer6321,spam
Hello! Congratulations! Your account has received a reward. Reply when you can. Offer4510,spam
Please note: Free membership available. Register today. Offer0924,spam
Quick message: Limited offer! Buy now and get a huge discount. Offer3571,spam
Just letting you know: The project presentation is on Monday. Please reply. Ref6456,ham
Hi! Please remind me about the meeting. Please reply. Ref6762,ham
Please note: Thanks for helping me yesterday. Reply when you can. Ref1223,ham
Reminder: FREE entry to win a luxury car. Reply WIN now. Please reply. Offer1511,spam
Just letting you know: Get a special discount now! Limited time offer. Reply when you can. Offer9195,spam
Hi! Claim your exclusive reward before it expires. Have a good day. Offer5554,spam
Today: You have been chosen for a free vacation. Let me know. Offer2837,spam
Just letting you know: Please remind me about the meeting. Ref9518,ham
Please bring your laptop tomorrow. Ref0501,ham
Quick message: Limited offer! Buy now and get a huge discount. Offer5185,spam
Quick message: The class has been moved to room 204. Please reply. Ref2160,ham
Please note: You have won a guaranteed reward. Respond now. Have a good day. Offer8786,spam
Important: Let me know when you are available. Have a good day. Ref7954,ham
Reminder: What time does the train arrive? Please reply. Ref1520,ham
Hello! I am waiting outside the office. Reply when you can. Ref2802,ham
Hello! Can we reschedule our appointment? Thanks. Ref0766,ham
Quick message: You have been chosen for a free vacation. Thanks. Offer3542,spam
Important: Can you share the Wi-Fi password? Thanks. Ref3298,ham
Please note: You are the lucky winner of a huge cash prize. Have a good day. Offer9738,spam
Hi! You have won a guaranteed reward. Respond now. Please reply. Offer2024,spam
Please note: URGENT! You have been selected for a cash reward. Call now. Offer8044,spam
Just letting you know: See you tomorrow morning. Thanks. Ref7588,ham
Hi! Special promotion! Get 90 percent off today. Thank you. Offer1190,spam
Quick message: I am going to the market now. Please reply. Ref0456,ham
The project presentation is on Monday. Ref1566,ham
Today: Can you send me the notes from today's class? Have a good day. Ref3712,ham
Reminder: FREE entry to win a luxury car. Reply WIN now. Reply when you can. Offer7204,spam
Reminder: Congratulations! You have won a free prize. Claim now. Thanks. Offer2433,spam
Quick message: Limited offer! Buy now and get a huge discount. Offer1935,spam
Just letting you know: Congratulations! Your account has received a reward. Thank you. Offer8105,spam
Hi! You are eligible for a special bonus. Apply immediately. Thank you. Offer9868,spam
Hi! I am going to the market now. Ref0316,ham
Quick message: Can you pick up some groceries on your way? Have a good day. Ref5871,ham
Today: WIN CASH NOW! Reply YES to receive your reward. Have a good day. Offer2109,spam
Hi! Can you send me the notes from today's class? Ref4159,ham
Hi! Happy birthday! Have a wonderful day. Thank you. Ref1741,ham
Limited offer! Buy now and get a huge discount. Offer2396,spam
Please note: Amazing deal! Get your bonus before the offer ends. Thanks. Offer5295,spam
Quick message: The weather is nice today. Let me know. Ref9918,ham
Today: I will be there in ten minutes. Please reply. Ref9447,ham
Reminder: Don't forget to bring your ID card. Ref6963,ham
Just letting you know: Please call me when you reach home. Thanks. Ref8555,ham
Please note: You have won a shopping voucher. Click here now. Thanks. Offer8940,spam
The weather is nice today. Ref1778,ham
Hi! The project presentation is on Monday. Let me know. Ref5476,ham
Please note: I am waiting outside the office. Thanks. Ref4207,ham
Today: WIN CASH NOW! Reply YES to receive your reward. Please reply. Offer6676,spam
Please note: Are you free this evening? Ref8227,ham
Reminder: Let's have lunch together today. Thank you. Ref0127,ham
Please note: WIN CASH NOW! Reply YES to receive your reward. Please reply. Offer3618,spam
Hi! What time does the train arrive? Thank you. Ref3718,ham
Today: Free coupon available now. Click to redeem. Offer9904,spam
Hi! Limited offer! Buy now and get a huge discount. Let me know. Offer4401,spam
Just letting you know: Can we reschedule our appointment? Please reply. Ref9354,ham
Let's have lunch together today. Thank you. Ref3244,ham
Please note: I will be there in ten minutes. Let me know. Ref0331,ham
Just letting you know: You are the lucky winner of a huge cash prize. Let me know. Offer3898,spam
Get a special discount now! Limited time offer. Reply when you can. Offer3805,spam
"Hey, are we still meeting at 6 pm? Reply when you can. Ref6079",ham
Can you send me the notes from today's class? Thanks. Ref2734,ham
I am going to the market now. Please reply. Ref3047,ham
Important: URGENT! You have been selected for a cash reward. Call now. Thank you. Offer1631,spam
Please call me when you reach home. Thanks. Ref7419,ham
Quick message: Special cash offer just for you. Reply now. Reply when you can. Offer2065,spam
Today: URGENT! You have been selected for a cash reward. Call now. Let me know. Offer8190,spam
Hi! Your order has been delivered. Let me know. Ref2836,ham
The class has been moved to room 204. Thank you. Ref0291,ham
Important: The class has been moved to room 204. Thank you. Ref2035,ham
Quick message: Act now to receive your free gift. Have a good day. Offer3919,spam
Hi! Can you share the Wi-Fi password? Thanks. Ref6496,ham
Hi! Congratulations winner! Contact us to collect your prize. Let me know. Offer1515,spam
Hello! Please submit the form before Friday. Have a good day. Ref9616,ham
Just letting you know: Urgent reward notification. Claim before midnight. Thank you. Offer8934,spam
Please note: Amazing deal! Get your bonus before the offer ends. Please reply. Offer4334,spam
Hi! Let me know when you are available. Thank you. Ref8015,ham
Reminder: Please remind me about the meeting. Reply when you can. Ref7911,ham
Quick message: FREE entry to win a luxury car. Reply WIN now. Let me know. Offer7573,spam
Important: Win a brand new phone today. Click to claim your prize. Let me know. Offer9025,spam
Just letting you know: Special cash offer just for you. Reply now. Offer3327,spam
Just letting you know: The weather is nice today. Thank you. Ref5795,ham
Today: Thanks for helping me yesterday. Let me know. Ref7161,ham
Important: Claim your exclusive reward before it expires. Offer8361,spam
Today: I reached safely. Please reply. Ref0295,ham
Quick message: Claim your exclusive reward before it expires. Let me know. Offer1063,spam
Quick message: Please remind me about the meeting. Please reply. Ref6635,ham
Hi! Your order has been delivered. Thank you. Ref4768,ham
Congratulations winner! Contact us to collect your prize. Offer0356,spam
Today: Get rich quickly with this incredible money-making offer. Thank you. Offer6474,spam
Reminder: WIN CASH NOW! Reply YES to receive your reward. Let me know. Offer3118,spam
Earn money from home with our amazing opportunity. Let me know. Offer1382,spam
Reminder: Free membership available. Register today. Thanks. Offer6091,spam
Hello! You are selected for a free prize. Confirm your details. Please reply. Offer1873,spam
Today: Please remind me about the meeting. Let me know. Ref9876,ham
Just letting you know: You are eligible for a special bonus. Apply immediately. Let me know. Offer7425,spam
Today: You are the lucky winner of a huge cash prize. Please reply. Offer5329,spam
Hi! Get a special discount now! Limited time offer. Have a good day. Offer6119,spam
Hi! Your assignment is due tomorrow. Please reply. Ref3512,ham
Hello! Act now to receive your free gift. Offer2799,spam
Quick message: Please submit the form before Friday. Reply when you can. Ref3169,ham
Just letting you know: You are the lucky winner of a huge cash prize. Please reply. Offer6391,spam
Hi! See you tomorrow morning. Please reply. Ref1194,ham
Important: Special promotion! Get 90 percent off today. Please reply. Offer4682,spam
Today: Your order has been delivered. Please reply. Ref2632,ham
Today: You have won a guaranteed reward. Respond now. Thank you. Offer9188,spam
Hi! You are selected for a free prize. Confirm your details. Thank you. Offer9098,spam
Just letting you know: Free coupon available now. Click to redeem. Reply when you can. Offer0988,spam
Hello! What time does the train arrive? Thanks. Ref6710,ham
Important: Claim your exclusive reward before it expires. Let me know. Offer1945,spam
Please remind me about the meeting. Ref2249,ham
Please note: You have won a guaranteed reward. Respond now. Thank you. Offer2579,spam
Today: I am going to the market now. Let me know. Ref4439,ham
Free gift waiting for you. Claim your reward today. Please reply. Offer2448,spam
Please note: I will call you after work. Thanks. Ref8810,ham
Hi! Can you pick up some groceries on your way? Ref2630,ham
Quick message: Claim your exclusive reward before it expires. Thank you. Offer6578,spam
Please note: Please call me when you reach home. Thank you. Ref6784,ham
Important: I am going to the market now. Thanks. Ref2048,ham
Just letting you know: Special promotion! Get 90 percent off today. Have a good day. Offer5721,spam
Please note: Win a brand new phone today. Click to claim your prize. Offer4514,spam
Today: Congratulations! Your account has received a reward. Thank you. Offer4062,spam
Reminder: You are eligible for a special bonus. Apply immediately. Thank you. Offer5462,spam
Are you free this evening? Ref4236,ham
Please note: Act now to receive your free gift. Have a good day. Offer1278,spam
Quick message: Your assignment is due tomorrow. Please reply. Ref0087,ham
Reminder: Win a brand new phone today. Click to claim your prize. Please reply. Offer9720,spam
Important: Win a brand new phone today. Click to claim your prize. Have a good day. Offer8902,spam
Hi! WIN CASH NOW! Reply YES to receive your reward. Let me know. Offer2556,spam
Quick message: You are selected for a free prize. Confirm your details. Please reply. Offer9869,spam
Hello! WIN CASH NOW! Reply YES to receive your reward. Please reply. Offer1606,spam
Please note: Exclusive winner notification. Claim your cash prize. Reply when you can. Offer3787,spam
Quick message: You are eligible for a special bonus. Apply immediately. Thanks. Offer9218,spam
Important: Happy birthday! Have a wonderful day. Ref0088,ham
Quick message: Win a brand new phone today. Click to claim your prize. Please reply. Offer5148,spam
Today: The class has been moved to room 204. Ref9889,ham
Quick message: You have won a shopping voucher. Click here now. Please reply. Offer1933,spam
Hi! I have sent the documents to your email. Thank you. Ref9113,ham
Today: You have been chosen for a free vacation. Thanks. Offer2682,spam
Important: Congratulations! You have won a free prize. Claim now. Reply when you can. Offer0460,spam
Important: Free coupon available now. Click to redeem. Thanks. Offer6094,spam
Hi! Special promotion! Get 90 percent off today. Thanks. Offer2240,spam
Today: Happy birthday! Have a wonderful day. Thank you. Ref0824,ham
"Today: Congratulations, your number has won a cash bonus. Offer2053",spam
Reminder: Get rich quickly with this incredible money-making offer. Thanks. Offer3176,spam
Important: Free gift waiting for you. Claim your reward today. Thanks. Offer1412,spam
Quick message: Act now to receive your free gift. Reply when you can. Offer2800,spam
Reminder: I am going to the market now. Thank you. Ref4361,ham
"Reminder: Hey, are we still meeting at 6 pm? Please reply. Ref7715",ham
Reminder: Congratulations! You have won a free prize. Claim now. Thank you. Offer8579,spam
Hi! Get rich quickly with this incredible money-making offer. Please reply. Offer8395,spam
Hello! You are the lucky winner of a huge cash prize. Have a good day. Offer0561,spam
Just letting you know: I reached safely. Reply when you can. Ref8803,ham
Hi! Claim your exclusive reward before it expires. Thanks. Offer0182,spam
Hi! URGENT! You have been selected for a cash reward. Call now. Offer8388,spam
Hi! Please check the attached report. Thanks. Ref3837,ham
Reminder: Please submit the form before Friday. Please reply. Ref1031,ham
Important: You have won a shopping voucher. Click here now. Thanks. Offer0623,spam
Reminder: I am waiting outside the office. Let me know. Ref7052,ham
Quick message: What time does the train arrive? Let me know. Ref1944,ham
Just letting you know: Congratulations winner! Contact us to collect your prize. Let me know. Offer0014,spam
Please note: Earn money from home with our amazing opportunity. Thanks. Offer6781,spam
Today: Limited offer! Buy now and get a huge discount. Have a good day. Offer5959,spam
"Hi! Congratulations, your number has won a cash bonus. Reply when you can. Offer2011",spam
Important: Earn thousands from home. Join this opportunity now. Thanks. Offer8782,spam
Today: I reached safely. Let me know. Ref1439,ham
Hi! Please remind me about the meeting. Let me know. Ref0260,ham
Hello! Please call me when you reach home. Have a good day. Ref3943,ham
See you tomorrow morning. Let me know. Ref9537,ham
Just letting you know: Don't forget to bring your ID card. Thank you. Ref5338,ham
Reminder: Free gift waiting for you. Claim your reward today. Thank you. Offer7788,spam
Please note: Can you share the Wi-Fi password? Reply when you can. Ref3558,ham
Quick message: You are the lucky winner of a huge cash prize. Have a good day. Offer8440,spam
Important: Exclusive offer available only today. Claim now. Let me know. Offer5654,spam
Today: Exclusive winner notification. Claim your cash prize. Thank you. Offer3974,spam
Hi! You have been chosen for a free vacation. Offer3367,spam
Today: Please remind me about the meeting. Have a good day. Ref2994,ham
Hello! I have sent the documents to your email. Have a good day. Ref6193,ham
Important: Your order has been delivered. Have a good day. Ref4791,ham
Important: Can you pick up some groceries on your way? Please reply. Ref5273,ham
Hi! Win a brand new phone today. Click to claim your prize. Offer7589,spam
Hi! I am waiting outside the office. Ref8137,ham
Reminder: What time does the train arrive? Let me know. Ref8183,ham
Hello! You are selected for a free prize. Confirm your details. Let me know. Offer8605,spam
Please note: Thanks for helping me yesterday. Please reply. Ref7834,ham
You are selected for a free prize. Confirm your details. Please reply. Offer4103,spam
Quick message: URGENT! You have been selected for a cash reward. Call now. Thank you. Offer2081,spam
Reminder: Earn thousands from home. Join this opportunity now. Please reply. Offer2062,spam
Important: I reached safely. Please reply. Ref2829,ham
Hello! You have won a shopping voucher. Click here now. Offer5689,spam
Reminder: Happy birthday! Have a wonderful day. Thanks. Ref1529,ham
Hi! You have won a guaranteed reward. Respond now. Reply when you can. Offer1096,spam
Today: You are selected for a free prize. Confirm your details. Have a good day. Offer5257,spam
Today: Special promotion! Get 90 percent off today. Let me know. Offer6402,spam
Hi! Congratulations winner! Contact us to collect your prize. Offer1400,spam
Today: Please check the attached report. Let me know. Ref9569,ham
Please check the attached report. Thanks. Ref5919,ham
Just letting you know: URGENT! You have been selected for a cash reward. Call now. Thank you. Offer5517,spam
Please call me when you reach home. Have a good day. Ref9765,ham
Hi! Free gift waiting for you. Claim your reward today. Thanks. Offer1875,spam
Important: FREE entry to win a luxury car. Reply WIN now. Thanks. Offer3039,spam
Can you send me the notes from today's class? Thank you. Ref6986,ham
Reminder: Act now to receive your free gift. Offer2195,spam
"Important: Hey, are we still meeting at 6 pm? Please reply. Ref3225",ham
"Important: Congratulations, your number has won a cash bonus. Please reply. Offer7463",spam
Today: Free gift waiting for you. Claim your reward today. Thank you. Offer4636,spam
Quick message: Win a brand new phone today. Click to claim your prize. Thanks. Offer3917,spam
Please note: You have won a guaranteed reward. Respond now. Please reply. Offer0418,spam
Hello! Can you pick up some groceries on your way? Have a good day. Ref7302,ham
Reminder: You have won a guaranteed reward. Respond now. Thanks. Offer9285,spam
Please note: You are eligible for a special bonus. Apply immediately. Reply when you can. Offer8456,spam
Important: The weather is nice today. Reply when you can. Ref6977,ham
Just letting you know: Free coupon available now. Click to redeem. Please reply. Offer3978,spam
Hi! You are the lucky winner of a huge cash prize. Offer0405,spam
Important: Please check the attached report. Let me know. Ref8795,ham
Hello! Please remind me about the meeting. Ref9812,ham
Quick message: You are selected for a free prize. Confirm your details. Please reply. Offer3096,spam
Quick message: The meeting starts at 10 am. Let me know. Ref7446,ham
Today: Win a brand new phone today. Click to claim your prize. Thanks. Offer9645,spam
Hello! What time does the train arrive? Let me know. Ref1397,ham
Exclusive offer available only today. Claim now. Offer2772,spam
Today: I am going to the market now. Reply when you can. Ref5174,ham
Just letting you know: Free membership available. Register today. Please reply. Offer7090,spam
Quick message: Earn thousands from home. Join this opportunity now. Thank you. Offer0811,spam
Hi! Congratulations! You have won a free prize. Claim now. Please reply. Offer1362,spam
Hello! Can you share the Wi-Fi password? Thanks. Ref2065,ham
Important: Exclusive offer available only today. Claim now. Reply when you can. Offer6456,spam
Important: Urgent reward notification. Claim before midnight. Reply when you can. Offer2204,spam
Important: Congratulations! Your account has received a reward. Please reply. Offer5254,spam
Please note: The class has been moved to room 204. Thank you. Ref5397,ham
Today: Free membership available. Register today. Please reply. Offer2223,spam
Important: Please remind me about the meeting. Thanks. Ref7466,ham
Important: Claim your exclusive reward before it expires. Thank you. Offer8417,spam
Just letting you know: What time does the train arrive? Thanks. Ref3379,ham
Today: I reached safely. Please reply. Ref4967,ham
Important: FREE entry to win a luxury car. Reply WIN now. Thanks. Offer7796,spam
Hi! Don't forget to bring your ID card. Reply when you can. Ref7203,ham
Today: Earn money from home with our amazing opportunity. Let me know. Offer1335,spam
Important: I will call you after work. Thanks. Ref8364,ham
Please note: Free gift waiting for you. Claim your reward today. Please reply. Offer1609,spam
Hello! The meeting starts at 10 am. Ref3353,ham
Reminder: I will call you after work. Ref8291,ham
I have sent the documents to your email. Please reply. Ref3664,ham
Please note: Don't forget to bring your ID card. Let me know. Ref9387,ham
Today: URGENT! You have been selected for a cash reward. Call now. Please reply. Offer4833,spam
Reminder: You have won a guaranteed reward. Respond now. Thank you. Offer3152,spam
Hello! Congratulations! Your account has received a reward. Thanks. Offer0280,spam
Just letting you know: Urgent reward notification. Claim before midnight. Let me know. Offer9986,spam
Hello! Urgent reward notification. Claim before midnight. Thanks. Offer3088,spam
Important: Free gift waiting for you. Claim your reward today. Let me know. Offer2927,spam
Hi! Let me know when you are available. Thanks. Ref6263,ham
Please note: Urgent reward notification. Claim before midnight. Please reply. Offer6832,spam
Just letting you know: Please remind me about the meeting. Thank you. Ref4902,ham
Just letting you know: Amazing deal! Get your bonus before the offer ends. Thanks. Offer2728,spam
Quick message: URGENT! You have been selected for a cash reward. Call now. Please reply. Offer1355,spam
Please note: Please bring your laptop tomorrow. Ref3687,ham
Quick message: You are the lucky winner of a huge cash prize. Have a good day. Offer4180,spam
Important: Win a brand new phone today. Click to claim your prize. Let me know. Offer1242,spam
Just letting you know: Congratulations! You have won a free prize. Claim now. Let me know. Offer5644,spam
Hello! Let me know when you are available. Have a good day. Ref9946,ham
Hello! The weather is nice today. Ref6488,ham
Quick message: Urgent reward notification. Claim before midnight. Offer1917,spam
You have won a guaranteed reward. Respond now. Offer5616,spam
Hi! Special promotion! Get 90 percent off today. Please reply. Offer6110,spam
Important: Get rich quickly with this incredible money-making offer. Please reply. Offer8578,spam
Please note: Please bring your laptop tomorrow. Please reply. Ref4147,ham
Hi! Free gift waiting for you. Claim your reward today. Please reply. Offer2244,spam
Claim your exclusive reward before it expires. Reply when you can. Offer2494,spam
Quick message: Free coupon available now. Click to redeem. Please reply. Offer1842,spam
Congratulations! You have won a free prize. Claim now. Please reply. Offer2631,spam
Reminder: You have won a shopping voucher. Click here now. Have a good day. Offer5556,spam
Quick message: I will be there in ten minutes. Please reply. Ref9621,ham
Please note: Please bring your laptop tomorrow. Let me know. Ref6380,ham
Hello! Special promotion! Get 90 percent off today. Thank you. Offer9463,spam
Quick message: You have won a shopping voucher. Click here now. Let me know. Offer8038,spam
Important: Can we reschedule our appointment? Thanks. Ref4260,ham
Hello! Please check the attached report. Please reply. Ref9316,ham
Quick message: Please check the attached report. Reply when you can. Ref4790,ham
Just letting you know: You have been chosen for a free vacation. Have a good day. Offer5805,spam
You are selected for a free prize. Confirm your details. Please reply. Offer9822,spam
Reminder: You are the lucky winner of a huge cash prize. Please reply. Offer4174,spam
I will call you after work. Ref5950,ham
Special promotion! Get 90 percent off today. Thanks. Offer3711,spam
Quick message: Congratulations! You have won a free prize. Claim now. Thanks. Offer2120,spam
Today: FREE entry to win a luxury car. Reply WIN now. Thank you. Offer4135,spam
Reminder: Earn thousands from home. Join this opportunity now. Offer2786,spam
"Today: Hey, are we still meeting at 6 pm? Let me know. Ref1405",ham
You are the lucky winner of a huge cash prize. Thank you. Offer4200,spam
Quick message: URGENT! You have been selected for a cash reward. Call now. Thanks. Offer8207,spam
Important: URGENT! You have been selected for a cash reward. Call now. Thanks. Offer8080,spam
Just letting you know: Congratulations winner! Contact us to collect your prize. Please reply. Offer3883,spam
Important: Special cash offer just for you. Reply now. Thanks. Offer0501,spam
Hi! Congratulations winner! Contact us to collect your prize. Let me know. Offer4149,spam
Important: Please check the attached report. Please reply. Ref3018,ham
Exclusive offer available only today. Claim now. Please reply. Offer4004,spam
Important: You are eligible for a special bonus. Apply immediately. Let me know. Offer1547,spam
Just letting you know: Exclusive winner notification. Claim your cash prize. Offer3421,spam
Quick message: Don't forget to bring your ID card. Thank you. Ref0812,ham
Claim your exclusive reward before it expires. Have a good day. Offer0268,spam
Hi! Can you share the Wi-Fi password? Thank you. Ref2616,ham
Quick message: Please check the attached report. Please reply. Ref1404,ham
Important: Let me know when you are available. Please reply. Ref9118,ham
Please note: See you tomorrow morning. Reply when you can. Ref6228,ham
Earn money from home with our amazing opportunity. Thanks. Offer7346,spam
Hi! You have won a shopping voucher. Click here now. Let me know. Offer2597,spam
Quick message: Let me know when you are available. Ref7224,ham
You have been chosen for a free vacation. Thank you. Offer7178,spam
Just letting you know: URGENT! You have been selected for a cash reward. Call now. Please reply. Offer4076,spam
Reminder: See you tomorrow morning. Ref7983,ham
Hi! I will be there in ten minutes. Let me know. Ref6292,ham
Just letting you know: I reached safely. Reply when you can. Ref2437,ham
Please note: Thanks for helping me yesterday. Let me know. Ref4194,ham
Please note: Limited offer! Buy now and get a huge discount. Reply when you can. Offer9224,spam
Hello! Get a special discount now! Limited time offer. Thanks. Offer1558,spam
Just letting you know: Please check the attached report. Have a good day. Ref5552,ham
Hello! Please bring your laptop tomorrow. Have a good day. Ref6545,ham
Important: Thanks for helping me yesterday. Thank you. Ref8043,ham
Please note: You have won a shopping voucher. Click here now. Reply when you can. Offer4148,spam
Reminder: Congratulations! Your account has received a reward. Offer5226,spam
Hello! Your order has been delivered. Let me know. Ref0047,ham
Please note: Special cash offer just for you. Reply now. Thanks. Offer4379,spam
Today: You have won a shopping voucher. Click here now. Thanks. Offer1531,spam
Please note: Free membership available. Register today. Please reply. Offer6478,spam
Today: Win a brand new phone today. Click to claim your prize. Have a good day. Offer4864,spam
Today: You are eligible for a special bonus. Apply immediately. Have a good day. Offer2663,spam
Please submit the form before Friday. Reply when you can. Ref4456,ham
"Reminder: Hey, are we still meeting at 6 pm? Have a good day. Ref6915",ham
Important: I reached safely. Let me know. Ref0003,ham
Quick message: Please call me when you reach home. Ref4551,ham
Please note: Earn money from home with our amazing opportunity. Please reply. Offer7747,spam
Earn thousands from home. Join this opportunity now. Thanks. Offer0398,spam
Today: What time does the train arrive? Have a good day. Ref6887,ham
Please note: Free gift waiting for you. Claim your reward today. Thanks. Offer8363,spam
Hello! FREE entry to win a luxury car. Reply WIN now. Offer7670,spam
Important: Congratulations winner! Contact us to collect your prize. Thank you. Offer4499,spam
Please note: Can we reschedule our appointment? Thanks. Ref5436,ham
Reminder: I will be there in ten minutes. Thank you. Ref8828,ham
Please remind me about the meeting. Ref6400,ham
Reminder: What time does the train arrive? Ref6143,ham
Hi! You have been chosen for a free vacation. Please reply. Offer9213,spam
Just letting you know: Please submit the form before Friday. Reply when you can. Ref0206,ham
Hi! Please call me when you reach home. Please reply. Ref4907,ham
Hi! What time does the train arrive? Thanks. Ref0656,ham
Hi! Don't forget to bring your ID card. Ref4163,ham
Just letting you know: The weather is nice today. Reply when you can. Ref2759,ham
Hello! Amazing deal! Get your bonus before the offer ends. Offer7253,spam
Important: Let's have lunch together today. Thanks. Ref3942,ham
Please note: FREE entry to win a luxury car. Reply WIN now. Offer2698,spam
Please note: Free coupon available now. Click to redeem. Thanks. Offer1124,spam
Hi! Earn thousands from home. Join this opportunity now. Thanks. Offer3914,spam
Just letting you know: Can you pick up some groceries on your way? Ref9455,ham
Quick message: You have been chosen for a free vacation. Let me know. Offer7062,spam
Hi! Your assignment is due tomorrow. Have a good day. Ref9239,ham
Important: Earn money from home with our amazing opportunity. Please reply. Offer3447,spam
Important: Get a special discount now! Limited time offer. Offer4848,spam
The weather is nice today. Please reply. Ref0976,ham
Important: I will be there in ten minutes. Thanks. Ref4947,ham
Today: Don't forget to bring your ID card. Let me know. Ref4518,ham
Quick message: WIN CASH NOW! Reply YES to receive your reward. Offer4609,spam
Important: I am waiting outside the office. Ref6100,ham
"Hey, are we still meeting at 6 pm? Let me know. Ref0547",ham
Hello! You are the lucky winner of a huge cash prize. Please reply. Offer1772,spam
Get a special discount now! Limited time offer. Offer7842,spam
Hi! Please bring your laptop tomorrow. Let me know. Ref8191,ham
Hi! Urgent reward notification. Claim before midnight. Reply when you can. Offer8619,spam
Important: Earn money from home with our amazing opportunity. Thank you. Offer6951,spam
Today: Please bring your laptop tomorrow. Thanks. Ref4798,ham
Reminder: What time does the train arrive? Please reply. Ref8767,ham
Please note: Can you pick up some groceries on your way? Have a good day. Ref1586,ham
Important: Special cash offer just for you. Reply now. Offer8955,spam
Please note: I will be there in ten minutes. Ref6052,ham
Important: I am waiting outside the office. Reply when you can. Ref1583,ham
Hi! Get a special discount now! Limited time offer. Thanks. Offer5264,spam
"Quick message: Congratulations, your number has won a cash bonus. Offer4608",spam
Quick message: The project presentation is on Monday. Thank you. Ref3701,ham
Hi! Get a special discount now! Limited time offer. Thank you. Offer5407,spam
Today: Happy birthday! Have a wonderful day. Please reply. Ref7317,ham
Your assignment is due tomorrow. Thanks. Ref9102,ham
Reminder: Get a special discount now! Limited time offer. Let me know. Offer1993,spam
Reminder: Please check the attached report. Reply when you can. Ref6098,ham
Hello! Free coupon available now. Click to redeem. Offer8919,spam
Just letting you know: Thanks for helping me yesterday. Ref7353,ham
Reminder: Please call me when you reach home. Have a good day. Ref4013,ham
Hello! Don't forget to bring your ID card. Thank you. Ref0180,ham
Today: I will be there in ten minutes. Let me know. Ref6399,ham
Today: Please remind me about the meeting. Ref5123,ham
Hi! You are selected for a free prize. Confirm your details. Let me know. Offer2762,spam
The weather is nice today. Reply when you can. Ref8143,ham
Please note: You are selected for a free prize. Confirm your details. Have a good day. Offer8114,spam
Hi! Can you send me the notes from today's class? Please reply. Ref1338,ham
Please note: Limited offer! Buy now and get a huge discount. Let me know. Offer2722,spam
"Today: Congratulations, your number has won a cash bonus. Reply when you can. Offer8006",spam
I am waiting outside the office. Let me know. Ref9878,ham
Quick message: Your order has been delivered. Ref7656,ham
Hello! URGENT! You have been selected for a cash reward. Call now. Offer7068,spam
Today: You have won a guaranteed reward. Respond now. Thanks. Offer1487,spam
Hello! Special promotion! Get 90 percent off today. Thanks. Offer6519,spam
Reminder: You have won a shopping voucher. Click here now. Let me know. Offer9078,spam
Just letting you know: I am going to the market now. Please reply. Ref2354,ham
Hello! You are the lucky winner of a huge cash prize. Offer6318,spam
Just letting you know: Congratulations! Your account has received a reward. Please reply. Offer5532,spam
FREE entry to win a luxury car. Reply WIN now. Offer8795,spam
Hi! Your assignment is due tomorrow. Thanks. Ref1568,ham
Just letting you know: Earn thousands from home. Join this opportunity now. Please reply. Offer9802,spam
Reminder: Earn money from home with our amazing opportunity. Have a good day. Offer0742,spam
Hello! Can you send me the notes from today's class? Thanks. Ref7408,ham
Reminder: Please call me when you reach home. Thanks. Ref4610,ham
Hi! What time does the train arrive? Please reply. Ref2055,ham
Reminder: Thanks for helping me yesterday. Let me know. Ref6761,ham
Reminder: Let's have lunch together today. Thanks. Ref7589,ham
Reminder: I am going to the market now. Please reply. Ref2991,ham
Important: You have won a shopping voucher. Click here now. Offer8089,spam
Quick message: I am waiting outside the office. Thanks. Ref5243,ham
Reminder: You are selected for a free prize. Confirm your details. Let me know. Offer9609,spam
Quick message: Special promotion! Get 90 percent off today. Let me know. Offer6822,spam
Quick message: What time does the train arrive? Please reply. Ref6394,ham
Just letting you know: Limited offer! Buy now and get a huge discount. Thanks. Offer4205,spam
Important: Get rich quickly with this incredible money-making offer. Reply when you can. Offer9910,spam
Just letting you know: You are eligible for a special bonus. Apply immediately. Please reply. Offer2785,spam
Important: I am going to the market now. Let me know. Ref2269,ham
I am going to the market now. Thank you. Ref4546,ham
Reminder: I will be there in ten minutes. Let me know. Ref8545,ham
Important: Please bring your laptop tomorrow. Let me know. Ref3635,ham
Just letting you know: Amazing deal! Get your bonus before the offer ends. Thank you. Offer0240,spam
Hi! Exclusive offer available only today. Claim now. Reply when you can. Offer8614,spam
Quick message: Earn thousands from home. Join this opportunity now. Let me know. Offer1996,spam
I will call you after work. Let me know. Ref2643,ham
Quick message: Get a special discount now! Limited time offer. Thanks. Offer6330,spam
Quick message: Can you share the Wi-Fi password? Have a good day. Ref2476,ham
Hi! Please submit the form before Friday. Let me know. Ref3671,ham
Your order has been delivered. Thank you. Ref3669,ham
Important: Special cash offer just for you. Reply now. Reply when you can. Offer2524,spam
Hello! You have won a guaranteed reward. Respond now. Have a good day. Offer8231,spam
Please note: See you tomorrow morning. Ref5249,ham
Today: I will call you after work. Have a good day. Ref8578,ham
"Hi! Congratulations, your number has won a cash bonus. Let me know. Offer8999",spam
Hello! You have won a guaranteed reward. Respond now. Thanks. Offer1849,spam
Quick message: Congratulations winner! Contact us to collect your prize. Reply when you can. Offer5559,spam
Quick message: Can we reschedule our appointment? Let me know. Ref0819,ham
Important: Get rich quickly with this incredible money-making offer. Thank you. Offer5573,spam
Today: Get rich quickly with this incredible money-making offer. Reply when you can. Offer4497,spam
Congratulations! You have won a free prize. Claim now. Thanks. Offer6062,spam
Quick message: Let's have lunch together today. Reply when you can. Ref1409,ham
Hi! Congratulations! Your account has received a reward. Offer2208,spam
Hi! WIN CASH NOW! Reply YES to receive your reward. Offer7637,spam
Just letting you know: You have won a guaranteed reward. Respond now. Offer4657,spam
"Quick message: Hey, are we still meeting at 6 pm? Thank you. Ref4416",ham
Please note: You have won a guaranteed reward. Respond now. Thank you. Offer0833,spam
Reminder: Don't forget to bring your ID card. Please reply. Ref4917,ham
What time does the train arrive? Ref7594,ham
Hello! You are eligible for a special bonus. Apply immediately. Offer9989,spam
Reminder: Special promotion! Get 90 percent off today. Please reply. Offer6948,spam
Hi! Free membership available. Register today. Let me know. Offer0576,spam
Please note: Congratulations! Your account has received a reward. Please reply. Offer5493,spam
Important: Act now to receive your free gift. Offer5610,spam
Hello! The class has been moved to room 204. Please reply. Ref8241,ham
Quick message: Free gift waiting for you. Claim your reward today. Let me know. Offer8152,spam
Hello! Please check the attached report. Thanks. Ref2666,ham
Just letting you know: Earn thousands from home. Join this opportunity now. Offer8622,spam
Hi! I am going to the market now. Let me know. Ref4887,ham
Today: I have sent the documents to your email. Reply when you can. Ref6350,ham
Important: Win a brand new phone today. Click to claim your prize. Offer7845,spam
Today: Congratulations winner! Contact us to collect your prize. Offer9384,spam
Today: Limited offer! Buy now and get a huge discount. Let me know. Offer3896,spam
Reminder: Congratulations! Your account has received a reward. Have a good day. Offer0484,spam
Hi! Let's have lunch together today. Ref3828,ham
Today: I will be there in ten minutes. Ref4037,ham
Quick message: Get a special discount now! Limited time offer. Please reply. Offer4086,spam
Today: The class has been moved to room 204. Let me know. Ref8341,ham
Reminder: Please bring your laptop tomorrow. Please reply. Ref9965,ham
Please note: Get rich quickly with this incredible money-making offer. Thank you. Offer6245,spam
Today: Free gift waiting for you. Claim your reward today. Thanks. Offer8975,spam
Hi! Urgent reward notification. Claim before midnight. Thank you. Offer6411,spam
Hello! I will call you after work. Thanks. Ref0980,ham
Just letting you know: Urgent reward notification. Claim before midnight. Have a good day. Offer4668,spam
Important: The meeting starts at 10 am. Let me know. Ref5109,ham
Just letting you know: You have won a guaranteed reward. Respond now. Thanks. Offer2486,spam
Your assignment is due tomorrow. Thanks. Ref1001,ham
"Hey, are we still meeting at 6 pm? Thanks. Ref4747",ham
Quick message: What time does the train arrive? Thanks. Ref2729,ham
Reminder: You have been chosen for a free vacation. Offer5332,spam
Please note: Don't forget to bring your ID card. Have a good day. Ref9160,ham
Hi! Earn thousands from home. Join this opportunity now. Thank you. Offer8367,spam
Reminder: Can you share the Wi-Fi password? Please reply. Ref2433,ham
Just letting you know: Please remind me about the meeting. Please reply. Ref8162,ham
Hello! The meeting starts at 10 am. Please reply. Ref7561,ham
Can you send me the notes from today's class? Let me know. Ref9776,ham
Hi! The meeting starts at 10 am. Let me know. Ref3157,ham
Hi! Can you pick up some groceries on your way? Thank you. Ref9438,ham
Today: Can we reschedule our appointment? Thanks. Ref2893,ham
Today: Act now to receive your free gift. Reply when you can. Offer8552,spam
Today: I reached safely. Ref2738,ham
Quick message: Earn money from home with our amazing opportunity. Please reply. Offer9949,spam
Just letting you know: The class has been moved to room 204. Let me know. Ref5299,ham
Today: Exclusive offer available only today. Claim now. Have a good day. Offer0235,spam
Just letting you know: Win a brand new phone today. Click to claim your prize. Thank you. Offer5488,spam
Earn money from home with our amazing opportunity. Let me know. Offer3689,spam
Quick message: Don't forget to bring your ID card. Thank you. Ref8386,ham
Today: Get a special discount now! Limited time offer. Thanks. Offer5424,spam
Hello! Please remind me about the meeting. Reply when you can. Ref9825,ham
Quick message: The meeting starts at 10 am. Reply when you can. Ref0552,ham
What time does the train arrive? Let me know. Ref2099,ham
Important: Please call me when you reach home. Have a good day. Ref1551,ham
Hello! Let me know when you are available. Ref8418,ham
Just letting you know: The meeting starts at 10 am. Ref3736,ham
I have sent the documents to your email. Let me know. Ref2242,ham
Hi! Earn money from home with our amazing opportunity. Thanks. Offer5475,spam
Quick message: Earn money from home with our amazing opportunity. Offer3126,spam
Important: You have won a shopping voucher. Click here now. Offer5881,spam
Quick message: Please submit the form before Friday. Please reply. Ref7737,ham
Just letting you know: Special cash offer just for you. Reply now. Please reply. Offer1239,spam
Today: Exclusive offer available only today. Claim now. Let me know. Offer1852,spam
Just letting you know: What time does the train arrive? Have a good day. Ref1461,ham
Today: I will be there in ten minutes. Ref2970,ham
Hello! Please bring your laptop tomorrow. Have a good day. Ref2701,ham
Hello! Free membership available. Register today. Have a good day. Offer2482,spam
Important: Limited offer! Buy now and get a huge discount. Let me know. Offer8296,spam
Just letting you know: URGENT! You have been selected for a cash reward. Call now. Please reply. Offer7083,spam
Hello! Claim your exclusive reward before it expires. Reply when you can. Offer3622,spam
Earn money from home with our amazing opportunity. Let me know. Offer4669,spam
Hi! WIN CASH NOW! Reply YES to receive your reward. Let me know. Offer8244,spam
Hello! FREE entry to win a luxury car. Reply WIN now. Let me know. Offer9022,spam
Congratulations! You have won a free prize. Claim now. Thank you. Offer9482,spam
Reminder: See you tomorrow morning. Please reply. Ref7844,ham
Quick message: Amazing deal! Get your bonus before the offer ends. Have a good day. Offer9405,spam
Quick message: Free coupon available now. Click to redeem. Reply when you can. Offer4268,spam
Hi! Thanks for helping me yesterday. Thanks. Ref4620,ham
Today: You have won a guaranteed reward. Respond now. Thank you. Offer7524,spam
Please note: Can you send me the notes from today's class? Thank you. Ref3274,ham
Please note: Exclusive offer available only today. Claim now. Let me know. Offer9273,spam
Please note: Can you share the Wi-Fi password? Thank you. Ref8757,ham
The class has been moved to room 204. Let me know. Ref1904,ham
Please note: Thanks for helping me yesterday. Thank you. Ref5808,ham
Quick message: The project presentation is on Monday. Reply when you can. Ref4995,ham
Reminder: Claim your exclusive reward before it expires. Offer0767,spam
Reminder: Earn thousands from home. Join this opportunity now. Thanks. Offer6692,spam
Important: Please bring your laptop tomorrow. Thanks. Ref8274,ham
Important: Free gift waiting for you. Claim your reward today. Have a good day. Offer1809,spam
Today: Can you pick up some groceries on your way? Thanks. Ref2517,ham
Today: Please submit the form before Friday. Please reply. Ref3156,ham
Urgent reward notification. Claim before midnight. Thanks. Offer4571,spam
Act now to receive your free gift. Reply when you can. Offer4569,spam
Just letting you know: Free gift waiting for you. Claim your reward today. Reply when you can. Offer9356,spam
Today: I have sent the documents to your email. Thank you. Ref7471,ham
Reminder: See you tomorrow morning. Thank you. Ref3820,ham
Quick message: Earn thousands from home. Join this opportunity now. Thanks. Offer5592,spam
Reminder: Let's have lunch together today. Let me know. Ref2783,ham
Today: WIN CASH NOW! Reply YES to receive your reward. Offer1115,spam
Hi! I am going to the market now. Thanks. Ref5450,ham
Hi! Win a brand new phone today. Click to claim your prize. Please reply. Offer8194,spam
Important: The weather is nice today. Thank you. Ref7198,ham
Hi! Can you share the Wi-Fi password? Have a good day. Ref0974,ham
Today: Exclusive winner notification. Claim your cash prize. Have a good day. Offer3326,spam
Free coupon available now. Click to redeem. Reply when you can. Offer4610,spam
Please note: Can we reschedule our appointment? Please reply. Ref0019,ham
Hi! You are eligible for a special bonus. Apply immediately. Let me know. Offer4261,spam
Quick message: Congratulations winner! Contact us to collect your prize. Thank you. Offer2012,spam
Hello! Act now to receive your free gift. Reply when you can. Offer9186,spam
Hello! Urgent reward notification. Claim before midnight. Thanks. Offer8929,spam
Reminder: Get rich quickly with this incredible money-making offer. Let me know. Offer2732,spam
Just letting you know: Free coupon available now. Click to redeem. Thanks. Offer4949,spam
Just letting you know: Congratulations winner! Contact us to collect your prize. Please reply. Offer7167,spam
Today: The weather is nice today. Let me know. Ref5595,ham
Please note: The project presentation is on Monday. Ref0169,ham
Quick message: Let me know when you are available. Thanks. Ref2026,ham
Reminder: Please check the attached report. Have a good day. Ref5059,ham
URGENT! You have been selected for a cash reward. Call now. Let me know. Offer4706,spam
Quick message: Get a special discount now! Limited time offer. Reply when you can. Offer7309,spam
Today: You have won a guaranteed reward. Respond now. Reply when you can. Offer0977,spam
Hello! Claim your exclusive reward before it expires. Please reply. Offer1992,spam
Reminder: Amazing deal! Get your bonus before the offer ends. Please reply. Offer3376,spam
"Important: Congratulations, your number has won a cash bonus. Have a good day. Offer4912",spam
Today: You have been chosen for a free vacation. Thanks. Offer1681,spam
Hello! The class has been moved to room 204. Reply when you can. Ref1420,ham
Just letting you know: Urgent reward notification. Claim before midnight. Offer0047,spam
"Important: Congratulations, your number has won a cash bonus. Please reply. Offer5510",spam
Just letting you know: Free gift waiting for you. Claim your reward today. Have a good day. Offer4921,spam
Important: The class has been moved to room 204. Thanks. Ref4269,ham
Happy birthday! Have a wonderful day. Thank you. Ref9014,ham
Let's have lunch together today. Please reply. Ref5049,ham
Hello! Free coupon available now. Click to redeem. Thank you. Offer1470,spam
Reminder: You have won a shopping voucher. Click here now. Please reply. Offer2331,spam
Important: Get a special discount now! Limited time offer. Thank you. Offer7132,spam
Quick message: You are selected for a free prize. Confirm your details. Thanks. Offer6481,spam
Please note: Exclusive winner notification. Claim your cash prize. Reply when you can. Offer3789,spam
Your order has been delivered. Please reply. Ref0162,ham
Quick message: Exclusive winner notification. Claim your cash prize. Have a good day. Offer9191,spam
Let me know when you are available. Thank you. Ref4370,ham
Reminder: What time does the train arrive? Let me know. Ref2992,ham
Quick message: You have won a guaranteed reward. Respond now. Thanks. Offer9172,spam
Today: Please submit the form before Friday. Ref4243,ham
Reminder: Earn thousands from home. Join this opportunity now. Thank you. Offer6274,spam
Reminder: I am going to the market now. Thank you. Ref7937,ham
You are selected for a free prize. Confirm your details. Let me know. Offer6124,spam
Reminder: Don't forget to bring your ID card. Let me know. Ref9307,ham
Important: Can you pick up some groceries on your way? Have a good day. Ref5193,ham
Quick message: Let's have lunch together today. Please reply. Ref8427,ham
Hi! You have won a guaranteed reward. Respond now. Please reply. Offer7647,spam
Just letting you know: Amazing deal! Get your bonus before the offer ends. Let me know. Offer2317,spam
Hi! Please submit the form before Friday. Thank you. Ref5975,ham
Hi! Please bring your laptop tomorrow. Thanks. Ref7925,ham
Hello! Please submit the form before Friday. Have a good day. Ref4432,ham
Reminder: Amazing deal! Get your bonus before the offer ends. Thank you. Offer5158,spam
Happy birthday! Have a wonderful day. Thanks. Ref8686,ham
Today: What time does the train arrive? Let me know. Ref0724,ham
Important: Special cash offer just for you. Reply now. Please reply. Offer2405,spam
Important: Your order has been delivered. Let me know. Ref4331,ham
Today: Please submit the form before Friday. Ref3983,ham
Please note: Congratulations! Your account has received a reward. Thank you. Offer6966,spam
Quick message: Your order has been delivered. Thanks. Ref2534,ham
Hi! Win a brand new phone today. Click to claim your prize. Thanks. Offer6656,spam
Reminder: Can you send me the notes from today's class? Thanks. Ref0795,ham
Win a brand new phone today. Click to claim your prize. Please reply. Offer1759,spam
Today: Amazing deal! Get your bonus before the offer ends. Have a good day. Offer1957,spam
Hello! Exclusive offer available only today. Claim now. Please reply. Offer5869,spam
Please note: The meeting starts at 10 am. Reply when you can. Ref7439,ham
Today: Get rich quickly with this incredible money-making offer. Please reply. Offer0015,spam
Important: The meeting starts at 10 am. Thank you. Ref6092,ham
I reached safely. Thank you. Ref3236,ham
Today: The weather is nice today. Let me know. Ref1613,ham
Quick message: I am waiting outside the office. Reply when you can. Ref2898,ham
Quick message: Let's have lunch together today. Please reply. Ref3197,ham
Reminder: Get rich quickly with this incredible money-making offer. Thanks. Offer4744,spam
The meeting starts at 10 am. Ref9317,ham
Hi! You are the lucky winner of a huge cash prize. Let me know. Offer7295,spam
Hi! I will be there in ten minutes. Thanks. Ref4273,ham
Hello! I am going to the market now. Have a good day. Ref7989,ham
Hi! Can we reschedule our appointment? Ref4531,ham
Hello! You have been chosen for a free vacation. Thank you. Offer1961,spam
Quick message: The class has been moved to room 204. Ref2940,ham
Hi! The class has been moved to room 204. Thanks. Ref4624,ham
Reminder: Amazing deal! Get your bonus before the offer ends. Please reply. Offer8360,spam
Quick message: Thanks for helping me yesterday. Have a good day. Ref5116,ham
Important: You have been chosen for a free vacation. Let me know. Offer1368,spam
Hi! Congratulations winner! Contact us to collect your prize. Thanks. Offer2407,spam
Important: You have won a guaranteed reward. Respond now. Offer5892,spam
Please note: What time does the train arrive? Please reply. Ref7550,ham
Reminder: I reached safely. Thank you. Ref8111,ham
Hi! WIN CASH NOW! Reply YES to receive your reward. Thanks. Offer3834,spam
Today: Can you send me the notes from today's class? Please reply. Ref7626,ham
Please note: Can we reschedule our appointment? Ref1018,ham
Quick message: Earn money from home with our amazing opportunity. Have a good day. Offer5090,spam
Quick message: The project presentation is on Monday. Please reply. Ref0655,ham
The class has been moved to room 204. Please reply. Ref0151,ham
Quick message: Please call me when you reach home. Thank you. Ref4654,ham
Please note: Are you free this evening? Let me know. Ref0285,ham
Win a brand new phone today. Click to claim your prize. Thanks. Offer5483,spam
"Reminder: Hey, are we still meeting at 6 pm? Please reply. Ref1877",ham
Limited offer! Buy now and get a huge discount. Thanks. Offer4239,spam
Special promotion! Get 90 percent off today. Offer6167,spam
Quick message: Happy birthday! Have a wonderful day. Thanks. Ref0029,ham
Please note: You have been chosen for a free vacation. Let me know. Offer2537,spam
Quick message: Get a special discount now! Limited time offer. Let me know. Offer2187,spam
Today: Can we reschedule our appointment? Have a good day. Ref5627,ham
Important: WIN CASH NOW! Reply YES to receive your reward. Thanks. Offer9196,spam
Just letting you know: You are the lucky winner of a huge cash prize. Offer8670,spam
Important: See you tomorrow morning. Reply when you can. Ref5392,ham
Just letting you know: Limited offer! Buy now and get a huge discount. Have a good day. Offer3598,spam
Important: Act now to receive your free gift. Offer1541,spam
Today: Earn thousands from home. Join this opportunity now. Thank you. Offer8013,spam
What time does the train arrive? Please reply. Ref8790,ham
Today: Amazing deal! Get your bonus before the offer ends. Thank you. Offer1815,spam
Please note: Act now to receive your free gift. Reply when you can. Offer4324,spam
Please note: Special promotion! Get 90 percent off today. Please reply. Offer5443,spam
Just letting you know: I have sent the documents to your email. Ref3027,ham
Important: Exclusive offer available only today. Claim now. Let me know. Offer5198,spam
Just letting you know: Can you share the Wi-Fi password? Thank you. Ref7991,ham
Hi! You are eligible for a special bonus. Apply immediately. Let me know. Offer8117,spam
Just letting you know: You have won a guaranteed reward. Respond now. Thank you. Offer3671,spam
Just letting you know: Free membership available. Register today. Offer5101,spam
Reminder: Can you share the Wi-Fi password? Ref3535,ham
Today: I am going to the market now. Thank you. Ref0953,ham
Just letting you know: Your assignment is due tomorrow. Please reply. Ref1325,ham
Reminder: WIN CASH NOW! Reply YES to receive your reward. Offer6326,spam
Just letting you know: Exclusive offer available only today. Claim now. Please reply. Offer1374,spam
Important: The project presentation is on Monday. Ref0026,ham
Important: The class has been moved to room 204. Please reply. Ref4289,ham
Important: Amazing deal! Get your bonus before the offer ends. Please reply. Offer4865,spam
Hello! Your assignment is due tomorrow. Ref5103,ham
Today: I have sent the documents to your email. Have a good day. Ref0535,ham
Just letting you know: Exclusive offer available only today. Claim now. Please reply. Offer7704,spam
Please note: Can you share the Wi-Fi password? Have a good day. Ref0173,ham
Hi! You are the lucky winner of a huge cash prize. Please reply. Offer3072,spam
Quick message: Congratulations! Your account has received a reward. Reply when you can. Offer4791,spam
Please note: Get a special discount now! Limited time offer. Let me know. Offer7495,spam
Just letting you know: Earn thousands from home. Join this opportunity now. Thanks. Offer7190,spam
Hi! See you tomorrow morning. Thanks. Ref1554,ham
Act now to receive your free gift. Please reply. Offer1428,spam
Hello! Can you share the Wi-Fi password? Reply when you can. Ref1611,ham
Hello! Can you share the Wi-Fi password? Ref0386,ham
Hi! Earn thousands from home. Join this opportunity now. Let me know. Offer5974,spam
Quick message: I have sent the documents to your email. Reply when you can. Ref8854,ham
Just letting you know: I am going to the market now. Let me know. Ref8303,ham
Reminder: Claim your exclusive reward before it expires. Have a good day. Offer5976,spam
Please note: Thanks for helping me yesterday. Ref9971,ham
Important: You are selected for a free prize. Confirm your details. Let me know. Offer3469,spam
Reminder: Please remind me about the meeting. Have a good day. Ref0554,ham
Quick message: Happy birthday! Have a wonderful day. Ref7945,ham
Reminder: Can you send me the notes from today's class? Have a good day. Ref4575,ham
Hello! Claim your exclusive reward before it expires. Thanks. Offer9075,spam
"Important: Congratulations, your number has won a cash bonus. Offer9430",spam
Just letting you know: Thanks for helping me yesterday. Thanks. Ref8594,ham
Important: Can you share the Wi-Fi password? Please reply. Ref4705,ham
Important: Can you pick up some groceries on your way? Let me know. Ref1289,ham
Hello! Win a brand new phone today. Click to claim your prize. Thank you. Offer0990,spam
Can you pick up some groceries on your way? Thanks. Ref6362,ham
Quick message: I will be there in ten minutes. Thanks. Ref8895,ham
Hi! Thanks for helping me yesterday. Thanks. Ref9675,ham
Today: Let me know when you are available. Reply when you can. Ref3839,ham
Hello! Congratulations! Your account has received a reward. Offer2830,spam
Quick message: Earn money from home with our amazing opportunity. Thank you. Offer8854,spam
Please note: FREE entry to win a luxury car. Reply WIN now. Reply when you can. Offer9249,spam
Quick message: FREE entry to win a luxury car. Reply WIN now. Have a good day. Offer8768,spam
Please call me when you reach home. Please reply. Ref6483,ham
Quick message: You are eligible for a special bonus. Apply immediately. Let me know. Offer7046,spam
Please note: The class has been moved to room 204. Please reply. Ref6776,ham
Today: Don't forget to bring your ID card. Ref3265,ham
Let me know when you are available. Let me know. Ref4313,ham
Hello! Limited offer! Buy now and get a huge discount. Thank you. Offer4171,spam
Today: Please bring your laptop tomorrow. Thank you. Ref9077,ham
Just letting you know: You are selected for a free prize. Confirm your details. Thanks. Offer8758,spam
Free gift waiting for you. Claim your reward today. Have a good day. Offer7695,spam
Important: Please check the attached report. Please reply. Ref0632,ham
Reminder: Free coupon available now. Click to redeem. Thank you. Offer1522,spam
Please note: Congratulations winner! Contact us to collect your prize. Please reply. Offer9233,spam
Reminder: Please call me when you reach home. Please reply. Ref9651,ham
Please note: Can you send me the notes from today's class? Thank you. Ref7990,ham
Today: Congratulations! Your account has received a reward. Have a good day. Offer9637,spam
Reminder: Get a special discount now! Limited time offer. Reply when you can. Offer9647,spam
Quick message: I have sent the documents to your email. Let me know. Ref4638,ham
Quick message: Please check the attached report. Please reply. Ref3418,ham
Today: Congratulations! You have won a free prize. Claim now. Let me know. Offer5552,spam
Just letting you know: Earn thousands from home. Join this opportunity now. Thank you. Offer9668,spam
Today: The project presentation is on Monday. Reply when you can. Ref1811,ham
"Hello! Congratulations, your number has won a cash bonus. Thank you. Offer7917",spam
Get a special discount now! Limited time offer. Thanks. Offer1222,spam
"Hey, are we still meeting at 6 pm? Please reply. Ref3315",ham
Hi! You have been chosen for a free vacation. Have a good day. Offer9381,spam
Reminder: I will call you after work. Ref2186,ham
Quick message: I am waiting outside the office. Thank you. Ref7511,ham
Reminder: Your order has been delivered. Reply when you can. Ref9790,ham
Just letting you know: Happy birthday! Have a wonderful day. Thanks. Ref5480,ham
Hi! Can you share the Wi-Fi password? Reply when you can. Ref3663,ham
Today: The meeting starts at 10 am. Thank you. Ref1016,ham
Hello! Claim your exclusive reward before it expires. Thank you. Offer9530,spam
Reminder: Urgent reward notification. Claim before midnight. Reply when you can. Offer0195,spam
Reminder: Can you pick up some groceries on your way? Thank you. Ref9963,ham
Please note: Let's have lunch together today. Have a good day. Ref4758,ham
Hi! FREE entry to win a luxury car. Reply WIN now. Have a good day. Offer9271,spam
Just letting you know: Let's have lunch together today. Thanks. Ref9002,ham
Important: Get a special discount now! Limited time offer. Thank you. Offer3168,spam
Important: You have won a guaranteed reward. Respond now. Have a good day. Offer8472,spam
Are you free this evening? Thanks. Ref8642,ham
Just letting you know: Can you pick up some groceries on your way? Let me know. Ref3633,ham
Please note: Claim your exclusive reward before it expires. Thanks. Offer4011,spam
Reminder: You are the lucky winner of a huge cash prize. Please reply. Offer2151,spam
Hi! Can you share the Wi-Fi password? Let me know. Ref0135,ham
Hello! Exclusive winner notification. Claim your cash prize. Please reply. Offer4039,spam
Just letting you know: Thanks for helping me yesterday. Please reply. Ref1464,ham
Quick message: You are the lucky winner of a huge cash prize. Offer4431,spam
Quick message: Please remind me about the meeting. Ref1430,ham
Important: Your assignment is due tomorrow. Thank you. Ref5885,ham
Reminder: Congratulations! You have won a free prize. Claim now. Thanks. Offer7967,spam
Just letting you know: Claim your exclusive reward before it expires. Please reply. Offer2983,spam
Hi! I have sent the documents to your email. Have a good day. Ref7680,ham
"Just letting you know: Congratulations, your number has won a cash bonus. Please reply. Offer9123",spam
Important: Please bring your laptop tomorrow. Thank you. Ref2862,ham
Can you send me the notes from today's class? Please reply. Ref7634,ham
Can you pick up some groceries on your way? Let me know. Ref0216,ham
Please note: Earn money from home with our amazing opportunity. Have a good day. Offer6220,spam
Hi! Please check the attached report. Let me know. Ref0676,ham
Hello! You are selected for a free prize. Confirm your details. Reply when you can. Offer9913,spam
Important: Get rich quickly with this incredible money-making offer. Thanks. Offer6238,spam
Today: Please bring your laptop tomorrow. Thanks. Ref6953,ham
Important: Your assignment is due tomorrow. Thank you. Ref7378,ham
Hi! Congratulations winner! Contact us to collect your prize. Thank you. Offer8737,spam
Just letting you know: Can you send me the notes from today's class? Please reply. Ref0089,ham
Hello! Free gift waiting for you. Claim your reward today. Have a good day. Offer7554,spam
Reminder: Free coupon available now. Click to redeem. Please reply. Offer3737,spam
Reminder: Happy birthday! Have a wonderful day. Thank you. Ref3902,ham
Just letting you know: Win a brand new phone today. Click to claim your prize. Have a good day. Offer6227,spam
Today: You are the lucky winner of a huge cash prize. Thanks. Offer1908,spam
Important: Congratulations! You have won a free prize. Claim now. Offer3320,spam
Please note: Amazing deal! Get your bonus before the offer ends. Offer6377,spam
Just letting you know: Happy birthday! Have a wonderful day. Thanks. Ref1725,ham
Hello! Congratulations! Your account has received a reward. Please reply. Offer6595,spam
Today: Your assignment is due tomorrow. Please reply. Ref8359,ham
Please note: Please check the attached report. Have a good day. Ref0160,ham
Quick message: I am waiting outside the office. Let me know. Ref1667,ham
Hi! Free gift waiting for you. Claim your reward today. Offer7868,spam
Hi! Win a brand new phone today. Click to claim your prize. Please reply. Offer6848,spam
Please note: Happy birthday! Have a wonderful day. Thanks. Ref3617,ham
Important: Free membership available. Register today. Reply when you can. Offer5855,spam
Quick message: Earn thousands from home. Join this opportunity now. Have a good day. Offer9062,spam
Today: Congratulations! You have won a free prize. Claim now. Please reply. Offer4272,spam
Please note: Free gift waiting for you. Claim your reward today. Please reply. Offer9960,spam
Just letting you know: Urgent reward notification. Claim before midnight. Thank you. Offer2898,spam
Please note: You are the lucky winner of a huge cash prize. Please reply. Offer3992,spam
Today: You are the lucky winner of a huge cash prize. Thank you. Offer2083,spam
Just letting you know: Are you free this evening? Please reply. Ref5118,ham
Can you pick up some groceries on your way? Please reply. Ref9909,ham
Exclusive offer available only today. Claim now. Thank you. Offer1098,spam
Hello! You are the lucky winner of a huge cash prize. Reply when you can. Offer8644,spam
Limited offer! Buy now and get a huge discount. Thank you. Offer3746,spam
Important: Urgent reward notification. Claim before midnight. Offer6236,spam
I am waiting outside the office. Please reply. Ref3097,ham
Important: Special cash offer just for you. Reply now. Offer3842,spam
Reminder: Claim your exclusive reward before it expires. Have a good day. Offer4797,spam
Important: Special promotion! Get 90 percent off today. Thanks. Offer2085,spam
Reminder: Win a brand new phone today. Click to claim your prize. Please reply. Offer1082,spam
Just letting you know: Are you free this evening? Let me know. Ref2325,ham
Let's have lunch together today. Have a good day. Ref3486,ham
Important: Exclusive winner notification. Claim your cash prize. Reply when you can. Offer4685,spam
Quick message: You have won a shopping voucher. Click here now. Thank you. Offer2060,spam
Important: Are you free this evening? Have a good day. Ref1486,ham
Today: FREE entry to win a luxury car. Reply WIN now. Let me know. Offer0545,spam
"Quick message: Congratulations, your number has won a cash bonus. Reply when you can. Offer5276",spam
Please note: URGENT! You have been selected for a cash reward. Call now. Thanks. Offer2232,spam
Please note: Limited offer! Buy now and get a huge discount. Thank you. Offer8460,spam
Please check the attached report. Have a good day. Ref4157,ham
Hello! Earn thousands from home. Join this opportunity now. Thanks. Offer4442,spam
Important: Congratulations! Your account has received a reward. Have a good day. Offer7337,spam
Important: FREE entry to win a luxury car. Reply WIN now. Let me know. Offer6625,spam
Win a brand new phone today. Click to claim your prize. Have a good day. Offer4616,spam
I reached safely. Have a good day. Ref2113,ham
Quick message: You are selected for a free prize. Confirm your details. Please reply. Offer4931,spam
Hello! Win a brand new phone today. Click to claim your prize. Thank you. Offer9592,spam
Hi! I am waiting outside the office. Please reply. Ref9656,ham
Please note: Congratulations! Your account has received a reward. Have a good day. Offer9458,spam
Hello! Happy birthday! Have a wonderful day. Thanks. Ref3311,ham
Reminder: Can you pick up some groceries on your way? Thank you. Ref0416,ham
Please note: Free membership available. Register today. Let me know. Offer5801,spam
Please note: Get rich quickly with this incredible money-making offer. Please reply. Offer2356,spam
Earn thousands from home. Join this opportunity now. Offer2116,spam
Important: Please call me when you reach home. Have a good day. Ref7184,ham
Important: Please check the attached report. Thank you. Ref6486,ham
Limited offer! Buy now and get a huge discount. Thank you. Offer7784,spam
Free coupon available now. Click to redeem. Thanks. Offer3623,spam
Today: FREE entry to win a luxury car. Reply WIN now. Reply when you can. Offer2650,spam
Hello! Win a brand new phone today. Click to claim your prize. Thanks. Offer0321,spam
Quick message: Let's have lunch together today. Ref7098,ham
Important: Limited offer! Buy now and get a huge discount. Please reply. Offer1653,spam
Important: You are the lucky winner of a huge cash prize. Let me know. Offer4663,spam
Please note: The project presentation is on Monday. Have a good day. Ref8247,ham
Important: I am going to the market now. Please reply. Ref0663,ham
Today: The class has been moved to room 204. Please reply. Ref4968,ham
Please note: Please check the attached report. Reply when you can. Ref0905,ham
Please note: URGENT! You have been selected for a cash reward. Call now. Thank you. Offer3207,spam
Just letting you know: Congratulations winner! Contact us to collect your prize. Offer1408,spam
Hello! The project presentation is on Monday. Thank you. Ref4368,ham
Free gift waiting for you. Claim your reward today. Thank you. Offer3602,spam
"Today: Hey, are we still meeting at 6 pm? Thank you. Ref5854",ham
Important: Exclusive winner notification. Claim your cash prize. Thanks. Offer8302,spam
Important: I will be there in ten minutes. Thank you. Ref5787,ham
"Hey, are we still meeting at 6 pm? Reply when you can. Ref1892",ham
Just letting you know: You are eligible for a special bonus. Apply immediately. Thanks. Offer3984,spam
Reminder: Please bring your laptop tomorrow. Please reply. Ref7274,ham
Today: Get a special discount now! Limited time offer. Have a good day. Offer9922,spam
Important: Congratulations! You have won a free prize. Claim now. Reply when you can. Offer3506,spam
Hello! You have won a guaranteed reward. Respond now. Offer7730,spam
I reached safely. Let me know. Ref4281,ham
Important: Get a special discount now! Limited time offer. Have a good day. Offer1494,spam
Today: Urgent reward notification. Claim before midnight. Have a good day. Offer5871,spam
Just letting you know: Get rich quickly with this incredible money-making offer. Have a good day. Offer5288,spam
Please note: Congratulations winner! Contact us to collect your prize. Have a good day. Offer2974,spam
Today: You have won a shopping voucher. Click here now. Thanks. Offer9456,spam
I have sent the documents to your email. Please reply. Ref6954,ham
Important: You have won a guaranteed reward. Respond now. Offer5369,spam
Reminder: Can you share the Wi-Fi password? Ref8638,ham
Hello! Free coupon available now. Click to redeem. Reply when you can. Offer5764,spam
Just letting you know: See you tomorrow morning. Thanks. Ref6269,ham
Hello! Please submit the form before Friday. Thank you. Ref6860,ham
Hi! Special cash offer just for you. Reply now. Thank you. Offer0168,spam
Hi! I am waiting outside the office. Let me know. Ref5706,ham
Hello! The meeting starts at 10 am. Thanks. Ref5676,ham
Reminder: Act now to receive your free gift. Please reply. Offer8282,spam
Hi! The class has been moved to room 204. Have a good day. Ref1212,ham
Hi! Can you share the Wi-Fi password? Thanks. Ref1517,ham
"Hey, are we still meeting at 6 pm? Let me know. Ref1184",ham
Just letting you know: Act now to receive your free gift. Thank you. Offer2876,spam
Just letting you know: The class has been moved to room 204. Please reply. Ref0211,ham
"Please note: Congratulations, your number has won a cash bonus. Reply when you can. Offer9963",spam
Important: Get a special discount now! Limited time offer. Let me know. Offer9587,spam
Just letting you know: I reached safely. Thank you. Ref1509,ham
Hi! Exclusive offer available only today. Claim now. Please reply. Offer7118,spam
Congratulations winner! Contact us to collect your prize. Reply when you can. Offer3392,spam
Reminder: WIN CASH NOW! Reply YES to receive your reward. Offer5651,spam
Today: Your assignment is due tomorrow. Ref2177,ham
Today: You are selected for a free prize. Confirm your details. Offer5935,spam
Hello! Can you share the Wi-Fi password? Have a good day. Ref0664,ham
"Today: Congratulations, your number has won a cash bonus. Have a good day. Offer8195",spam
Quick message: Congratulations! Your account has received a reward. Let me know. Offer2111,spam
Please note: Free coupon available now. Click to redeem. Thanks. Offer3045,spam
Hello! The weather is nice today. Thank you. Ref7952,ham
Please note: Exclusive winner notification. Claim your cash prize. Have a good day. Offer5893,spam
Important: Claim your exclusive reward before it expires. Please reply. Offer3631,spam
Quick message: Special promotion! Get 90 percent off today. Thanks. Offer9108,spam
Please note: Can we reschedule our appointment? Ref7591,ham
Reminder: Exclusive winner notification. Claim your cash prize. Let me know. Offer3462,spam
Hi! Free gift waiting for you. Claim your reward today. Offer3766,spam
Today: Free gift waiting for you. Claim your reward today. Reply when you can. Offer2755,spam
Today: Win a brand new phone today. Click to claim your prize. Thanks. Offer2970,spam
Please submit the form before Friday. Please reply. Ref4748,ham
Hello! You are eligible for a special bonus. Apply immediately. Please reply. Offer3144,spam
Quick message: Congratulations! Your account has received a reward. Please reply. Offer7465,spam
Just letting you know: Please call me when you reach home. Reply when you can. Ref1632,ham
Reminder: Free coupon available now. Click to redeem. Have a good day. Offer6733,spam
Please note: Are you free this evening? Have a good day. Ref6370,ham
Please note: Exclusive offer available only today. Claim now. Thanks. Offer8010,spam
Hi! Free membership available. Register today. Thanks. Offer3625,spam
Reminder: Congratulations winner! Contact us to collect your prize. Offer4513,spam
Quick message: You are eligible for a special bonus. Apply immediately. Reply when you can. Offer6396,spam
Just letting you know: The project presentation is on Monday. Ref0531,ham
Reminder: Get a special discount now! Limited time offer. Offer5823,spam
I will be there in ten minutes. Please reply. Ref3095,ham
Please note: I reached safely. Have a good day. Ref7270,ham
Hello! Don't forget to bring your ID card. Have a good day. Ref8409,ham
Hi! Free coupon available now. Click to redeem. Please reply. Offer5887,spam
Hi! Free gift waiting for you. Claim your reward today. Have a good day. Offer8153,spam
"Hello! Hey, are we still meeting at 6 pm? Please reply. Ref7431",ham
Reminder: Act now to receive your free gift. Thanks. Offer2958,spam
Today: Can you send me the notes from today's class? Let me know. Ref4452,ham
Today: Happy birthday! Have a wonderful day. Thank you. Ref2141,ham
Quick message: Earn thousands from home. Join this opportunity now. Have a good day. Offer3911,spam
Reminder: Get a special discount now! Limited time offer. Thank you. Offer4381,spam
Quick message: Can you send me the notes from today's class? Ref8775,ham
The project presentation is on Monday. Have a good day. Ref2752,ham
Just letting you know: The class has been moved to room 204. Ref4881,ham
Just letting you know: Thanks for helping me yesterday. Please reply. Ref4314,ham
Reminder: Limited offer! Buy now and get a huge discount. Thanks. Offer7254,spam
"Hello! Congratulations, your number has won a cash bonus. Let me know. Offer8821",spam
Please remind me about the meeting. Please reply. Ref9376,ham
Hi! You have been chosen for a free vacation. Thank you. Offer7585,spam
Quick message: Special cash offer just for you. Reply now. Offer7100,spam
Important: Can we reschedule our appointment? Reply when you can. Ref4587,ham
Please note: Claim your exclusive reward before it expires. Reply when you can. Offer2986,spam
Important: Get rich quickly with this incredible money-making offer. Thanks. Offer5420,spam
Limited offer! Buy now and get a huge discount. Reply when you can. Offer0515,spam
Please note: Exclusive offer available only today. Claim now. Thanks. Offer7757,spam
Just letting you know: You have won a guaranteed reward. Respond now. Please reply. Offer1265,spam
Today: Congratulations winner! Contact us to collect your prize. Let me know. Offer9270,spam
Hi! Special promotion! Get 90 percent off today. Offer7900,spam
Let me know when you are available. Reply when you can. Ref3726,ham
Just letting you know: Your assignment is due tomorrow. Please reply. Ref7220,ham
Can you pick up some groceries on your way? Let me know. Ref4101,ham
Just letting you know: Let me know when you are available. Thank you. Ref7593,ham
Quick message: Earn thousands from home. Join this opportunity now. Offer7593,spam
Hi! Congratulations winner! Contact us to collect your prize. Please reply. Offer1705,spam
Today: FREE entry to win a luxury car. Reply WIN now. Please reply. Offer3600,spam
"Please note: Hey, are we still meeting at 6 pm? Let me know. Ref6848",ham
You have won a shopping voucher. Click here now. Please reply. Offer4426,spam
Claim your exclusive reward before it expires. Thanks. Offer3253,spam
"Today: Hey, are we still meeting at 6 pm? Reply when you can. Ref2983",ham
Quick message: URGENT! You have been selected for a cash reward. Call now. Thank you. Offer3237,spam
Special cash offer just for you. Reply now. Thank you. Offer2695,spam
Important: Can you send me the notes from today's class? Thank you. Ref1817,ham
Quick message: Congratulations! You have won a free prize. Claim now. Please reply. Offer6771,spam
Please note: Urgent reward notification. Claim before midnight. Let me know. Offer1672,spam
Hello! You have won a guaranteed reward. Respond now. Thank you. Offer2272,spam
Reminder: Can you send me the notes from today's class? Please reply. Ref1132,ham
Today: The project presentation is on Monday. Thanks. Ref5042,ham
"Hello! Hey, are we still meeting at 6 pm? Let me know. Ref1373",ham
Please note: Congratulations! Your account has received a reward. Offer4551,spam
Just letting you know: I will call you after work. Thanks. Ref9229,ham
Quick message: Claim your exclusive reward before it expires. Offer4025,spam
Just letting you know: The meeting starts at 10 am. Ref1321,ham
Reminder: I will call you after work. Thanks. Ref0451,ham
Today: You have won a shopping voucher. Click here now. Offer7043,spam
Hi! Please check the attached report. Thank you. Ref9110,ham
"Reminder: Congratulations, your number has won a cash bonus. Please reply. Offer8981",spam
Quick message: The project presentation is on Monday. Reply when you can. Ref3789,ham
Reminder: You have been chosen for a free vacation. Let me know. Offer2975,spam
Act now to receive your free gift. Thanks. Offer1871,spam
Hello! Congratulations winner! Contact us to collect your prize. Thank you. Offer5746,spam
Today: Special cash offer just for you. Reply now. Thank you. Offer0086,spam
Important: Please call me when you reach home. Thank you. Ref3364,ham
Hello! Thanks for helping me yesterday. Let me know. Ref4783,ham
Reminder: The weather is nice today. Thank you. Ref5832,ham
Just letting you know: You have been chosen for a free vacation. Thank you. Offer2306,spam
Reminder: Please check the attached report. Thank you. Ref4726,ham
Reminder: Your assignment is due tomorrow. Ref6355,ham
Hi! You have won a shopping voucher. Click here now. Thanks. Offer3891,spam
Quick message: I will call you after work. Reply when you can. Ref1910,ham
Quick message: Get a special discount now! Limited time offer. Thank you. Offer7163,spam
Reminder: Special promotion! Get 90 percent off today. Thank you. Offer7016,spam
Hello! Let's have lunch together today. Thank you. Ref9727,ham
Just letting you know: I will call you after work. Ref3601,ham
Congratulations! You have won a free prize. Claim now. Please reply. Offer7138,spam
Reminder: Your order has been delivered. Reply when you can. Ref7805,ham
Quick message: Please bring your laptop tomorrow. Please reply. Ref5789,ham
Hello! Happy birthday! Have a wonderful day. Have a good day. Ref8066,ham
Hi! Urgent reward notification. Claim before midnight. Let me know. Offer7743,spam
Today: I reached safely. Thanks. Ref0714,ham
Just letting you know: Can you send me the notes from today's class? Thanks. Ref2770,ham
Let me know when you are available. Ref5365,ham
Please note: Let me know when you are available. Thanks. Ref5271,ham
Just letting you know: Are you free this evening? Let me know. Ref6102,ham
Amazing deal! Get your bonus before the offer ends. Thank you. Offer6128,spam
Hello! Free membership available. Register today. Offer9686,spam
Quick message: Exclusive offer available only today. Claim now. Please reply. Offer2804,spam
You have been chosen for a free vacation. Reply when you can. Offer8523,spam
Hi! I have sent the documents to your email. Thank you. Ref3306,ham
Hi! Thanks for helping me yesterday. Reply when you can. Ref1709,ham
Quick message: I am waiting outside the office. Let me know. Ref7351,ham
Important: Please call me when you reach home. Let me know. Ref8963,ham
Please note: I have sent the documents to your email. Please reply. Ref9968,ham
Reminder: Can you pick up some groceries on your way? Have a good day. Ref3189,ham
Hello! Please check the attached report. Let me know. Ref6942,ham
Hello! Congratulations! Your account has received a reward. Let me know. Offer4764,spam
Today: See you tomorrow morning. Thank you. Ref9233,ham
Act now to receive your free gift. Thank you. Offer1874,spam
Reminder: I have sent the documents to your email. Thanks. Ref7969,ham
Reminder: I am going to the market now. Ref9969,ham
Today: Limited offer! Buy now and get a huge discount. Offer6907,spam
Please call me when you reach home. Please reply. Ref3455,ham
Hi! Get a special discount now! Limited time offer. Have a good day. Offer8096,spam
Please note: Congratulations winner! Contact us to collect your prize. Thanks. Offer8900,spam
Please note: Please call me when you reach home. Let me know. Ref1898,ham
Get rich quickly with this incredible money-making offer. Thank you. Offer0103,spam
Today: Please call me when you reach home. Ref3452,ham
Today: Can you send me the notes from today's class? Thanks. Ref6214,ham
Reminder: Congratulations! You have won a free prize. Claim now. Please reply. Offer4452,spam
Hi! Free gift waiting for you. Claim your reward today. Reply when you can. Offer9586,spam
Hi! See you tomorrow morning. Thank you. Ref1314,ham
Quick message: Get rich quickly with this incredible money-making offer. Offer5436,spam
Just letting you know: You are eligible for a special bonus. Apply immediately. Please reply. Offer6195,spam
Your order has been delivered. Ref1287,ham
Reminder: The class has been moved to room 204. Thanks. Ref6469,ham
Please note: Can we reschedule our appointment? Let me know. Ref7027,ham
Reminder: Free gift waiting for you. Claim your reward today. Have a good day. Offer6341,spam
Just letting you know: FREE entry to win a luxury car. Reply WIN now. Have a good day. Offer1191,spam
Hi! Please bring your laptop tomorrow. Have a good day. Ref4384,ham
Important: FREE entry to win a luxury car. Reply WIN now. Offer0574,spam
Today: Exclusive winner notification. Claim your cash prize. Let me know. Offer6201,spam
Please note: Thanks for helping me yesterday. Ref9696,ham
Important: Win a brand new phone today. Click to claim your prize. Please reply. Offer7382,spam
Hi! Urgent reward notification. Claim before midnight. Reply when you can. Offer8861,spam
Please note: Please remind me about the meeting. Thank you. Ref8458,ham
Important: WIN CASH NOW! Reply YES to receive your reward. Please reply. Offer5843,spam
Today: Urgent reward notification. Claim before midnight. Please reply. Offer7410,spam
Quick message: Get rich quickly with this incredible money-making offer. Offer1504,spam
Today: Get a special discount now! Limited time offer. Let me know. Offer2170,spam
Quick message: You are eligible for a special bonus. Apply immediately. Offer9759,spam
Please note: Your assignment is due tomorrow. Please reply. Ref5725,ham
Hi! Are you free this evening? Let me know. Ref7278,ham
Reminder: You have been chosen for a free vacation. Offer3443,spam
Quick message: Are you free this evening? Please reply. Ref0896,ham
Just letting you know: Thanks for helping me yesterday. Thank you. Ref1714,ham
Today: Get rich quickly with this incredible money-making offer. Let me know. Offer1445,spam
Today: Please call me when you reach home. Let me know. Ref6005,ham
Important: Happy birthday! Have a wonderful day. Let me know. Ref0377,ham
Please note: You have won a guaranteed reward. Respond now. Let me know. Offer7165,spam
Hi! Get a special discount now! Limited time offer. Reply when you can. Offer1227,spam
Reminder: The project presentation is on Monday. Thank you. Ref2467,ham
Just letting you know: FREE entry to win a luxury car. Reply WIN now. Let me know. Offer1758,spam
Happy birthday! Have a wonderful day. Let me know. Ref9660,ham
Hello! Are you free this evening? Let me know. Ref8232,ham
Hi! Free coupon available now. Click to redeem. Reply when you can. Offer0382,spam
Hello! FREE entry to win a luxury car. Reply WIN now. Thank you. Offer0342,spam
Hello! Get a special discount now! Limited time offer. Let me know. Offer1953,spam
Hi! Exclusive winner notification. Claim your cash prize. Thanks. Offer8279,spam
Today: Earn money from home with our amazing opportunity. Have a good day. Offer3860,spam
Quick message: Please bring your laptop tomorrow. Ref2778,ham
Today: You have been chosen for a free vacation. Let me know. Offer3388,spam
"Please note: Hey, are we still meeting at 6 pm? Thanks. Ref8544",ham
Reminder: Special promotion! Get 90 percent off today. Let me know. Offer7115,spam
Today: I am going to the market now. Ref0628,ham
Please note: Can you pick up some groceries on your way? Thank you. Ref6206,ham
Hi! Get a special discount now! Limited time offer. Reply when you can. Offer1326,spam
Hi! The class has been moved to room 204. Thanks. Ref1576,ham
Hi! Free coupon available now. Click to redeem. Please reply. Offer3457,spam
Today: The weather is nice today. Ref8665,ham
Quick message: You have won a shopping voucher. Click here now. Thanks. Offer3194,spam
Reminder: Let's have lunch together today. Reply when you can. Ref3909,ham
Today: I have sent the documents to your email. Thanks. Ref0899,ham
Hello! You are eligible for a special bonus. Apply immediately. Please reply. Offer0088,spam
What time does the train arrive? Ref2679,ham
Today: Act now to receive your free gift. Let me know. Offer8954,spam
Hello! I am going to the market now. Thank you. Ref2316,ham
Today: You are selected for a free prize. Confirm your details. Please reply. Offer2699,spam
Reminder: Thanks for helping me yesterday. Ref2487,ham
Just letting you know: Your order has been delivered. Thank you. Ref3521,ham
Hello! Let's have lunch together today. Thanks. Ref1260,ham
Hi! The project presentation is on Monday. Thank you. Ref6722,ham
Please note: Special cash offer just for you. Reply now. Please reply. Offer8717,spam
Just letting you know: Urgent reward notification. Claim before midnight. Thanks. Offer4876,spam
Let me know when you are available. Let me know. Ref4761,ham
Today: Congratulations! You have won a free prize. Claim now. Have a good day. Offer0112,spam
You have been chosen for a free vacation. Thank you. Offer0218,spam
Hi! Your order has been delivered. Have a good day. Ref3686,ham
Quick message: Please call me when you reach home. Have a good day. Ref8563,ham
Reminder: You have won a shopping voucher. Click here now. Please reply. Offer9577,spam
Just letting you know: Please bring your laptop tomorrow. Please reply. Ref8644,ham
Hello! Your order has been delivered. Please reply. Ref3860,ham
Today: Please bring your laptop tomorrow. Let me know. Ref0891,ham
"Hello! Hey, are we still meeting at 6 pm? Reply when you can. Ref6649",ham
You are the lucky winner of a huge cash prize. Thank you. Offer7823,spam
Reminder: Congratulations! Your account has received a reward. Thanks. Offer8593,spam
Can you pick up some groceries on your way? Thank you. Ref2214,ham
Hi! Claim your exclusive reward before it expires. Let me know. Offer0009,spam
Hello! Exclusive winner notification. Claim your cash prize. Let me know. Offer1183,spam
Please note: Special promotion! Get 90 percent off today. Reply when you can. Offer9744,spam
Hi! Are you free this evening? Ref8973,ham
Just letting you know: You have been chosen for a free vacation. Offer5180,spam
Important: I will call you after work. Thank you. Ref7329,ham
Hello! The project presentation is on Monday. Let me know. Ref5770,ham
Reminder: WIN CASH NOW! Reply YES to receive your reward. Reply when you can. Offer2525,spam
Please note: Limited offer! Buy now and get a huge discount. Let me know. Offer8612,spam
Today: Are you free this evening? Please reply. Ref5458,ham
Please note: Win a brand new phone today. Click to claim your prize. Thanks. Offer1640,spam
Just letting you know: Can you pick up some groceries on your way? Ref6452,ham
I am going to the market now. Thank you. Ref3543,ham
Hello! Free coupon available now. Click to redeem. Let me know. Offer0654,spam
I will be there in ten minutes. Ref0612,ham
Let me know when you are available. Thanks. Ref7853,ham
Hello! Win a brand new phone today. Click to claim your prize. Please reply. Offer8314,spam
Quick message: Amazing deal! Get your bonus before the offer ends. Please reply. Offer4409,spam
Just letting you know: Free coupon available now. Click to redeem. Thanks. Offer9921,spam
Hi! You are selected for a free prize. Confirm your details. Thank you. Offer9702,spam
Hi! Congratulations winner! Contact us to collect your prize. Let me know. Offer6653,spam
Today: What time does the train arrive? Have a good day. Ref6707,ham
Reminder: The class has been moved to room 204. Have a good day. Ref4733,ham
Quick message: The class has been moved to room 204. Have a good day. Ref3693,ham
Reminder: I am waiting outside the office. Please reply. Ref4883,ham
Hi! The project presentation is on Monday. Thanks. Ref7716,ham
Hi! URGENT! You have been selected for a cash reward. Call now. Thanks. Offer4603,spam
Quick message: I am waiting outside the office. Thanks. Ref8627,ham
Hello! Let me know when you are available. Thank you. Ref2624,ham
Reminder: Happy birthday! Have a wonderful day. Let me know. Ref8411,ham
Please note: I have sent the documents to your email. Have a good day. Ref4427,ham
Reminder: I reached safely. Please reply. Ref6926,ham
Hello! Free coupon available now. Click to redeem. Thank you. Offer9667,spam
Reminder: Earn thousands from home. Join this opportunity now. Thank you. Offer3149,spam
Just letting you know: Please check the attached report. Thank you. Ref9051,ham
Quick message: Urgent reward notification. Claim before midnight. Thanks. Offer7718,spam
You are eligible for a special bonus. Apply immediately. Let me know. Offer6095,spam
Hello! Congratulations winner! Contact us to collect your prize. Thank you. Offer2613,spam
Today: You have won a shopping voucher. Click here now. Have a good day. Offer3574,spam
Important: See you tomorrow morning. Have a good day. Ref3411,ham
Please note: Get a special discount now! Limited time offer. Thanks. Offer2595,spam
Just letting you know: Free coupon available now. Click to redeem. Have a good day. Offer2326,spam
Win a brand new phone today. Click to claim your prize. Reply when you can. Offer5860,spam
Please note: Please submit the form before Friday. Reply when you can. Ref0351,ham
Please note: FREE entry to win a luxury car. Reply WIN now. Let me know. Offer0889,spam
Quick message: The project presentation is on Monday. Ref7225,ham
Please note: URGENT! You have been selected for a cash reward. Call now. Thanks. Offer9546,spam
Today: You are selected for a free prize. Confirm your details. Let me know. Offer2357,spam
Please note: Urgent reward notification. Claim before midnight. Please reply. Offer3803,spam
Today: Congratulations! You have won a free prize. Claim now. Have a good day. Offer8696,spam
Today: FREE entry to win a luxury car. Reply WIN now. Have a good day. Offer0286,spam
See you tomorrow morning. Ref7146,ham
Just letting you know: You have been chosen for a free vacation. Reply when you can. Offer9414,spam
Get rich quickly with this incredible money-making offer. Thanks. Offer8421,spam
Just letting you know: Free gift waiting for you. Claim your reward today. Thank you. Offer2717,spam
Hello! Can you pick up some groceries on your way? Please reply. Ref1942,ham
Hi! Thanks for helping me yesterday. Please reply. Ref8945,ham
Please note: I am going to the market now. Let me know. Ref9437,ham
Today: Are you free this evening? Thanks. Ref5092,ham
"Hey, are we still meeting at 6 pm? Ref3849",ham
I will call you after work. Thanks. Ref6510,ham
Hi! Don't forget to bring your ID card. Let me know. Ref7585,ham
Hi! URGENT! You have been selected for a cash reward. Call now. Thank you. Offer8065,spam
Important: Happy birthday! Have a wonderful day. Reply when you can. Ref5722,ham
Hi! Your assignment is due tomorrow. Ref4644,ham
Please note: Don't forget to bring your ID card. Please reply. Ref9899,ham
"Please note: Congratulations, your number has won a cash bonus. Offer3165",spam
Quick message: Congratulations winner! Contact us to collect your prize. Offer4827,spam
Congratulations! You have won a free prize. Claim now. Offer4953,spam
Hello! Free membership available. Register today. Offer9257,spam
Please note: FREE entry to win a luxury car. Reply WIN now. Thanks. Offer2935,spam
Just letting you know: Let me know when you are available. Ref6872,ham
Hi! Can you share the Wi-Fi password? Please reply. Ref9210,ham
Important: Amazing deal! Get your bonus before the offer ends. Thank you. Offer4107,spam
Please note: See you tomorrow morning. Thanks. Ref1167,ham
Today: Let me know when you are available. Let me know. Ref7888,ham
Please note: The weather is nice today. Reply when you can. Ref3721,ham
Important: Earn money from home with our amazing opportunity. Reply when you can. Offer7766,spam
Just letting you know: Limited offer! Buy now and get a huge discount. Please reply. Offer0603,spam
Important: The class has been moved to room 204. Have a good day. Ref0506,ham
Important: Your assignment is due tomorrow. Let me know. Ref6627,ham
Just letting you know: Happy birthday! Have a wonderful day. Reply when you can. Ref6754,ham
Please note: Let me know when you are available. Let me know. Ref2931,ham
See you tomorrow morning. Ref2453,ham
Hello! Please call me when you reach home. Thank you. Ref5406,ham
Important: Let me know when you are available. Thanks. Ref0769,ham
Important: I have sent the documents to your email. Reply when you can. Ref8234,ham
Important: Please submit the form before Friday. Please reply. Ref6629,ham
See you tomorrow morning. Let me know. Ref2875,ham
Amazing deal! Get your bonus before the offer ends. Thanks. Offer6652,spam
Please note: The class has been moved to room 204. Let me know. Ref1727,ham
See you tomorrow morning. Have a good day. Ref6085,ham
Just letting you know: Please remind me about the meeting. Thanks. Ref4810,ham
Hi! Earn thousands from home. Join this opportunity now. Reply when you can. Offer2914,spam
Quick message: Can you send me the notes from today's class? Thanks. Ref1450,ham
Just letting you know: See you tomorrow morning. Ref9454,ham
Hello! You have been chosen for a free vacation. Offer8675,spam
Just letting you know: Get a special discount now! Limited time offer. Let me know. Offer7019,spam
Today: Thanks for helping me yesterday. Please reply. Ref2892,ham
Just letting you know: WIN CASH NOW! Reply YES to receive your reward. Thanks. Offer4209,spam
"Important: Hey, are we still meeting at 6 pm? Thanks. Ref5842",ham
Hi! Earn thousands from home. Join this opportunity now. Offer0044,spam
Reminder: Exclusive offer available only today. Claim now. Thank you. Offer9554,spam
Please note: Please bring your laptop tomorrow. Thank you. Ref1310,ham
Reminder: Thanks for helping me yesterday. Have a good day. Ref0057,ham
Important: You are the lucky winner of a huge cash prize. Thank you. Offer2928,spam
URGENT! You have been selected for a cash reward. Call now. Reply when you can. Offer6338,spam
Today: Special promotion! Get 90 percent off today. Thanks. Offer4395,spam
Reminder: The project presentation is on Monday. Ref6383,ham
Please note: You have won a guaranteed reward. Respond now. Please reply. Offer1635,spam
Hi! What time does the train arrive? Ref7993,ham
Reminder: Thanks for helping me yesterday. Thank you. Ref6651,ham
Hello! You are eligible for a special bonus. Apply immediately. Thank you. Offer5104,spam
Important: Happy birthday! Have a wonderful day. Thanks. Ref5330,ham
Thanks for helping me yesterday. Let me know. Ref5834,ham
Hi! Can you pick up some groceries on your way? Thanks. Ref3553,ham
Just letting you know: Your assignment is due tomorrow. Thanks. Ref9158,ham
Please note: Earn thousands from home. Join this opportunity now. Offer1637,spam
Important: FREE entry to win a luxury car. Reply WIN now. Thank you. Offer8630,spam
Reminder: Can you share the Wi-Fi password? Thank you. Ref6354,ham
Hi! The weather is nice today. Thank you. Ref4576,ham
Hello! See you tomorrow morning. Thank you. Ref9003,ham
Important: The weather is nice today. Thank you. Ref3175,ham
I am waiting outside the office. Have a good day. Ref0382,ham
Hi! I will be there in ten minutes. Thank you. Ref0062,ham
Please note: Let me know when you are available. Let me know. Ref9056,ham
Hi! Free gift waiting for you. Claim your reward today. Thanks. Offer2312,spam
"Just letting you know: Hey, are we still meeting at 6 pm? Ref8175",ham
Hi! Please bring your laptop tomorrow. Please reply. Ref9367,ham
Hello! I will call you after work. Thanks. Ref6716,ham
Please note: The project presentation is on Monday. Reply when you can. Ref1563,ham
Quick message: Can you pick up some groceries on your way? Let me know. Ref6720,ham
Hello! Free membership available. Register today. Thanks. Offer0488,spam
Reminder: Limited offer! Buy now and get a huge discount. Thank you. Offer7666,spam
Today: I am waiting outside the office. Ref1534,ham
Just letting you know: Can we reschedule our appointment? Thanks. Ref8091,ham
Please remind me about the meeting. Please reply. Ref7382,ham
Let's have lunch together today. Let me know. Ref4301,ham
Just letting you know: The weather is nice today. Please reply. Ref4024,ham
What time does the train arrive? Thanks. Ref5466,ham
Quick message: Get a special discount now! Limited time offer. Have a good day. Offer9881,spam
Reminder: Please submit the form before Friday. Reply when you can. Ref2247,ham
Reminder: I will be there in ten minutes. Thank you. Ref2188,ham
Quick message: Free gift waiting for you. Claim your reward today. Thank you. Offer9120,spam
Hello! Don't forget to bring your ID card. Let me know. Ref9653,ham
Just letting you know: Your assignment is due tomorrow. Let me know. Ref5418,ham
Hi! Exclusive winner notification. Claim your cash prize. Offer7246,spam
Important: Special promotion! Get 90 percent off today. Thank you. Offer9561,spam
Hi! Free membership available. Register today. Let me know. Offer6591,spam
Just letting you know: Special promotion! Get 90 percent off today. Let me know. Offer9927,spam
Important: URGENT! You have been selected for a cash reward. Call now. Please reply. Offer6392,spam
Please note: Please check the attached report. Ref0572,ham
Hello! Your order has been delivered. Reply when you can. Ref4814,ham
Hello! Free membership available. Register today. Reply when you can. Offer4253,spam
Just letting you know: Exclusive winner notification. Claim your cash prize. Thank you. Offer0469,spam
I have sent the documents to your email. Have a good day. Ref9445,ham
Quick message: Are you free this evening? Have a good day. Ref8136,ham
Hi! Thanks for helping me yesterday. Ref7875,ham
Free gift waiting for you. Claim your reward today. Thanks. Offer8862,spam
Let me know when you are available. Thanks. Ref5454,ham
Hi! Please submit the form before Friday. Please reply. Ref1470,ham
Please submit the form before Friday. Ref0367,ham
Today: Free coupon available now. Click to redeem. Please reply. Offer6394,spam
Reminder: Please submit the form before Friday. Thank you. Ref3165,ham
Hi! Amazing deal! Get your bonus before the offer ends. Thank you. Offer4589,spam
Quick message: Exclusive offer available only today. Claim now. Thank you. Offer7419,spam
Today: Amazing deal! Get your bonus before the offer ends. Offer5664,spam
Hello! Claim your exclusive reward before it expires. Have a good day. Offer8679,spam
Important: You have won a guaranteed reward. Respond now. Reply when you can. Offer5647,spam
Reminder: Can you share the Wi-Fi password? Let me know. Ref1855,ham
Quick message: Congratulations! Your account has received a reward. Please reply. Offer4704,spam
Reminder: Free gift waiting for you. Claim your reward today. Reply when you can. Offer9624,spam
Hi! Are you free this evening? Thank you. Ref6083,ham
Quick message: Please bring your laptop tomorrow. Let me know. Ref3780,ham
Hi! Please remind me about the meeting. Thanks. Ref1252,ham
Quick message: Thanks for helping me yesterday. Please reply. Ref6842,ham
Hi! Special promotion! Get 90 percent off today. Please reply. Offer2666,spam
Important: FREE entry to win a luxury car. Reply WIN now. Reply when you can. Offer6365,spam
Today: The weather is nice today. Reply when you can. Ref9152,ham
You have won a shopping voucher. Click here now. Have a good day. Offer4264,spam
Can you send me the notes from today's class? Thank you. Ref5029,ham
"Hi! Hey, are we still meeting at 6 pm? Thanks. Ref1078",ham
Today: WIN CASH NOW! Reply YES to receive your reward. Offer5491,spam
Hi! Amazing deal! Get your bonus before the offer ends. Thank you. Offer2887,spam
Today: Exclusive offer available only today. Claim now. Offer6417,spam
Just letting you know: I am going to the market now. Have a good day. Ref4979,ham
"Hi! Hey, are we still meeting at 6 pm? Ref9023",ham
I am waiting outside the office. Thank you. Ref3715,ham
"Important: Hey, are we still meeting at 6 pm? Let me know. Ref0770",ham
Hi! Act now to receive your free gift. Let me know. Offer6390,spam
Just letting you know: I will be there in ten minutes. Please reply. Ref2674,ham
Hello! Get rich quickly with this incredible money-making offer. Offer6624,spam
Just letting you know: Earn thousands from home. Join this opportunity now. Let me know. Offer0166,spam
Please note: The project presentation is on Monday. Let me know. Ref6250,ham
Hello! Amazing deal! Get your bonus before the offer ends. Thanks. Offer7507,spam
Hello! Free membership available. Register today. Please reply. Offer6839,spam
Important: Please remind me about the meeting. Ref4117,ham
Reminder: Free membership available. Register today. Have a good day. Offer2502,spam
Today: Win a brand new phone today. Click to claim your prize. Please reply. Offer2424,spam
Just letting you know: I will be there in ten minutes. Thank you. Ref2162,ham
Please note: URGENT! You have been selected for a cash reward. Call now. Reply when you can. Offer8829,spam
Can you pick up some groceries on your way? Ref5191,ham
The project presentation is on Monday. Reply when you can. Ref1300,ham
Today: Congratulations! You have won a free prize. Claim now. Reply when you can. Offer8160,spam
Please note: See you tomorrow morning. Have a good day. Ref2124,ham
Please bring your laptop tomorrow. Reply when you can. Ref1265,ham
You are the lucky winner of a huge cash prize. Reply when you can. Offer8634,spam
I am going to the market now. Thank you. Ref0869,ham
"Quick message: Congratulations, your number has won a cash bonus. Let me know. Offer6098",spam
Hi! The meeting starts at 10 am. Please reply. Ref8389,ham
Today: Free coupon available now. Click to redeem. Thank you. Offer6360,spam
Just letting you know: Let's have lunch together today. Thanks. Ref6463,ham
Please note: The meeting starts at 10 am. Let me know. Ref3806,ham
Today: Special cash offer just for you. Reply now. Offer8914,spam
Hello! Win a brand new phone today. Click to claim your prize. Offer1236,spam
Hi! Earn thousands from home. Join this opportunity now. Thanks. Offer0694,spam
Reminder: Earn thousands from home. Join this opportunity now. Offer8550,spam
I have sent the documents to your email. Reply when you can. Ref1380,ham
Quick message: Special cash offer just for you. Reply now. Please reply. Offer7381,spam
Quick message: Act now to receive your free gift. Let me know. Offer0591,spam
Hello! Get rich quickly with this incredible money-making offer. Reply when you can. Offer1301,spam
Just letting you know: I am waiting outside the office. Let me know. Ref9629,ham
Hello! Can you send me the notes from today's class? Thanks. Ref7207,ham
Today: Your assignment is due tomorrow. Thank you. Ref5479,ham
Please remind me about the meeting. Let me know. Ref9521,ham
Today: Please remind me about the meeting. Reply when you can. Ref1804,ham
Important: The class has been moved to room 204. Reply when you can. Ref2659,ham
Quick message: Earn money from home with our amazing opportunity. Thanks. Offer8831,spam
Please note: Can you pick up some groceries on your way? Thanks. Ref7286,ham
Please note: Claim your exclusive reward before it expires. Reply when you can. Offer8136,spam
Hi! The weather is nice today. Ref5266,ham
Just letting you know: Thanks for helping me yesterday. Let me know. Ref8393,ham
Hi! Please remind me about the meeting. Reply when you can. Ref3921,ham
"Quick message: Hey, are we still meeting at 6 pm? Please reply. Ref4244",ham
Quick message: Congratulations! Your account has received a reward. Let me know. Offer0400,spam
Today: Thanks for helping me yesterday. Have a good day. Ref0171,ham
Today: I have sent the documents to your email. Have a good day. Ref1558,ham
Please bring your laptop tomorrow. Please reply. Ref2951,ham
The class has been moved to room 204. Have a good day. Ref4515,ham
Just letting you know: Congratulations! You have won a free prize. Claim now. Offer9219,spam
Important: Urgent reward notification. Claim before midnight. Reply when you can. Offer1719,spam
Just letting you know: Please call me when you reach home. Let me know. Ref9661,ham
Quick message: The weather is nice today. Have a good day. Ref8820,ham
Hello! Please bring your laptop tomorrow. Ref4958,ham
Quick message: Please submit the form before Friday. Thanks. Ref8475,ham
Hello! You have won a guaranteed reward. Respond now. Let me know. Offer8852,spam
Important: FREE entry to win a luxury car. Reply WIN now. Reply when you can. Offer5530,spam
Please note: Exclusive offer available only today. Claim now. Please reply. Offer4357,spam
Important: I reached safely. Ref4585,ham
Hello! FREE entry to win a luxury car. Reply WIN now. Thanks. Offer7091,spam
I will call you after work. Ref8492,ham
"Reminder: Hey, are we still meeting at 6 pm? Thanks. Ref3536",ham
Important: Are you free this evening? Let me know. Ref8351,ham
Earn thousands from home. Join this opportunity now. Reply when you can. Offer5356,spam
Hi! Can you pick up some groceries on your way? Have a good day. Ref3478,ham
Quick message: Urgent reward notification. Claim before midnight. Have a good day. Offer4002,spam
Important: Limited offer! Buy now and get a huge discount. Thanks. Offer8812,spam
Hello! Earn money from home with our amazing opportunity. Please reply. Offer3310,spam
Quick message: Earn money from home with our amazing opportunity. Reply when you can. Offer2316,spam
Today: Special cash offer just for you. Reply now. Thanks. Offer4695,spam
Important: I am waiting outside the office. Thanks. Ref3873,ham
Congratulations! You have won a free prize. Claim now. Let me know. Offer9715,spam
Reminder: Can we reschedule our appointment? Thanks. Ref2205,ham
Just letting you know: Please remind me about the meeting. Ref6033,ham
Today: Your order has been delivered. Let me know. Ref1641,ham
Reminder: Limited offer! Buy now and get a huge discount. Reply when you can. Offer9158,spam
Just letting you know: Exclusive offer available only today. Claim now. Have a good day. Offer7310,spam
Reminder: WIN CASH NOW! Reply YES to receive your reward. Have a good day. Offer2702,spam
Hello! Can you share the Wi-Fi password? Thank you. Ref1340,ham
Hi! Can we reschedule our appointment? Thank you. Ref7029,ham
Hi! See you tomorrow morning. Reply when you can. Ref8089,ham
Just letting you know: Can you pick up some groceries on your way? Thanks. Ref0903,ham
Hello! WIN CASH NOW! Reply YES to receive your reward. Please reply. Offer0566,spam
Today: Your order has been delivered. Ref9903,ham
Important: You are eligible for a special bonus. Apply immediately. Have a good day. Offer7262,spam
Hello! Special promotion! Get 90 percent off today. Thanks. Offer0123,spam
Quick message: You have won a guaranteed reward. Respond now. Let me know. Offer6996,spam
Hello! Act now to receive your free gift. Have a good day. Offer8411,spam
Important: WIN CASH NOW! Reply YES to receive your reward. Offer3780,spam
Today: WIN CASH NOW! Reply YES to receive your reward. Thanks. Offer1171,spam
Just letting you know: Amazing deal! Get your bonus before the offer ends. Thanks. Offer5601,spam
Hello! Claim your exclusive reward before it expires. Please reply. Offer4688,spam
Special cash offer just for you. Reply now. Let me know. Offer8218,spam
Just letting you know: Please call me when you reach home. Have a good day. Ref7791,ham
Reminder: Congratulations! Your account has received a reward. Please reply. Offer8116,spam
Just letting you know: Please submit the form before Friday. Let me know. Ref0697,ham
Today: WIN CASH NOW! Reply YES to receive your reward. Thanks. Offer9300,spam
Today: Free membership available. Register today. Reply when you can. Offer0481,spam
Please note: Your assignment is due tomorrow. Let me know. Ref6642,ham
Hi! Limited offer! Buy now and get a huge discount. Please reply. Offer6765,spam
Quick message: WIN CASH NOW! Reply YES to receive your reward. Thanks. Offer2391,spam
Quick message: Can you send me the notes from today's class? Reply when you can. Ref2319,ham
Hello! Please bring your laptop tomorrow. Thanks. Ref7765,ham
Today: I am waiting outside the office. Reply when you can. Ref1432,ham
Quick message: Please call me when you reach home. Ref7620,ham
Reminder: Your assignment is due tomorrow. Have a good day. Ref2758,ham
Just letting you know: Exclusive winner notification. Claim your cash prize. Thank you. Offer1655,spam
Today: Act now to receive your free gift. Offer8538,spam
Quick message: Amazing deal! Get your bonus before the offer ends. Let me know. Offer6856,spam
"Hey, are we still meeting at 6 pm? Thanks. Ref6585",ham
Important: The class has been moved to room 204. Let me know. Ref2300,ham
Today: Get rich quickly with this incredible money-making offer. Have a good day. Offer4614,spam
Reminder: Get a special discount now! Limited time offer. Thank you. Offer7508,spam
Please note: The project presentation is on Monday. Thank you. Ref3296,ham
Hello! What time does the train arrive? Please reply. Ref4725,ham
I will be there in ten minutes. Let me know. Ref3072,ham
Quick message: I am waiting outside the office. Please reply. Ref7470,ham
Please note: You are the lucky winner of a huge cash prize. Let me know. Offer8438,spam
Reminder: Win a brand new phone today. Click to claim your prize. Reply when you can. Offer9165,spam
Just letting you know: Please bring your laptop tomorrow. Have a good day. Ref2000,ham
Just letting you know: Let me know when you are available. Thanks. Ref6359,ham
Quick message: Your assignment is due tomorrow. Ref0248,ham
Just letting you know: Congratulations! You have won a free prize. Claim now. Offer5065,spam
Claim your exclusive reward before it expires. Please reply. Offer6523,spam
Important: Free coupon available now. Click to redeem. Thank you. Offer7294,spam
Reminder: URGENT! You have been selected for a cash reward. Call now. Thank you. Offer9289,spam
Please note: Please call me when you reach home. Reply when you can. Ref4038,ham
Hi! You have won a guaranteed reward. Respond now. Let me know. Offer4645,spam
Important: WIN CASH NOW! Reply YES to receive your reward. Let me know. Offer1259,spam
"Quick message: Congratulations, your number has won a cash bonus. Please reply. Offer5990",spam
Hello! Special cash offer just for you. Reply now. Have a good day. Offer1022,spam
Reminder: You are the lucky winner of a huge cash prize. Reply when you can. Offer6545,spam
Quick message: Please bring your laptop tomorrow. Reply when you can. Ref6643,ham
You are the lucky winner of a huge cash prize. Offer2471,spam
Hi! Let's have lunch together today. Ref9248,ham
Just letting you know: FREE entry to win a luxury car. Reply WIN now. Thank you. Offer2237,spam
Today: Act now to receive your free gift. Have a good day. Offer6884,spam
Important: Congratulations! Your account has received a reward. Thank you. Offer0138,spam
Let's have lunch together today. Let me know. Ref5710,ham
Please call me when you reach home. Please reply. Ref0797,ham
Hello! Please check the attached report. Have a good day. Ref1718,ham
Reminder: Limited offer! Buy now and get a huge discount. Thanks. Offer5070,spam
Hi! Exclusive winner notification. Claim your cash prize. Thanks. Offer3381,spam
Hi! FREE entry to win a luxury car. Reply WIN now. Let me know. Offer3670,spam
Please note: URGENT! You have been selected for a cash reward. Call now. Thanks. Offer8816,spam
Reminder: Free coupon available now. Click to redeem. Offer3022,spam
Hello! You have been chosen for a free vacation. Thank you. Offer0294,spam
Please note: The class has been moved to room 204. Reply when you can. Ref0056,ham
Just letting you know: Are you free this evening? Let me know. Ref8231,ham
Important: What time does the train arrive? Reply when you can. Ref7173,ham
Important: Amazing deal! Get your bonus before the offer ends. Offer5811,spam
"Today: Hey, are we still meeting at 6 pm? Thanks. Ref7157",ham
Please note: You have been chosen for a free vacation. Have a good day. Offer2332,spam
Hello! Please call me when you reach home. Ref4754,ham
Quick message: You are selected for a free prize. Confirm your details. Reply when you can. Offer9714,spam
Reminder: Earn thousands from home. Join this opportunity now. Please reply. Offer5540,spam
Reminder: Can you share the Wi-Fi password? Have a good day. Ref9942,ham
Hi! Please check the attached report. Please reply. Ref6262,ham
Quick message: Can we reschedule our appointment? Please reply. Ref2309,ham
Hello! Free coupon available now. Click to redeem. Please reply. Offer4232,spam
Reminder: Free gift waiting for you. Claim your reward today. Thanks. Offer1110,spam
Important: URGENT! You have been selected for a cash reward. Call now. Have a good day. Offer5546,spam
Important: Urgent reward notification. Claim before midnight. Thanks. Offer7772,spam
Reminder: Can we reschedule our appointment? Let me know. Ref6003,ham
Today: Let's have lunch together today. Let me know. Ref8647,ham
Today: Claim your exclusive reward before it expires. Please reply. Offer6241,spam
Quick message: Earn money from home with our amazing opportunity. Thank you. Offer7816,spam
Just letting you know: Please call me when you reach home. Thanks. Ref9414,ham
Please note: URGENT! You have been selected for a cash reward. Call now. Please reply. Offer6467,spam
Hi! I have sent the documents to your email. Ref5929,ham
Important: Get a special discount now! Limited time offer. Let me know. Offer8082,spam
I reached safely. Ref4623,ham
Please check the attached report. Let me know. Ref7468,ham
"Quick message: Congratulations, your number has won a cash bonus. Thanks. Offer4090",spam
Reminder: Special promotion! Get 90 percent off today. Thanks. Offer2463,spam
Hi! Let me know when you are available. Have a good day. Ref3323,ham
Win a brand new phone today. Click to claim your prize. Have a good day. Offer6346,spam
Reminder: The class has been moved to room 204. Please reply. Ref2787,ham
Today: Can you share the Wi-Fi password? Thanks. Ref2510,ham
Reminder: You have won a shopping voucher. Click here now. Reply when you can. Offer5910,spam
Hi! What time does the train arrive? Let me know. Ref8396,ham
Today: Please submit the form before Friday. Have a good day. Ref5024,ham
Today: Can you share the Wi-Fi password? Reply when you can. Ref8446,ham
Today: Can we reschedule our appointment? Have a good day. Ref7854,ham
Hello! You have won a guaranteed reward. Respond now. Let me know. Offer3868,spam
Hi! Free membership available. Register today. Thank you. Offer4467,spam
Hello! You have won a shopping voucher. Click here now. Thanks. Offer1101,spam
Please note: Earn thousands from home. Join this opportunity now. Thanks. Offer1008,spam
Please note: Can you pick up some groceries on your way? Thank you. Ref8352,ham
You have won a shopping voucher. Click here now. Let me know. Offer4905,spam
Quick message: Please bring your laptop tomorrow. Reply when you can. Ref8383,ham
Can you pick up some groceries on your way? Ref5924,ham
Just letting you know: Free membership available. Register today. Thank you. Offer3161,spam
Just letting you know: I will be there in ten minutes. Thanks. Ref7786,ham
Important: Act now to receive your free gift. Thanks. Offer6130,spam
Hello! The meeting starts at 10 am. Thank you. Ref4167,ham
Quick message: The class has been moved to room 204. Thanks. Ref2327,ham
Important: URGENT! You have been selected for a cash reward. Call now. Thank you. Offer8442,spam
Hi! I have sent the documents to your email. Please reply. Ref4467,ham
Hello! You are the lucky winner of a huge cash prize. Thank you. Offer0949,spam
Quick message: I am going to the market now. Reply when you can. Ref8717,ham
Reminder: Claim your exclusive reward before it expires. Let me know. Offer5685,spam
Hello! Amazing deal! Get your bonus before the offer ends. Let me know. Offer4871,spam
Please note: Your assignment is due tomorrow. Thanks. Ref3358,ham
Reminder: Please submit the form before Friday. Let me know. Ref1953,ham
Hello! Limited offer! Buy now and get a huge discount. Please reply. Offer8508,spam
Reminder: Let's have lunch together today. Ref1324,ham
Quick message: I will call you after work. Reply when you can. Ref6430,ham
"Reminder: Hey, are we still meeting at 6 pm? Thanks. Ref0557",ham
Congratulations! Your account has received a reward. Please reply. Offer6672,spam
Reminder: Exclusive offer available only today. Claim now. Thank you. Offer2156,spam
Today: Special promotion! Get 90 percent off today. Please reply. Offer2168,spam
Today: Thanks for helping me yesterday. Ref7459,ham
"Hello! Hey, are we still meeting at 6 pm? Let me know. Ref5398",ham
Today: URGENT! You have been selected for a cash reward. Call now. Thank you. Offer8585,spam
Just letting you know: I reached safely. Thanks. Ref0204,ham
Important: Free gift waiting for you. Claim your reward today. Reply when you can. Offer5099,spam
Important: You are selected for a free prize. Confirm your details. Thank you. Offer0013,spam
Thanks for helping me yesterday. Have a good day. Ref0730,ham
Just letting you know: The meeting starts at 10 am. Ref0357,ham
Special cash offer just for you. Reply now. Thank you. Offer2218,spam
Reminder: You have won a shopping voucher. Click here now. Please reply. Offer3247,spam
Reminder: Please bring your laptop tomorrow. Thanks. Ref9091,ham
Quick message: Your assignment is due tomorrow. Thanks. Ref3740,ham
Quick message: Exclusive winner notification. Claim your cash prize. Please reply. Offer8878,spam
Just letting you know: Happy birthday! Have a wonderful day. Ref7071,ham
Quick message: Congratulations! You have won a free prize. Claim now. Have a good day. Offer2352,spam
Today: I am waiting outside the office. Thanks. Ref9486,ham
Important: Earn thousands from home. Join this opportunity now. Have a good day. Offer9351,spam
Reminder: Congratulations winner! Contact us to collect your prize. Offer7555,spam
Please note: Exclusive winner notification. Claim your cash prize. Let me know. Offer7418,spam
"Important: Congratulations, your number has won a cash bonus. Thanks. Offer8921",spam
Today: Win a brand new phone today. Click to claim your prize. Offer1371,spam
Quick message: Get rich quickly with this incredible money-making offer. Let me know. Offer3135,spam
Please note: I have sent the documents to your email. Reply when you can. Ref7742,ham
Today: Let me know when you are available. Please reply. Ref7734,ham
Today: I will call you after work. Please reply. Ref5162,ham
Just letting you know: Earn thousands from home. Join this opportunity now. Reply when you can. Offer0011,spam
Today: FREE entry to win a luxury car. Reply WIN now. Thanks. Offer9397,spam
Today: I am going to the market now. Ref4750,ham
Just letting you know: Claim your exclusive reward before it expires. Thanks. Offer2055,spam
Important: Special promotion! Get 90 percent off today. Offer1500,spam
Today: You are selected for a free prize. Confirm your details. Thanks. Offer1683,spam
Just letting you know: You have been chosen for a free vacation. Please reply. Offer4624,spam
Hi! You have been chosen for a free vacation. Let me know. Offer7349,spam
Today: The class has been moved to room 204. Ref3317,ham
Reminder: Let's have lunch together today. Please reply. Ref1037,ham
"Today: Congratulations, your number has won a cash bonus. Let me know. Offer3862",spam
Please note: You have been chosen for a free vacation. Reply when you can. Offer5889,spam
Hi! URGENT! You have been selected for a cash reward. Call now. Please reply. Offer7489,spam
Important: I am going to the market now. Please reply. Ref1661,ham
Quick message: Win a brand new phone today. Click to claim your prize. Please reply. Offer9360,spam
Thanks for helping me yesterday. Please reply. Ref1383,ham
Today: I will be there in ten minutes. Thanks. Ref0059,ham
Quick message: Please bring your laptop tomorrow. Thank you. Ref2965,ham
Can we reschedule our appointment? Have a good day. Ref0150,ham
Please note: I reached safely. Please reply. Ref6582,ham
Hi! Congratulations! You have won a free prize. Claim now. Offer7520,spam
Reminder: Can you share the Wi-Fi password? Thanks. Ref7580,ham
Quick message: Let me know when you are available. Reply when you can. Ref4963,ham
Important: The meeting starts at 10 am. Thanks. Ref0559,ham
Hello! Free membership available. Register today. Thank you. Offer0830,spam
Hello! Thanks for helping me yesterday. Please reply. Ref2913,ham
URGENT! You have been selected for a cash reward. Call now. Thank you. Offer0071,spam
Today: Win a brand new phone today. Click to claim your prize. Let me know. Offer6711,spam
Hello! Earn thousands from home. Join this opportunity now. Let me know. Offer7301,spam
Reminder: FREE entry to win a luxury car. Reply WIN now. Offer1571,spam
Important: URGENT! You have been selected for a cash reward. Call now. Let me know. Offer9287,spam
Quick message: You are eligible for a special bonus. Apply immediately. Please reply. Offer4424,spam
Reminder: Urgent reward notification. Claim before midnight. Let me know. Offer6778,spam
Claim your exclusive reward before it expires. Let me know. Offer8583,spam
I am going to the market now. Let me know. Ref3172,ham
Quick message: Happy birthday! Have a wonderful day. Ref7924,ham
Today: Free coupon available now. Click to redeem. Offer1944,spam
Get a special discount now! Limited time offer. Thanks. Offer9937,spam
You are eligible for a special bonus. Apply immediately. Thank you. Offer6572,spam
Just letting you know: Don't forget to bring your ID card. Thank you. Ref3677,ham
Hi! Urgent reward notification. Claim before midnight. Thanks. Offer9728,spam
Please note: Please bring your laptop tomorrow. Please reply. Ref3590,ham
Quick message: Urgent reward notification. Claim before midnight. Please reply. Offer9503,spam
Quick message: Urgent reward notification. Claim before midnight. Thank you. Offer0017,spam
Today: Free coupon available now. Click to redeem. Thanks. Offer7685,spam
Today: Can we reschedule our appointment? Please reply. Ref3992,ham
"Just letting you know: Congratulations, your number has won a cash bonus. Let me know. Offer0144",spam
Hello! Congratulations! Your account has received a reward. Please reply. Offer7527,spam
Reminder: You have won a guaranteed reward. Respond now. Please reply. Offer0247,spam
Let's have lunch together today. Have a good day. Ref7290,ham
Just letting you know: Can you send me the notes from today's class? Ref3360,ham
Reminder: You are the lucky winner of a huge cash prize. Offer6838,spam
Reminder: Are you free this evening? Thanks. Ref0593,ham
Reminder: The weather is nice today. Reply when you can. Ref8222,ham
Today: Act now to receive your free gift. Thank you. Offer4247,spam
Hello! Congratulations! You have won a free prize. Claim now. Offer0070,spam
Reminder: Your assignment is due tomorrow. Reply when you can. Ref0034,ham
Please submit the form before Friday. Let me know. Ref8771,ham
Hi! Can you pick up some groceries on your way? Ref5877,ham
Hi! Amazing deal! Get your bonus before the offer ends. Reply when you can. Offer8280,spam
Important: Exclusive winner notification. Claim your cash prize. Thank you. Offer3023,spam
I am waiting outside the office. Let me know. Ref8377,ham
Hello! Earn thousands from home. Join this opportunity now. Reply when you can. Offer9775,spam
Important: What time does the train arrive? Thank you. Ref1997,ham
Just letting you know: FREE entry to win a luxury car. Reply WIN now. Thanks. Offer4030,spam
Quick message: Free membership available. Register today. Thanks. Offer6571,spam
Please submit the form before Friday. Reply when you can. Ref6703,ham
"Hi! Congratulations, your number has won a cash bonus. Let me know. Offer5684",spam
"Just letting you know: Congratulations, your number has won a cash bonus. Offer4327",spam
Please note: WIN CASH NOW! Reply YES to receive your reward. Offer7625,spam
Reminder: Happy birthday! Have a wonderful day. Have a good day. Ref9564,ham
Quick message: I will call you after work. Please reply. Ref0192,ham
Hi! The meeting starts at 10 am. Please reply. Ref0226,ham
Reminder: I am waiting outside the office. Thanks. Ref6946,ham
Quick message: Limited offer! Buy now and get a huge discount. Please reply. Offer1529,spam
Reminder: Earn thousands from home. Join this opportunity now. Please reply. Offer1505,spam
Important: Thanks for helping me yesterday. Have a good day. Ref8920,ham
You have won a guaranteed reward. Respond now. Thank you. Offer0143,spam
Today: Special cash offer just for you. Reply now. Offer2859,spam
Important: I am waiting outside the office. Thank you. Ref8443,ham
Please note: Please remind me about the meeting. Please reply. Ref4229,ham
Hi! What time does the train arrive? Please reply. Ref6154,ham
Please call me when you reach home. Thank you. Ref9739,ham
"Quick message: Hey, are we still meeting at 6 pm? Have a good day. Ref3070",ham
Today: Thanks for helping me yesterday. Thank you. Ref7897,ham
Please note: Claim your exclusive reward before it expires. Thank you. Offer1791,spam
Hi! Free membership available. Register today. Please reply. Offer9373,spam
Hello! Exclusive offer available only today. Claim now. Thanks. Offer2360,spam
Quick message: You are the lucky winner of a huge cash prize. Let me know. Offer0338,spam
Quick message: Congratulations! Your account has received a reward. Thanks. Offer7151,spam
Reminder: Please submit the form before Friday. Have a good day. Ref7409,ham
Today: Act now to receive your free gift. Let me know. Offer8586,spam
Please note: You have been chosen for a free vacation. Thanks. Offer1434,spam
Just letting you know: Thanks for helping me yesterday. Let me know. Ref1485,ham
Reminder: Let me know when you are available. Thanks. Ref3762,ham
Today: Earn money from home with our amazing opportunity. Have a good day. Offer6162,spam
Quick message: You have won a shopping voucher. Click here now. Offer1914,spam
Important: Exclusive offer available only today. Claim now. Thanks. Offer1811,spam
Today: Limited offer! Buy now and get a huge discount. Thanks. Offer5658,spam
Quick message: Are you free this evening? Thank you. Ref9337,ham
Hello! I reached safely. Let me know. Ref4662,ham
Hi! The meeting starts at 10 am. Have a good day. Ref0023,ham
Hi! Are you free this evening? Let me know. Ref4353,ham
Just letting you know: Free gift waiting for you. Claim your reward today. Offer6205,spam
Today: Please bring your laptop tomorrow. Let me know. Ref9685,ham
Important: Happy birthday! Have a wonderful day. Let me know. Ref2232,ham
Today: Free coupon available now. Click to redeem. Thank you. Offer1555,spam
Important: I have sent the documents to your email. Please reply. Ref5099,ham
Important: Earn money from home with our amazing opportunity. Reply when you can. Offer6954,spam
Important: I have sent the documents to your email. Have a good day. Ref5734,ham
Please note: FREE entry to win a luxury car. Reply WIN now. Please reply. Offer3802,spam
Hi! Happy birthday! Have a wonderful day. Ref8426,ham
Hello! Can we reschedule our appointment? Please reply. Ref4245,ham
Just letting you know: Special promotion! Get 90 percent off today. Thank you. Offer0483,spam
Reminder: Please check the attached report. Ref4596,ham
Are you free this evening? Please reply. Ref0286,ham
Today: I will be there in ten minutes. Have a good day. Ref6280,ham
Let me know when you are available. Thank you. Ref6645,ham
Important: You have won a guaranteed reward. Respond now. Thank you. Offer2824,spam
WIN CASH NOW! Reply YES to receive your reward. Offer3545,spam
Today: Exclusive offer available only today. Claim now. Reply when you can. Offer3701,spam
Just letting you know: Can you share the Wi-Fi password? Let me know. Ref6205,ham
Hello! I am going to the market now. Let me know. Ref4884,ham
Hello! Can we reschedule our appointment? Thank you. Ref9515,ham
Hi! The weather is nice today. Have a good day. Ref4219,ham
Claim your exclusive reward before it expires. Let me know. Offer4500,spam
"Important: Hey, are we still meeting at 6 pm? Thank you. Ref9329",ham
Quick message: WIN CASH NOW! Reply YES to receive your reward. Please reply. Offer4799,spam
Please note: Earn thousands from home. Join this opportunity now. Have a good day. Offer4982,spam
Quick message: Amazing deal! Get your bonus before the offer ends. Thanks. Offer6949,spam
Hello! Can you pick up some groceries on your way? Let me know. Ref7818,ham
Hello! URGENT! You have been selected for a cash reward. Call now. Thanks. Offer0487,spam
Today: You are selected for a free prize. Confirm your details. Let me know. Offer9305,spam
Today: The class has been moved to room 204. Thanks. Ref0000,ham
Reminder: Let me know when you are available. Ref4677,ham
Just letting you know: Please call me when you reach home. Thank you. Ref9624,ham
Please note: You have won a shopping voucher. Click here now. Please reply. Offer8686,spam
Quick message: Earn thousands from home. Join this opportunity now. Let me know. Offer4393,spam
Please note: Thanks for helping me yesterday. Ref5485,ham
Quick message: See you tomorrow morning. Thanks. Ref3567,ham
Important: Special promotion! Get 90 percent off today. Have a good day. Offer4822,spam
Reminder: Get rich quickly with this incredible money-making offer. Offer5660,spam
Just letting you know: Amazing deal! Get your bonus before the offer ends. Offer6007,spam
Important: Claim your exclusive reward before it expires. Have a good day. Offer1067,spam
Important: Congratulations winner! Contact us to collect your prize. Offer1840,spam
Just letting you know: Let me know when you are available. Reply when you can. Ref1798,ham
Important: Special promotion! Get 90 percent off today. Reply when you can. Offer2619,spam
Hello! Don't forget to bring your ID card. Thank you. Ref8967,ham
Reminder: Free membership available. Register today. Offer2536,spam
Hi! The class has been moved to room 204. Please reply. Ref2740,ham
Please note: The class has been moved to room 204. Let me know. Ref9368,ham
Please note: Let's have lunch together today. Please reply. Ref5668,ham
Today: Special cash offer just for you. Reply now. Thank you. Offer8754,spam
Just letting you know: The class has been moved to room 204. Thank you. Ref6156,ham
Important: Please remind me about the meeting. Please reply. Ref5048,ham
Quick message: Happy birthday! Have a wonderful day. Reply when you can. Ref0196,ham
Hi! Exclusive offer available only today. Claim now. Let me know. Offer3794,spam
Reminder: Amazing deal! Get your bonus before the offer ends. Reply when you can. Offer1133,spam
Important: Exclusive winner notification. Claim your cash prize. Thank you. Offer6285,spam
Thanks for helping me yesterday. Have a good day. Ref3476,ham
Amazing deal! Get your bonus before the offer ends. Offer9227,spam
Hi! Don't forget to bring your ID card. Have a good day. Ref3845,ham
Important: Congratulations winner! Contact us to collect your prize. Thanks. Offer7451,spam
Today: Get a special discount now! Limited time offer. Reply when you can. Offer7954,spam
Please note: Don't forget to bring your ID card. Let me know. Ref9658,ham
Today: Earn money from home with our amazing opportunity. Thanks. Offer8167,spam
Hi! FREE entry to win a luxury car. Reply WIN now. Offer9675,spam
Can you pick up some groceries on your way? Thank you. Ref4070,ham
Reminder: I will be there in ten minutes. Please reply. Ref1923,ham
Quick message: Limited offer! Buy now and get a huge discount. Thanks. Offer8618,spam
Today: Get a special discount now! Limited time offer. Please reply. Offer1921,spam
Quick message: Congratulations! Your account has received a reward. Thanks. Offer3648,spam
Hi! Please call me when you reach home. Let me know. Ref3446,ham
Important: Get a special discount now! Limited time offer. Thank you. Offer8704,spam
Quick message: Are you free this evening? Have a good day. Ref7677,ham
Get a special discount now! Limited time offer. Please reply. Offer4226,spam
Please note: Don't forget to bring your ID card. Ref9529,ham
Today: I am going to the market now. Please reply. Ref5068,ham
Hi! Happy birthday! Have a wonderful day. Have a good day. Ref2307,ham
Just letting you know: Get rich quickly with this incredible money-making offer. Thanks. Offer3321,spam
Quick message: I will be there in ten minutes. Ref3285,ham
Hello! Get rich quickly with this incredible money-making offer. Thanks. Offer8487,spam
Please note: The class has been moved to room 204. Please reply. Ref8926,ham
Important: Special cash offer just for you. Reply now. Offer6517,spam
I am waiting outside the office. Thanks. Ref2781,ham
Quick message: Limited offer! Buy now and get a huge discount. Reply when you can. Offer0880,spam
Just letting you know: I will call you after work. Please reply. Ref1967,ham
You have won a guaranteed reward. Respond now. Offer7088,spam
Just letting you know: Free gift waiting for you. Claim your reward today. Thanks. Offer4408,spam
Reminder: The weather is nice today. Please reply. Ref2586,ham
Hello! The project presentation is on Monday. Let me know. Ref5465,ham
Important: Amazing deal! Get your bonus before the offer ends. Let me know. Offer9261,spam
Exclusive offer available only today. Claim now. Let me know. Offer1225,spam
URGENT! You have been selected for a cash reward. Call now. Thank you. Offer6177,spam
Hi! Please check the attached report. Ref4429,ham
Just letting you know: Free coupon available now. Click to redeem. Offer1118,spam
Hello! Special promotion! Get 90 percent off today. Please reply. Offer8288,spam
Reminder: The project presentation is on Monday. Please reply. Ref2396,ham
Today: I will call you after work. Please reply. Ref8867,ham
Hi! Can we reschedule our appointment? Ref4248,ham
Quick message: What time does the train arrive? Ref4365,ham
Please note: Let me know when you are available. Thanks. Ref9424,ham
Quick message: Can we reschedule our appointment? Have a good day. Ref3194,ham
Reminder: Can you pick up some groceries on your way? Thanks. Ref5165,ham
Hi! FREE entry to win a luxury car. Reply WIN now. Have a good day. Offer9674,spam
Quick message: Please call me when you reach home. Ref1478,ham
Please note: Amazing deal! Get your bonus before the offer ends. Have a good day. Offer6425,spam
Hi! The meeting starts at 10 am. Thanks. Ref3541,ham
Please note: I reached safely. Please reply. Ref1045,ham
What time does the train arrive? Have a good day. Ref5520,ham
Today: Can we reschedule our appointment? Thanks. Ref0733,ham
Hi! Claim your exclusive reward before it expires. Please reply. Offer3989,spam
Quick message: The meeting starts at 10 am. Please reply. Ref9555,ham
Today: The project presentation is on Monday. Let me know. Ref4154,ham
Quick message: Limited offer! Buy now and get a huge discount. Thank you. Offer5143,spam
Hi! Congratulations! You have won a free prize. Claim now. Please reply. Offer4294,spam
Reminder: The weather is nice today. Please reply. Ref3481,ham
Quick message: Earn thousands from home. Join this opportunity now. Thanks. Offer4187,spam
Hello! You have won a guaranteed reward. Respond now. Offer0972,spam
Please note: You have won a shopping voucher. Click here now. Let me know. Offer4225,spam
Hello! Limited offer! Buy now and get a huge discount. Reply when you can. Offer8699,spam
Special promotion! Get 90 percent off today. Reply when you can. Offer0466,spam
Just letting you know: URGENT! You have been selected for a cash reward. Call now. Thanks. Offer0197,spam
Today: FREE entry to win a luxury car. Reply WIN now. Offer9538,spam
Quick message: I reached safely. Reply when you can. Ref5368,ham
"Today: Congratulations, your number has won a cash bonus. Offer9756",spam
Hi! The project presentation is on Monday. Reply when you can. Ref4537,ham
Reminder: Urgent reward notification. Claim before midnight. Let me know. Offer7483,spam
Reminder: Are you free this evening? Let me know. Ref6673,ham
Today: Don't forget to bring your ID card. Thanks. Ref4570,ham
Just letting you know: Amazing deal! Get your bonus before the offer ends. Offer0663,spam
Quick message: Get a special discount now! Limited time offer. Offer5371,spam
Hello! You are eligible for a special bonus. Apply immediately. Let me know. Offer7609,spam
Reminder: WIN CASH NOW! Reply YES to receive your reward. Let me know. Offer2605,spam
Hi! The weather is nice today. Ref9223,ham
Quick message: Get a special discount now! Limited time offer. Thanks. Offer2230,spam
Reminder: Special promotion! Get 90 percent off today. Offer9681,spam
Just letting you know: Free gift waiting for you. Claim your reward today. Let me know. Offer3128,spam
Hello! Free coupon available now. Click to redeem. Thanks. Offer9241,spam
Today: You are the lucky winner of a huge cash prize. Let me know. Offer1624,spam
Quick message: The project presentation is on Monday. Let me know. Ref4355,ham
Reminder: The class has been moved to room 204. Ref9318,ham
Hi! What time does the train arrive? Ref2786,ham
Please note: I am waiting outside the office. Thanks. Ref8425,ham
Today: Exclusive winner notification. Claim your cash prize. Let me know. Offer3331,spam
Just letting you know: URGENT! You have been selected for a cash reward. Call now. Let me know. Offer3456,spam
Quick message: Can you pick up some groceries on your way? Thanks. Ref9998,ham
Please note: Amazing deal! Get your bonus before the offer ends. Offer4605,spam
Today: Amazing deal! Get your bonus before the offer ends. Thank you. Offer2339,spam
Hi! Your assignment is due tomorrow. Let me know. Ref6562,ham
Get a special discount now! Limited time offer. Offer2997,spam
Just letting you know: Please remind me about the meeting. Let me know. Ref0901,ham
Important: Can you share the Wi-Fi password? Thank you. Ref0129,ham
Just letting you know: Special promotion! Get 90 percent off today. Have a good day. Offer8723,spam
Hello! Earn money from home with our amazing opportunity. Please reply. Offer8003,spam
Just letting you know: Thanks for helping me yesterday. Thank you. Ref1928,ham
Please note: Congratulations! You have won a free prize. Claim now. Please reply. Offer0986,spam
Just letting you know: I am waiting outside the office. Have a good day. Ref1218,ham
Reminder: You have been chosen for a free vacation. Offer2497,spam
Hello! Happy birthday! Have a wonderful day. Thank you. Ref6212,ham
Just letting you know: Exclusive offer available only today. Claim now. Offer3552,spam
Just letting you know: Happy birthday! Have a wonderful day. Thanks. Ref0494,ham
Today: Free membership available. Register today. Have a good day. Offer4492,spam
Hello! Are you free this evening? Let me know. Ref4430,ham
Quick message: Claim your exclusive reward before it expires. Offer6544,spam
Quick message: The meeting starts at 10 am. Have a good day. Ref0549,ham
Important: FREE entry to win a luxury car. Reply WIN now. Offer3558,spam
Hi! Don't forget to bring your ID card. Thanks. Ref4878,ham
Hello! I will be there in ten minutes. Please reply. Ref9623,ham
See you tomorrow morning. Thanks. Ref8852,ham
"Important: Hey, are we still meeting at 6 pm? Thanks. Ref5612",ham
Please note: You are the lucky winner of a huge cash prize. Have a good day. Offer0451,spam
Can you pick up some groceries on your way? Thank you. Ref7707,ham
Today: Get a special discount now! Limited time offer. Let me know. Offer1216,spam
You are the lucky winner of a huge cash prize. Thank you. Offer5583,spam
Just letting you know: URGENT! You have been selected for a cash reward. Call now. Have a good day. Offer6355,spam
Reminder: Congratulations winner! Contact us to collect your prize. Let me know. Offer5991,spam
Hello! Please submit the form before Friday. Ref1185,ham
Hello! You are selected for a free prize. Confirm your details. Let me know. Offer5593,spam
Reminder: Get a special discount now! Limited time offer. Thanks. Offer8209,spam
Important: You have won a guaranteed reward. Respond now. Thanks. Offer3167,spam
Hello! Congratulations winner! Contact us to collect your prize. Let me know. Offer3511,spam
Hello! I am waiting outside the office. Have a good day. Ref1508,ham
Quick message: Please check the attached report. Ref8245,ham
Hello! Win a brand new phone today. Click to claim your prize. Let me know. Offer7552,spam
URGENT! You have been selected for a cash reward. Call now. Thanks. Offer0585,spam
Quick message: I am going to the market now. Thank you. Ref5173,ham
Today: URGENT! You have been selected for a cash reward. Call now. Offer6006,spam
The project presentation is on Monday. Thank you. Ref8657,ham
Earn thousands from home. Join this opportunity now. Let me know. Offer3002,spam
Hi! The weather is nice today. Thanks. Ref6588,ham
Just letting you know: Free membership available. Register today. Have a good day. Offer7986,spam
Just letting you know: I am going to the market now. Ref3136,ham
Reminder: Can you share the Wi-Fi password? Reply when you can. Ref8305,ham
Congratulations! Your account has received a reward. Offer4714,spam
Hi! I am waiting outside the office. Ref3717,ham
Hi! Special cash offer just for you. Reply now. Reply when you can. Offer6140,spam
Important: You are eligible for a special bonus. Apply immediately. Please reply. Offer4110,spam
Quick message: Exclusive winner notification. Claim your cash prize. Please reply. Offer7357,spam
Today: You are selected for a free prize. Confirm your details. Thank you. Offer8536,spam
Hi! I will be there in ten minutes. Ref0229,ham
Please note: Please check the attached report. Ref0902,ham
Please note: Are you free this evening? Please reply. Ref5784,ham
Just letting you know: Free membership available. Register today. Let me know. Offer9388,spam
Just letting you know: The class has been moved to room 204. Have a good day. Ref4158,ham
Quick message: Can you share the Wi-Fi password? Ref4538,ham
Hello! You have been chosen for a free vacation. Thanks. Offer9848,spam
Hello! Get rich quickly with this incredible money-making offer. Please reply. Offer0533,spam
Reminder: I am waiting outside the office. Have a good day. Ref4446,ham
Important: Limited offer! Buy now and get a huge discount. Please reply. Offer5482,spam
Today: Get rich quickly with this incredible money-making offer. Have a good day. Offer6828,spam
Quick message: Earn money from home with our amazing opportunity. Offer1524,spam
Can we reschedule our appointment? Reply when you can. Ref8845,ham
Reminder: Earn money from home with our amazing opportunity. Let me know. Offer5290,spam
Important: You have won a shopping voucher. Click here now. Please reply. Offer7964,spam
Just letting you know: Please check the attached report. Have a good day. Ref0538,ham
Please note: Exclusive offer available only today. Claim now. Let me know. Offer6991,spam
Today: Please check the attached report. Reply when you can. Ref5134,ham
Today: The weather is nice today. Thanks. Ref7038,ham
You have been chosen for a free vacation. Thanks. Offer3208,spam
WIN CASH NOW! Reply YES to receive your reward. Thank you. Offer6902,spam
Important: You have been chosen for a free vacation. Thanks. Offer4447,spam
Hello! Congratulations! You have won a free prize. Claim now. Please reply. Offer5659,spam
Amazing deal! Get your bonus before the offer ends. Have a good day. Offer2417,spam
Reminder: Congratulations! You have won a free prize. Claim now. Let me know. Offer3942,spam
I am going to the market now. Thanks. Ref1621,ham
Today: Urgent reward notification. Claim before midnight. Please reply. Offer1070,spam
Today: Special promotion! Get 90 percent off today. Please reply. Offer6453,spam
Please note: Please bring your laptop tomorrow. Let me know. Ref1993,ham
Reminder: Let me know when you are available. Have a good day. Ref9129,ham
Hi! Earn money from home with our amazing opportunity. Thank you. Offer2307,spam
Just letting you know: Free gift waiting for you. Claim your reward today. Offer6943,spam
Hi! Let's have lunch together today. Let me know. Ref9164,ham
Quick message: Your order has been delivered. Reply when you can. Ref6854,ham
Today: The weather is nice today. Thank you. Ref1189,ham
Just letting you know: Earn thousands from home. Join this opportunity now. Thanks. Offer8973,spam
Please note: Special promotion! Get 90 percent off today. Offer3032,spam
Quick message: Get rich quickly with this incredible money-making offer. Please reply. Offer4565,spam
I am going to the market now. Please reply. Ref6215,ham
Please note: What time does the train arrive? Ref9925,ham
Important: Please call me when you reach home. Reply when you can. Ref7443,ham
Reminder: The class has been moved to room 204. Thanks. Ref2413,ham
Please note: Can you pick up some groceries on your way? Thanks. Ref0177,ham
Important: Your assignment is due tomorrow. Please reply. Ref7719,ham
Hi! FREE entry to win a luxury car. Reply WIN now. Thanks. Offer7619,spam
Reminder: Special cash offer just for you. Reply now. Have a good day. Offer9954,spam
Quick message: Get a special discount now! Limited time offer. Let me know. Offer6626,spam
Hello! Let me know when you are available. Thanks. Ref0198,ham
You have won a shopping voucher. Click here now. Thanks. Offer3939,spam
Please note: Free gift waiting for you. Claim your reward today. Let me know. Offer8966,spam
Reminder: Can we reschedule our appointment? Let me know. Ref0350,ham
Hi! The weather is nice today. Ref2726,ham
Congratulations! Your account has received a reward. Let me know. Offer9104,spam
Let me know when you are available. Have a good day. Ref4261,ham
Reminder: What time does the train arrive? Reply when you can. Ref5988,ham
Reminder: Free coupon available now. Click to redeem. Let me know. Offer9043,spam
Important: FREE entry to win a luxury car. Reply WIN now. Please reply. Offer7468,spam
Quick message: Get a special discount now! Limited time offer. Let me know. Offer6959,spam
Just letting you know: The meeting starts at 10 am. Let me know. Ref3999,ham
Today: Special cash offer just for you. Reply now. Offer8163,spam
Hello! Earn money from home with our amazing opportunity. Offer5506,spam
Hello! Exclusive offer available only today. Claim now. Reply when you can. Offer3852,spam
Please note: The meeting starts at 10 am. Have a good day. Ref6438,ham
Hi! URGENT! You have been selected for a cash reward. Call now. Please reply. Offer2624,spam
Today: Please check the attached report. Ref1408,ham
Just letting you know: Congratulations! Your account has received a reward. Let me know. Offer4288,spam
Today: The weather is nice today. Thank you. Ref9687,ham
Please note: Can you share the Wi-Fi password? Have a good day. Ref3212,ham
Reminder: FREE entry to win a luxury car. Reply WIN now. Let me know. Offer4183,spam
Quick message: The weather is nice today. Thanks. Ref9959,ham
Hi! I am waiting outside the office. Ref0585,ham
Reminder: Special promotion! Get 90 percent off today. Please reply. Offer5124,spam
Quick message: What time does the train arrive? Let me know. Ref7248,ham
Please note: Congratulations! You have won a free prize. Claim now. Reply when you can. Offer7492,spam
Please note: I reached safely. Reply when you can. Ref0604,ham
Please note: Earn thousands from home. Join this opportunity now. Reply when you can. Offer9664,spam
Important: Your assignment is due tomorrow. Thank you. Ref4893,ham
Reminder: What time does the train arrive? Thanks. Ref9426,ham
Important: Please remind me about the meeting. Have a good day. Ref7097,ham
Reminder: Can you send me the notes from today's class? Ref3832,ham
Quick message: Please check the attached report. Thank you. Ref1452,ham
Today: Special promotion! Get 90 percent off today. Offer5085,spam
Just letting you know: URGENT! You have been selected for a cash reward. Call now. Thanks. Offer9527,spam
Hello! Please bring your laptop tomorrow. Ref2341,ham
Reminder: WIN CASH NOW! Reply YES to receive your reward. Thanks. Offer6149,spam
Hi! Please check the attached report. Ref1651,ham
Please note: Your order has been delivered. Thank you. Ref8868,ham
Important: Can you send me the notes from today's class? Let me know. Ref4929,ham
Just letting you know: The meeting starts at 10 am. Let me know. Ref8636,ham
Quick message: See you tomorrow morning. Ref7287,ham
Hello! You have won a shopping voucher. Click here now. Reply when you can. Offer9606,spam
Please note: Act now to receive your free gift. Offer9090,spam
Quick message: Claim your exclusive reward before it expires. Let me know. Offer6891,spam
Please note: I will be there in ten minutes. Let me know. Ref9911,ham
Please note: Please remind me about the meeting. Thanks. Ref2025,ham
Just letting you know: I have sent the documents to your email. Thanks. Ref1024,ham
Hi! I am going to the market now. Ref7379,ham
Reminder: See you tomorrow morning. Thank you. Ref2274,ham
Important: Please bring your laptop tomorrow. Let me know. Ref1138,ham
Just letting you know: You have won a shopping voucher. Click here now. Thanks. Offer2101,spam
Reminder: Please check the attached report. Thanks. Ref4263,ham
Quick message: I have sent the documents to your email. Ref4872,ham
Hello! Special cash offer just for you. Reply now. Let me know. Offer2822,spam
Important: I will call you after work. Reply when you can. Ref2703,ham
Can we reschedule our appointment? Please reply. Ref5011,ham
Today: Amazing deal! Get your bonus before the offer ends. Thanks. Offer6576,spam
Reminder: I will call you after work. Let me know. Ref0245,ham
Important: I will call you after work. Thanks. Ref5472,ham
Hello! The class has been moved to room 204. Thank you. Ref5013,ham
Just letting you know: Please submit the form before Friday. Thanks. Ref0648,ham
Congratulations! Your account has received a reward. Thank you. Offer3904,spam
Just letting you know: Thanks for helping me yesterday. Thanks. Ref0768,ham
Hi! Claim your exclusive reward before it expires. Offer1028,spam
Let's have lunch together today. Ref2305,ham
Today: Can you share the Wi-Fi password? Please reply. Ref5586,ham
Today: Can you share the Wi-Fi password? Please reply. Ref9212,ham
Hi! Amazing deal! Get your bonus before the offer ends. Thank you. Offer9983,spam
Hi! Earn thousands from home. Join this opportunity now. Thanks. Offer2093,spam
Just letting you know: You have won a guaranteed reward. Respond now. Have a good day. Offer1859,spam
Important: Your assignment is due tomorrow. Reply when you can. Ref8230,ham
Please note: Please submit the form before Friday. Ref4572,ham
"Reminder: Hey, are we still meeting at 6 pm? Reply when you can. Ref8825",ham
Important: Please remind me about the meeting. Let me know. Ref2720,ham
"Quick message: Congratulations, your number has won a cash bonus. Offer9121",spam
Please note: Get a special discount now! Limited time offer. Thanks. Offer4916,spam
Today: Can you share the Wi-Fi password? Have a good day. Ref7815,ham
Hi! URGENT! You have been selected for a cash reward. Call now. Have a good day. Offer3885,spam
Just letting you know: I have sent the documents to your email. Please reply. Ref6899,ham
Important: See you tomorrow morning. Thanks. Ref5181,ham
Important: Don't forget to bring your ID card. Thanks. Ref6471,ham
"Important: Congratulations, your number has won a cash bonus. Thanks. Offer3420",spam
Hello! Can you send me the notes from today's class? Have a good day. Ref6832,ham
Important: You are eligible for a special bonus. Apply immediately. Reply when you can. Offer7209,spam
Reminder: See you tomorrow morning. Have a good day. Ref9576,ham
Quick message: FREE entry to win a luxury car. Reply WIN now. Have a good day. Offer2269,spam
Hello! Claim your exclusive reward before it expires. Offer9107,spam
"Quick message: Hey, are we still meeting at 6 pm? Let me know. Ref3931",ham
Hello! The meeting starts at 10 am. Let me know. Ref4199,ham
Hi! Act now to receive your free gift. Please reply. Offer1757,spam
Please note: Thanks for helping me yesterday. Thanks. Ref2926,ham
Important: I reached safely. Please reply. Ref4035,ham
Hello! I will call you after work. Ref2337,ham
Today: You have been chosen for a free vacation. Offer9122,spam
Quick message: Thanks for helping me yesterday. Thanks. Ref1075,ham
Quick message: The class has been moved to room 204. Reply when you can. Ref3557,ham
Reminder: URGENT! You have been selected for a cash reward. Call now. Thanks. Offer2954,spam
Hi! Please call me when you reach home. Thank you. Ref9395,ham
Hello! I am waiting outside the office. Ref6976,ham
Today: The weather is nice today. Have a good day. Ref4852,ham
Just letting you know: Exclusive winner notification. Claim your cash prize. Let me know. Offer8261,spam
Hi! You have been chosen for a free vacation. Reply when you can. Offer2674,spam
Free gift waiting for you. Claim your reward today. Thank you. Offer3720,spam
Hi! What time does the train arrive? Reply when you can. Ref1348,ham
Just letting you know: Special cash offer just for you. Reply now. Please reply. Offer2496,spam
Hi! The project presentation is on Monday. Thank you. Ref3547,ham
Quick message: WIN CASH NOW! Reply YES to receive your reward. Offer3906,spam
Just letting you know: Free coupon available now. Click to redeem. Let me know. Offer2829,spam
Reminder: Can we reschedule our appointment? Reply when you can. Ref0629,ham
Quick message: Can we reschedule our appointment? Have a good day. Ref6017,ham
Hello! Amazing deal! Get your bonus before the offer ends. Thanks. Offer7369,spam
Special promotion! Get 90 percent off today. Reply when you can. Offer9150,spam
Hi! Happy birthday! Have a wonderful day. Reply when you can. Ref7543,ham
I am waiting outside the office. Thanks. Ref9714,ham
Hi! FREE entry to win a luxury car. Reply WIN now. Please reply. Offer2046,spam
Important: You are the lucky winner of a huge cash prize. Offer6807,spam
Hello! Limited offer! Buy now and get a huge discount. Thanks. Offer8047,spam
Please note: Your order has been delivered. Let me know. Ref9282,ham
Hi! Your order has been delivered. Thank you. Ref0577,ham
Hi! Free membership available. Register today. Reply when you can. Offer6353,spam
Reminder: Congratulations! You have won a free prize. Claim now. Thank you. Offer4660,spam
Hello! Are you free this evening? Please reply. Ref3506,ham
Please note: The class has been moved to room 204. Please reply. Ref9360,ham
WIN CASH NOW! Reply YES to receive your reward. Let me know. Offer2129,spam
You are eligible for a special bonus. Apply immediately. Offer3527,spam
Just letting you know: Please submit the form before Friday. Thanks. Ref3053,ham
Quick message: I have sent the documents to your email. Let me know. Ref4792,ham
Just letting you know: You are the lucky winner of a huge cash prize. Have a good day. Offer0355,spam
Hi! Free coupon available now. Click to redeem. Let me know. Offer3838,spam
Quick message: Exclusive winner notification. Claim your cash prize. Thank you. Offer3127,spam
I have sent the documents to your email. Ref9245,ham
Today: You have won a shopping voucher. Click here now. Please reply. Offer1453,spam
Hello! Win a brand new phone today. Click to claim your prize. Reply when you can. Offer4911,spam
Quick message: Can you share the Wi-Fi password? Ref5113,ham
"Hi! Congratulations, your number has won a cash bonus. Offer6093",spam
Reminder: Claim your exclusive reward before it expires. Reply when you can. Offer8781,spam
Today: Can we reschedule our appointment? Please reply. Ref4182,ham
Just letting you know: Act now to receive your free gift. Reply when you can. Offer3705,spam
Just letting you know: I am waiting outside the office. Have a good day. Ref0437,ham
Quick message: I have sent the documents to your email. Please reply. Ref3148,ham
Reminder: Free coupon available now. Click to redeem. Thanks. Offer4520,spam
Reminder: I will be there in ten minutes. Ref3327,ham
Reminder: The class has been moved to room 204. Thanks. Ref6271,ham
Let me know when you are available. Thank you. Ref0701,ham
Hi! The class has been moved to room 204. Please reply. Ref1187,ham
Today: I will call you after work. Have a good day. Ref0725,ham
Quick message: Free gift waiting for you. Claim your reward today. Thanks. Offer6004,spam
Today: The weather is nice today. Reply when you can. Ref0576,ham
Reminder: See you tomorrow morning. Let me know. Ref4492,ham
Just letting you know: Special cash offer just for you. Reply now. Thanks. Offer2121,spam
Just letting you know: I am going to the market now. Thanks. Ref3621,ham
Just letting you know: Can we reschedule our appointment? Reply when you can. Ref4253,ham
Today: Please remind me about the meeting. Ref0497,ham
Hi! You are the lucky winner of a huge cash prize. Please reply. Offer4340,spam
Hi! The weather is nice today. Thanks. Ref1495,ham
Today: The class has been moved to room 204. Thanks. Ref6230,ham
Free coupon available now. Click to redeem. Have a good day. Offer4273,spam
Hello! See you tomorrow morning. Reply when you can. Ref2530,ham
Urgent reward notification. Claim before midnight. Please reply. Offer1100,spam
Hello! The class has been moved to room 204. Thank you. Ref8738,ham
Hi! WIN CASH NOW! Reply YES to receive your reward. Please reply. Offer4836,spam
Please note: What time does the train arrive? Let me know. Ref8192,ham
Just letting you know: Congratulations! You have won a free prize. Claim now. Thanks. Offer7153,spam
Today: Earn thousands from home. Join this opportunity now. Let me know. Offer2865,spam
Hello! Please submit the form before Friday. Let me know. Ref0353,ham
Hi! Thanks for helping me yesterday. Have a good day. Ref5915,ham
Hello! Earn money from home with our amazing opportunity. Please reply. Offer2593,spam
You have won a shopping voucher. Click here now. Thank you. Offer0950,spam
Reminder: FREE entry to win a luxury car. Reply WIN now. Thank you. Offer8904,spam
Quick message: Special cash offer just for you. Reply now. Thanks. Offer0248,spam
Hello! You have been chosen for a free vacation. Let me know. Offer0600,spam
Today: You are the lucky winner of a huge cash prize. Thanks. Offer5807,spam
Hello! Please call me when you reach home. Let me know. Ref2086,ham
"Hey, are we still meeting at 6 pm? Please reply. Ref6356",ham
You have won a shopping voucher. Click here now. Thank you. Offer3040,spam
Reminder: You are selected for a free prize. Confirm your details. Thanks. Offer9557,spam
Please note: Let me know when you are available. Reply when you can. Ref5682,ham
Hi! Urgent reward notification. Claim before midnight. Thank you. Offer9167,spam
Today: Please call me when you reach home. Let me know. Ref2230,ham
Hello! You are selected for a free prize. Confirm your details. Have a good day. Offer2145,spam
Just letting you know: Are you free this evening? Ref0836,ham
Earn thousands from home. Join this opportunity now. Thanks. Offer3619,spam
Hi! See you tomorrow morning. Thanks. Ref4362,ham
Please check the attached report. Thanks. Ref1444,ham
Today: The project presentation is on Monday. Thanks. Ref7689,ham
Important: Please remind me about the meeting. Ref5880,ham
Quick message: Congratulations winner! Contact us to collect your prize. Please reply. Offer3111,spam
Important: I have sent the documents to your email. Ref0868,ham
Hi! You are selected for a free prize. Confirm your details. Thank you. Offer3582,spam
Earn money from home with our amazing opportunity. Offer6527,spam
Hello! Can you send me the notes from today's class? Have a good day. Ref8062,ham
Today: Your assignment is due tomorrow. Ref0418,ham
Important: Can you send me the notes from today's class? Have a good day. Ref0862,ham
Hi! Earn thousands from home. Join this opportunity now. Offer5087,spam
Hi! You have won a guaranteed reward. Respond now. Thanks. Offer0673,spam
Quick message: I reached safely. Have a good day. Ref4714,ham
I will be there in ten minutes. Thank you. Ref1571,ham
Reminder: Exclusive offer available only today. Claim now. Let me know. Offer9002,spam
Hello! Special promotion! Get 90 percent off today. Let me know. Offer3219,spam
Hello! Amazing deal! Get your bonus before the offer ends. Reply when you can. Offer4772,spam
Hello! Please remind me about the meeting. Ref8478,ham
Hello! Can you share the Wi-Fi password? Thank you. Ref3199,ham
Hi! Urgent reward notification. Claim before midnight. Have a good day. Offer1414,spam
Please note: Your assignment is due tomorrow. Have a good day. Ref4985,ham
Quick message: Are you free this evening? Please reply. Ref9308,ham
Hello! I am waiting outside the office. Thanks. Ref0735,ham
Please note: Free gift waiting for you. Claim your reward today. Let me know. Offer0578,spam
"Reminder: Hey, are we still meeting at 6 pm? Please reply. Ref8096",ham
Win a brand new phone today. Click to claim your prize. Thanks. Offer8483,spam
Quick message: WIN CASH NOW! Reply YES to receive your reward. Have a good day. Offer5958,spam
Just letting you know: You are selected for a free prize. Confirm your details. Thanks. Offer1630,spam
Please note: Win a brand new phone today. Click to claim your prize. Let me know. Offer1774,spam
Quick message: Please bring your laptop tomorrow. Please reply. Ref2321,ham
Hi! Can you pick up some groceries on your way? Let me know. Ref8823,ham
Please note: Can you send me the notes from today's class? Ref2745,ham
Just letting you know: Happy birthday! Have a wonderful day. Please reply. Ref5094,ham
Just letting you know: Get a special discount now! Limited time offer. Thanks. Offer3616,spam
Hi! URGENT! You have been selected for a cash reward. Call now. Let me know. Offer5672,spam
Reminder: I am waiting outside the office. Ref6944,ham
Just letting you know: Claim your exclusive reward before it expires. Let me know. Offer0302,spam
The class has been moved to room 204. Thanks. Ref3569,ham
Just letting you know: I will be there in ten minutes. Have a good day. Ref5399,ham
Today: Free membership available. Register today. Reply when you can. Offer3231,spam
Hello! FREE entry to win a luxury car. Reply WIN now. Thank you. Offer3481,spam
I am going to the market now. Reply when you can. Ref2217,ham
Hello! I am waiting outside the office. Thanks. Ref9167,ham
Please note: Earn thousands from home. Join this opportunity now. Let me know. Offer8908,spam
Reminder: Don't forget to bring your ID card. Have a good day. Ref7458,ham
Just letting you know: FREE entry to win a luxury car. Reply WIN now. Let me know. Offer7834,spam
Please note: I will call you after work. Please reply. Ref1433,ham
Important: I have sent the documents to your email. Reply when you can. Ref6213,ham
Today: Amazing deal! Get your bonus before the offer ends. Offer2580,spam
Amazing deal! Get your bonus before the offer ends. Offer8375,spam
Hi! Please remind me about the meeting. Thank you. Ref3190,ham
Quick message: Congratulations winner! Contact us to collect your prize. Have a good day. Offer7491,spam
Quick message: The weather is nice today. Please reply. Ref7099,ham
Important: The meeting starts at 10 am. Reply when you can. Ref9495,ham
Hello! Exclusive winner notification. Claim your cash prize. Let me know. Offer9885,spam
Today: The meeting starts at 10 am. Reply when you can. Ref4338,ham
"Important: Congratulations, your number has won a cash bonus. Reply when you can. Offer6896",spam
Please note: Please check the attached report. Let me know. Ref1823,ham
Please note: Please check the attached report. Let me know. Ref1358,ham
Urgent reward notification. Claim before midnight. Let me know. Offer4579,spam
Quick message: I will call you after work. Let me know. Ref5599,ham
Please note: I will be there in ten minutes. Thanks. Ref2756,ham
Quick message: Please remind me about the meeting. Let me know. Ref6660,ham
Just letting you know: Can we reschedule our appointment? Thanks. Ref3081,ham
"Quick message: Hey, are we still meeting at 6 pm? Thanks. Ref9732",ham
Hello! You have won a shopping voucher. Click here now. Please reply. Offer2341,spam
Please note: Congratulations! You have won a free prize. Claim now. Let me know. Offer1574,spam
Just letting you know: I will call you after work. Let me know. Ref3967,ham
Please note: You have won a guaranteed reward. Respond now. Have a good day. Offer9853,spam
Please note: I will call you after work. Ref4179,ham
Today: Happy birthday! Have a wonderful day. Please reply. Ref7662,ham
Just letting you know: Let me know when you are available. Have a good day. Ref6445,ham
Hello! Please remind me about the meeting. Thanks. Ref7441,ham
Quick message: Can we reschedule our appointment? Let me know. Ref9010,ham
Hello! Get rich quickly with this incredible money-making offer. Let me know. Offer2300,spam
Today: You have won a shopping voucher. Click here now. Reply when you can. Offer9079,spam
Quick message: Free coupon available now. Click to redeem. Let me know. Offer7071,spam
Let me know when you are available. Reply when you can. Ref9570,ham
Hello! I am waiting outside the office. Let me know. Ref3905,ham
Just letting you know: Amazing deal! Get your bonus before the offer ends. Thanks. Offer1358,spam
Important: Urgent reward notification. Claim before midnight. Thanks. Offer6721,spam
Don't forget to bring your ID card. Reply when you can. Ref8037,ham
Please note: I will be there in ten minutes. Thank you. Ref5417,ham
Just letting you know: Win a brand new phone today. Click to claim your prize. Let me know. Offer4676,spam
WIN CASH NOW! Reply YES to receive your reward. Thanks. Offer1237,spam
Important: Urgent reward notification. Claim before midnight. Thank you. Offer3476,spam
Quick message: Urgent reward notification. Claim before midnight. Reply when you can. Offer6960,spam
Quick message: Thanks for helping me yesterday. Please reply. Ref5638,ham
Hi! The project presentation is on Monday. Thanks. Ref3405,ham
Quick message: Act now to receive your free gift. Thank you. Offer7063,spam
Please note: Urgent reward notification. Claim before midnight. Offer6825,spam
Reminder: The meeting starts at 10 am. Please reply. Ref6705,ham
Just letting you know: I am going to the market now. Please reply. Ref6748,ham
Reminder: Happy birthday! Have a wonderful day. Thank you. Ref9718,ham
"Hi! Hey, are we still meeting at 6 pm? Reply when you can. Ref7904",ham
Just letting you know: Urgent reward notification. Claim before midnight. Offer0378,spam
Hello! Free gift waiting for you. Claim your reward today. Thanks. Offer4378,spam
Reminder: FREE entry to win a luxury car. Reply WIN now. Offer4256,spam
Hi! Please submit the form before Friday. Please reply. Ref2604,ham
Hi! Don't forget to bring your ID card. Thanks. Ref8023,ham
Today: You have won a shopping voucher. Click here now. Let me know. Offer5246,spam
Important: The project presentation is on Monday. Please reply. Ref1072,ham
Quick message: What time does the train arrive? Have a good day. Ref1955,ham
Quick message: I have sent the documents to your email. Ref3574,ham
Hi! Congratulations! Your account has received a reward. Thank you. Offer9256,spam
Please note: Earn money from home with our amazing opportunity. Offer3114,spam
Hi! Please submit the form before Friday. Have a good day. Ref7889,ham
Just letting you know: The project presentation is on Monday. Ref2971,ham
Today: Thanks for helping me yesterday. Let me know. Ref5861,ham
Today: You are eligible for a special bonus. Apply immediately. Have a good day. Offer4365,spam
Quick message: Win a brand new phone today. Click to claim your prize. Thank you. Offer7202,spam
Reminder: Let me know when you are available. Ref4423,ham
Today: What time does the train arrive? Reply when you can. Ref9777,ham
Important: Exclusive winner notification. Claim your cash prize. Let me know. Offer1455,spam
"Quick message: Congratulations, your number has won a cash bonus. Offer1402",spam
Hi! Special promotion! Get 90 percent off today. Offer2838,spam
Can we reschedule our appointment? Let me know. Ref3198,ham
Important: Please check the attached report. Reply when you can. Ref9933,ham
Just letting you know: Limited offer! Buy now and get a huge discount. Offer7980,spam
Just letting you know: I will be there in ten minutes. Have a good day. Ref6136,ham
Quick message: I reached safely. Please reply. Ref9140,ham
Important: Special cash offer just for you. Reply now. Let me know. Offer5270,spam
Today: Free membership available. Register today. Thank you. Offer3466,spam
Quick message: I am waiting outside the office. Thank you. Ref1296,ham
Reminder: Don't forget to bring your ID card. Please reply. Ref5809,ham
Reminder: The project presentation is on Monday. Reply when you can. Ref3331,ham
Reminder: Limited offer! Buy now and get a huge discount. Please reply. Offer2538,spam
"Congratulations, your number has won a cash bonus. Have a good day. Offer3733",spam
Quick message: Let me know when you are available. Please reply. Ref5730,ham
Reminder: Please check the attached report. Thank you. Ref5949,ham
Please note: You have been chosen for a free vacation. Reply when you can. Offer8141,spam
Reminder: Limited offer! Buy now and get a huge discount. Let me know. Offer1119,spam
Please note: See you tomorrow morning. Reply when you can. Ref6076,ham
Quick message: Congratulations winner! Contact us to collect your prize. Thanks. Offer2706,spam
Quick message: Get rich quickly with this incredible money-making offer. Offer0592,spam
Just letting you know: Don't forget to bring your ID card. Thanks. Ref3723,ham
Please note: Congratulations! You have won a free prize. Claim now. Have a good day. Offer4583,spam
Reminder: Congratulations! You have won a free prize. Claim now. Reply when you can. Offer1051,spam
Hi! Please remind me about the meeting. Ref5527,ham
Quick message: Special promotion! Get 90 percent off today. Offer4703,spam
Hi! What time does the train arrive? Thanks. Ref7883,ham
Just letting you know: Can you pick up some groceries on your way? Ref4760,ham
Hello! Can you pick up some groceries on your way? Ref8851,ham
Just letting you know: Earn thousands from home. Join this opportunity now. Have a good day. Offer3669,spam
Quick message: Earn thousands from home. Join this opportunity now. Please reply. Offer8479,spam
Hello! Are you free this evening? Ref0358,ham
Reminder: I reached safely. Thanks. Ref7166,ham
Important: Earn money from home with our amazing opportunity. Thanks. Offer8052,spam
Just letting you know: Claim your exclusive reward before it expires. Please reply. Offer5199,spam
Quick message: I am waiting outside the office. Ref0290,ham
Important: You have been chosen for a free vacation. Thank you. Offer9436,spam
Please note: Free coupon available now. Click to redeem. Have a good day. Offer2922,spam
Get a special discount now! Limited time offer. Let me know. Offer6547,spam
Amazing deal! Get your bonus before the offer ends. Please reply. Offer5757,spam
Today: Can you send me the notes from today's class? Ref2071,ham
Urgent reward notification. Claim before midnight. Please reply. Offer0283,spam
Just letting you know: Please remind me about the meeting. Reply when you can. Ref1926,ham
Reminder: Exclusive winner notification. Claim your cash prize. Offer3553,spam
Just letting you know: See you tomorrow morning. Let me know. Ref4156,ham
Reminder: Let me know when you are available. Let me know. Ref1597,ham
Today: You have won a guaranteed reward. Respond now. Please reply. Offer0181,spam
Today: What time does the train arrive? Thanks. Ref1482,ham
Hi! Exclusive winner notification. Claim your cash prize. Have a good day. Offer5187,spam
Please note: Amazing deal! Get your bonus before the offer ends. Offer5845,spam
Hi! You are eligible for a special bonus. Apply immediately. Please reply. Offer4445,spam
Quick message: Congratulations! Your account has received a reward. Thanks. Offer0718,spam
Quick message: Your order has been delivered. Thanks. Ref6369,ham
Reminder: Get a special discount now! Limited time offer. Have a good day. Offer6928,spam
Please note: The meeting starts at 10 am. Ref5432,ham
Reminder: Thanks for helping me yesterday. Let me know. Ref6590,ham
Hello! Amazing deal! Get your bonus before the offer ends. Offer7686,spam
Please note: I am waiting outside the office. Let me know. Ref0399,ham
Hi! Your order has been delivered. Ref2824,ham
Please note: Your order has been delivered. Thanks. Ref1962,ham
Just letting you know: Please remind me about the meeting. Have a good day. Ref7552,ham
Important: The meeting starts at 10 am. Thanks. Ref5223,ham
Today: WIN CASH NOW! Reply YES to receive your reward. Please reply. Offer7069,spam
Today: Congratulations! You have won a free prize. Claim now. Offer9095,spam
Just letting you know: Earn thousands from home. Join this opportunity now. Let me know. Offer3763,spam
Please note: URGENT! You have been selected for a cash reward. Call now. Have a good day. Offer5982,spam
Just letting you know: Can you send me the notes from today's class? Thank you. Ref0635,ham
Reminder: Free coupon available now. Click to redeem. Have a good day. Offer3413,spam
Reminder: Are you free this evening? Let me know. Ref8328,ham
Please note: Your order has been delivered. Have a good day. Ref5836,ham
Today: Let's have lunch together today. Let me know. Ref6923,ham
Today: You have been chosen for a free vacation. Please reply. Offer8016,spam
Important: Get rich quickly with this incredible money-making offer. Thank you. Offer8673,spam
Please note: Congratulations! Your account has received a reward. Thanks. Offer9434,spam
Please note: You have been chosen for a free vacation. Thanks. Offer0962,spam
Hi! Please call me when you reach home. Please reply. Ref1765,ham
Reminder: I reached safely. Please reply. Ref3836,ham
Just letting you know: Free membership available. Register today. Let me know. Offer2562,spam
Please note: You are selected for a free prize. Confirm your details. Please reply. Offer1998,spam
Important: You have been chosen for a free vacation. Offer6406,spam
Please bring your laptop tomorrow. Let me know. Ref1004,ham
Just letting you know: Limited offer! Buy now and get a huge discount. Offer9591,spam
Thanks for helping me yesterday. Please reply. Ref8244,ham
Hi! URGENT! You have been selected for a cash reward. Call now. Thanks. Offer6805,spam
Hi! Earn money from home with our amazing opportunity. Reply when you can. Offer9708,spam
You are selected for a free prize. Confirm your details. Thank you. Offer8450,spam
URGENT! You have been selected for a cash reward. Call now. Please reply. Offer8328,spam
Quick message: You have won a guaranteed reward. Respond now. Reply when you can. Offer1776,spam
Please note: You are the lucky winner of a huge cash prize. Thanks. Offer7261,spam
Reminder: Earn money from home with our amazing opportunity. Thank you. Offer6706,spam
Important: Congratulations winner! Contact us to collect your prize. Let me know. Offer3426,spam
Hello! Please check the attached report. Thank you. Ref5187,ham
"Hello! Congratulations, your number has won a cash bonus. Reply when you can. Offer1997",spam
Reminder: You are selected for a free prize. Confirm your details. Please reply. Offer9355,spam
Just letting you know: See you tomorrow morning. Please reply. Ref1668,ham
Hello! I will call you after work. Thank you. Ref4213,ham
Quick message: Please submit the form before Friday. Thank you. Ref0864,ham
Reminder: I have sent the documents to your email. Thanks. Ref7233,ham
Today: Urgent reward notification. Claim before midnight. Thank you. Offer5850,spam
You have won a guaranteed reward. Respond now. Offer1744,spam
Hello! Exclusive winner notification. Claim your cash prize. Thank you. Offer5905,spam
Quick message: Happy birthday! Have a wonderful day. Ref5618,ham
Please note: Congratulations! Your account has received a reward. Reply when you can. Offer7272,spam
What time does the train arrive? Thank you. Ref4547,ham
Reminder: Limited offer! Buy now and get a huge discount. Offer0243,spam
Reminder: WIN CASH NOW! Reply YES to receive your reward. Please reply. Offer0361,spam
Just letting you know: Limited offer! Buy now and get a huge discount. Reply when you can. Offer7210,spam
Quick message: Free coupon available now. Click to redeem. Let me know. Offer4211,spam
Reminder: Exclusive offer available only today. Claim now. Thanks. Offer0031,spam
Reminder: Exclusive winner notification. Claim your cash prize. Offer7211,spam
Important: I reached safely. Have a good day. Ref8762,ham
Please note: Can you share the Wi-Fi password? Reply when you can. Ref8404,ham
Reminder: The class has been moved to room 204. Ref1932,ham
"Hello! Hey, are we still meeting at 6 pm? Ref5045",ham
Today: Congratulations! You have won a free prize. Claim now. Please reply. Offer1085,spam
Hello! What time does the train arrive? Reply when you can. Ref5847,ham
Today: What time does the train arrive? Thank you. Ref1681,ham
Please note: Congratulations! Your account has received a reward. Offer2787,spam
Reminder: Thanks for helping me yesterday. Ref3640,ham
Reminder: I have sent the documents to your email. Please reply. Ref9542,ham
Quick message: You have won a shopping voucher. Click here now. Reply when you can. Offer4967,spam
Please note: Special cash offer just for you. Reply now. Let me know. Offer4461,spam
Quick message: Act now to receive your free gift. Thanks. Offer0130,spam
Just letting you know: You have been chosen for a free vacation. Thanks. Offer8325,spam
Please note: Claim your exclusive reward before it expires. Have a good day. Offer3138,spam
Today: Earn money from home with our amazing opportunity. Thank you. Offer5072,spam
Hi! Please submit the form before Friday. Thank you. Ref2691,ham
Just letting you know: Please remind me about the meeting. Reply when you can. Ref6448,ham
Please note: Please check the attached report. Ref6503,ham
Important: Amazing deal! Get your bonus before the offer ends. Offer2912,spam
Reminder: Are you free this evening? Ref0959,ham
Important: Earn money from home with our amazing opportunity. Have a good day. Offer4173,spam
Today: Earn thousands from home. Join this opportunity now. Please reply. Offer0230,spam
Important: I will be there in ten minutes. Thank you. Ref0379,ham
Hello! Free membership available. Register today. Thanks. Offer8033,spam
"Hello! Congratulations, your number has won a cash bonus. Thanks. Offer4203",spam
Important: I am waiting outside the office. Have a good day. Ref0624,ham
Reminder: Special cash offer just for you. Reply now. Offer0401,spam
Hi! The meeting starts at 10 am. Reply when you can. Ref8958,ham
Hello! Free gift waiting for you. Claim your reward today. Let me know. Offer1548,spam
Important: Congratulations! You have won a free prize. Claim now. Let me know. Offer1756,spam
Important: WIN CASH NOW! Reply YES to receive your reward. Thanks. Offer0330,spam
Today: Congratulations! You have won a free prize. Claim now. Let me know. Offer4680,spam
Hello! The project presentation is on Monday. Have a good day. Ref4382,ham
Hi! WIN CASH NOW! Reply YES to receive your reward. Have a good day. Offer5939,spam
Claim your exclusive reward before it expires. Offer5794,spam
Reminder: Win a brand new phone today. Click to claim your prize. Let me know. Offer4176,spam
Hi! Amazing deal! Get your bonus before the offer ends. Thanks. Offer9854,spam
Hi! Don't forget to bring your ID card. Have a good day. Ref9452,ham
Reminder: Limited offer! Buy now and get a huge discount. Offer4541,spam
Important: I will call you after work. Please reply. Ref4589,ham
Please bring your laptop tomorrow. Thank you. Ref5006,ham
Hello! Let me know when you are available. Thanks. Ref5696,ham
Reminder: Claim your exclusive reward before it expires. Thanks. Offer7600,spam
Hi! The project presentation is on Monday. Reply when you can. Ref6719,ham
Hello! Congratulations! Your account has received a reward. Let me know. Offer4188,spam
Hello! You have been chosen for a free vacation. Thanks. Offer0461,spam
Quick message: The meeting starts at 10 am. Reply when you can. Ref5334,ham
Hello! Get rich quickly with this incredible money-making offer. Have a good day. Offer8697,spam
Just letting you know: WIN CASH NOW! Reply YES to receive your reward. Have a good day. Offer7329,spam
Hi! You are the lucky winner of a huge cash prize. Thank you. Offer7926,spam
"Congratulations, your number has won a cash bonus. Offer0675",spam
Just letting you know: WIN CASH NOW! Reply YES to receive your reward. Please reply. Offer1989,spam
Hello! Can you send me the notes from today's class? Ref5451,ham
Just letting you know: Free coupon available now. Click to redeem. Reply when you can. Offer2661,spam
Quick message: Exclusive winner notification. Claim your cash prize. Thanks. Offer4584,spam
Please note: You have won a shopping voucher. Click here now. Thank you. Offer3751,spam
Hi! Please submit the form before Friday. Thank you. Ref7429,ham
Important: Please submit the form before Friday. Please reply. Ref1550,ham
Important: Let's have lunch together today. Ref9444,ham
Please note: See you tomorrow morning. Have a good day. Ref9467,ham
The class has been moved to room 204. Ref4992,ham
Today: Your order has been delivered. Please reply. Ref1959,ham
Quick message: Earn thousands from home. Join this opportunity now. Please reply. Offer5009,spam
Today: Amazing deal! Get your bonus before the offer ends. Thanks. Offer7928,spam
Hi! Please call me when you reach home. Thank you. Ref2930,ham
Please bring your laptop tomorrow. Thank you. Ref4954,ham
Hi! The weather is nice today. Let me know. Ref2788,ham
Important: Get rich quickly with this incredible money-making offer. Please reply. Offer2900,spam
Please note: You are eligible for a special bonus. Apply immediately. Have a good day. Offer6622,spam
Important: The weather is nice today. Reply when you can. Ref3907,ham
Today: Happy birthday! Have a wonderful day. Let me know. Ref0300,ham
Reminder: Can we reschedule our appointment? Ref6376,ham
Hello! The class has been moved to room 204. Reply when you can. Ref6603,ham
Please note: Please bring your laptop tomorrow. Have a good day. Ref8836,ham
Quick message: Are you free this evening? Thanks. Ref0287,ham
Get rich quickly with this incredible money-making offer. Let me know. Offer5453,spam
Hi! Congratulations winner! Contact us to collect your prize. Offer1929,spam
Today: I will call you after work. Let me know. Ref3989,ham
Hello! Please bring your laptop tomorrow. Ref8886,ham
Just letting you know: Can we reschedule our appointment? Let me know. Ref2398,ham
Please note: Happy birthday! Have a wonderful day. Reply when you can. Ref9289,ham
"Hi! Hey, are we still meeting at 6 pm? Reply when you can. Ref5621",ham
Today: Exclusive winner notification. Claim your cash prize. Thanks. Offer1819,spam
Reminder: Can we reschedule our appointment? Have a good day. Ref4278,ham
Important: The project presentation is on Monday. Thank you. Ref9234,ham
Reminder: Congratulations! You have won a free prize. Claim now. Please reply. Offer5513,spam
Please note: Special promotion! Get 90 percent off today. Offer9723,spam
"Reminder: Hey, are we still meeting at 6 pm? Thank you. Ref4528",ham
Please note: Earn thousands from home. Join this opportunity now. Please reply. Offer7000,spam
Hello! What time does the train arrive? Let me know. Ref5660,ham
Important: Let's have lunch together today. Thank you. Ref5530,ham
"Quick message: Hey, are we still meeting at 6 pm? Have a good day. Ref9511",ham
Just letting you know: Earn thousands from home. Join this opportunity now. Have a good day. Offer5547,spam
Please note: Can you share the Wi-Fi password? Ref9902,ham
Quick message: Your order has been delivered. Thanks. Ref6247,ham
Important: The weather is nice today. Thanks. Ref0131,ham
Hi! You are the lucky winner of a huge cash prize. Thanks. Offer2412,spam
Please note: URGENT! You have been selected for a cash reward. Call now. Let me know. Offer3100,spam
Please note: You are selected for a free prize. Confirm your details. Offer3332,spam
Today: You have won a guaranteed reward. Respond now. Have a good day. Offer8637,spam
Today: Special cash offer just for you. Reply now. Let me know. Offer7947,spam
Today: Exclusive offer available only today. Claim now. Reply when you can. Offer0176,spam
Hello! Are you free this evening? Reply when you can. Ref9539,ham
Quick message: The class has been moved to room 204. Thank you. Ref2493,ham
Please note: Happy birthday! Have a wonderful day. Have a good day. Ref4489,ham
The meeting starts at 10 am. Let me know. Ref9665,ham
You have been chosen for a free vacation. Please reply. Offer3768,spam
Today: Special promotion! Get 90 percent off today. Thanks. Offer8712,spam
Please note: You have won a shopping voucher. Click here now. Let me know. Offer6469,spam
Just letting you know: The class has been moved to room 204. Reply when you can. Ref1769,ham
Reminder: Earn money from home with our amazing opportunity. Thanks. Offer3192,spam
Important: Please bring your laptop tomorrow. Reply when you can. Ref9425,ham
Hi! Your order has been delivered. Have a good day. Ref9112,ham
Today: Can you send me the notes from today's class? Let me know. Ref6577,ham
Important: FREE entry to win a luxury car. Reply WIN now. Have a good day. Offer8822,spam
See you tomorrow morning. Reply when you can. Ref3149,ham
Hi! The project presentation is on Monday. Please reply. Ref9715,ham
Please note: Can you pick up some groceries on your way? Let me know. Ref6752,ham
I am going to the market now. Thanks. Ref2218,ham
Important: Can we reschedule our appointment? Let me know. Ref3949,ham
"Just letting you know: Congratulations, your number has won a cash bonus. Thanks. Offer8303",spam
Today: Exclusive winner notification. Claim your cash prize. Thanks. Offer5609,spam
Hello! WIN CASH NOW! Reply YES to receive your reward. Let me know. Offer2719,spam
Just letting you know: What time does the train arrive? Ref5840,ham
Special promotion! Get 90 percent off today. Let me know. Offer3647,spam
Hello! Get rich quickly with this incredible money-making offer. Offer0792,spam
Just letting you know: Can you send me the notes from today's class? Thanks. Ref0843,ham
Important: Can you send me the notes from today's class? Thanks. Ref9659,ham
Amazing deal! Get your bonus before the offer ends. Offer7553,spam
Hello! Please check the attached report. Ref3463,ham
Important: Thanks for helping me yesterday. Let me know. Ref6351,ham
Just letting you know: Get a special discount now! Limited time offer. Please reply. Offer4233,spam
Hi! The class has been moved to room 204. Ref8036,ham
Amazing deal! Get your bonus before the offer ends. Thank you. Offer0796,spam
I am waiting outside the office. Reply when you can. Ref2087,ham
Hello! You are eligible for a special bonus. Apply immediately. Reply when you can. Offer8742,spam
Please note: Get rich quickly with this incredible money-making offer. Please reply. Offer4398,spam
Please note: I am going to the market now. Thank you. Ref4149,ham
Just letting you know: Limited offer! Buy now and get a huge discount. Let me know. Offer1202,spam
Exclusive winner notification. Claim your cash prize. Please reply. Offer0126,spam
Important: Congratulations winner! Contact us to collect your prize. Have a good day. Offer5141,spam
Hi! I have sent the documents to your email. Thank you. Ref0138,ham
Hi! The meeting starts at 10 am. Let me know. Ref2429,ham
Quick message: Special promotion! Get 90 percent off today. Offer2680,spam
Today: Special promotion! Get 90 percent off today. Please reply. Offer1496,spam
Important: Your order has been delivered. Let me know. Ref7761,ham
Reminder: You are the lucky winner of a huge cash prize. Thank you. Offer7502,spam
"Reminder: Hey, are we still meeting at 6 pm? Have a good day. Ref3599",ham
"Just letting you know: Congratulations, your number has won a cash bonus. Thanks. Offer9132",spam
Exclusive winner notification. Claim your cash prize. Let me know. Offer1384,spam
You have won a guaranteed reward. Respond now. Thanks. Offer4384,spam
Quick message: WIN CASH NOW! Reply YES to receive your reward. Let me know. Offer7281,spam
Important: Thanks for helping me yesterday. Ref3646,ham
Hello! You have won a shopping voucher. Click here now. Thank you. Offer0446,spam
Quick message: Can you pick up some groceries on your way? Please reply. Ref3037,ham
Hello! I will be there in ten minutes. Let me know. Ref4226,ham
"Please note: Hey, are we still meeting at 6 pm? Please reply. Ref1510",ham
"Reminder: Congratulations, your number has won a cash bonus. Please reply. Offer4625",spam
Hi! Limited offer! Buy now and get a huge discount. Offer0804,spam
Let's have lunch together today. Please reply. Ref6698,ham
You have won a shopping voucher. Click here now. Let me know. Offer4852,spam
Reminder: Limited offer! Buy now and get a huge discount. Have a good day. Offer9840,spam
Important: You are the lucky winner of a huge cash prize. Please reply. Offer0611,spam
Today: Congratulations winner! Contact us to collect your prize. Thanks. Offer3947,spam
Reminder: Let's have lunch together today. Ref6378,ham
Important: Act now to receive your free gift. Offer7549,spam
Hello! Can you pick up some groceries on your way? Thank you. Ref8442,ham
Quick message: You are the lucky winner of a huge cash prize. Let me know. Offer3788,spam
You have won a guaranteed reward. Respond now. Please reply. Offer7503,spam
Hello! Can you share the Wi-Fi password? Please reply. Ref2812,ham
Reminder: Special promotion! Get 90 percent off today. Reply when you can. Offer3157,spam
Hello! I will call you after work. Thank you. Ref9796,ham
Quick message: Congratulations! Your account has received a reward. Offer4536,spam
Hi! You are selected for a free prize. Confirm your details. Thanks. Offer3955,spam
Reminder: Special promotion! Get 90 percent off today. Thanks. Offer7299,spam
Hi! I have sent the documents to your email. Ref0324,ham
Just letting you know: Earn money from home with our amazing opportunity. Have a good day. Offer1493,spam
Quick message: You have won a guaranteed reward. Respond now. Please reply. Offer7628,spam
Important: Free gift waiting for you. Claim your reward today. Reply when you can. Offer0832,spam
Hi! Claim your exclusive reward before it expires. Have a good day. Offer4795,spam
Quick message: I have sent the documents to your email. Have a good day. Ref4931,ham
Today: Free membership available. Register today. Offer0492,spam
Important: Get a special discount now! Limited time offer. Please reply. Offer7705,spam
Reminder: Special cash offer just for you. Reply now. Reply when you can. Offer0386,spam
Hello! Please call me when you reach home. Let me know. Ref9085,ham
Quick message: Happy birthday! Have a wonderful day. Let me know. Ref1156,ham
Reminder: You are eligible for a special bonus. Apply immediately. Have a good day. Offer6060,spam
Hello! I will call you after work. Thank you. Ref6516,ham
Quick message: Free coupon available now. Click to redeem. Thank you. Offer5053,spam
Reminder: Earn money from home with our amazing opportunity. Reply when you can. Offer2655,spam
Quick message: Get a special discount now! Limited time offer. Please reply. Offer8656,spam
Just letting you know: Get rich quickly with this incredible money-making offer. Thank you. Offer3809,spam
Please note: You are the lucky winner of a huge cash prize. Thanks. Offer0569,spam
Please note: What time does the train arrive? Let me know. Ref1197,ham
Please note: I am waiting outside the office. Reply when you can. Ref9203,ham
Quick message: Special promotion! Get 90 percent off today. Let me know. Offer0916,spam
Important: Amazing deal! Get your bonus before the offer ends. Thanks. Offer3848,spam
Today: Exclusive winner notification. Claim your cash prize. Reply when you can. Offer8998,spam
Hi! Limited offer! Buy now and get a huge discount. Please reply. Offer8252,spam
Quick message: What time does the train arrive? Please reply. Ref9919,ham
Just letting you know: Get a special discount now! Limited time offer. Thank you. Offer7335,spam
Today: I have sent the documents to your email. Thanks. Ref7364,ham
Quick message: I am going to the market now. Ref7186,ham
"Hi! Hey, are we still meeting at 6 pm? Ref1425",ham
Today: Please submit the form before Friday. Please reply. Ref1595,ham
Please note: Win a brand new phone today. Click to claim your prize. Let me know. Offer8906,spam
Just letting you know: The weather is nice today. Ref4699,ham
Just letting you know: Earn money from home with our amazing opportunity. Offer8374,spam
Earn thousands from home. Join this opportunity now. Have a good day. Offer6701,spam
Reminder: Urgent reward notification. Claim before midnight. Offer1799,spam
Today: Please call me when you reach home. Thanks. Ref2553,ham
Reminder: URGENT! You have been selected for a cash reward. Call now. Reply when you can. Offer3193,spam
Reminder: I am going to the market now. Let me know. Ref5117,ham
Just letting you know: What time does the train arrive? Let me know. Ref6530,ham
Hi! Urgent reward notification. Claim before midnight. Offer3311,spam
Hi! Please bring your laptop tomorrow. Thanks. Ref6571,ham
Important: Happy birthday! Have a wonderful day. Please reply. Ref7881,ham
Please note: Earn thousands from home. Join this opportunity now. Let me know. Offer4598,spam
You have won a guaranteed reward. Respond now. Let me know. Offer4801,spam
Your assignment is due tomorrow. Thank you. Ref3698,ham
Hi! Can we reschedule our appointment? Let me know. Ref7209,ham
Hello! You are the lucky winner of a huge cash prize. Please reply. Offer8558,spam
Quick message: URGENT! You have been selected for a cash reward. Call now. Please reply. Offer7226,spam
Just letting you know: You have been chosen for a free vacation. Thanks. Offer7358,spam
Important: Thanks for helping me yesterday. Please reply. Ref2407,ham
Reminder: The meeting starts at 10 am. Have a good day. Ref6766,ham
Important: Thanks for helping me yesterday. Reply when you can. Ref5995,ham
Please call me when you reach home. Ref8829,ham
You have won a shopping voucher. Click here now. Offer0873,spam
Reminder: Are you free this evening? Ref1763,ham
Just letting you know: Happy birthday! Have a wonderful day. Thank you. Ref0393,ham
FREE entry to win a luxury car. Reply WIN now. Thanks. Offer0810,spam
Important: Please remind me about the meeting. Have a good day. Ref6150,ham
Hi! Happy birthday! Have a wonderful day. Thanks. Ref8212,ham
Hi! Special promotion! Get 90 percent off today. Reply when you can. Offer7052,spam
Important: You have won a guaranteed reward. Respond now. Let me know. Offer8516,spam
Please note: Can you pick up some groceries on your way? Please reply. Ref4322,ham
Reminder: I have sent the documents to your email. Ref8493,ham
Important: Your assignment is due tomorrow. Thanks. Ref5244,ham
Just letting you know: Congratulations winner! Contact us to collect your prize. Thanks. Offer6933,spam
Today: Thanks for helping me yesterday. Thanks. Ref0364,ham
Important: Congratulations! Your account has received a reward. Offer1235,spam
Please note: Free membership available. Register today. Thanks. Offer2488,spam
Special promotion! Get 90 percent off today. Let me know. Offer6853,spam
FREE entry to win a luxury car. Reply WIN now. Offer4228,spam
Please note: The class has been moved to room 204. Ref5237,ham
Important: FREE entry to win a luxury car. Reply WIN now. Thank you. Offer4111,spam
Reminder: Are you free this evening? Thank you. Ref4472,ham
Please note: The project presentation is on Monday. Let me know. Ref3655,ham
Important: I will be there in ten minutes. Have a good day. Ref8380,ham
Today: Free membership available. Register today. Please reply. Offer3875,spam
Please note: I reached safely. Ref9835,ham
Reminder: You are eligible for a special bonus. Apply immediately. Thank you. Offer8343,spam
Today: FREE entry to win a luxury car. Reply WIN now. Thanks. Offer3475,spam
Just letting you know: FREE entry to win a luxury car. Reply WIN now. Let me know. Offer6680,spam
Quick message: You are the lucky winner of a huge cash prize. Thank you. Offer0225,spam
Quick message: Free gift waiting for you. Claim your reward today. Have a good day. Offer9001,spam
Hi! Please check the attached report. Let me know. Ref0788,ham
Reminder: I am waiting outside the office. Have a good day. Ref9733,ham
The class has been moved to room 204. Let me know. Ref3014,ham
Quick message: Are you free this evening? Ref5178,ham
Important: I am going to the market now. Thanks. Ref4217,ham
Urgent reward notification. Claim before midnight. Have a good day. Offer6817,spam
Hi! Happy birthday! Have a wonderful day. Let me know. Ref4202,ham
Important: Your order has been delivered. Ref0526,ham
Important: You have won a guaranteed reward. Respond now. Please reply. Offer4766,spam
Hi! Congratulations! Your account has received a reward. Please reply. Offer3059,spam
Hello! Thanks for helping me yesterday. Ref4078,ham
Quick message: Your assignment is due tomorrow. Please reply. Ref8735,ham
Hello! Thanks for helping me yesterday. Please reply. Ref8932,ham
Quick message: I reached safely. Ref6606,ham
Please note: The weather is nice today. Ref2690,ham
Important: You have won a guaranteed reward. Respond now. Have a good day. Offer7870,spam
Reminder: Get rich quickly with this incredible money-making offer. Offer3453,spam
Please note: You are the lucky winner of a huge cash prize. Reply when you can. Offer0018,spam
Important: Congratulations! You have won a free prize. Claim now. Offer3131,spam
Reminder: Please call me when you reach home. Thank you. Ref0558,ham
Quick message: Don't forget to bring your ID card. Please reply. Ref6737,ham
Please check the attached report. Thank you. Ref3386,ham
Important: Urgent reward notification. Claim before midnight. Let me know. Offer8317,spam
Today: You have won a guaranteed reward. Respond now. Reply when you can. Offer7687,spam
Please note: Amazing deal! Get your bonus before the offer ends. Let me know. Offer4275,spam
Just letting you know: Get a special discount now! Limited time offer. Offer8753,spam
Hi! WIN CASH NOW! Reply YES to receive your reward. Thank you. Offer9130,spam
Exclusive winner notification. Claim your cash prize. Please reply. Offer8130,spam
Just letting you know: The class has been moved to room 204. Let me know. Ref7583,ham
Please note: You have won a shopping voucher. Click here now. Offer1485,spam
Today: Please call me when you reach home. Ref8734,ham
Please note: I will be there in ten minutes. Please reply. Ref3421,ham
Today: You are eligible for a special bonus. Apply immediately. Please reply. Offer9465,spam
Please note: Amazing deal! Get your bonus before the offer ends. Thank you. Offer4213,spam
WIN CASH NOW! Reply YES to receive your reward. Reply when you can. Offer7341,spam
Just letting you know: Earn money from home with our amazing opportunity. Please reply. Offer2604,spam
Please bring your laptop tomorrow. Please reply. Ref3276,ham
Just letting you know: You are eligible for a special bonus. Apply immediately. Thanks. Offer5280,spam
Hello! Please submit the form before Friday. Let me know. Ref1333,ham
"Hi! Congratulations, your number has won a cash bonus. Thank you. Offer4138",spam
Happy birthday! Have a wonderful day. Thanks. Ref0913,ham
Hi! Please bring your laptop tomorrow. Let me know. Ref5615,ham
Quick message: Happy birthday! Have a wonderful day. Please reply. Ref0806,ham
Hi! Please remind me about the meeting. Have a good day. Ref1764,ham
Please note: Get a special discount now! Limited time offer. Thanks. Offer6740,spam
Hi! Amazing deal! Get your bonus before the offer ends. Offer1441,spam
Hi! WIN CASH NOW! Reply YES to receive your reward. Thank you. Offer5894,spam
"Just letting you know: Congratulations, your number has won a cash bonus. Reply when you can. Offer7196",spam
Hi! Free coupon available now. Click to redeem. Have a good day. Offer6999,spam
Important: Special cash offer just for you. Reply now. Thank you. Offer4908,spam
Quick message: Earn thousands from home. Join this opportunity now. Offer4574,spam
Quick message: Earn thousands from home. Join this opportunity now. Thanks. Offer8965,spam
Please note: Claim your exclusive reward before it expires. Let me know. Offer4020,spam
Reminder: You are eligible for a special bonus. Apply immediately. Offer2215,spam
Important: Claim your exclusive reward before it expires. Reply when you can. Offer7992,spam
Urgent reward notification. Claim before midnight. Let me know. Offer5061,spam
Please note: You are eligible for a special bonus. Apply immediately. Please reply. Offer3918,spam
Quick message: The weather is nice today. Ref2006,ham
Just letting you know: I am going to the market now. Ref7864,ham
Please remind me about the meeting. Let me know. Ref9642,ham
Please note: Let's have lunch together today. Please reply. Ref2782,ham
Today: You have been chosen for a free vacation. Please reply. Offer2561,spam
Hi! Congratulations! Your account has received a reward. Thanks. Offer8332,spam
Reminder: You are selected for a free prize. Confirm your details. Please reply. Offer4035,spam
Please note: What time does the train arrive? Ref1749,ham
Reminder: Free coupon available now. Click to redeem. Thanks. Offer9924,spam
Win a brand new phone today. Click to claim your prize. Offer2453,spam
Quick message: Your assignment is due tomorrow. Let me know. Ref5659,ham
Today: Congratulations winner! Contact us to collect your prize. Have a good day. Offer5306,spam
Hello! The meeting starts at 10 am. Let me know. Ref5251,ham
Important: Claim your exclusive reward before it expires. Thanks. Offer2507,spam
Reminder: You have won a guaranteed reward. Respond now. Let me know. Offer4506,spam
Reminder: Can you send me the notes from today's class? Thank you. Ref0679,ham
Today: Your order has been delivered. Let me know. Ref5672,ham
Hello! The class has been moved to room 204. Let me know. Ref4615,ham
Please note: Special cash offer just for you. Reply now. Reply when you can. Offer0475,spam
Reminder: I have sent the documents to your email. Reply when you can. Ref9483,ham
Free membership available. Register today. Please reply. Offer4710,spam
Hello! The meeting starts at 10 am. Thanks. Ref2435,ham
Hi! Urgent reward notification. Claim before midnight. Please reply. Offer3355,spam
Can we reschedule our appointment? Thank you. Ref4950,ham
Just letting you know: The weather is nice today. Have a good day. Ref4925,ham
Hello! What time does the train arrive? Reply when you can. Ref2645,ham
Reminder: Congratulations! Your account has received a reward. Reply when you can. Offer4975,spam
Hello! I reached safely. Let me know. Ref4740,ham
Today: Free gift waiting for you. Claim your reward today. Reply when you can. Offer5831,spam
Please note: You have been chosen for a free vacation. Offer6759,spam
Hello! Free membership available. Register today. Thank you. Offer6924,spam
Just letting you know: Your assignment is due tomorrow. Thanks. Ref6191,ham
You are eligible for a special bonus. Apply immediately. Have a good day. Offer9651,spam
Reminder: WIN CASH NOW! Reply YES to receive your reward. Thank you. Offer8402,spam
Hi! Congratulations winner! Contact us to collect your prize. Thank you. Offer7583,spam
Just letting you know: What time does the train arrive? Please reply. Ref3797,ham
Quick message: Let's have lunch together today. Ref7482,ham
You have been chosen for a free vacation. Let me know. Offer7924,spam
Important: Let's have lunch together today. Let me know. Ref7440,ham
Congratulations winner! Contact us to collect your prize. Let me know. Offer1134,spam
Hello! Please remind me about the meeting. Have a good day. Ref9737,ham
Hello! Claim your exclusive reward before it expires. Reply when you can. Offer2139,spam
Today: Please submit the form before Friday. Thanks. Ref5634,ham
Hello! Congratulations! Your account has received a reward. Thank you. Offer4238,spam
Hi! The class has been moved to room 204. Ref8160,ham
Hi! The meeting starts at 10 am. Ref5112,ham
Reminder: Get rich quickly with this incredible money-making offer. Reply when you can. Offer1876,spam
Hi! WIN CASH NOW! Reply YES to receive your reward. Please reply. Offer5504,spam
Quick message: Please call me when you reach home. Please reply. Ref6791,ham
Just letting you know: Win a brand new phone today. Click to claim your prize. Thanks. Offer4277,spam
Today: Win a brand new phone today. Click to claim your prize. Please reply. Offer1556,spam
Please submit the form before Friday. Thank you. Ref3043,ham
Important: Can you send me the notes from today's class? Please reply. Ref6185,ham
Today: Free coupon available now. Click to redeem. Let me know. Offer5296,spam
Quick message: Amazing deal! Get your bonus before the offer ends. Reply when you can. Offer8253,spam
Hello! Your order has been delivered. Ref7190,ham
Please note: Can we reschedule our appointment? Thank you. Ref3141,ham
Hello! Special cash offer just for you. Reply now. Reply when you can. Offer1480,spam
Quick message: Act now to receive your free gift. Let me know. Offer0066,spam
Reminder: Don't forget to bring your ID card. Ref6975,ham
Important: What time does the train arrive? Let me know. Ref4953,ham
Quick message: You have won a guaranteed reward. Respond now. Thanks. Offer1566,spam
Please note: Let's have lunch together today. Ref5448,ham
Quick message: The weather is nice today. Reply when you can. Ref8796,ham
Special promotion! Get 90 percent off today. Offer0737,spam
Just letting you know: Can you send me the notes from today's class? Let me know. Ref9928,ham
Hi! Your assignment is due tomorrow. Thank you. Ref7975,ham
Please note: The weather is nice today. Ref2464,ham
Today: Free coupon available now. Click to redeem. Thanks. Offer7259,spam
Win a brand new phone today. Click to claim your prize. Thank you. Offer5338,spam
Hello! Free membership available. Register today. Please reply. Offer0608,spam
You have been chosen for a free vacation. Thanks. Offer7237,spam
Please note: I will be there in ten minutes. Reply when you can. Ref6918,ham
Congratulations! You have won a free prize. Claim now. Reply when you can. Offer7723,spam
Reminder: I will call you after work. Please reply. Ref6113,ham
Just letting you know: Urgent reward notification. Claim before midnight. Have a good day. Offer9596,spam
Please note: Get rich quickly with this incredible money-making offer. Offer5097,spam
Important: You have won a shopping voucher. Click here now. Offer8154,spam
Quick message: Are you free this evening? Reply when you can. Ref5891,ham
Important: I am waiting outside the office. Reply when you can. Ref2823,ham
Hi! Earn money from home with our amazing opportunity. Reply when you can. Offer2106,spam
Today: Special promotion! Get 90 percent off today. Reply when you can. Offer4134,spam
Important: Thanks for helping me yesterday. Have a good day. Ref0691,ham
Hi! Thanks for helping me yesterday. Thank you. Ref3695,ham
Hello! Your assignment is due tomorrow. Reply when you can. Ref8135,ham
Congratulations winner! Contact us to collect your prize. Please reply. Offer4310,spam
Important: Free coupon available now. Click to redeem. Offer9089,spam
Quick message: Don't forget to bring your ID card. Please reply. Ref1435,ham
Hi! Your order has been delivered. Ref9230,ham
Reminder: Urgent reward notification. Claim before midnight. Thanks. Offer6186,spam
Just letting you know: Limited offer! Buy now and get a huge discount. Let me know. Offer9368,spam
Just letting you know: WIN CASH NOW! Reply YES to receive your reward. Have a good day. Offer9189,spam
Hi! Can you send me the notes from today's class? Ref5602,ham
"Please note: Congratulations, your number has won a cash bonus. Have a good day. Offer5031",spam
Today: Can you send me the notes from today's class? Reply when you can. Ref6593,ham
Quick message: Exclusive offer available only today. Claim now. Have a good day. Offer4145,spam
Important: Earn money from home with our amazing opportunity. Let me know. Offer7869,spam
Quick message: Your assignment is due tomorrow. Ref1168,ham
"Hey, are we still meeting at 6 pm? Have a good day. Ref3069",ham
Important: Can you pick up some groceries on your way? Ref2259,ham
Reminder: You have won a shopping voucher. Click here now. Offer0200,spam
Just letting you know: Happy birthday! Have a wonderful day. Have a good day. Ref9088,ham
Just letting you know: I am waiting outside the office. Thank you. Ref0587,ham
Hi! Thanks for helping me yesterday. Ref9090,ham
Hi! Congratulations! Your account has received a reward. Reply when you can. Offer2449,spam
Quick message: Urgent reward notification. Claim before midnight. Let me know. Offer7384,spam
Urgent reward notification. Claim before midnight. Reply when you can. Offer1909,spam
Today: Let's have lunch together today. Thank you. Ref3796,ham
Congratulations! Your account has received a reward. Reply when you can. Offer5239,spam
Reminder: Act now to receive your free gift. Thank you. Offer5112,spam
Reminder: Happy birthday! Have a wonderful day. Reply when you can. Ref8778,ham
Important: Get rich quickly with this incredible money-making offer. Please reply. Offer1585,spam
Act now to receive your free gift. Let me know. Offer0541,spam
Just letting you know: What time does the train arrive? Thanks. Ref1328,ham
Please note: Your order has been delivered. Reply when you can. Ref8809,ham
Quick message: Earn thousands from home. Join this opportunity now. Offer1482,spam
Reminder: The project presentation is on Monday. Ref2593,ham
Hi! Please bring your laptop tomorrow. Ref6612,ham
Just letting you know: Exclusive offer available only today. Claim now. Let me know. Offer6890,spam
Hello! Special cash offer just for you. Reply now. Thanks. Offer8485,spam
The weather is nice today. Thanks. Ref2678,ham
Hello! FREE entry to win a luxury car. Reply WIN now. Please reply. Offer2896,spam
Reminder: Get a special discount now! Limited time offer. Thanks. Offer8639,spam
Quick message: Limited offer! Buy now and get a huge discount. Thanks. Offer1246,spam
The project presentation is on Monday. Please reply. Ref6166,ham
Today: Limited offer! Buy now and get a huge discount. Thank you. Offer6522,spam
Reminder: I reached safely. Let me know. Ref3008,ham
Just letting you know: You have won a guaranteed reward. Respond now. Offer4128,spam
Quick message: Amazing deal! Get your bonus before the offer ends. Thanks. Offer7946,spam
Quick message: Let's have lunch together today. Thanks. Ref3128,ham
Hi! Please bring your laptop tomorrow. Thank you. Ref9955,ham
Today: You are the lucky winner of a huge cash prize. Reply when you can. Offer6615,spam
"Important: Congratulations, your number has won a cash bonus. Let me know. Offer1984",spam
Please note: WIN CASH NOW! Reply YES to receive your reward. Reply when you can. Offer2582,spam
Hi! The class has been moved to room 204. Ref4625,ham
You have won a guaranteed reward. Respond now. Please reply. Offer9345,spam
Important: Please check the attached report. Ref9419,ham
Today: Happy birthday! Have a wonderful day. Have a good day. Ref4818,ham
Hi! Please remind me about the meeting. Thank you. Ref9465,ham
Important: Please check the attached report. Thanks. Ref7480,ham
Please note: You are selected for a free prize. Confirm your details. Offer2678,spam
Today: You are the lucky winner of a huge cash prize. Offer3333,spam
Hi! Can you send me the notes from today's class? Have a good day. Ref9251,ham
Quick message: Don't forget to bring your ID card. Ref6442,ham
Reminder: Free membership available. Register today. Offer4093,spam
Hi! I reached safely. Have a good day. Ref2021,ham
Hello! You have won a shopping voucher. Click here now. Let me know. Offer7624,spam
Hi! Exclusive winner notification. Claim your cash prize. Thanks. Offer0789,spam
Hi! URGENT! You have been selected for a cash reward. Call now. Thanks. Offer9086,spam
Hello! See you tomorrow morning. Thanks. Ref9457,ham
Hi! Please check the attached report. Have a good day. Ref8596,ham
Quick message: Limited offer! Buy now and get a huge discount. Thank you. Offer0097,spam
Just letting you know: Claim your exclusive reward before it expires. Offer5501,spam
Hello! You have been chosen for a free vacation. Please reply. Offer5548,spam
Hi! You have been chosen for a free vacation. Let me know. Offer6192,spam
Important: Earn money from home with our amazing opportunity. Please reply. Offer7498,spam
Please note: Your assignment is due tomorrow. Thanks. Ref1246,ham
Just letting you know: I will be there in ten minutes. Please reply. Ref4646,ham
Please note: Get rich quickly with this incredible money-making offer. Please reply. Offer1372,spam
Hello! Special cash offer just for you. Reply now. Thank you. Offer4996,spam
Quick message: The weather is nice today. Reply when you can. Ref4524,ham
Reminder: The meeting starts at 10 am. Thank you. Ref9974,ham
Get rich quickly with this incredible money-making offer. Offer8945,spam
Just letting you know: Please submit the form before Friday. Have a good day. Ref5806,ham
FREE entry to win a luxury car. Reply WIN now. Thank you. Offer0266,spam
Hi! You are eligible for a special bonus. Apply immediately. Offer8980,spam
Hello! I have sent the documents to your email. Please reply. Ref7822,ham
Important: Can we reschedule our appointment? Thank you. Ref4399,ham
Just letting you know: Are you free this evening? Have a good day. Ref9707,ham
Quick message: Exclusive winner notification. Claim your cash prize. Offer7156,spam
Reminder: You have won a guaranteed reward. Respond now. Please reply. Offer4212,spam
Hi! I reached safely. Ref4165,ham
FREE entry to win a luxury car. Reply WIN now. Let me know. Offer9341,spam
Reminder: You are selected for a free prize. Confirm your details. Offer5026,spam
Reminder: Can you send me the notes from today's class? Ref8858,ham
Just letting you know: Free gift waiting for you. Claim your reward today. Thanks. Offer8647,spam
Quick message: Don't forget to bring your ID card. Let me know. Ref3572,ham
Just letting you know: You are the lucky winner of a huge cash prize. Thank you. Offer2956,spam
Thanks for helping me yesterday. Reply when you can. Ref6117,ham
Exclusive offer available only today. Claim now. Reply when you can. Offer2054,spam
Just letting you know: Earn thousands from home. Join this opportunity now. Please reply. Offer3799,spam
Please note: Free gift waiting for you. Claim your reward today. Thanks. Offer2934,spam
FREE entry to win a luxury car. Reply WIN now. Thank you. Offer0774,spam
Quick message: You are eligible for a special bonus. Apply immediately. Thank you. Offer7843,spam
Important: Amazing deal! Get your bonus before the offer ends. Reply when you can. Offer5428,spam
Please note: Earn money from home with our amazing opportunity. Thank you. Offer2056,spam
Today: Act now to receive your free gift. Please reply. Offer0662,spam
Reminder: Get a special discount now! Limited time offer. Please reply. Offer9067,spam
Today: You are eligible for a special bonus. Apply immediately. Thank you. Offer4154,spam
Hi! Act now to receive your free gift. Thank you. Offer0397,spam
Important: Don't forget to bring your ID card. Thanks. Ref9281,ham
Hi! Can you share the Wi-Fi password? Thanks. Ref8470,ham
Quick message: Free membership available. Register today. Thanks. Offer8680,spam
Reminder: I have sent the documents to your email. Let me know. Ref7698,ham
Reminder: Happy birthday! Have a wonderful day. Thank you. Ref2603,ham
Today: I have sent the documents to your email. Let me know. Ref7669,ham
Hello! Limited offer! Buy now and get a huge discount. Have a good day. Offer5236,spam
Please note: Please bring your laptop tomorrow. Ref9871,ham
Quick message: Your order has been delivered. Reply when you can. Ref9711,ham
Reminder: You have won a guaranteed reward. Respond now. Reply when you can. Offer2863,spam
What time does the train arrive? Thank you. Ref4875,ham
Reminder: Amazing deal! Get your bonus before the offer ends. Thanks. Offer4793,spam
Reminder: Limited offer! Buy now and get a huge discount. Offer3076,spam
Today: What time does the train arrive? Thanks. Ref6919,ham
What time does the train arrive? Reply when you can. Ref5106,ham
Quick message: You have been chosen for a free vacation. Have a good day. Offer5551,spam
Today: Congratulations! You have won a free prize. Claim now. Let me know. Offer6883,spam
Reminder: I reached safely. Ref2723,ham
Hello! You are selected for a free prize. Confirm your details. Offer2646,spam
"Just letting you know: Congratulations, your number has won a cash bonus. Thank you. Offer9159",spam
Please note: I will call you after work. Have a good day. Ref4132,ham
Hi! WIN CASH NOW! Reply YES to receive your reward. Reply when you can. Offer8596,spam
Hi! FREE entry to win a luxury car. Reply WIN now. Thank you. Offer0231,spam
Hello! Get rich quickly with this incredible money-making offer. Thanks. Offer4433,spam
Hello! Exclusive winner notification. Claim your cash prize. Offer6895,spam
"Just letting you know: Congratulations, your number has won a cash bonus. Thank you. Offer8462",spam
Important: Can you pick up some groceries on your way? Please reply. Ref3096,ham
Hello! Earn thousands from home. Join this opportunity now. Have a good day. Offer7276,spam
Just letting you know: You are selected for a free prize. Confirm your details. Please reply. Offer6155,spam
Hi! Limited offer! Buy now and get a huge discount. Thanks. Offer0776,spam
Hi! The class has been moved to room 204. Reply when you can. Ref2562,ham
Hi! FREE entry to win a luxury car. Reply WIN now. Reply when you can. Offer6869,spam
Reminder: Free coupon available now. Click to redeem. Offer2996,spam
Please note: Get rich quickly with this incredible money-making offer. Thanks. Offer9504,spam
Reminder: Free gift waiting for you. Claim your reward today. Have a good day. Offer2821,spam
Quick message: FREE entry to win a luxury car. Reply WIN now. Let me know. Offer8233,spam
"Important: Congratulations, your number has won a cash bonus. Offer6312",spam
Hello! Congratulations winner! Contact us to collect your prize. Let me know. Offer8799,spam
Reminder: See you tomorrow morning. Reply when you can. Ref9377,ham
Are you free this evening? Thank you. Ref9176,ham
Hello! I will be there in ten minutes. Please reply. Ref3433,ham
Exclusive offer available only today. Claim now. Please reply. Offer4031,spam
Please note: Let me know when you are available. Ref6152,ham
Just letting you know: WIN CASH NOW! Reply YES to receive your reward. Offer7096,spam
Hello! Exclusive winner notification. Claim your cash prize. Have a good day. Offer1391,spam
Today: I am waiting outside the office. Reply when you can. Ref9901,ham
You have won a guaranteed reward. Respond now. Reply when you can. Offer6675,spam
Today: Please submit the form before Friday. Thank you. Ref7955,ham
Today: Thanks for helping me yesterday. Thank you. Ref0866,ham
Reminder: The project presentation is on Monday. Thanks. Ref3042,ham
Reminder: I reached safely. Let me know. Ref2216,ham
Quick message: The meeting starts at 10 am. Please reply. Ref1316,ham
Hi! Amazing deal! Get your bonus before the offer ends. Have a good day. Offer1405,spam
Reminder: Please call me when you reach home. Ref5683,ham
Important: Let's have lunch together today. Have a good day. Ref2474,ham
"Today: Congratulations, your number has won a cash bonus. Reply when you can. Offer9568",spam
Hello! You are the lucky winner of a huge cash prize. Reply when you can. Offer4542,spam
Important: Please bring your laptop tomorrow. Ref7120,ham
Please note: Your assignment is due tomorrow. Let me know. Ref5449,ham
Today: Can you share the Wi-Fi password? Thank you. Ref5532,ham
Reminder: Your order has been delivered. Ref1243,ham
Reminder: Earn money from home with our amazing opportunity. Offer6773,spam
Just letting you know: You have won a shopping voucher. Click here now. Thanks. Offer5981,spam
Happy birthday! Have a wonderful day. Thank you. Ref4840,ham
Important: Please call me when you reach home. Thank you. Ref0805,ham
Quick message: I am waiting outside the office. Have a good day. Ref0513,ham
"Hello! Congratulations, your number has won a cash bonus. Please reply. Offer8405",spam
Quick message: Special promotion! Get 90 percent off today. Have a good day. Offer4342,spam
Reminder: The weather is nice today. Let me know. Ref8964,ham
Important: Special promotion! Get 90 percent off today. Have a good day. Offer6010,spam
Hi! Exclusive winner notification. Claim your cash prize. Let me know. Offer6261,spam
Hi! Special promotion! Get 90 percent off today. Let me know. Offer4282,spam
Please note: Earn money from home with our amazing opportunity. Please reply. Offer9370,spam
Quick message: You have won a guaranteed reward. Respond now. Offer1868,spam
Quick message: You have been chosen for a free vacation. Reply when you can. Offer8123,spam
Quick message: URGENT! You have been selected for a cash reward. Call now. Offer5947,spam
"Please note: Hey, are we still meeting at 6 pm? Thanks. Ref2393",ham
Hi! Are you free this evening? Have a good day. Ref3076,ham
Hello! The meeting starts at 10 am. Thanks. Ref7380,ham
Today: Your assignment is due tomorrow. Please reply. Ref4817,ham
Get rich quickly with this incredible money-making offer. Reply when you can. Offer8570,spam
Reminder: You are the lucky winner of a huge cash prize. Thank you. Offer4804,spam
Just letting you know: You are selected for a free prize. Confirm your details. Have a good day. Offer5248,spam
Today: Claim your exclusive reward before it expires. Offer0016,spam
Please note: Exclusive winner notification. Claim your cash prize. Offer4058,spam
Today: Congratulations! Your account has received a reward. Reply when you can. Offer8435,spam
Just letting you know: I reached safely. Thanks. Ref4903,ham
Please note: Please bring your laptop tomorrow. Let me know. Ref8233,ham
Just letting you know: You have been chosen for a free vacation. Offer3976,spam
Hi! Earn thousands from home. Join this opportunity now. Please reply. Offer6698,spam
Quick message: Congratulations! You have won a free prize. Claim now. Thanks. Offer2274,spam
Quick message: You are the lucky winner of a huge cash prize. Reply when you can. Offer6363,spam
Today: Claim your exclusive reward before it expires. Thanks. Offer1337,spam
Quick message: Congratulations! You have won a free prize. Claim now. Let me know. Offer7393,spam
Today: Can we reschedule our appointment? Reply when you can. Ref1426,ham
Quick message: Please call me when you reach home. Thank you. Ref3374,ham
Reminder: Get a special discount now! Limited time offer. Have a good day. Offer4554,spam
Quick message: Free coupon available now. Click to redeem. Thanks. Offer0536,spam
Important: Please call me when you reach home. Ref1062,ham
Quick message: Free gift waiting for you. Claim your reward today. Offer3699,spam
Hi! Earn money from home with our amazing opportunity. Offer0697,spam
Hello! I will be there in ten minutes. Ref0280,ham
Please submit the form before Friday. Ref7551,ham
Reminder: Please call me when you reach home. Thanks. Ref9800,ham
Reminder: You have won a shopping voucher. Click here now. Thanks. Offer8304,spam
Important: I reached safely. Have a good day. Ref3355,ham
Important: Are you free this evening? Please reply. Ref6153,ham
Just letting you know: What time does the train arrive? Thanks. Ref8833,ham
Reminder: What time does the train arrive? Ref5516,ham
Reminder: Congratulations! You have won a free prize. Claim now. Offer9774,spam
Hello! WIN CASH NOW! Reply YES to receive your reward. Thank you. Offer6189,spam
Important: Can you send me the notes from today's class? Please reply. Ref3713,ham
Please note: Amazing deal! Get your bonus before the offer ends. Please reply. Offer1864,spam
Just letting you know: Exclusive winner notification. Claim your cash prize. Thanks. Offer6438,spam
Reminder: Congratulations winner! Contact us to collect your prize. Reply when you can. Offer9985,spam
Hi! Win a brand new phone today. Click to claim your prize. Thanks. Offer4601,spam
Hello! Don't forget to bring your ID card. Thank you. Ref8615,ham
Reminder: URGENT! You have been selected for a cash reward. Call now. Thanks. Offer9331,spam
Hi! You are eligible for a special bonus. Apply immediately. Thanks. Offer1245,spam
Please note: I reached safely. Reply when you can. Ref4434,ham
Hello! You are eligible for a special bonus. Apply immediately. Have a good day. Offer8909,spam
Hi! Please bring your laptop tomorrow. Please reply. Ref9730,ham
Reminder: I will call you after work. Thank you. Ref6855,ham
Reminder: I will be there in ten minutes. Reply when you can. Ref9358,ham
Hello! You are the lucky winner of a huge cash prize. Thank you. Offer5983,spam
You are selected for a free prize. Confirm your details. Thanks. Offer3411,spam
Reminder: Can you send me the notes from today's class? Thank you. Ref7464,ham
Hello! You have won a shopping voucher. Click here now. Thank you. Offer1589,spam
Today: You are eligible for a special bonus. Apply immediately. Offer2526,spam
"Hi! Congratulations, your number has won a cash bonus. Offer6033",spam
Just letting you know: The weather is nice today. Reply when you can. Ref5122,ham
Important: The weather is nice today. Have a good day. Ref0369,ham
Please note: Exclusive offer available only today. Claim now. Please reply. Offer4538,spam
Hello! You are selected for a free prize. Confirm your details. Let me know. Offer8738,spam
Please note: WIN CASH NOW! Reply YES to receive your reward. Thanks. Offer4962,spam
Hi! I will be there in ten minutes. Have a good day. Ref2283,ham
Today: You are the lucky winner of a huge cash prize. Offer6496,spam
Please note: Are you free this evening? Ref5444,ham
Quick message: Your order has been delivered. Ref1500,ham
Please note: See you tomorrow morning. Please reply. Ref3936,ham
Today: Earn thousands from home. Join this opportunity now. Offer5372,spam
Today: Can you pick up some groceries on your way? Thanks. Ref3843,ham
Today: Claim your exclusive reward before it expires. Please reply. Offer0329,spam
Just letting you know: The weather is nice today. Have a good day. Ref5701,ham
Reminder: You are the lucky winner of a huge cash prize. Please reply. Offer5271,spam
Quick message: The project presentation is on Monday. Have a good day. Ref8342,ham
Important: I will be there in ten minutes. Thanks. Ref4555,ham
Please note: You have been chosen for a free vacation. Have a good day. Offer5175,spam
Please note: Can you share the Wi-Fi password? Let me know. Ref0741,ham
Limited offer! Buy now and get a huge discount. Let me know. Offer9628,spam
Today: Let me know when you are available. Thanks. Ref7845,ham
Hi! I will be there in ten minutes. Reply when you can. Ref3334,ham
Important: The project presentation is on Monday. Thank you. Ref9396,ham
Just letting you know: Amazing deal! Get your bonus before the offer ends. Let me know. Offer1517,spam
Hi! URGENT! You have been selected for a cash reward. Call now. Reply when you can. Offer9092,spam
Important: Claim your exclusive reward before it expires. Thanks. Offer8743,spam
Reminder: Exclusive offer available only today. Claim now. Have a good day. Offer6695,spam
Reminder: Please bring your laptop tomorrow. Please reply. Ref9466,ham
Today: Congratulations! You have won a free prize. Claim now. Thanks. Offer9203,spam
Just letting you know: The class has been moved to room 204. Have a good day. Ref8604,ham
Reminder: Your order has been delivered. Let me know. Ref6601,ham
Please note: You have won a guaranteed reward. Respond now. Thanks. Offer2904,spam
Hello! Win a brand new phone today. Click to claim your prize. Thank you. Offer3688,spam
Congratulations! You have won a free prize. Claim now. Let me know. Offer9011,spam
Important: Are you free this evening? Thanks. Ref1686,ham
Quick message: Congratulations! Your account has received a reward. Thank you. Offer5233,spam
Hello! Happy birthday! Have a wonderful day. Ref5241,ham
Today: WIN CASH NOW! Reply YES to receive your reward. Thank you. Offer5310,spam
Your assignment is due tomorrow. Let me know. Ref1445,ham
Hi! You are selected for a free prize. Confirm your details. Let me know. Offer4257,spam
Hi! Congratulations! You have won a free prize. Claim now. Thanks. Offer2771,spam
Hello! Happy birthday! Have a wonderful day. Reply when you can. Ref7819,ham
Don't forget to bring your ID card. Ref1772,ham
Just letting you know: Please check the attached report. Reply when you can. Ref3220,ham
Just letting you know: The class has been moved to room 204. Please reply. Ref5853,ham
Quick message: I am going to the market now. Let me know. Ref9021,ham
Reminder: Congratulations winner! Contact us to collect your prize. Thanks. Offer6607,spam
Today: You have won a guaranteed reward. Respond now. Thanks. Offer5454,spam
Earn thousands from home. Join this opportunity now. Let me know. Offer6442,spam
Hi! Amazing deal! Get your bonus before the offer ends. Please reply. Offer0156,spam
Important: I have sent the documents to your email. Thanks. Ref1000,ham
I will call you after work. Please reply. Ref5125,ham
Please note: Your assignment is due tomorrow. Have a good day. Ref7077,ham
Hello! I reached safely. Let me know. Ref1203,ham
Today: You are eligible for a special bonus. Apply immediately. Offer9053,spam
Special promotion! Get 90 percent off today. Please reply. Offer2866,spam
Important: Urgent reward notification. Claim before midnight. Let me know. Offer2347,spam
Today: URGENT! You have been selected for a cash reward. Call now. Please reply. Offer0250,spam
Hello! Can we reschedule our appointment? Please reply. Ref1026,ham
Just letting you know: You have won a shopping voucher. Click here now. Let me know. Offer6555,spam
Today: WIN CASH NOW! Reply YES to receive your reward. Reply when you can. Offer3274,spam
Just letting you know: The class has been moved to room 204. Please reply. Ref9676,ham
Reminder: I reached safely. Have a good day. Ref0582,ham
Important: Can we reschedule our appointment? Reply when you can. Ref9207,ham
Important: Earn thousands from home. Join this opportunity now. Offer5117,spam
Please note: You are eligible for a special bonus. Apply immediately. Offer2617,spam
Just letting you know: Urgent reward notification. Claim before midnight. Please reply. Offer0992,spam
Quick message: See you tomorrow morning. Thanks. Ref6385,ham
Please note: Please call me when you reach home. Have a good day. Ref1171,ham
Just letting you know: Act now to receive your free gift. Have a good day. Offer7009,spam
Quick message: Amazing deal! Get your bonus before the offer ends. Please reply. Offer6482,spam
Hello! I reached safely. Thanks. Ref8574,ham
Please note: You are eligible for a special bonus. Apply immediately. Thanks. Offer3767,spam
Today: I am going to the market now. Thank you. Ref0247,ham
Important: Can we reschedule our appointment? Ref4525,ham
Reminder: Please call me when you reach home. Ref4868,ham
Hi! FREE entry to win a luxury car. Reply WIN now. Offer2440,spam
Congratulations! Your account has received a reward. Thanks. Offer0219,spam
Please note: Congratulations winner! Contact us to collect your prize. Offer7653,spam
Important: You have been chosen for a free vacation. Please reply. Offer5695,spam
Your assignment is due tomorrow. Please reply. Ref8240,ham
Hi! What time does the train arrive? Let me know. Ref5357,ham
Today: You are the lucky winner of a huge cash prize. Please reply. Offer1179,spam
Reminder: What time does the train arrive? Please reply. Ref5441,ham
Please note: Can you send me the notes from today's class? Let me know. Ref2641,ham
Claim your exclusive reward before it expires. Please reply. Offer0557,spam
Please note: I am waiting outside the office. Thanks. Ref8607,ham
Just letting you know: Please call me when you reach home. Ref5674,ham
Today: Happy birthday! Have a wonderful day. Thanks. Ref2210,ham
Just letting you know: I will call you after work. Ref5407,ham
Quick message: Congratulations! You have won a free prize. Claim now. Let me know. Offer8657,spam
Just letting you know: Thanks for helping me yesterday. Let me know. Ref8067,ham
Quick message: You are selected for a free prize. Confirm your details. Let me know. Offer0973,spam
Hello! Earn money from home with our amazing opportunity. Offer9574,spam
Today: I am waiting outside the office. Please reply. Ref8349,ham
Just letting you know: URGENT! You have been selected for a cash reward. Call now. Please reply. Offer7193,spam
Reminder: Are you free this evening? Please reply. Ref3494,ham
Hello! Limited offer! Buy now and get a huge discount. Let me know. Offer7896,spam
Reminder: Special cash offer just for you. Reply now. Offer7066,spam
Exclusive offer available only today. Claim now. Thank you. Offer9661,spam
Quick message: The meeting starts at 10 am. Have a good day. Ref8812,ham
Hello! WIN CASH NOW! Reply YES to receive your reward. Thank you. Offer0547,spam
Quick message: Please check the attached report. Please reply. Ref2155,ham
Hello! Claim your exclusive reward before it expires. Thanks. Offer4444,spam
Important: I will call you after work. Let me know. Ref9592,ham
Just letting you know: WIN CASH NOW! Reply YES to receive your reward. Reply when you can. Offer5960,spam
I reached safely. Reply when you can. Ref2921,ham
Quick message: I will call you after work. Ref7061,ham
Hi! Your order has been delivered. Please reply. Ref9453,ham
"Important: Hey, are we still meeting at 6 pm? Please reply. Ref0142",ham
Hi! Get rich quickly with this incredible money-making offer. Reply when you can. Offer5928,spam
Important: I have sent the documents to your email. Thanks. Ref4426,ham
Important: The weather is nice today. Let me know. Ref3988,ham
Hi! Free membership available. Register today. Have a good day. Offer7457,spam
Hi! Congratulations! You have won a free prize. Claim now. Thanks. Offer4263,spam
Important: Let's have lunch together today. Reply when you can. Ref0568,ham
WIN CASH NOW! Reply YES to receive your reward. Please reply. Offer5815,spam
Today: Can you share the Wi-Fi password? Let me know. Ref6983,ham
Hello! Free membership available. Register today. Offer9428,spam
Please note: You have been chosen for a free vacation. Please reply. Offer6127,spam
Today: Congratulations winner! Contact us to collect your prize. Have a good day. Offer4693,spam
Please note: Exclusive winner notification. Claim your cash prize. Thanks. Offer7291,spam
Reminder: Please call me when you reach home. Have a good day. Ref3464,ham
Hello! Happy birthday! Have a wonderful day. Thanks. Ref1030,ham
Please note: Limited offer! Buy now and get a huge discount. Thanks. Offer9312,spam
Please note: Your order has been delivered. Thanks. Ref1417,ham
Just letting you know: Congratulations! Your account has received a reward. Offer1964,spam
Just letting you know: I reached safely. Have a good day. Ref4727,ham
Quick message: Please remind me about the meeting. Thanks. Ref9934,ham
Reminder: You are eligible for a special bonus. Apply immediately. Reply when you can. Offer3043,spam
"Please note: Congratulations, your number has won a cash bonus. Thanks. Offer8164",spam
Please note: Congratulations winner! Contact us to collect your prize. Thank you. Offer0783,spam
Hi! Congratulations! You have won a free prize. Claim now. Reply when you can. Offer4899,spam
Important: Are you free this evening? Have a good day. Ref7223,ham
"Reminder: Congratulations, your number has won a cash bonus. Let me know. Offer4114",spam
Quick message: The weather is nice today. Ref9490,ham
Just letting you know: Congratulations winner! Contact us to collect your prize. Let me know. Offer0828,spam
Quick message: Free membership available. Register today. Let me know. Offer7024,spam
Today: Let me know when you are available. Ref8068,ham
Hello! Get rich quickly with this incredible money-making offer. Have a good day. Offer5243,spam
"Hello! Hey, are we still meeting at 6 pm? Reply when you can. Ref7515",ham
Get rich quickly with this incredible money-making offer. Have a good day. Offer6570,spam
Quick message: Congratulations! You have won a free prize. Claim now. Offer4439,spam
You are eligible for a special bonus. Apply immediately. Let me know. Offer4026,spam
Reminder: Act now to receive your free gift. Please reply. Offer7041,spam
Today: WIN CASH NOW! Reply YES to receive your reward. Let me know. Offer9843,spam
FREE entry to win a luxury car. Reply WIN now. Thank you. Offer6646,spam
Hi! Free gift waiting for you. Claim your reward today. Offer0951,spam
Today: Exclusive offer available only today. Claim now. Let me know. Offer2790,spam
Reminder: Limited offer! Buy now and get a huge discount. Let me know. Offer9259,spam
Hello! I will call you after work. Let me know. Ref4819,ham
Just letting you know: Please submit the form before Friday. Please reply. Ref0144,ham
Important: I am waiting outside the office. Please reply. Ref9695,ham
Important: The weather is nice today. Thanks. Ref9772,ham
Hello! Can we reschedule our appointment? Let me know. Ref1708,ham
Earn thousands from home. Join this opportunity now. Let me know. Offer9352,spam
Hello! Are you free this evening? Thank you. Ref9917,ham
Please note: I have sent the documents to your email. Thanks. Ref0847,ham
"Today: Hey, are we still meeting at 6 pm? Thank you. Ref6283",ham
"Hello! Hey, are we still meeting at 6 pm? Thanks. Ref3594",ham
Reminder: I am going to the market now. Please reply. Ref5744,ham
Hello! Let's have lunch together today. Let me know. Ref4120,ham
Quick message: The meeting starts at 10 am. Thank you. Ref5613,ham
Quick message: Urgent reward notification. Claim before midnight. Thanks. Offer3530,spam
Reminder: I have sent the documents to your email. Thanks. Ref4297,ham
Quick message: FREE entry to win a luxury car. Reply WIN now. Offer8503,spam
Just letting you know: Let's have lunch together today. Let me know. Ref7337,ham
Quick message: The weather is nice today. Ref6711,ham
Hello! What time does the train arrive? Thank you. Ref0016,ham
Hello! The class has been moved to room 204. Ref2494,ham
Important: WIN CASH NOW! Reply YES to receive your reward. Please reply. Offer8482,spam
Please note: Can you send me the notes from today's class? Please reply. Ref7653,ham
"Today: Hey, are we still meeting at 6 pm? Have a good day. Ref8992",ham
Quick message: You are the lucky winner of a huge cash prize. Please reply. Offer7534,spam
Reminder: I will be there in ten minutes. Thanks. Ref3214,ham
Are you free this evening? Reply when you can. Ref7314,ham
Reminder: Please remind me about the meeting. Thanks. Ref4688,ham
Please note: You are selected for a free prize. Confirm your details. Please reply. Offer4525,spam
Reminder: Can we reschedule our appointment? Thank you. Ref9940,ham
Reminder: I will call you after work. Let me know. Ref5588,ham
Reminder: FREE entry to win a luxury car. Reply WIN now. Have a good day. Offer0504,spam
Today: Congratulations! Your account has received a reward. Offer9226,spam
Quick message: Please call me when you reach home. Reply when you can. Ref6903,ham
Just letting you know: I reached safely. Thank you. Ref0652,ham
"Hello! Congratulations, your number has won a cash bonus. Let me know. Offer0835",spam
Reminder: You have won a guaranteed reward. Respond now. Offer6535,spam
Hi! Urgent reward notification. Claim before midnight. Please reply. Offer8340,spam
Please note: Don't forget to bring your ID card. Thank you. Ref9147,ham
Important: See you tomorrow morning. Let me know. Ref6168,ham
Important: You are selected for a free prize. Confirm your details. Please reply. Offer0412,spam
You have won a shopping voucher. Click here now. Thanks. Offer6397,spam
Hi! Congratulations winner! Contact us to collect your prize. Have a good day. Offer7758,spam
Just letting you know: Limited offer! Buy now and get a huge discount. Reply when you can. Offer7793,spam
Get rich quickly with this incredible money-making offer. Thanks. Offer2181,spam
Important: Exclusive winner notification. Claim your cash prize. Thank you. Offer6445,spam
Important: I will be there in ten minutes. Please reply. Ref3117,ham
Amazing deal! Get your bonus before the offer ends. Let me know. Offer7225,spam
Quick message: Free gift waiting for you. Claim your reward today. Please reply. Offer6971,spam
Hi! Are you free this evening? Ref2733,ham
Today: Get a special discount now! Limited time offer. Thanks. Offer1778,spam
Hello! What time does the train arrive? Thank you. Ref5148,ham
I will be there in ten minutes. Ref3779,ham
Important: Limited offer! Buy now and get a huge discount. Offer8553,spam
Today: Act now to receive your free gift. Thank you. Offer8534,spam
Reminder: Can we reschedule our appointment? Thank you. Ref8088,ham
Reminder: URGENT! You have been selected for a cash reward. Call now. Please reply. Offer7427,spam
Hello! I will call you after work. Please reply. Ref2582,ham
Quick message: Can you share the Wi-Fi password? Please reply. Ref5540,ham
Quick message: Win a brand new phone today. Click to claim your prize. Offer8979,spam
Reminder: Happy birthday! Have a wonderful day. Ref6197,ham
Please note: The weather is nice today. Ref3201,ham
Earn thousands from home. Join this opportunity now. Thank you. Offer6222,spam
Just letting you know: Free membership available. Register today. Let me know. Offer5126,spam
Reminder: I am waiting outside the office. Reply when you can. Ref4461,ham
Important: Win a brand new phone today. Click to claim your prize. Reply when you can. Offer4493,spam
Hi! URGENT! You have been selected for a cash reward. Call now. Offer7399,spam
I am going to the market now. Ref4702,ham
Please note: Please call me when you reach home. Please reply. Ref9890,ham
Just letting you know: Don't forget to bring your ID card. Let me know. Ref1866,ham
Today: I will call you after work. Ref1890,ham
Important: You have been chosen for a free vacation. Have a good day. Offer3540,spam
Today: You are eligible for a special bonus. Apply immediately. Thanks. Offer9650,spam
Please note: I will call you after work. Thanks. Ref9464,ham
Today: Limited offer! Buy now and get a huge discount. Please reply. Offer7667,spam
Quick message: Can you send me the notes from today's class? Let me know. Ref5351,ham
"Quick message: Congratulations, your number has won a cash bonus. Please reply. Offer9242",spam
Today: I am waiting outside the office. Let me know. Ref2860,ham
Hi! The project presentation is on Monday. Thank you. Ref9030,ham
Hi! Earn money from home with our amazing opportunity. Thank you. Offer7300,spam
Quick message: Please call me when you reach home. Thanks. Ref3842,ham
Just letting you know: Please bring your laptop tomorrow. Let me know. Ref9394,ham
Can we reschedule our appointment? Thanks. Ref8799,ham
The meeting starts at 10 am. Please reply. Ref2957,ham
Please note: Please remind me about the meeting. Ref5878,ham
Just letting you know: You have won a guaranteed reward. Respond now. Reply when you can. Offer9110,spam
Hi! You are the lucky winner of a huge cash prize. Let me know. Offer9769,spam
Please note: Your order has been delivered. Let me know. Ref0970,ham
Reminder: I have sent the documents to your email. Have a good day. Ref7115,ham
Quick message: I have sent the documents to your email. Thanks. Ref7347,ham
Important: Free gift waiting for you. Claim your reward today. Let me know. Offer7238,spam
Quick message: Free coupon available now. Click to redeem. Offer8326,spam
Quick message: Let me know when you are available. Let me know. Ref8567,ham
Just letting you know: Let me know when you are available. Let me know. Ref1808,ham
Quick message: Special cash offer just for you. Reply now. Have a good day. Offer6460,spam
Reminder: Get a special discount now! Limited time offer. Offer6002,spam
Today: Congratulations! You have won a free prize. Claim now. Offer5262,spam
Please note: Urgent reward notification. Claim before midnight. Thanks. Offer8497,spam
Reminder: Can you send me the notes from today's class? Let me know. Ref5910,ham
Please note: See you tomorrow morning. Ref7035,ham
Hi! I am waiting outside the office. Thank you. Ref3339,ham
Please note: Get rich quickly with this incredible money-making offer. Thanks. Offer7179,spam
Today: The class has been moved to room 204. Let me know. Ref5012,ham
Important: Congratulations! You have won a free prize. Claim now. Offer5649,spam
Get a special discount now! Limited time offer. Offer3344,spam
Please note: I am waiting outside the office. Please reply. Ref7530,ham
Important: The meeting starts at 10 am. Please reply. Ref6101,ham
Please note: Get a special discount now! Limited time offer. Offer2437,spam
Don't forget to bring your ID card. Reply when you can. Ref8776,ham
Reminder: Earn thousands from home. Join this opportunity now. Let me know. Offer3266,spam
Hi! Please check the attached report. Reply when you can. Ref9716,ham
Hi! You are selected for a free prize. Confirm your details. Have a good day. Offer9100,spam
Please note: Congratulations! Your account has received a reward. Thanks. Offer9700,spam
Don't forget to bring your ID card. Ref2313,ham
Hello! The project presentation is on Monday. Thanks. Ref1903,ham
Quick message: Can we reschedule our appointment? Thanks. Ref2092,ham
Reminder: Please check the attached report. Let me know. Ref1831,ham
Just letting you know: You have been chosen for a free vacation. Let me know. Offer4964,spam
Hi! Free membership available. Register today. Offer9146,spam
Today: Please bring your laptop tomorrow. Thank you. Ref6419,ham
Just letting you know: Free gift waiting for you. Claim your reward today. Please reply. Offer1107,spam
Important: The project presentation is on Monday. Thanks. Ref2542,ham
Just letting you know: See you tomorrow morning. Thanks. Ref7139,ham
Reminder: You have won a guaranteed reward. Respond now. Thanks. Offer1068,spam
Just letting you know: Thanks for helping me yesterday. Have a good day. Ref5874,ham
Hello! Earn thousands from home. Join this opportunity now. Offer3695,spam
Hi! You have won a shopping voucher. Click here now. Offer4320,spam
Today: WIN CASH NOW! Reply YES to receive your reward. Please reply. Offer8434,spam
Important: Exclusive winner notification. Claim your cash prize. Thanks. Offer1417,spam
The weather is nice today. Ref1007,ham
Today: Can we reschedule our appointment? Reply when you can. Ref8467,ham
Today: You have been chosen for a free vacation. Let me know. Offer9878,spam
Reminder: Get a special discount now! Limited time offer. Let me know. Offer9116,spam
Just letting you know: Can you share the Wi-Fi password? Ref3319,ham
Today: Please call me when you reach home. Please reply. Ref5526,ham
Reminder: I am waiting outside the office. Ref0114,ham
Get a special discount now! Limited time offer. Thank you. Offer1032,spam
Please note: Happy birthday! Have a wonderful day. Let me know. Ref3231,ham
Today: Act now to receive your free gift. Thanks. Offer1885,spam
Hello! Urgent reward notification. Claim before midnight. Please reply. Offer0067,spam
Important: Let's have lunch together today. Thanks. Ref5578,ham
Quick message: Can we reschedule our appointment? Thanks. Ref5498,ham
Today: Earn thousands from home. Join this opportunity now. Thanks. Offer0968,spam
Hello! Are you free this evening? Reply when you can. Ref6323,ham
Hi! You have been chosen for a free vacation. Have a good day. Offer4564,spam
Act now to receive your free gift. Thanks. Offer3894,spam
Just letting you know: You have been chosen for a free vacation. Let me know. Offer3463,spam
Quick message: Are you free this evening? Thanks. Ref8721,ham
Today: Can we reschedule our appointment? Ref1703,ham
Please note: Exclusive offer available only today. Claim now. Thank you. Offer1893,spam
Hi! I reached safely. Thanks. Ref5879,ham
Just letting you know: Special cash offer just for you. Reply now. Please reply. Offer1104,spam
Just letting you know: You have won a shopping voucher. Click here now. Have a good day. Offer0961,spam
The class has been moved to room 204. Ref6404,ham
Please note: FREE entry to win a luxury car. Reply WIN now. Thank you. Offer1712,spam
Quick message: Can you send me the notes from today's class? Reply when you can. Ref2359,ham
Important: Your order has been delivered. Thanks. Ref9133,ham
Hello! Your order has been delivered. Thanks. Ref4346,ham
Hello! You have won a guaranteed reward. Respond now. Thank you. Offer5100,spam
Exclusive offer available only today. Claim now. Thanks. Offer9873,spam
Quick message: Please remind me about the meeting. Thanks. Ref1994,ham
Hello! FREE entry to win a luxury car. Reply WIN now. Have a good day. Offer0723,spam
Important: Earn thousands from home. Join this opportunity now. Let me know. Offer7556,spam
Today: Can you pick up some groceries on your way? Thanks. Ref6732,ham
Today: Get rich quickly with this incredible money-making offer. Thanks. Offer0497,spam
Today: Thanks for helping me yesterday. Ref0288,ham
Reminder: The meeting starts at 10 am. Let me know. Ref7263,ham
Quick message: Please bring your laptop tomorrow. Have a good day. Ref3782,ham
Quick message: Are you free this evening? Thanks. Ref2999,ham
Hi! Are you free this evening? Have a good day. Ref2458,ham
Important: You are eligible for a special bonus. Apply immediately. Let me know. Offer1765,spam
Today: Exclusive offer available only today. Claim now. Thank you. Offer8835,spam
Reminder: Win a brand new phone today. Click to claim your prize. Reply when you can. Offer9813,spam
Today: You are eligible for a special bonus. Apply immediately. Thanks. Offer3924,spam
Free membership available. Register today. Thank you. Offer1309,spam
Hello! Win a brand new phone today. Click to claim your prize. Have a good day. Offer0509,spam
Reminder: Congratulations! You have won a free prize. Claim now. Offer1693,spam
You are the lucky winner of a huge cash prize. Let me know. Offer4990,spam
Please note: I will call you after work. Reply when you can. Ref0223,ham
Today: Please call me when you reach home. Have a good day. Ref2151,ham
Reminder: Urgent reward notification. Claim before midnight. Thanks. Offer4300,spam
Hello! See you tomorrow morning. Have a good day. Ref3363,ham
Hello! Limited offer! Buy now and get a huge discount. Thanks. Offer2378,spam
Hi! I reached safely. Thank you. Ref2431,ham
Please note: Limited offer! Buy now and get a huge discount. Please reply. Offer9969,spam
Today: See you tomorrow morning. Thanks. Ref2486,ham
You are selected for a free prize. Confirm your details. Thank you. Offer5898,spam
Important: Special cash offer just for you. Reply now. Reply when you can. Offer8982,spam
Today: You have won a shopping voucher. Click here now. Please reply. Offer9528,spam
Reminder: Let me know when you are available. Reply when you can. Ref9906,ham
Please note: Get a special discount now! Limited time offer. Please reply. Offer7940,spam
Reminder: I reached safely. Thanks. Ref0966,ham
Just letting you know: Don't forget to bring your ID card. Ref7254,ham
Hello! Can you share the Wi-Fi password? Ref1209,ham
Reminder: Please submit the form before Friday. Ref7896,ham
Important: Win a brand new phone today. Click to claim your prize. Thank you. Offer2846,spam
Hi! Act now to receive your free gift. Offer1915,spam
"Reminder: Congratulations, your number has won a cash bonus. Thanks. Offer9893",spam
Get rich quickly with this incredible money-making offer. Thanks. Offer4008,spam
Just letting you know: Don't forget to bring your ID card. Reply when you can. Ref2245,ham
Quick message: WIN CASH NOW! Reply YES to receive your reward. Thank you. Offer0806,spam
Quick message: Special cash offer just for you. Reply now. Thank you. Offer3238,spam
Amazing deal! Get your bonus before the offer ends. Let me know. Offer1698,spam
Hi! I am going to the market now. Thank you. Ref9873,ham
Quick message: Can we reschedule our appointment? Please reply. Ref2423,ham
Quick message: I am waiting outside the office. Please reply. Ref0524,ham
Hi! Please check the attached report. Thanks. Ref9671,ham
Important: FREE entry to win a luxury car. Reply WIN now. Let me know. Offer7645,spam
I will be there in ten minutes. Let me know. Ref1357,ham
Please note: The weather is nice today. Let me know. Ref3815,ham
Important: Can we reschedule our appointment? Let me know. Ref6309,ham
Just letting you know: Urgent reward notification. Claim before midnight. Offer4077,spam
Important: Free membership available. Register today. Reply when you can. Offer9964,spam
Thanks for helping me yesterday. Let me know. Ref4454,ham
I reached safely. Please reply. Ref2539,ham
Quick message: Special promotion! Get 90 percent off today. Let me know. Offer9479,spam
Hi! I am going to the market now. Reply when you can. Ref7083,ham
"Important: Hey, are we still meeting at 6 pm? Have a good day. Ref9689",ham
Reminder: Get rich quickly with this incredible money-making offer. Reply when you can. Offer2476,spam
Today: Get a special discount now! Limited time offer. Thank you. Offer8024,spam
Reminder: I will be there in ten minutes. Have a good day. Ref0102,ham
Reminder: Exclusive offer available only today. Claim now. Reply when you can. Offer0657,spam
Quick message: The class has been moved to room 204. Ref7358,ham
Quick message: WIN CASH NOW! Reply YES to receive your reward. Have a good day. Offer1163,spam
Quick message: URGENT! You have been selected for a cash reward. Call now. Please reply. Offer6122,spam
Please note: You are the lucky winner of a huge cash prize. Thank you. Offer5215,spam
Hi! You are eligible for a special bonus. Apply immediately. Thanks. Offer7962,spam
Important: Earn money from home with our amazing opportunity. Offer6788,spam
Hello! The meeting starts at 10 am. Let me know. Ref7188,ham
Quick message: Exclusive winner notification. Claim your cash prize. Let me know. Offer7475,spam
Quick message: Amazing deal! Get your bonus before the offer ends. Thank you. Offer7250,spam
Please remind me about the meeting. Thank you. Ref0091,ham
Reminder: Claim your exclusive reward before it expires. Please reply. Offer8124,spam
Hello! Let's have lunch together today. Thank you. Ref9905,ham
Quick message: Don't forget to bring your ID card. Please reply. Ref0170,ham
Hi! You are eligible for a special bonus. Apply immediately. Reply when you can. Offer0544,spam
Quick message: Can you pick up some groceries on your way? Please reply. Ref1738,ham
Hello! You are eligible for a special bonus. Apply immediately. Reply when you can. Offer6534,spam
Hi! The meeting starts at 10 am. Have a good day. Ref9362,ham
"Hello! Hey, are we still meeting at 6 pm? Ref7212",ham
Please note: URGENT! You have been selected for a cash reward. Call now. Offer2413,spam
Please note: You have won a guaranteed reward. Respond now. Reply when you can. Offer3071,spam
Quick message: Free gift waiting for you. Claim your reward today. Have a good day. Offer1284,spam
Quick message: Free coupon available now. Click to redeem. Have a good day. Offer2114,spam
Reminder: Special promotion! Get 90 percent off today. Have a good day. Offer3169,spam
Important: Congratulations winner! Contact us to collect your prize. Offer7453,spam
Free coupon available now. Click to redeem. Please reply. Offer5624,spam
Today: Let's have lunch together today. Ref3061,ham
Reminder: Thanks for helping me yesterday. Please reply. Ref9760,ham
Today: You have won a shopping voucher. Click here now. Offer1745,spam
Quick message: What time does the train arrive? Thank you. Ref6834,ham
Quick message: You are selected for a free prize. Confirm your details. Thanks. Offer1210,spam
"Today: Hey, are we still meeting at 6 pm? Let me know. Ref2843",ham
Hello! Free gift waiting for you. Claim your reward today. Reply when you can. Offer4835,spam
Just letting you know: Urgent reward notification. Claim before midnight. Thanks. Offer5596,spam
Today: Win a brand new phone today. Click to claim your prize. Let me know. Offer5555,spam
Congratulations! Your account has received a reward. Thanks. Offer9548,spam
Today: You have won a shopping voucher. Click here now. Let me know. Offer5213,spam
Today: You are eligible for a special bonus. Apply immediately. Please reply. Offer4283,spam
Quick message: Don't forget to bring your ID card. Ref7621,ham
Quick message: Please bring your laptop tomorrow. Thanks. Ref4474,ham
Please note: Act now to receive your free gift. Reply when you can. Offer1197,spam
Today: Earn thousands from home. Join this opportunity now. Reply when you can. Offer0538,spam
Today: WIN CASH NOW! Reply YES to receive your reward. Have a good day. Offer4553,spam
Today: Please remind me about the meeting. Have a good day. Ref2949,ham
Important: Free membership available. Register today. Offer8892,spam
Important: I will be there in ten minutes. Have a good day. Ref7838,ham
Just letting you know: The project presentation is on Monday. Let me know. Ref0445,ham
Quick message: Get rich quickly with this incredible money-making offer. Have a good day. Offer6029,spam
Important: Act now to receive your free gift. Reply when you can. Offer9582,spam
Important: Let's have lunch together today. Please reply. Ref9808,ham
Hi! Congratulations! Your account has received a reward. Thanks. Offer4037,spam
Reminder: The project presentation is on Monday. Thank you. Ref0205,ham
Today: Don't forget to bring your ID card. Thanks. Ref5607,ham
Hi! Claim your exclusive reward before it expires. Please reply. Offer3379,spam
Just letting you know: Claim your exclusive reward before it expires. Offer8655,spam
Quick message: You have won a guaranteed reward. Respond now. Thanks. Offer3696,spam
"Reminder: Congratulations, your number has won a cash bonus. Please reply. Offer4498",spam
Today: Please bring your laptop tomorrow. Reply when you can. Ref5394,ham
Important: Please call me when you reach home. Please reply. Ref9153,ham
Important: Earn money from home with our amazing opportunity. Thank you. Offer1340,spam
Important: Exclusive offer available only today. Claim now. Offer7123,spam
Reminder: Get rich quickly with this incredible money-making offer. Thank you. Offer5473,spam
"Hello! Hey, are we still meeting at 6 pm? Thanks. Ref6084",ham
Reminder: Free gift waiting for you. Claim your reward today. Let me know. Offer0246,spam
Today: Free coupon available now. Click to redeem. Have a good day. Offer4697,spam
Reminder: I am going to the market now. Ref4443,ham
Hi! See you tomorrow morning. Thanks. Ref5976,ham
Hello! The weather is nice today. Let me know. Ref3340,ham
Quick message: You are selected for a free prize. Confirm your details. Thanks. Offer1563,spam
Hello! Exclusive winner notification. Claim your cash prize. Reply when you can. Offer5550,spam
The project presentation is on Monday. Thanks. Ref4696,ham
Quick message: Your order has been delivered. Have a good day. Ref1920,ham
Hi! Please call me when you reach home. Reply when you can. Ref5248,ham
Quick message: I will be there in ten minutes. Let me know. Ref5565,ham
Hi! I am going to the market now. Please reply. Ref3692,ham
Hi! Win a brand new phone today. Click to claim your prize. Reply when you can. Offer2867,spam
Important: Limited offer! Buy now and get a huge discount. Have a good day. Offer9689,spam
Important: Can you send me the notes from today's class? Ref2470,ham
Hello! Act now to receive your free gift. Thanks. Offer3804,spam
"Important: Congratulations, your number has won a cash bonus. Let me know. Offer1292",spam
Important: I have sent the documents to your email. Please reply. Ref3401,ham
Please note: Act now to receive your free gift. Have a good day. Offer9493,spam
"Today: Hey, are we still meeting at 6 pm? Please reply. Ref9557",ham
Important: You are the lucky winner of a huge cash prize. Thank you. Offer3937,spam
Quick message: Congratulations winner! Contact us to collect your prize. Please reply. Offer0837,spam
Reminder: I will call you after work. Thanks. Ref4300,ham
Thanks for helping me yesterday. Thank you. Ref1387,ham
Your order has been delivered. Thanks. Ref0759,ham
Hello! See you tomorrow morning. Let me know. Ref2115,ham
Just letting you know: Free gift waiting for you. Claim your reward today. Please reply. Offer3997,spam
Hello! Please call me when you reach home. Thanks. Ref0063,ham
Quick message: Free coupon available now. Click to redeem. Please reply. Offer2292,spam
Please note: Can you send me the notes from today's class? Let me know. Ref7697,ham
Hi! I will call you after work. Have a good day. Ref6364,ham
Reminder: You have won a guaranteed reward. Respond now. Thanks. Offer8458,spam
Reminder: Can you pick up some groceries on your way? Thank you. Ref6909,ham
Hello! Urgent reward notification. Claim before midnight. Let me know. Offer1678,spam
Quick message: Win a brand new phone today. Click to claim your prize. Let me know. Offer9970,spam
"Important: Hey, are we still meeting at 6 pm? Thank you. Ref3835",ham
Reminder: Act now to receive your free gift. Reply when you can. Offer6347,spam
Reminder: Please bring your laptop tomorrow. Let me know. Ref2706,ham
Hello! You are selected for a free prize. Confirm your details. Have a good day. Offer7665,spam
Hello! Claim your exclusive reward before it expires. Offer8205,spam
Important: FREE entry to win a luxury car. Reply WIN now. Let me know. Offer9411,spam
Today: WIN CASH NOW! Reply YES to receive your reward. Reply when you can. Offer5701,spam
Hi! Free coupon available now. Click to redeem. Thanks. Offer7371,spam
Today: The project presentation is on Monday. Thank you. Ref5702,ham
Reminder: You have won a shopping voucher. Click here now. Offer4739,spam
Hi! Urgent reward notification. Claim before midnight. Let me know. Offer9736,spam
Hi! URGENT! You have been selected for a cash reward. Call now. Let me know. Offer2227,spam
"Quick message: Congratulations, your number has won a cash bonus. Let me know. Offer5418",spam
You have been chosen for a free vacation. Have a good day. Offer1592,spam
Just letting you know: Can you pick up some groceries on your way? Have a good day. Ref0107,ham
Hello! Act now to receive your free gift. Thanks. Offer3319,spam
Reminder: Can you pick up some groceries on your way? Please reply. Ref5650,ham
Important: What time does the train arrive? Reply when you can. Ref5233,ham
I am waiting outside the office. Thank you. Ref4250,ham
Important: I will be there in ten minutes. Ref8487,ham
Urgent reward notification. Claim before midnight. Thanks. Offer9225,spam
Hi! I reached safely. Ref8215,ham
Quick message: See you tomorrow morning. Ref8918,ham
Please note: You are the lucky winner of a huge cash prize. Let me know. Offer2259,spam
Don't forget to bring your ID card. Let me know. Ref8235,ham
Hello! You have won a guaranteed reward. Respond now. Offer9284,spam
Reminder: Please bring your laptop tomorrow. Ref2968,ham
Reminder: See you tomorrow morning. Thank you. Ref0561,ham
Please note: The class has been moved to room 204. Ref4870,ham
"Reminder: Hey, are we still meeting at 6 pm? Thank you. Ref7014",ham
Quick message: The weather is nice today. Thanks. Ref9775,ham
Reminder: I am waiting outside the office. Thank you. Ref9383,ham
Just letting you know: You have been chosen for a free vacation. Reply when you can. Offer2493,spam
Congratulations winner! Contact us to collect your prize. Thank you. Offer2659,spam
Hi! Congratulations winner! Contact us to collect your prize. Thanks. Offer8098,spam
Just letting you know: You are selected for a free prize. Confirm your details. Have a good day. Offer5140,spam
Today: You have won a shopping voucher. Click here now. Reply when you can. Offer5613,spam
Just letting you know: Earn money from home with our amazing opportunity. Have a good day. Offer5780,spam
Important: Free coupon available now. Click to redeem. Thanks. Offer5429,spam
Exclusive winner notification. Claim your cash prize. Reply when you can. Offer4366,spam
Important: You have been chosen for a free vacation. Let me know. Offer6751,spam
Today: You are eligible for a special bonus. Apply immediately. Reply when you can. Offer0331,spam
Reminder: Please bring your laptop tomorrow. Reply when you can. Ref9198,ham
Please note: Congratulations! You have won a free prize. Claim now. Please reply. Offer1595,spam
Just letting you know: The meeting starts at 10 am. Reply when you can. Ref6907,ham
Important: Congratulations! You have won a free prize. Claim now. Thanks. Offer2688,spam
Important: Congratulations! You have won a free prize. Claim now. Let me know. Offer7767,spam
Please note: Let me know when you are available. Let me know. Ref5748,ham
Reminder: Special cash offer just for you. Reply now. Offer5531,spam
Hi! Your assignment is due tomorrow. Reply when you can. Ref9305,ham
Today: The class has been moved to room 204. Have a good day. Ref1666,ham
You are eligible for a special bonus. Apply immediately. Thank you. Offer4456,spam
Just letting you know: You are the lucky winner of a huge cash prize. Offer5184,spam
Quick message: Amazing deal! Get your bonus before the offer ends. Let me know. Offer8199,spam
Hello! Your order has been delivered. Please reply. Ref1073,ham
Important: I have sent the documents to your email. Thank you. Ref2834,ham
Quick message: Exclusive offer available only today. Claim now. Thanks. Offer1221,spam
Quick message: Please submit the form before Friday. Ref0257,ham
Hello! You are eligible for a special bonus. Apply immediately. Please reply. Offer4759,spam
Today: Congratulations! You have won a free prize. Claim now. Offer2092,spam
Hello! Claim your exclusive reward before it expires. Thank you. Offer3337,spam
Please note: Let's have lunch together today. Let me know. Ref3104,ham
You are selected for a free prize. Confirm your details. Reply when you can. Offer3968,spam
Quick message: Special promotion! Get 90 percent off today. Thanks. Offer9521,spam
Please note: Get a special discount now! Limited time offer. Thank you. Offer3233,spam
Reminder: Please submit the form before Friday. Let me know. Ref5786,ham
Just letting you know: I am waiting outside the office. Please reply. Ref4567,ham
Hello! You are selected for a free prize. Confirm your details. Thanks. Offer2467,spam
Please note: Exclusive winner notification. Claim your cash prize. Let me know. Offer1142,spam
Hello! You have won a shopping voucher. Click here now. Thank you. Offer9492,spam
Please note: Exclusive winner notification. Claim your cash prize. Please reply. Offer6584,spam
Reminder: FREE entry to win a luxury car. Reply WIN now. Let me know. Offer1844,spam
Today: Congratulations! Your account has received a reward. Offer0387,spam
You have won a shopping voucher. Click here now. Please reply. Offer5150,spam
Please note: Let's have lunch together today. Let me know. Ref7851,ham
Hello! Exclusive offer available only today. Claim now. Thank you. Offer5056,spam
Hi! Congratulations winner! Contact us to collect your prize. Thanks. Offer3308,spam
Today: Earn thousands from home. Join this opportunity now. Offer9160,spam
Reminder: You are eligible for a special bonus. Apply immediately. Thank you. Offer2607,spam
Hello! You have been chosen for a free vacation. Reply when you can. Offer4808,spam
Just letting you know: Amazing deal! Get your bonus before the offer ends. Offer0259,spam
Hello! You have been chosen for a free vacation. Have a good day. Offer5737,spam
Just letting you know: Urgent reward notification. Claim before midnight. Let me know. Offer7322,spam
Quick message: You are eligible for a special bonus. Apply immediately. Offer7298,spam
Hello! Get rich quickly with this incredible money-making offer. Reply when you can. Offer0690,spam
Reminder: Can we reschedule our appointment? Please reply. Ref7121,ham
The project presentation is on Monday. Thank you. Ref4709,ham
Please note: You are eligible for a special bonus. Apply immediately. Let me know. Offer1857,spam
Hello! You are the lucky winner of a huge cash prize. Let me know. Offer9755,spam
Hello! Limited offer! Buy now and get a huge discount. Have a good day. Offer6234,spam
Quick message: Can you pick up some groceries on your way? Have a good day. Ref7500,ham
Reminder: Let's have lunch together today. Thanks. Ref5311,ham
Quick message: Can you share the Wi-Fi password? Reply when you can. Ref6925,ham
The project presentation is on Monday. Please reply. Ref2213,ham
Please note: Earn thousands from home. Join this opportunity now. Offer3052,spam
Happy birthday! Have a wonderful day. Have a good day. Ref8019,ham
"Today: Hey, are we still meeting at 6 pm? Ref0776",ham
Can you share the Wi-Fi password? Thanks. Ref6699,ham
Today: See you tomorrow morning. Ref0755,ham
Act now to receive your free gift. Offer2088,spam
Hello! Get a special discount now! Limited time offer. Offer5862,spam
Please note: Free membership available. Register today. Offer7991,spam
Reminder: The project presentation is on Monday. Please reply. Ref5088,ham
Important: Earn thousands from home. Join this opportunity now. Please reply. Offer8853,spam
Please note: FREE entry to win a luxury car. Reply WIN now. Reply when you can. Offer8950,spam
Reminder: Please bring your laptop tomorrow. Reply when you can. Ref6675,ham
Just letting you know: Special promotion! Get 90 percent off today. Thank you. Offer2355,spam
Hello! Get a special discount now! Limited time offer. Have a good day. Offer7018,spam
Reminder: Happy birthday! Have a wonderful day. Please reply. Ref4087,ham
I will call you after work. Have a good day. Ref4478,ham
Important: Let's have lunch together today. Thank you. Ref3461,ham
Just letting you know: Your assignment is due tomorrow. Ref1142,ham
Reminder: WIN CASH NOW! Reply YES to receive your reward. Thanks. Offer0534,spam
Congratulations! Your account has received a reward. Thanks. Offer1092,spam
Can we reschedule our appointment? Please reply. Ref2741,ham
Just letting you know: Amazing deal! Get your bonus before the offer ends. Let me know. Offer4661,spam
Quick message: I will be there in ten minutes. Ref3280,ham
Hello! Exclusive offer available only today. Claim now. Please reply. Offer5587,spam
Please note: The weather is nice today. Please reply. Ref5955,ham
Amazing deal! Get your bonus before the offer ends. Please reply. Offer5566,spam
Just letting you know: I have sent the documents to your email. Let me know. Ref3544,ham
Reminder: Claim your exclusive reward before it expires. Thank you. Offer7587,spam
Reminder: You are eligible for a special bonus. Apply immediately. Please reply. Offer7028,spam
Important: Congratulations! Your account has received a reward. Thanks. Offer1148,spam
"Today: Congratulations, your number has won a cash bonus. Thanks. Offer2470",spam
Important: I reached safely. Let me know. Ref3603,ham
Just letting you know: The meeting starts at 10 am. Please reply. Ref4391,ham
Can you share the Wi-Fi password? Let me know. Ref4107,ham
Hello! Congratulations winner! Contact us to collect your prize. Let me know. Offer7360,spam
Hello! Exclusive offer available only today. Claim now. Reply when you can. Offer9500,spam
Hi! You are eligible for a special bonus. Apply immediately. Let me know. Offer3122,spam
Reminder: Don't forget to bring your ID card. Thank you. Ref9356,ham
Hi! WIN CASH NOW! Reply YES to receive your reward. Thanks. Offer0926,spam
Important: Can you share the Wi-Fi password? Thank you. Ref9000,ham
Reminder: The meeting starts at 10 am. Please reply. Ref9784,ham
Please note: Please bring your laptop tomorrow. Thank you. Ref2809,ham
Important: Let me know when you are available. Thanks. Ref1460,ham
Important: You have won a shopping voucher. Click here now. Let me know. Offer7889,spam
Can you send me the notes from today's class? Thanks. Ref3884,ham
Just letting you know: Can you share the Wi-Fi password? Have a good day. Ref3024,ham
Hi! Your assignment is due tomorrow. Let me know. Ref8008,ham
Hi! Free gift waiting for you. Claim your reward today. Please reply. Offer6677,spam
"Hello! Hey, are we still meeting at 6 pm? Have a good day. Ref1036",ham
Reminder: Please remind me about the meeting. Thank you. Ref6120,ham
Please note: Please remind me about the meeting. Let me know. Ref4639,ham
Hello! Free gift waiting for you. Claim your reward today. Thanks. Offer9069,spam
URGENT! You have been selected for a cash reward. Call now. Offer3543,spam
Please note: I have sent the documents to your email. Ref9593,ham
Important: Congratulations winner! Contact us to collect your prize. Thank you. Offer6286,spam
Hi! The weather is nice today. Reply when you can. Ref8046,ham
Hello! Let me know when you are available. Please reply. Ref9862,ham
Hi! Limited offer! Buy now and get a huge discount. Thank you. Offer2969,spam
Hi! Congratulations! You have won a free prize. Claim now. Offer3841,spam
Please note: Let's have lunch together today. Ref9474,ham
Reminder: Amazing deal! Get your bonus before the offer ends. Thank you. Offer3958,spam
Hello! Urgent reward notification. Claim before midnight. Let me know. Offer3877,spam
Quick message: Special cash offer just for you. Reply now. Let me know. Offer8626,spam
Just letting you know: You have won a guaranteed reward. Respond now. Reply when you can. Offer9464,spam
Quick message: Thanks for helping me yesterday. Have a good day. Ref7321,ham
Reminder: Congratulations! Your account has received a reward. Reply when you can. Offer8225,spam
Reminder: Limited offer! Buy now and get a huge discount. Please reply. Offer2324,spam
Today: Let me know when you are available. Thank you. Ref3732,ham
Quick message: You have been chosen for a free vacation. Have a good day. Offer6783,spam
Today: Thanks for helping me yesterday. Reply when you can. Ref9330,ham
Today: Free coupon available now. Click to redeem. Have a good day. Offer8391,spam
Quick message: You are eligible for a special bonus. Apply immediately. Thanks. Offer1488,spam
Hi! I have sent the documents to your email. Let me know. Ref0363,ham
Just letting you know: Congratulations! Your account has received a reward. Let me know. Offer5670,spam
Just letting you know: Act now to receive your free gift. Please reply. Offer4159,spam
Reminder: You have been chosen for a free vacation. Let me know. Offer5308,spam
Important: You have won a shopping voucher. Click here now. Please reply. Offer4882,spam
Important: Congratulations winner! Contact us to collect your prize. Please reply. Offer9048,spam
Important: I will be there in ten minutes. Let me know. Ref0190,ham
Quick message: Please submit the form before Friday. Have a good day. Ref3754,ham
Please note: Don't forget to bring your ID card. Have a good day. Ref9607,ham
Just letting you know: Let's have lunch together today. Have a good day. Ref3675,ham
Important: Amazing deal! Get your bonus before the offer ends. Let me know. Offer9060,spam
Hello! I will call you after work. Have a good day. Ref4258,ham
Reminder: Happy birthday! Have a wonderful day. Let me know. Ref5086,ham
Just letting you know: You have won a shopping voucher. Click here now. Offer2450,spam
Just letting you know: You are eligible for a special bonus. Apply immediately. Thank you. Offer7989,spam
Hello! FREE entry to win a luxury car. Reply WIN now. Please reply. Offer5358,spam
Just letting you know: Can we reschedule our appointment? Thanks. Ref6114,ham
I will call you after work. Thanks. Ref9470,ham
The weather is nice today. Please reply. Ref3685,ham
Urgent reward notification. Claim before midnight. Offer5641,spam
Hi! Congratulations winner! Contact us to collect your prize. Please reply. Offer3605,spam
Important: Congratulations winner! Contact us to collect your prize. Have a good day. Offer9131,spam
"Please note: Congratulations, your number has won a cash bonus. Have a good day. Offer8994",spam
Important: WIN CASH NOW! Reply YES to receive your reward. Let me know. Offer9260,spam
Today: I am waiting outside the office. Thank you. Ref7931,ham
Today: Exclusive offer available only today. Claim now. Let me know. Offer4361,spam
Today: Please check the attached report. Let me know. Ref9410,ham
Reminder: You are the lucky winner of a huge cash prize. Let me know. Offer9407,spam
Reminder: Please check the attached report. Ref1522,ham
Just letting you know: You have won a guaranteed reward. Respond now. Offer2020,spam
Hello! I have sent the documents to your email. Let me know. Ref3564,ham
Reminder: Claim your exclusive reward before it expires. Thanks. Offer0129,spam
Can you pick up some groceries on your way? Ref4550,ham
Quick message: Thanks for helping me yesterday. Let me know. Ref9880,ham
Today: Special promotion! Get 90 percent off today. Let me know. Offer5049,spam
Important: Free coupon available now. Click to redeem. Thank you. Offer1926,spam
Important: Congratulations! You have won a free prize. Claim now. Have a good day. Offer5376,spam
Important: The class has been moved to room 204. Thank you. Ref2404,ham
Just letting you know: Earn thousands from home. Join this opportunity now. Let me know. Offer5963,spam
Hello! You are eligible for a special bonus. Apply immediately. Thanks. Offer0010,spam
Reminder: Earn thousands from home. Join this opportunity now. Thanks. Offer8132,spam
Reminder: Can we reschedule our appointment? Ref4025,ham
Important: The class has been moved to room 204. Please reply. Ref2583,ham
Hi! Urgent reward notification. Claim before midnight. Let me know. Offer8847,spam
Please note: Your assignment is due tomorrow. Reply when you can. Ref2238,ham
Important: Claim your exclusive reward before it expires. Thank you. Offer5603,spam
Exclusive winner notification. Claim your cash prize. Have a good day. Offer0345,spam
Hello! Please check the attached report. Let me know. Ref8652,ham
Please note: Can you share the Wi-Fi password? Please reply. Ref6721,ham
Just letting you know: You are the lucky winner of a huge cash prize. Thanks. Offer5302,spam
Hi! You are eligible for a special bonus. Apply immediately. Offer8761,spam
Hi! Earn thousands from home. Join this opportunity now. Let me know. Offer2342,spam
Reminder: Get rich quickly with this incredible money-making offer. Offer3710,spam
Hello! The meeting starts at 10 am. Reply when you can. Ref6170,ham
Reminder: Special promotion! Get 90 percent off today. Please reply. Offer2409,spam
Hello! Congratulations! You have won a free prize. Claim now. Please reply. Offer1656,spam
Important: Please submit the form before Friday. Thanks. Ref1634,ham
Hello! I have sent the documents to your email. Thanks. Ref3299,ham
Today: Your assignment is due tomorrow. Thanks. Ref7133,ham
Important: Happy birthday! Have a wonderful day. Please reply. Ref6830,ham
Hello! The project presentation is on Monday. Let me know. Ref6025,ham
Quick message: Can we reschedule our appointment? Ref6372,ham
Just letting you know: Let me know when you are available. Thanks. Ref9594,ham
Please note: Get a special discount now! Limited time offer. Reply when you can. Offer4666,spam
Reminder: WIN CASH NOW! Reply YES to receive your reward. Let me know. Offer2616,spam
Just letting you know: Congratulations! You have won a free prize. Claim now. Have a good day. Offer4938,spam
Hello! Your assignment is due tomorrow. Have a good day. Ref1301,ham
Hello! Amazing deal! Get your bonus before the offer ends. Reply when you can. Offer7826,spam
Please note: I am waiting outside the office. Have a good day. Ref9931,ham
Reminder: You are selected for a free prize. Confirm your details. Let me know. Offer9334,spam
Please note: Free membership available. Register today. Let me know. Offer5206,spam
"Important: Congratulations, your number has won a cash bonus. Please reply. Offer8455",spam
Reminder: I will be there in ten minutes. Please reply. Ref1857,ham
Quick message: Can you share the Wi-Fi password? Let me know. Ref5204,ham
Please note: Please bring your laptop tomorrow. Reply when you can. Ref9826,ham
I will call you after work. Reply when you can. Ref5846,ham
Reminder: Amazing deal! Get your bonus before the offer ends. Offer8554,spam
Just letting you know: Act now to receive your free gift. Thanks. Offer6053,spam
Reminder: Act now to receive your free gift. Offer7613,spam
Important: Please submit the form before Friday. Ref7833,ham
Please note: Please call me when you reach home. Please reply. Ref7445,ham
Please note: You are selected for a free prize. Confirm your details. Thanks. Offer9829,spam
Today: Your order has been delivered. Reply when you can. Ref0209,ham
"Just letting you know: Congratulations, your number has won a cash bonus. Offer6667",spam
Important: Congratulations! Your account has received a reward. Please reply. Offer8214,spam
Hello! Free membership available. Register today. Thank you. Offer5903,spam
Just letting you know: You are eligible for a special bonus. Apply immediately. Have a good day. Offer4630,spam
Today: The class has been moved to room 204. Thanks. Ref7031,ham
Quick message: Exclusive offer available only today. Claim now. Offer3673,spam
Act now to receive your free gift. Offer5611,spam
Hello! Congratulations! You have won a free prize. Claim now. Reply when you can. Offer3952,spam
Free coupon available now. Click to redeem. Reply when you can. Offer6862,spam
Hello! Congratulations! Your account has received a reward. Have a good day. Offer6755,spam
Hello! Happy birthday! Have a wonderful day. Ref1546,ham
Free gift waiting for you. Claim your reward today. Let me know. Offer3753,spam
I will be there in ten minutes. Thanks. Ref9877,ham
Hi! Earn thousands from home. Join this opportunity now. Please reply. Offer6834,spam
Important: Thanks for helping me yesterday. Thank you. Ref1851,ham
Hi! Limited offer! Buy now and get a huge discount. Have a good day. Offer2442,spam
Hello! See you tomorrow morning. Thank you. Ref1577,ham
Just letting you know: The project presentation is on Monday. Have a good day. Ref8576,ham
Hello! Get rich quickly with this incredible money-making offer. Let me know. Offer6696,spam
Claim your exclusive reward before it expires. Thank you. Offer4849,spam
Free coupon available now. Click to redeem. Let me know. Offer8791,spam
Important: Get rich quickly with this incredible money-making offer. Let me know. Offer0805,spam
Please note: Congratulations! You have won a free prize. Claim now. Offer9516,spam
Quick message: Free membership available. Register today. Let me know. Offer1099,spam
Hi! Win a brand new phone today. Click to claim your prize. Have a good day. Offer3981,spam
Important: Can we reschedule our appointment? Have a good day. Ref9041,ham
Special promotion! Get 90 percent off today. Thank you. Offer5878,spam
Hello! Please call me when you reach home. Please reply. Ref9390,ham
Hi! Can you pick up some groceries on your way? Reply when you can. Ref0984,ham
Hello! Amazing deal! Get your bonus before the offer ends. Thank you. Offer9429,spam
Important: Earn thousands from home. Join this opportunity now. Please reply. Offer9570,spam
Quick message: Earn money from home with our amazing opportunity. Thanks. Offer4318,spam
Please note: Free membership available. Register today. Thanks. Offer5604,spam
Please note: Let's have lunch together today. Thanks. Ref4464,ham
See you tomorrow morning. Thank you. Ref5887,ham
Please note: FREE entry to win a luxury car. Reply WIN now. Have a good day. Offer7884,spam
Hi! Free gift waiting for you. Claim your reward today. Please reply. Offer6736,spam
Quick message: FREE entry to win a luxury car. Reply WIN now. Please reply. Offer5018,spam
Free gift waiting for you. Claim your reward today. Thanks. Offer3016,spam
See you tomorrow morning. Have a good day. Ref5593,ham
Hello! Get a special discount now! Limited time offer. Thank you. Offer9838,spam
The meeting starts at 10 am. Have a good day. Ref2882,ham
Quick message: Can you share the Wi-Fi password? Thank you. Ref2477,ham
Reminder: Can you share the Wi-Fi password? Please reply. Ref6088,ham
Hi! Please bring your laptop tomorrow. Ref7796,ham
Hi! Earn thousands from home. Join this opportunity now. Have a good day. Offer1649,spam
You have been chosen for a free vacation. Offer3254,spam
Important: Your assignment is due tomorrow. Have a good day. Ref3852,ham
Today: Amazing deal! Get your bonus before the offer ends. Reply when you can. Offer5444,spam
Please note: Urgent reward notification. Claim before midnight. Have a good day. Offer3371,spam
Get a special discount now! Limited time offer. Thank you. Offer6679,spam
Please note: Please call me when you reach home. Thank you. Ref6579,ham
Reminder: Congratulations! Your account has received a reward. Let me know. Offer1731,spam
Please note: The project presentation is on Monday. Please reply. Ref3397,ham
Hi! You have won a guaranteed reward. Respond now. Offer4557,spam
Hi! Exclusive winner notification. Claim your cash prize. Have a good day. Offer6190,spam
Congratulations! Your account has received a reward. Offer1843,spam
See you tomorrow morning. Please reply. Ref3373,ham
Today: Please remind me about the meeting. Thank you. Ref4994,ham
Hi! The project presentation is on Monday. Ref9336,ham
Hello! Special promotion! Get 90 percent off today. Offer1181,spam
Important: I have sent the documents to your email. Ref5961,ham
"Please note: Hey, are we still meeting at 6 pm? Thanks. Ref0181",ham
Quick message: Limited offer! Buy now and get a huge discount. Let me know. Offer4074,spam
Can you pick up some groceries on your way? Let me know. Ref3347,ham
Important: Please check the attached report. Thank you. Ref8933,ham
Please note: Earn money from home with our amazing opportunity. Let me know. Offer4984,spam
Hello! Your order has been delivered. Thank you. Ref2428,ham
Hello! The weather is nice today. Thank you. Ref4234,ham
Please note: Happy birthday! Have a wonderful day. Ref7081,ham
Can you share the Wi-Fi password? Let me know. Ref8739,ham
Quick message: URGENT! You have been selected for a cash reward. Call now. Thanks. Offer8714,spam
Hi! I am going to the market now. Thanks. Ref0174,ham
Important: Don't forget to bring your ID card. Thank you. Ref6490,ham
Quick message: Your assignment is due tomorrow. Thank you. Ref3607,ham
Today: Earn money from home with our amazing opportunity. Reply when you can. Offer3048,spam
Just letting you know: Congratulations winner! Contact us to collect your prize. Offer4335,spam
Hi! URGENT! You have been selected for a cash reward. Call now. Have a good day. Offer5203,spam
Hi! WIN CASH NOW! Reply YES to receive your reward. Please reply. Offer0023,spam
Today: Limited offer! Buy now and get a huge discount. Please reply. Offer0650,spam
"Important: Congratulations, your number has won a cash bonus. Offer0273",spam
Thanks for helping me yesterday. Reply when you can. Ref1390,ham
Important: Congratulations! You have won a free prize. Claim now. Please reply. Offer5995,spam
Reminder: Special cash offer just for you. Reply now. Thank you. Offer9455,spam
Reminder: I reached safely. Reply when you can. Ref4973,ham
Free gift waiting for you. Claim your reward today. Thank you. Offer2438,spam
"Hi! Congratulations, your number has won a cash bonus. Thanks. Offer6912",spam
Reminder: FREE entry to win a luxury car. Reply WIN now. Thank you. Offer9982,spam
Your order has been delivered. Thanks. Ref9392,ham
Hello! Your order has been delivered. Let me know. Ref5882,ham
Reminder: See you tomorrow morning. Ref6533,ham
Free membership available. Register today. Please reply. Offer5466,spam
Hello! FREE entry to win a luxury car. Reply WIN now. Thank you. Offer8687,spam
"Please note: Congratulations, your number has won a cash bonus. Thank you. Offer0032",spam
Quick message: Urgent reward notification. Claim before midnight. Let me know. Offer5650,spam
Hello! Congratulations winner! Contact us to collect your prize. Offer7084,spam
Today: Congratulations winner! Contact us to collect your prize. Please reply. Offer0458,spam
"Hey, are we still meeting at 6 pm? Let me know. Ref7831",ham
Hi! WIN CASH NOW! Reply YES to receive your reward. Offer2752,spam
Hi! Free membership available. Register today. Offer4389,spam
Please note: You have won a guaranteed reward. Respond now. Thanks. Offer6151,spam
Hi! Free membership available. Register today. Have a good day. Offer7995,spam
Hello! Congratulations winner! Contact us to collect your prize. Thanks. Offer3979,spam
Hello! The project presentation is on Monday. Ref5347,ham
Hello! Thanks for helping me yesterday. Ref3286,ham
Reminder: Your order has been delivered. Ref5868,ham
Important: Get a special discount now! Limited time offer. Please reply. Offer1572,spam
Hi! Free membership available. Register today. Thank you. Offer3141,spam
Reminder: Urgent reward notification. Claim before midnight. Offer8170,spam
Reminder: Free membership available. Register today. Reply when you can. Offer1329,spam
Hi! I reached safely. Thank you. Ref8842,ham
Important: Special promotion! Get 90 percent off today. Please reply. Offer3013,spam
Hi! Get a special discount now! Limited time offer. Thank you. Offer1299,spam
Hi! Claim your exclusive reward before it expires. Thank you. Offer2638,spam
Quick message: You have won a shopping voucher. Click here now. Please reply. Offer9460,spam
Reminder: Exclusive offer available only today. Claim now. Please reply. Offer7038,spam
Hello! WIN CASH NOW! Reply YES to receive your reward. Offer2766,spam
Quick message: Get rich quickly with this incredible money-making offer. Let me know. Offer1024,spam
Hi! The weather is nice today. Please reply. Ref6016,ham
Please remind me about the meeting. Ref9215,ham
Today: Can you share the Wi-Fi password? Ref6285,ham
Quick message: I will be there in ten minutes. Let me know. Ref8628,ham
Just letting you know: Please call me when you reach home. Please reply. Ref9722,ham
Hello! Congratulations winner! Contact us to collect your prize. Thanks. Offer6306,spam
Reminder: You are the lucky winner of a huge cash prize. Have a good day. Offer6693,spam
Quick message: What time does the train arrive? Let me know. Ref2016,ham
Today: I will be there in ten minutes. Please reply. Ref9533,ham
Just letting you know: URGENT! You have been selected for a cash reward. Call now. Thanks. Offer9329,spam
Reminder: Thanks for helping me yesterday. Ref8640,ham
Today: What time does the train arrive? Please reply. Ref1564,ham
Important: Can you share the Wi-Fi password? Let me know. Ref1356,ham
Please note: Can you share the Wi-Fi password? Ref7960,ham
Today: Claim your exclusive reward before it expires. Please reply. Offer6114,spam
Please note: See you tomorrow morning. Let me know. Ref2980,ham
Hi! Can we reschedule our appointment? Thanks. Ref8789,ham
Just letting you know: Free gift waiting for you. Claim your reward today. Thanks. Offer3246,spam
Your order has been delivered. Reply when you can. Ref2145,ham
Reminder: Your order has been delivered. Thanks. Ref7310,ham
Hello! Please remind me about the meeting. Thanks. Ref0544,ham
Can you send me the notes from today's class? Thanks. Ref0777,ham
Reminder: Amazing deal! Get your bonus before the offer ends. Let me know. Offer0906,spam
Hi! Exclusive winner notification. Claim your cash prize. Offer4708,spam
"Hello! Congratulations, your number has won a cash bonus. Have a good day. Offer1338",spam
Today: Please submit the form before Friday. Reply when you can. Ref4854,ham
Reminder: The meeting starts at 10 am. Let me know. Ref4242,ham
Hello! You have won a shopping voucher. Click here now. Offer8959,spam
Important: Win a brand new phone today. Click to claim your prize. Thank you. Offer9555,spam
Reminder: I am going to the market now. Let me know. Ref0094,ham
Today: You have been chosen for a free vacation. Please reply. Offer4414,spam
Act now to receive your free gift. Thanks. Offer4993,spam
Today: Free gift waiting for you. Claim your reward today. Thank you. Offer1083,spam
Please note: Limited offer! Buy now and get a huge discount. Have a good day. Offer0419,spam
Quick message: Special cash offer just for you. Reply now. Thanks. Offer2946,spam
Today: Get a special discount now! Limited time offer. Have a good day. Offer1130,spam
Free gift waiting for you. Claim your reward today. Offer4100,spam
"Please note: Hey, are we still meeting at 6 pm? Let me know. Ref4466",ham
Important: What time does the train arrive? Let me know. Ref7092,ham
Please note: Are you free this evening? Ref2122,ham
Can you share the Wi-Fi password? Thanks. Ref3338,ham
Hi! Congratulations! You have won a free prize. Claim now. Have a good day. Offer1193,spam
Hi! Congratulations! You have won a free prize. Claim now. Have a good day. Offer7127,spam
Just letting you know: Exclusive winner notification. Claim your cash prize. Let me know. Offer9374,spam
Important: Win a brand new phone today. Click to claim your prize. Offer8967,spam
Important: Special promotion! Get 90 percent off today. Thank you. Offer2781,spam
"Reminder: Hey, are we still meeting at 6 pm? Let me know. Ref2090",ham
Today: I am waiting outside the office. Thanks. Ref1116,ham
Important: Congratulations! Your account has received a reward. Let me know. Offer3291,spam
Hi! Please submit the form before Friday. Let me know. Ref6352,ham
Reminder: Let's have lunch together today. Have a good day. Ref1610,ham
Important: Urgent reward notification. Claim before midnight. Offer8493,spam
Earn thousands from home. Join this opportunity now. Offer1097,spam
Important: Can you pick up some groceries on your way? Reply when you can. Ref2011,ham
Hello! Please call me when you reach home. Let me know. Ref8123,ham
Hi! The project presentation is on Monday. Ref0704,ham
Today: Congratulations! You have won a free prize. Claim now. Thank you. Offer7152,spam
Can you share the Wi-Fi password? Reply when you can. Ref2888,ham
Quick message: I reached safely. Have a good day. Ref6764,ham
Today: See you tomorrow morning. Thanks. Ref4228,ham
Reminder: Please call me when you reach home. Please reply. Ref5970,ham
Hello! Get a special discount now! Limited time offer. Thank you. Offer2118,spam
Reminder: Congratulations winner! Contact us to collect your prize. Thank you. Offer8062,spam
Please note: Don't forget to bring your ID card. Ref3158,ham
Important: Amazing deal! Get your bonus before the offer ends. Please reply. Offer7264,spam
Hi! The class has been moved to room 204. Please reply. Ref3874,ham
Quick message: Win a brand new phone today. Click to claim your prize. Offer1747,spam
"Today: Hey, are we still meeting at 6 pm? Ref3206",ham
Just letting you know: Can you share the Wi-Fi password? Reply when you can. Ref0299,ham
Can you pick up some groceries on your way? Please reply. Ref8075,ham
Important: Can we reschedule our appointment? Please reply. Ref1277,ham
Important: I will call you after work. Reply when you can. Ref3163,ham
Hello! Congratulations! Your account has received a reward. Thanks. Offer9264,spam
Amazing deal! Get your bonus before the offer ends. Have a good day. Offer8107,spam
Quick message: See you tomorrow morning. Have a good day. Ref4437,ham
Quick message: Don't forget to bring your ID card. Thanks. Ref4308,ham
Hello! Earn thousands from home. Join this opportunity now. Thank you. Offer2950,spam
Hi! Please check the attached report. Thanks. Ref4442,ham
Important: Congratulations! Your account has received a reward. Offer1318,spam
Important: Please bring your laptop tomorrow. Thank you. Ref5641,ham
Today: Your order has been delivered. Thank you. Ref0483,ham
"Quick message: Congratulations, your number has won a cash bonus. Have a good day. Offer9111",spam
Hi! Can you share the Wi-Fi password? Ref3620,ham
Quick message: Special cash offer just for you. Reply now. Thanks. Offer4487,spam
Please bring your laptop tomorrow. Reply when you can. Ref6777,ham
Just letting you know: Get a special discount now! Limited time offer. Please reply. Offer9709,spam
Hi! Limited offer! Buy now and get a huge discount. Thank you. Offer0056,spam
See you tomorrow morning. Thank you. Ref1280,ham
Reminder: The meeting starts at 10 am. Thanks. Ref8339,ham
Just letting you know: Can you share the Wi-Fi password? Thanks. Ref9932,ham
Important: You are the lucky winner of a huge cash prize. Reply when you can. Offer7781,spam
Just letting you know: I am waiting outside the office. Reply when you can. Ref4208,ham
Quick message: You are the lucky winner of a huge cash prize. Offer3533,spam
Just letting you know: I will call you after work. Reply when you can. Ref7084,ham
Today: I reached safely. Ref2901,ham
Please note: Can we reschedule our appointment? Thanks. Ref4042,ham
Hello! Thanks for helping me yesterday. Reply when you can. Ref5926,ham
Please note: Congratulations winner! Contact us to collect your prize. Let me know. Offer5742,spam
Important: I am waiting outside the office. Ref6296,ham
Today: The project presentation is on Monday. Ref2668,ham
Today: I reached safely. Thanks. Ref1309,ham
Important: Let's have lunch together today. Please reply. Ref4828,ham
Reminder: Amazing deal! Get your bonus before the offer ends. Let me know. Offer6686,spam
Quick message: Can you share the Wi-Fi password? Thank you. Ref0529,ham
Reminder: Exclusive winner notification. Claim your cash prize. Let me know. Offer8408,spam
Quick message: Please bring your laptop tomorrow. Have a good day. Ref2233,ham
Reminder: You have won a guaranteed reward. Respond now. Please reply. Offer9604,spam
Let me know when you are available. Please reply. Ref9735,ham
Today: Let's have lunch together today. Please reply. Ref1838,ham
Quick message: Thanks for helping me yesterday. Ref6255,ham
Important: I will call you after work. Thanks. Ref6539,ham
Important: Please submit the form before Friday. Reply when you can. Ref7336,ham
Just letting you know: Your order has been delivered. Let me know. Ref8127,ham
Reminder: Thanks for helping me yesterday. Please reply. Ref4759,ham
Hi! You are eligible for a special bonus. Apply immediately. Please reply. Offer9783,spam
Today: Your assignment is due tomorrow. Let me know. Ref1401,ham
Can we reschedule our appointment? Ref1706,ham
Just letting you know: Congratulations! Your account has received a reward. Offer0974,spam
Quick message: Please check the attached report. Thanks. Ref4266,ham
Quick message: Happy birthday! Have a wonderful day. Let me know. Ref3091,ham
Get rich quickly with this incredible money-making offer. Offer7183,spam
Hello! Let me know when you are available. Thank you. Ref3473,ham
Please note: The weather is nice today. Reply when you can. Ref6218,ham
Quick message: See you tomorrow morning. Reply when you can. Ref6096,ham
Hi! Get rich quickly with this incredible money-making offer. Have a good day. Offer6336,spam
Just letting you know: Special promotion! Get 90 percent off today. Thanks. Offer1940,spam
Today: You have won a guaranteed reward. Respond now. Let me know. Offer6334,spam
Hi! The class has been moved to room 204. Have a good day. Ref1948,ham
Quick message: Can you pick up some groceries on your way? Let me know. Ref0417,ham
Hello! The project presentation is on Monday. Reply when you can. Ref7932,ham
Just letting you know: I have sent the documents to your email. Thanks. Ref5102,ham
Today: Free coupon available now. Click to redeem. Please reply. Offer5357,spam
Important: The project presentation is on Monday. Let me know. Ref1345,ham
Important: Can we reschedule our appointment? Have a good day. Ref4195,ham
Today: Win a brand new phone today. Click to claim your prize. Please reply. Offer8432,spam
Amazing deal! Get your bonus before the offer ends. Let me know. Offer7725,spam
Just letting you know: I will be there in ten minutes. Thank you. Ref6795,ham
Urgent reward notification. Claim before midnight. Offer9258,spam
Today: I reached safely. Reply when you can. Ref5541,ham
Please note: Special promotion! Get 90 percent off today. Reply when you can. Offer3217,spam
Reminder: Amazing deal! Get your bonus before the offer ends. Have a good day. Offer4269,spam
Important: Please call me when you reach home. Please reply. Ref6564,ham
Just letting you know: Congratulations winner! Contact us to collect your prize. Thank you. Offer0360,spam
I will call you after work. Thank you. Ref4751,ham
Hello! Free coupon available now. Click to redeem. Please reply. Offer2667,spam
Reminder: Your order has been delivered. Thank you. Ref7950,ham
Hi! I will be there in ten minutes. Reply when you can. Ref0539,ham
Your order has been delivered. Let me know. Ref4765,ham
Quick message: I have sent the documents to your email. Ref2012,ham
Hi! Special cash offer just for you. Reply now. Thank you. Offer9171,spam
Reminder: Please submit the form before Friday. Thanks. Ref8416,ham
Hi! Congratulations! You have won a free prize. Claim now. Thank you. Offer8790,spam
Just letting you know: Limited offer! Buy now and get a huge discount. Please reply. Offer5216,spam
Important: Free membership available. Register today. Have a good day. Offer6539,spam
Hello! You have been chosen for a free vacation. Let me know. Offer1695,spam
Quick message: Urgent reward notification. Claim before midnight. Please reply. Offer6715,spam
Hello! The class has been moved to room 204. Ref7617,ham
Important: Your order has been delivered. Please reply. Ref0032,ham
Quick message: I will be there in ten minutes. Have a good day. Ref5032,ham
Today: You are the lucky winner of a huge cash prize. Thanks. Offer3544,spam
Important: Exclusive winner notification. Claim your cash prize. Offer8301,spam
Quick message: I am going to the market now. Have a good day. Ref5322,ham
Hello! WIN CASH NOW! Reply YES to receive your reward. Have a good day. Offer2860,spam
Important: Urgent reward notification. Claim before midnight. Have a good day. Offer5712,spam
Please note: Congratulations! Your account has received a reward. Reply when you can. Offer4047,spam
Important: You are eligible for a special bonus. Apply immediately. Thanks. Offer1430,spam
Quick message: I am going to the market now. Ref0871,ham
Hi! See you tomorrow morning. Ref1011,ham
Quick message: I will be there in ten minutes. Thank you. Ref2497,ham
Hi! See you tomorrow morning. Let me know. Ref8209,ham
Hi! Earn money from home with our amazing opportunity. Offer6216,spam
Don't forget to bring your ID card. Thank you. Ref7240,ham
Reminder: Can you send me the notes from today's class? Please reply. Ref7830,ham
Free gift waiting for you. Claim your reward today. Offer0664,spam
Hello! You have won a shopping voucher. Click here now. Thanks. Offer2270,spam
Please note: Your assignment is due tomorrow. Thanks. Ref2806,ham
Please note: Congratulations! Your account has received a reward. Please reply. Offer5772,spam
Reminder: I reached safely. Ref3422,ham
Hello! Let's have lunch together today. Reply when you can. Ref3325,ham
Reminder: I will be there in ten minutes. Have a good day. Ref7293,ham
Hello! Please remind me about the meeting. Let me know. Ref7070,ham
"Just letting you know: Congratulations, your number has won a cash bonus. Let me know. Offer7506",spam
Please note: You have won a guaranteed reward. Respond now. Offer7709,spam
Reminder: Free gift waiting for you. Claim your reward today. Please reply. Offer9491,spam
You have won a shopping voucher. Click here now. Reply when you can. Offer3512,spam
The class has been moved to room 204. Thanks. Ref2328,ham
Important: Your order has been delivered. Please reply. Ref9912,ham
Hi! Exclusive offer available only today. Claim now. Let me know. Offer5849,spam
Important: You have won a guaranteed reward. Respond now. Thanks. Offer3398,spam
Please note: URGENT! You have been selected for a cash reward. Call now. Have a good day. Offer3726,spam
Hi! I have sent the documents to your email. Ref6412,ham
Just letting you know: The weather is nice today. Ref0389,ham
Your assignment is due tomorrow. Let me know. Ref1005,ham
Hello! I reached safely. Reply when you can. Ref2797,ham
I will be there in ten minutes. Let me know. Ref8093,ham
Hello! Earn money from home with our amazing opportunity. Let me know. Offer0555,spam
Hi! Win a brand new phone today. Click to claim your prize. Please reply. Offer0485,spam
Hello! Don't forget to bring your ID card. Reply when you can. Ref9944,ham
Just letting you know: I will be there in ten minutes. Please reply. Ref8070,ham
Just letting you know: Amazing deal! Get your bonus before the offer ends. Please reply. Offer2512,spam
Hi! I am waiting outside the office. Reply when you can. Ref8251,ham
Today: Please remind me about the meeting. Let me know. Ref0471,ham
Reminder: I am going to the market now. Please reply. Ref1805,ham
Hello! Happy birthday! Have a wonderful day. Ref5360,ham
Today: Get a special discount now! Limited time offer. Thank you. Offer9200,spam
Quick message: Can you pick up some groceries on your way? Ref3772,ham
Just letting you know: Please submit the form before Friday. Ref7554,ham
Just letting you know: The project presentation is on Monday. Thank you. Ref1231,ham
Reminder: Amazing deal! Get your bonus before the offer ends. Thanks. Offer6702,spam
Hello! I am going to the market now. Thanks. Ref8509,ham
Hello! Thanks for helping me yesterday. Let me know. Ref4991,ham
Reminder: Are you free this evening? Thanks. Ref3798,ham
Important: Can you send me the notes from today's class? Reply when you can. Ref0814,ham
Reminder: You have won a shopping voucher. Click here now. Let me know. Offer7067,spam
Win a brand new phone today. Click to claim your prize. Please reply. Offer7797,spam
Are you free this evening? Let me know. Ref9205,ham
Important: Special promotion! Get 90 percent off today. Thank you. Offer7442,spam
Please note: You have won a guaranteed reward. Respond now. Let me know. Offer6889,spam
Earn money from home with our amazing opportunity. Please reply. Offer5542,spam
What time does the train arrive? Reply when you can. Ref8387,ham
Today: Special cash offer just for you. Reply now. Let me know. Offer1647,spam
Today: Exclusive winner notification. Claim your cash prize. Have a good day. Offer9404,spam
Reminder: The weather is nice today. Thanks. Ref2130,ham
Today: Act now to receive your free gift. Offer0733,spam
Please note: The weather is nice today. Let me know. Ref5486,ham
Please note: I have sent the documents to your email. Let me know. Ref2450,ham
Reminder: Special cash offer just for you. Reply now. Please reply. Offer0252,spam
Today: Please check the attached report. Thanks. Ref2817,ham
Reminder: Exclusive winner notification. Claim your cash prize. Let me know. Offer9861,spam
Quick message: The class has been moved to room 204. Have a good day. Ref7067,ham
Important: Limited offer! Buy now and get a huge discount. Offer6741,spam
Quick message: Can you pick up some groceries on your way? Ref3801,ham
Important: Get rich quickly with this incredible money-making offer. Reply when you can. Offer8357,spam
Quick message: I reached safely. Let me know. Ref9610,ham
Please note: Urgent reward notification. Claim before midnight. Let me know. Offer5645,spam
Today: Please check the attached report. Please reply. Ref5160,ham
Hello! Free coupon available now. Click to redeem. Please reply. Offer5814,spam
Important: Act now to receive your free gift. Thank you. Offer5830,spam
Today: Your order has been delivered. Ref7475,ham
Please note: Claim your exclusive reward before it expires. Please reply. Offer2075,spam
Today: Can you share the Wi-Fi password? Ref2774,ham
Reminder: Your assignment is due tomorrow. Ref7457,ham
Hello! Please bring your laptop tomorrow. Please reply. Ref0068,ham
Limited offer! Buy now and get a huge discount. Thank you. Offer3659,spam
Please note: Special cash offer just for you. Reply now. Thank you. Offer2918,spam
Today: What time does the train arrive? Please reply. Ref3222,ham
Just letting you know: Are you free this evening? Thanks. Ref9365,ham
Free membership available. Register today. Offer3235,spam
Important: The meeting starts at 10 am. Let me know. Ref4111,ham
Reminder: Please call me when you reach home. Let me know. Ref5677,ham
Important: You are eligible for a special bonus. Apply immediately. Thank you. Offer1730,spam
Hello! Let's have lunch together today. Ref3229,ham
Today: The meeting starts at 10 am. Thanks. Ref1687,ham
Just letting you know: I will call you after work. Thank you. Ref5463,ham
Important: Can we reschedule our appointment? Ref8500,ham
Reminder: Limited offer! Buy now and get a huge discount. Please reply. Offer2770,spam
Reminder: I have sent the documents to your email. Ref4148,ham
Today: Urgent reward notification. Claim before midnight. Offer2558,spam
Get a special discount now! Limited time offer. Please reply. Offer2959,spam
Today: Your assignment is due tomorrow. Reply when you can. Ref1970,ham
Quick message: Are you free this evening? Let me know. Ref3508,ham
Quick message: Free membership available. Register today. Please reply. Offer4896,spam
Please note: Let's have lunch together today. Ref7947,ham
Just letting you know: Please submit the form before Friday. Let me know. Ref2886,ham
Important: Please bring your laptop tomorrow. Let me know. Ref2270,ham
Just letting you know: Can you share the Wi-Fi password? Ref1284,ham
Quick message: Please bring your laptop tomorrow. Let me know. Ref1488,ham
Quick message: I will be there in ten minutes. Thank you. Ref8969,ham
"Please note: Congratulations, your number has won a cash bonus. Thanks. Offer6431",spam
Hi! Can you pick up some groceries on your way? Thanks. Ref7345,ham
Hello! The meeting starts at 10 am. Have a good day. Ref8603,ham
Hi! I will be there in ten minutes. Have a good day. Ref7236,ham
Your assignment is due tomorrow. Have a good day. Ref6573,ham
Reminder: You have been chosen for a free vacation. Thank you. Offer9419,spam
Hello! The weather is nice today. Thank you. Ref6525,ham
See you tomorrow morning. Please reply. Ref4418,ham
"Hey, are we still meeting at 6 pm? Have a good day. Ref9816",ham
Win a brand new phone today. Click to claim your prize. Let me know. Offer7176,spam
Important: Let's have lunch together today. Thank you. Ref8763,ham
Just letting you know: Exclusive offer available only today. Claim now. Let me know. Offer7566,spam
Important: I am going to the market now. Reply when you can. Ref9412,ham
Today: I reached safely. Thanks. Ref3376,ham
Just letting you know: I will be there in ten minutes. Thanks. Ref9831,ham
Hello! Congratulations! You have won a free prize. Claim now. Offer1244,spam
Today: Free gift waiting for you. Claim your reward today. Have a good day. Offer2289,spam
Hi! Can you send me the notes from today's class? Thanks. Ref1840,ham
Hi! Can you pick up some groceries on your way? Please reply. Ref6305,ham
Quick message: Claim your exclusive reward before it expires. Please reply. Offer7146,spam
Important: You are selected for a free prize. Confirm your details. Let me know. Offer0351,spam
Important: The class has been moved to room 204. Ref0906,ham
Hi! Win a brand new phone today. Click to claim your prize. Let me know. Offer7994,spam
Today: Happy birthday! Have a wonderful day. Reply when you can. Ref0956,ham
Let's have lunch together today. Let me know. Ref5331,ham
Important: Claim your exclusive reward before it expires. Let me know. Offer4080,spam
Important: Please bring your laptop tomorrow. Please reply. Ref7163,ham
"Today: Congratulations, your number has won a cash bonus. Please reply. Offer7131",spam
Hello! Free gift waiting for you. Claim your reward today. Please reply. Offer2899,spam
Hello! Congratulations! You have won a free prize. Claim now. Thanks. Offer3406,spam
You have been chosen for a free vacation. Let me know. Offer9607,spam
Please note: Your assignment is due tomorrow. Please reply. Ref7023,ham
Quick message: Happy birthday! Have a wonderful day. Please reply. Ref1802,ham
"Just letting you know: Hey, are we still meeting at 6 pm? Ref8353",ham
Reminder: I am waiting outside the office. Let me know. Ref9214,ham
Just letting you know: Please bring your laptop tomorrow. Thank you. Ref1322,ham
Reminder: Please remind me about the meeting. Please reply. Ref9259,ham
Important: Earn money from home with our amazing opportunity. Thanks. Offer4945,spam
Important: Please check the attached report. Thanks. Ref7823,ham
Hi! You are eligible for a special bonus. Apply immediately. Thank you. Offer8917,spam
Just letting you know: Earn thousands from home. Join this opportunity now. Offer0092,spam
Just letting you know: Congratulations winner! Contact us to collect your prize. Offer8624,spam
Please note: What time does the train arrive? Please reply. Ref3758,ham
Just letting you know: Free gift waiting for you. Claim your reward today. Reply when you can. Offer0619,spam
Today: See you tomorrow morning. Have a good day. Ref6374,ham
Just letting you know: See you tomorrow morning. Thank you. Ref4993,ham
Reminder: Please remind me about the meeting. Let me know. Ref3085,ham
Please note: You are selected for a free prize. Confirm your details. Reply when you can. Offer7051,spam
Important: Earn thousands from home. Join this opportunity now. Let me know. Offer3277,spam
Hello! I am going to the market now. Reply when you can. Ref8406,ham
Today: The weather is nice today. Ref3647,ham
Important: You have won a guaranteed reward. Respond now. Reply when you can. Offer2163,spam
Just letting you know: The project presentation is on Monday. Reply when you can. Ref8843,ham
The meeting starts at 10 am. Please reply. Ref8917,ham
Hi! Are you free this evening? Thank you. Ref5052,ham
Hi! Act now to receive your free gift. Thank you. Offer7426,spam
Today: Please bring your laptop tomorrow. Ref5558,ham
Today: Thanks for helping me yesterday. Let me know. Ref0617,ham
Important: You have won a shopping voucher. Click here now. Reply when you can. Offer0394,spam
Quick message: Get rich quickly with this incredible money-making offer. Reply when you can. Offer9859,spam
Earn money from home with our amazing opportunity. Offer3926,spam
You are eligible for a special bonus. Apply immediately. Thanks. Offer2628,spam
Hi! Please remind me about the meeting. Thanks. Ref8711,ham
Hello! Earn money from home with our amazing opportunity. Thanks. Offer4168,spam
Just letting you know: You are selected for a free prize. Confirm your details. Please reply. Offer9785,spam
Please note: The weather is nice today. Thank you. Ref1326,ham
Today: See you tomorrow morning. Let me know. Ref7352,ham
Hello! You have won a shopping voucher. Click here now. Let me know. Offer1560,spam
Today: Congratulations! Your account has received a reward. Reply when you can. Offer8604,spam
Please note: You are eligible for a special bonus. Apply immediately. Thanks. Offer3117,spam
Hi! Please remind me about the meeting. Please reply. Ref9122,ham
Important: I reached safely. Reply when you can. Ref0197,ham
Important: You have been chosen for a free vacation. Let me know. Offer0270,spam
Please note: Urgent reward notification. Claim before midnight. Please reply. Offer9044,spam
Hello! You are selected for a free prize. Confirm your details. Thank you. Offer9487,spam
Just letting you know: I will be there in ten minutes. Let me know. Ref8966,ham
Hello! I reached safely. Thank you. Ref1349,ham
Reminder: Claim your exclusive reward before it expires. Let me know. Offer3822,spam
Quick message: Please check the attached report. Thanks. Ref9439,ham
"Today: Congratulations, your number has won a cash bonus. Please reply. Offer4530",spam
Hi! Please call me when you reach home. Have a good day. Ref3448,ham
Hello! I will be there in ten minutes. Thank you. Ref4661,ham
Please note: Please submit the form before Friday. Thank you. Ref7809,ham
Hi! Can you share the Wi-Fi password? Ref6159,ham
Hi! Don't forget to bring your ID card. Thank you. Ref0468,ham
Please note: Congratulations! Your account has received a reward. Let me know. Offer8463,spam
Exclusive winner notification. Claim your cash prize. Thank you. Offer2764,spam
Important: You have won a guaranteed reward. Respond now. Thanks. Offer8844,spam
I am waiting outside the office. Ref8003,ham
Please note: Your order has been delivered. Please reply. Ref4121,ham
Hello! Thanks for helping me yesterday. Thanks. Ref4095,ham
Quick message: Please remind me about the meeting. Please reply. Ref4364,ham
Important: Exclusive offer available only today. Claim now. Let me know. Offer8177,spam
Please bring your laptop tomorrow. Thanks. Ref9475,ham
Hello! Free gift waiting for you. Claim your reward today. Please reply. Offer8381,spam
Hi! I reached safely. Thanks. Ref3584,ham
Just letting you know: The meeting starts at 10 am. Reply when you can. Ref8407,ham
Important: The meeting starts at 10 am. Please reply. Ref6147,ham
Hi! Let's have lunch together today. Have a good day. Ref5100,ham
Important: Exclusive offer available only today. Claim now. Thank you. Offer0472,spam
Hi! Earn thousands from home. Join this opportunity now. Thank you. Offer4762,spam
Reminder: You are eligible for a special bonus. Apply immediately. Please reply. Offer7400,spam
Hello! Your assignment is due tomorrow. Please reply. Ref6765,ham
You are eligible for a special bonus. Apply immediately. Let me know. Offer0213,spam
Reminder: FREE entry to win a luxury car. Reply WIN now. Thanks. Offer0563,spam
Reminder: Congratulations! You have won a free prize. Claim now. Thanks. Offer1452,spam
Today: Limited offer! Buy now and get a huge discount. Reply when you can. Offer8276,spam
You are the lucky winner of a huge cash prize. Please reply. Offer3652,spam
Reminder: Can you send me the notes from today's class? Please reply. Ref6112,ham
Hello! Don't forget to bring your ID card. Thanks. Ref6913,ham
"Reminder: Hey, are we still meeting at 6 pm? Thanks. Ref1574",ham
Quick message: Special cash offer just for you. Reply now. Please reply. Offer3975,spam
Important: The weather is nice today. Ref7795,ham
Today: Claim your exclusive reward before it expires. Offer6802,spam
Hi! Let me know when you are available. Please reply. Ref9258,ham
Important: Free gift waiting for you. Claim your reward today. Please reply. Offer7735,spam
Reminder: You are the lucky winner of a huge cash prize. Let me know. Offer4350,spam
Reminder: Can you pick up some groceries on your way? Please reply. Ref3903,ham
Reminder: Free gift waiting for you. Claim your reward today. Please reply. Offer8067,spam
Important: Let's have lunch together today. Let me know. Ref5544,ham
Reminder: Happy birthday! Have a wonderful day. Reply when you can. Ref8028,ham
Today: The project presentation is on Monday. Ref1836,ham
Important: Are you free this evening? Please reply. Ref2015,ham
Just letting you know: You have been chosen for a free vacation. Please reply. Offer2099,spam
Important: Let's have lunch together today. Ref1835,ham
Hello! URGENT! You have been selected for a cash reward. Call now. Let me know. Offer6645,spam
Today: Please call me when you reach home. Please reply. Ref5863,ham
Hi! Happy birthday! Have a wonderful day. Please reply. Ref0390,ham
Important: Get rich quickly with this incredible money-making offer. Let me know. Offer7407,spam
Important: Please check the attached report. Please reply. Ref7275,ham
Hi! You have been chosen for a free vacation. Thanks. Offer0384,spam
Hello! Your order has been delivered. Reply when you can. Ref4815,ham
Please note: I am going to the market now. Reply when you can. Ref6847,ham
You are the lucky winner of a huge cash prize. Have a good day. Offer9473,spam
Hi! Get rich quickly with this incredible money-making offer. Please reply. Offer3020,spam
Reminder: You are eligible for a special bonus. Apply immediately. Thanks. Offer9215,spam
Today: You are selected for a free prize. Confirm your details. Thank you. Offer4581,spam
Important: Don't forget to bring your ID card. Let me know. Ref9137,ham
Reminder: You are selected for a free prize. Confirm your details. Thanks. Offer6048,spam
Today: Special cash offer just for you. Reply now. Thanks. Offer6435,spam
Important: Limited offer! Buy now and get a huge discount. Offer9431,spam
Today: Amazing deal! Get your bonus before the offer ends. Let me know. Offer0522,spam
Just letting you know: The weather is nice today. Please reply. Ref3490,ham
Quick message: Congratulations! You have won a free prize. Claim now. Please reply. Offer0433,spam
Just letting you know: Claim your exclusive reward before it expires. Thank you. Offer1830,spam
Important: Urgent reward notification. Claim before midnight. Please reply. Offer3405,spam
Important: WIN CASH NOW! Reply YES to receive your reward. Let me know. Offer1836,spam
Today: Please call me when you reach home. Please reply. Ref8132,ham
Reminder: Congratulations winner! Contact us to collect your prize. Thank you. Offer9694,spam
Quick message: Can you send me the notes from today's class? Have a good day. Ref1691,ham
Quick message: Exclusive winner notification. Claim your cash prize. Thanks. Offer6562,spam
Quick message: Free gift waiting for you. Claim your reward today. Let me know. Offer7808,spam
Important: I am going to the market now. Thank you. Ref3953,ham
Hi! Exclusive offer available only today. Claim now. Reply when you can. Offer8918,spam
Quick message: Your order has been delivered. Thank you. Ref4320,ham
Special cash offer just for you. Reply now. Thanks. Offer7029,spam
You are the lucky winner of a huge cash prize. Thanks. Offer8295,spam
"Reminder: Hey, are we still meeting at 6 pm? Thank you. Ref4138",ham
Hello! Please check the attached report. Please reply. Ref9213,ham
Quick message: You are the lucky winner of a huge cash prize. Thanks. Offer5874,spam
Hello! Please bring your laptop tomorrow. Thank you. Ref4959,ham
Hi! Claim your exclusive reward before it expires. Let me know. Offer6617,spam
Hello! Let's have lunch together today. Reply when you can. Ref9415,ham
Hi! Your order has been delivered. Let me know. Ref8361,ham
Please note: URGENT! You have been selected for a cash reward. Call now. Please reply. Offer3626,spam
"Congratulations, your number has won a cash bonus. Reply when you can. Offer0998",spam
Quick message: The project presentation is on Monday. Thanks. Ref0234,ham
Please note: The weather is nice today. Thank you. Ref4876,ham
"Congratulations, your number has won a cash bonus. Thanks. Offer1577",spam
Please submit the form before Friday. Thank you. Ref4309,ham
Reminder: Earn thousands from home. Join this opportunity now. Offer1238,spam
Hi! Claim your exclusive reward before it expires. Please reply. Offer3702,spam
Just letting you know: Congratulations winner! Contact us to collect your prize. Have a good day. Offer5539,spam
Please note: Don't forget to bring your ID card. Please reply. Ref9504,ham
Today: The meeting starts at 10 am. Please reply. Ref1581,ham
Important: Let me know when you are available. Thank you. Ref5818,ham
Amazing deal! Get your bonus before the offer ends. Thanks. Offer8473,spam
Just letting you know: You have won a shopping voucher. Click here now. Reply when you can. Offer2080,spam
Important: Thanks for helping me yesterday. Thanks. Ref9548,ham
Important: Can you send me the notes from today's class? Thanks. Ref7948,ham
Your assignment is due tomorrow. Let me know. Ref2587,ham
Hello! Congratulations winner! Contact us to collect your prize. Have a good day. Offer8078,spam
Quick message: Please bring your laptop tomorrow. Let me know. Ref6188,ham
I am going to the market now. Let me know. Ref8648,ham
Important: Act now to receive your free gift. Please reply. Offer8939,spam
Claim your exclusive reward before it expires. Thank you. Offer5930,spam
Hi! Limited offer! Buy now and get a huge discount. Reply when you can. Offer2182,spam
Quick message: The project presentation is on Monday. Please reply. Ref6160,ham
"Congratulations, your number has won a cash bonus. Please reply. Offer0275",spam
Today: You have won a shopping voucher. Click here now. Thank you. Offer5159,spam
Important: Act now to receive your free gift. Please reply. Offer0581,spam
Quick message: Get rich quickly with this incredible money-making offer. Thanks. Offer3815,spam
Just letting you know: Please submit the form before Friday. Please reply. Ref1267,ham
"Please note: Hey, are we still meeting at 6 pm? Reply when you can. Ref6277",ham
Hi! You are eligible for a special bonus. Apply immediately. Thanks. Offer1600,spam
Important: Are you free this evening? Thank you. Ref8330,ham
Today: I am going to the market now. Please reply. Ref2769,ham
Just letting you know: Act now to receive your free gift. Thanks. Offer1010,spam
Reminder: Limited offer! Buy now and get a huge discount. Reply when you can. Offer4686,spam
Quick message: You have won a shopping voucher. Click here now. Thanks. Offer5010,spam
Today: Earn thousands from home. Join this opportunity now. Please reply. Offer0269,spam
Just letting you know: I have sent the documents to your email. Ref7918,ham
Just letting you know: Exclusive winner notification. Claim your cash prize. Offer9412,spam
Quick message: Let me know when you are available. Reply when you can. Ref5717,ham
Reminder: Exclusive winner notification. Claim your cash prize. Thanks. Offer6726,spam
Important: The meeting starts at 10 am. Have a good day. Ref7160,ham
Quick message: Your order has been delivered. Please reply. Ref6460,ham
Hi! Let me know when you are available. Please reply. Ref6665,ham
Quick message: Free gift waiting for you. Claim your reward today. Thanks. Offer8268,spam
Hello! Can you share the Wi-Fi password? Thanks. Ref7903,ham
Reminder: Win a brand new phone today. Click to claim your prize. Offer3104,spam
"Hello! Hey, are we still meeting at 6 pm? Let me know. Ref1737",ham
Hello! You are the lucky winner of a huge cash prize. Thanks. Offer0093,spam
Please note: Get a special discount now! Limited time offer. Let me know. Offer5608,spam
Quick message: Let's have lunch together today. Thanks. Ref6139,ham
Hi! Please check the attached report. Let me know. Ref4593,ham
Congratulations! Your account has received a reward. Reply when you can. Offer8236,spam
Please note: Special cash offer just for you. Reply now. Let me know. Offer7047,spam
Reminder: You have won a guaranteed reward. Respond now. Have a good day. Offer2814,spam
Quick message: What time does the train arrive? Thanks. Ref3827,ham
Reminder: The weather is nice today. Let me know. Ref2378,ham
Please note: WIN CASH NOW! Reply YES to receive your reward. Have a good day. Offer8616,spam
Today: Your assignment is due tomorrow. Thanks. Ref1757,ham
Just letting you know: Don't forget to bring your ID card. Let me know. Ref8255,ham
Free coupon available now. Click to redeem. Offer1729,spam
Today: Your order has been delivered. Thanks. Ref7821,ham
Reminder: Congratulations winner! Contact us to collect your prize. Let me know. Offer5457,spam
Hi! Win a brand new phone today. Click to claim your prize. Let me know. Offer6648,spam
Hello! Free coupon available now. Click to redeem. Reply when you can. Offer2446,spam
Hello! Congratulations! Your account has received a reward. Offer3220,spam
Quick message: Congratulations! Your account has received a reward. Please reply. Offer5484,spam
Today: Urgent reward notification. Claim before midnight. Reply when you can. Offer9375,spam
Please note: Please bring your laptop tomorrow. Thanks. Ref3332,ham
Quick message: Special cash offer just for you. Reply now. Reply when you can. Offer3847,spam
Please note: You have won a shopping voucher. Click here now. Let me know. Offer3993,spam
Important: Please remind me about the meeting. Thank you. Ref5811,ham
Just letting you know: The weather is nice today. Ref0268,ham
Just letting you know: Happy birthday! Have a wonderful day. Let me know. Ref5366,ham
Just letting you know: You have won a guaranteed reward. Respond now. Thanks. Offer8066,spam
Just letting you know: You have won a shopping voucher. Click here now. Thank you. Offer7304,spam
Just letting you know: I am waiting outside the office. Please reply. Ref2581,ham
Hello! Special cash offer just for you. Reply now. Let me know. Offer6339,spam
Hello! Congratulations winner! Contact us to collect your prize. Please reply. Offer9008,spam
Quick message: I will call you after work. Let me know. Ref1493,ham
Hello! I am going to the market now. Thanks. Ref0235,ham
Hello! Don't forget to bring your ID card. Please reply. Ref4964,ham
Today: I will be there in ten minutes. Thank you. Ref5350,ham
Hi! I am waiting outside the office. Have a good day. Ref8841,ham
Hi! Thanks for helping me yesterday. Let me know. Ref2237,ham
Today: Urgent reward notification. Claim before midnight. Offer7048,spam
Hello! Can you share the Wi-Fi password? Please reply. Ref5823,ham
Just letting you know: Please check the attached report. Please reply. Ref3952,ham
Important: Happy birthday! Have a wonderful day. Have a good day. Ref2795,ham
Hi! Exclusive offer available only today. Claim now. Thanks. Offer4943,spam
Hello! URGENT! You have been selected for a cash reward. Call now. Offer6707,spam
Just letting you know: You are the lucky winner of a huge cash prize. Thank you. Offer0823,spam
Reminder: I reached safely. Reply when you can. Ref4363,ham
Important: Please check the attached report. Thank you. Ref9703,ham
Important: See you tomorrow morning. Thank you. Ref6391,ham
Quick message: Congratulations winner! Contact us to collect your prize. Please reply. Offer8027,spam
Just letting you know: Can you share the Wi-Fi password? Thanks. Ref8186,ham
Today: Amazing deal! Get your bonus before the offer ends. Reply when you can. Offer2632,spam
"Hi! Hey, are we still meeting at 6 pm? Let me know. Ref0473",ham
Hello! Are you free this evening? Have a good day. Ref7087,ham
Today: Win a brand new phone today. Click to claim your prize. Have a good day. Offer3257,spam
Hi! FREE entry to win a luxury car. Reply WIN now. Offer8850,spam
Quick message: Free membership available. Register today. Have a good day. Offer7280,spam
Reminder: I have sent the documents to your email. Thank you. Ref6167,ham
Just letting you know: Please bring your laptop tomorrow. Thanks. Ref2595,ham
Important: Your assignment is due tomorrow. Ref2919,ham
Reminder: Please bring your laptop tomorrow. Thank you. Ref3933,ham
Please submit the form before Friday. Thanks. Ref6849,ham
Hello! Please bring your laptop tomorrow. Please reply. Ref5066,ham
Today: Happy birthday! Have a wonderful day. Please reply. Ref7855,ham
Hi! Special cash offer just for you. Reply now. Let me know. Offer8660,spam
Important: The project presentation is on Monday. Thanks. Ref0354,ham
Just letting you know: Can you pick up some groceries on your way? Thank you. Ref9916,ham
Hello! Special cash offer just for you. Reply now. Thank you. Offer0676,spam
Hello! Urgent reward notification. Claim before midnight. Thank you. Offer9029,spam
Hello! Free gift waiting for you. Claim your reward today. Please reply. Offer2831,spam
Quick message: You are selected for a free prize. Confirm your details. Offer1501,spam
Hello! Let me know when you are available. Ref2894,ham
Quick message: I am going to the market now. Thank you. Ref6035,ham
Please note: Amazing deal! Get your bonus before the offer ends. Reply when you can. Offer5470,spam
Quick message: You are selected for a free prize. Confirm your details. Thank you. Offer6050,spam
Quick message: Act now to receive your free gift. Let me know. Offer3335,spam
Important: Your order has been delivered. Let me know. Ref1428,ham
See you tomorrow morning. Thanks. Ref3616,ham
Congratulations winner! Contact us to collect your prize. Thank you. Offer1006,spam
Important: You have been chosen for a free vacation. Please reply. Offer6173,spam
Just letting you know: Special promotion! Get 90 percent off today. Offer8459,spam
Hello! Please bring your laptop tomorrow. Reply when you can. Ref6050,ham
The weather is nice today. Thank you. Ref9938,ham
"Hello! Congratulations, your number has won a cash bonus. Offer1975",spam
Today: Congratulations winner! Contact us to collect your prize. Let me know. Offer2541,spam
Just letting you know: Congratulations winner! Contact us to collect your prize. Reply when you can. Offer7342,spam
Hello! Don't forget to bring your ID card. Please reply. Ref1724,ham
Reminder: Your assignment is due tomorrow. Ref6312,ham
Congratulations winner! Contact us to collect your prize. Offer3998,spam
The weather is nice today. Have a good day. Ref9202,ham
Hi! Can we reschedule our appointment? Let me know. Ref4592,ham
Quick message: Win a brand new phone today. Click to claim your prize. Let me know. Offer6927,spam
Hi! Can we reschedule our appointment? Ref3247,ham
Quick message: Happy birthday! Have a wonderful day. Have a good day. Ref5605,ham
Reminder: Win a brand new phone today. Click to claim your prize. Thanks. Offer4307,spam
Your assignment is due tomorrow. Please reply. Ref2763,ham
Hello! Free membership available. Register today. Thanks. Offer9593,spam
Hi! Let me know when you are available. Ref3939,ham
Important: Exclusive offer available only today. Claim now. Thank you. Offer1514,spam
Today: Act now to receive your free gift. Please reply. Offer8957,spam
Congratulations! Your account has received a reward. Thank you. Offer0192,spam
Hi! Congratulations! Your account has received a reward. Have a good day. Offer2040,spam
Hi! Free membership available. Register today. Thanks. Offer7862,spam
Just letting you know: Please bring your laptop tomorrow. Thanks. Ref9949,ham
Hello! Are you free this evening? Thanks. Ref9175,ham
Earn thousands from home. Join this opportunity now. Please reply. Offer6102,spam
Hi! You have won a guaranteed reward. Respond now. Let me know. Offer6141,spam
Please note: Claim your exclusive reward before it expires. Let me know. Offer9237,spam
Hi! Please call me when you reach home. Thanks. Ref6447,ham
Just letting you know: Don't forget to bring your ID card. Please reply. Ref0542,ham
Hello! Please remind me about the meeting. Ref6557,ham
Today: Congratulations winner! Contact us to collect your prize. Thanks. Offer0214,spam
I have sent the documents to your email. Let me know. Ref6739,ham
Hello! URGENT! You have been selected for a cash reward. Call now. Have a good day. Offer3943,spam
Quick message: See you tomorrow morning. Thank you. Ref1176,ham
I will be there in ten minutes. Ref1421,ham
Just letting you know: I have sent the documents to your email. Reply when you can. Ref2178,ham
Hello! You are the lucky winner of a huge cash prize. Thank you. Offer6953,spam
Hello! You are the lucky winner of a huge cash prize. Please reply. Offer3742,spam
Quick message: Congratulations! You have won a free prize. Claim now. Let me know. Offer1258,spam
Hello! The weather is nice today. Ref2094,ham
Please note: I am waiting outside the office. Please reply. Ref5159,ham
"Hi! Hey, are we still meeting at 6 pm? Let me know. Ref3034",ham
Today: I will call you after work. Please reply. Ref6259,ham
Are you free this evening? Let me know. Ref8550,ham
Please note: Please submit the form before Friday. Thanks. Ref8453,ham
Important: Special cash offer just for you. Reply now. Let me know. Offer0593,spam
Just letting you know: Are you free this evening? Reply when you can. Ref2023,ham
I am waiting outside the office. Reply when you can. Ref9427,ham
Important: FREE entry to win a luxury car. Reply WIN now. Thank you. Offer7880,spam
"Congratulations, your number has won a cash bonus. Offer9665",spam
Today: Exclusive winner notification. Claim your cash prize. Please reply. Offer5168,spam
Thanks for helping me yesterday. Thank you. Ref4470,ham
Hi! You have been chosen for a free vacation. Thanks. Offer5936,spam
Important: Happy birthday! Have a wonderful day. Have a good day. Ref9400,ham
Quick message: What time does the train arrive? Ref3528,ham
Today: Please remind me about the meeting. Please reply. Ref1710,ham
Quick message: FREE entry to win a luxury car. Reply WIN now. Reply when you can. Offer8319,spam
Reminder: Please check the attached report. Please reply. Ref0212,ham
Please note: Urgent reward notification. Claim before midnight. Thank you. Offer3486,spam
Hello! Limited offer! Buy now and get a huge discount. Please reply. Offer2508,spam
URGENT! You have been selected for a cash reward. Call now. Have a good day. Offer5503,spam
Quick message: Congratulations winner! Contact us to collect your prize. Reply when you can. Offer1088,spam
Quick message: You have won a guaranteed reward. Respond now. Reply when you can. Offer6090,spam
Just letting you know: Free membership available. Register today. Thanks. Offer7531,spam
Just letting you know: The project presentation is on Monday. Thanks. Ref4239,ham
Please note: Let's have lunch together today. Reply when you can. Ref0623,ham
Hi! Free coupon available now. Click to redeem. Please reply. Offer0244,spam
Urgent reward notification. Claim before midnight. Thank you. Offer2953,spam
Please note: Happy birthday! Have a wonderful day. Please reply. Ref3774,ham
Claim your exclusive reward before it expires. Have a good day. Offer2472,spam
Quick message: I am waiting outside the office. Reply when you can. Ref9423,ham
Hi! FREE entry to win a luxury car. Reply WIN now. Please reply. Offer5766,spam
Quick message: You are the lucky winner of a huge cash prize. Thanks. Offer9059,spam
Please note: Please submit the form before Friday. Please reply. Ref3004,ham
Congratulations! You have won a free prize. Claim now. Reply when you can. Offer6995,spam
Just letting you know: You are eligible for a special bonus. Apply immediately. Offer1907,spam
Hi! I am going to the market now. Have a good day. Ref9964,ham
Reminder: Can you share the Wi-Fi password? Please reply. Ref5899,ham
Important: Can you pick up some groceries on your way? Have a good day. Ref2465,ham
Important: Free coupon available now. Click to redeem. Have a good day. Offer5725,spam
Quick message: I reached safely. Please reply. Ref9194,ham
Quick message: Let's have lunch together today. Reply when you can. Ref6491,ham
Important: Are you free this evening? Thanks. Ref0345,ham
Important: Happy birthday! Have a wonderful day. Thank you. Ref4201,ham
Hi! Thanks for helping me yesterday. Reply when you can. Ref8300,ham
Hello! Special promotion! Get 90 percent off today. Please reply. Offer5999,spam
Today: The class has been moved to room 204. Thank you. Ref8033,ham
Hello! Please bring your laptop tomorrow. Reply when you can. Ref7738,ham
Today: Let's have lunch together today. Please reply. Ref0037,ham
Just letting you know: You have won a shopping voucher. Click here now. Reply when you can. Offer3075,spam
Today: Special promotion! Get 90 percent off today. Thanks. Offer6989,spam
Hello! You have won a guaranteed reward. Respond now. Let me know. Offer6082,spam
Hello! Get rich quickly with this incredible money-making offer. Thank you. Offer0354,spam
FREE entry to win a luxury car. Reply WIN now. Reply when you can. Offer9449,spam
Just letting you know: URGENT! You have been selected for a cash reward. Call now. Let me know. Offer6368,spam
Reminder: Let's have lunch together today. Reply when you can. Ref8276,ham
Reminder: You are eligible for a special bonus. Apply immediately. Let me know. Offer9883,spam
I have sent the documents to your email. Thank you. Ref5420,ham
Just letting you know: The weather is nice today. Thanks. Ref1327,ham
Hi! Special cash offer just for you. Reply now. Please reply. Offer8318,spam
"Hi! Hey, are we still meeting at 6 pm? Thank you. Ref9036",ham
Please note: What time does the train arrive? Reply when you can. Ref6892,ham
Reminder: You are selected for a free prize. Confirm your details. Let me know. Offer9106,spam
"Today: Hey, are we still meeting at 6 pm? Let me know. Ref5222",ham
Reminder: Urgent reward notification. Claim before midnight. Please reply. Offer4824,spam
Hi! I reached safely. Thank you. Ref1278,ham
You are eligible for a special bonus. Apply immediately. Reply when you can. Offer2653,spam
Please note: Please check the attached report. Thanks. Ref1540,ham
Please check the attached report. Reply when you can. Ref8265,ham
Just letting you know: You are the lucky winner of a huge cash prize. Offer1113,spam
Hi! Free gift waiting for you. Claim your reward today. Reply when you can. Offer0631,spam
Just letting you know: Please submit the form before Friday. Reply when you can. Ref9721,ham
Important: I am going to the market now. Have a good day. Ref6733,ham
Important: You have won a shopping voucher. Click here now. Thank you. Offer9153,spam
Hi! Your order has been delivered. Ref5581,ham
Important: I reached safely. Reply when you can. Ref9408,ham
Important: Let's have lunch together today. Have a good day. Ref2897,ham
Important: Thanks for helping me yesterday. Thanks. Ref6938,ham
Hi! Please bring your laptop tomorrow. Thank you. Ref1458,ham
Hello! The class has been moved to room 204. Let me know. Ref0064,ham
"Just letting you know: Congratulations, your number has won a cash bonus. Please reply. Offer5754",spam
Hello! Your order has been delivered. Have a good day. Ref9979,ham
Important: Congratulations! Your account has received a reward. Thank you. Offer4942,spam
Please note: Free coupon available now. Click to redeem. Please reply. Offer6795,spam
Important: Congratulations winner! Contact us to collect your prize. Thank you. Offer7103,spam
Just letting you know: Claim your exclusive reward before it expires. Offer9740,spam
Reminder: Earn money from home with our amazing opportunity. Please reply. Offer4527,spam
Hi! The weather is nice today. Thank you. Ref5985,ham
Hi! I have sent the documents to your email. Thanks. Ref5110,ham
Important: Please call me when you reach home. Thanks. Ref1933,ham
Reminder: I will call you after work. Let me know. Ref7487,ham
Today: FREE entry to win a luxury car. Reply WIN now. Let me know. Offer0073,spam
Please note: The weather is nice today. Have a good day. Ref9166,ham
Just letting you know: Are you free this evening? Thank you. Ref3170,ham
Today: Please bring your laptop tomorrow. Please reply. Ref7065,ham
Let me know when you are available. Thanks. Ref1672,ham
Quick message: Don't forget to bring your ID card. Let me know. Ref8030,ham
The project presentation is on Monday. Thank you. Ref8250,ham
Quick message: Free gift waiting for you. Claim your reward today. Thanks. Offer4515,spam
Just letting you know: Earn thousands from home. Join this opportunity now. Offer5509,spam
Today: Urgent reward notification. Claim before midnight. Thanks. Offer0061,spam
Congratulations! Your account has received a reward. Thank you. Offer3501,spam
Please note: Special cash offer just for you. Reply now. Reply when you can. Offer6087,spam
Important: Free coupon available now. Click to redeem. Thanks. Offer7340,spam
Quick message: Get rich quickly with this incredible money-making offer. Thanks. Offer0296,spam
Reminder: Let's have lunch together today. Ref0875,ham
Just letting you know: You have won a shopping voucher. Click here now. Have a good day. Offer4748,spam
Just letting you know: You have won a shopping voucher. Click here now. Please reply. Offer5806,spam
Please bring your laptop tomorrow. Thank you. Ref0579,ham
Hello! I am going to the market now. Thank you. Ref4169,ham
Just letting you know: I have sent the documents to your email. Let me know. Ref3778,ham
Reminder: Please check the attached report. Thanks. Ref3442,ham
Please note: Can you pick up some groceries on your way? Let me know. Ref2794,ham
Please note: Can you pick up some groceries on your way? Thanks. Ref8758,ham
I am waiting outside the office. Thank you. Ref5948,ham
Important: I reached safely. Ref4247,ham
Please note: Don't forget to bring your ID card. Thanks. Ref2109,ham
Quick message: Your order has been delivered. Let me know. Ref0937,ham
Please note: Earn money from home with our amazing opportunity. Have a good day. Offer9420,spam
Just letting you know: Exclusive winner notification. Claim your cash prize. Please reply. Offer8176,spam
Reminder: Win a brand new phone today. Click to claim your prize. Let me know. Offer6596,spam
Please note: Free gift waiting for you. Claim your reward today. Let me know. Offer8478,spam
Please note: Earn money from home with our amazing opportunity. Offer0399,spam
The project presentation is on Monday. Let me know. Ref1407,ham
Hi! Let's have lunch together today. Thank you. Ref0969,ham
Important: I am going to the market now. Ref7303,ham
Just letting you know: The class has been moved to room 204. Reply when you can. Ref6757,ham
Just letting you know: Get a special discount now! Limited time offer. Thanks. Offer5722,spam
Just letting you know: Can you send me the notes from today's class? Reply when you can. Ref4274,ham
Hi! WIN CASH NOW! Reply YES to receive your reward. Thank you. Offer9077,spam
Just letting you know: Please submit the form before Friday. Have a good day. Ref0808,ham
Reminder: Your assignment is due tomorrow. Thank you. Ref7006,ham
Hello! Special cash offer just for you. Reply now. Reply when you can. Offer5741,spam
Just letting you know: You are the lucky winner of a huge cash prize. Reply when you can. Offer8777,spam
Just letting you know: Special promotion! Get 90 percent off today. Please reply. Offer7144,spam
Quick message: You are selected for a free prize. Confirm your details. Have a good day. Offer8620,spam
Hi! You are the lucky winner of a huge cash prize. Have a good day. Offer5953,spam
Just letting you know: Congratulations winner! Contact us to collect your prize. Reply when you can. Offer3781,spam
Quick message: Are you free this evening? Please reply. Ref4488,ham
Please note: Free coupon available now. Click to redeem. Please reply. Offer5423,spam
Hello! Can we reschedule our appointment? Thanks. Ref6597,ham
Quick message: Claim your exclusive reward before it expires. Thanks. Offer6714,spam
Reminder: The meeting starts at 10 am. Ref9883,ham
Today: FREE entry to win a luxury car. Reply WIN now. Reply when you can. Offer1833,spam
Hi! I will be there in ten minutes. Ref6124,ham
Today: Congratulations! Your account has received a reward. Thanks. Offer6786,spam
Quick message: I reached safely. Ref9178,ham
Quick message: Your assignment is due tomorrow. Thanks. Ref1704,ham
Important: I will call you after work. Have a good day. Ref4317,ham
"Congratulations, your number has won a cash bonus. Please reply. Offer2387",spam
Just letting you know: Please remind me about the meeting. Ref7191,ham
Just letting you know: Please check the attached report. Please reply. Ref8208,ham
Reminder: Please check the attached report. Let me know. Ref4271,ham
You are selected for a free prize. Confirm your details. Have a good day. Offer6526,spam
"Today: Hey, are we still meeting at 6 pm? Please reply. Ref5468",ham
Hello! Exclusive winner notification. Claim your cash prize. Let me know. Offer3189,spam
Hi! I am waiting outside the office. Let me know. Ref7130,ham
Reminder: Urgent reward notification. Claim before midnight. Have a good day. Offer1196,spam
Quick message: The meeting starts at 10 am. Thank you. Ref9708,ham
Reminder: Claim your exclusive reward before it expires. Thanks. Offer8370,spam
Hello! Your assignment is due tomorrow. Thank you. Ref0356,ham
Hello! Earn money from home with our amazing opportunity. Thanks. Offer7413,spam
Hello! What time does the train arrive? Let me know. Ref7885,ham
Quick message: Congratulations! Your account has received a reward. Let me know. Offer1584,spam
Hello! Special cash offer just for you. Reply now. Thanks. Offer9662,spam
Please call me when you reach home. Thank you. Ref9552,ham
Reminder: What time does the train arrive? Thanks. Ref7334,ham
Hello! URGENT! You have been selected for a cash reward. Call now. Please reply. Offer0159,spam
Just letting you know: Can you share the Wi-Fi password? Thanks. Ref3822,ham
Hi! Thanks for helping me yesterday. Thanks. Ref8681,ham
Hello! Please call me when you reach home. Thanks. Ref9892,ham
Hello! WIN CASH NOW! Reply YES to receive your reward. Thanks. Offer9197,spam
Today: Amazing deal! Get your bonus before the offer ends. Please reply. Offer2691,spam
"Hi! Congratulations, your number has won a cash bonus. Thanks. Offer0318",spam
Please note: Don't forget to bring your ID card. Thanks. Ref4044,ham
Just letting you know: I reached safely. Ref2625,ham
Quick message: URGENT! You have been selected for a cash reward. Call now. Reply when you can. Offer4308,spam
Free membership available. Register today. Thanks. Offer9097,spam
Quick message: Claim your exclusive reward before it expires. Thanks. Offer5568,spam
"Please note: Hey, are we still meeting at 6 pm? Thank you. Ref5946",ham
Hi! Can you send me the notes from today's class? Let me know. Ref3534,ham
Quick message: You are eligible for a special bonus. Apply immediately. Thank you. Offer2219,spam
Today: Please check the attached report. Please reply. Ref3272,ham
Hi! Happy birthday! Have a wonderful day. Thanks. Ref2303,ham
Hello! Get rich quickly with this incredible money-making offer. Thanks. Offer1295,spam
Hi! FREE entry to win a luxury car. Reply WIN now. Thank you. Offer4010,spam
Just letting you know: Congratulations! Your account has received a reward. Thanks. Offer0607,spam
Important: Free membership available. Register today. Offer6821,spam
Hello! Exclusive winner notification. Claim your cash prize. Offer2555,spam
Reminder: Are you free this evening? Thanks. Ref8815,ham
Please note: You are selected for a free prize. Confirm your details. Thank you. Offer9046,spam
You are the lucky winner of a huge cash prize. Thanks. Offer0746,spam
Important: Please check the attached report. Let me know. Ref1282,ham
I have sent the documents to your email. Please reply. Ref9076,ham
Please note: What time does the train arrive? Thanks. Ref2229,ham
Just letting you know: FREE entry to win a luxury car. Reply WIN now. Thanks. Offer6658,spam
Important: Happy birthday! Have a wonderful day. Thank you. Ref6398,ham
Today: Your assignment is due tomorrow. Have a good day. Ref2196,ham
Important: Get rich quickly with this incredible money-making offer. Thank you. Offer3423,spam
Quick message: Exclusive offer available only today. Claim now. Reply when you can. Offer5205,spam
Today: Get rich quickly with this incredible money-making offer. Please reply. Offer6148,spam
Hi! Let's have lunch together today. Please reply. Ref5301,ham
Hi! Can you pick up some groceries on your way? Thank you. Ref3313,ham
Just letting you know: Exclusive offer available only today. Claim now. Thank you. Offer6410,spam
Today: Can you send me the notes from today's class? Have a good day. Ref0881,ham
Quick message: URGENT! You have been selected for a cash reward. Call now. Offer1658,spam
Quick message: Please remind me about the meeting. Have a good day. Ref0203,ham
Special promotion! Get 90 percent off today. Let me know. Offer2419,spam
Just letting you know: I reached safely. Let me know. Ref8688,ham
Quick message: The meeting starts at 10 am. Ref6668,ham
Hi! Amazing deal! Get your bonus before the offer ends. Have a good day. Offer8499,spam
Please note: FREE entry to win a luxury car. Reply WIN now. Thanks. Offer8092,spam
Reminder: You are selected for a free prize. Confirm your details. Have a good day. Offer0490,spam
Please note: Please remind me about the meeting. Thank you. Ref1943,ham
Hello! URGENT! You have been selected for a cash reward. Call now. Offer2720,spam
Today: Can you share the Wi-Fi password? Reply when you can. Ref2684,ham
Hi! Congratulations winner! Contact us to collect your prize. Thank you. Offer9481,spam
Hi! Get rich quickly with this incredible money-making offer. Offer0840,spam
Important: URGENT! You have been selected for a cash reward. Call now. Please reply. Offer8927,spam
Reminder: Let me know when you are available. Please reply. Ref8299,ham
Please note: Exclusive winner notification. Claim your cash prize. Offer6415,spam
Today: I have sent the documents to your email. Thanks. Ref7706,ham
Hello! I will be there in ten minutes. Thanks. Ref1177,ham
Just letting you know: Get rich quickly with this incredible money-making offer. Let me know. Offer0957,spam
Quick message: Act now to receive your free gift. Please reply. Offer1837,spam
Reminder: The class has been moved to room 204. Please reply. Ref8378,ham
Let's have lunch together today. Please reply. Ref6121,ham
Important: Act now to receive your free gift. Thank you. Offer0751,spam
Exclusive winner notification. Claim your cash prize. Reply when you can. Offer9032,spam
Hello! WIN CASH NOW! Reply YES to receive your reward. Thank you. Offer8258,spam
Hi! Win a brand new phone today. Click to claim your prize. Reply when you can. Offer5626,spam
Hello! Can you share the Wi-Fi password? Thank you. Ref9952,ham
Important: You are the lucky winner of a huge cash prize. Thanks. Offer8513,spam
Reminder: Congratulations! Your account has received a reward. Thank you. Offer0638,spam
Hi! Special promotion! Get 90 percent off today. Thanks. Offer8889,spam
Hello! You have been chosen for a free vacation. Please reply. Offer3564,spam
Just letting you know: Please remind me about the meeting. Thanks. Ref4321,ham
Please note: Urgent reward notification. Claim before midnight. Let me know. Offer3024,spam
Reminder: Special cash offer just for you. Reply now. Thank you. Offer2635,spam
Just letting you know: Congratulations! You have won a free prize. Claim now. Let me know. Offer2483,spam
Please note: Congratulations winner! Contact us to collect your prize. Please reply. Offer0310,spam
Quick message: Don't forget to bring your ID card. Have a good day. Ref9436,ham
Please note: Can you share the Wi-Fi password? Please reply. Ref0592,ham
Just letting you know: Happy birthday! Have a wonderful day. Let me know. Ref0304,ham
Hi! Special cash offer just for you. Reply now. Please reply. Offer1185,spam
Today: FREE entry to win a luxury car. Reply WIN now. Thanks. Offer5460,spam
Important: Can you pick up some groceries on your way? Thanks. Ref0940,ham
You have won a shopping voucher. Click here now. Offer7497,spam
Quick message: The class has been moved to room 204. Let me know. Ref5639,ham
I reached safely. Please reply. Ref5367,ham
Please note: You are eligible for a special bonus. Apply immediately. Please reply. Offer6873,spam
Hello! Congratulations! Your account has received a reward. Thank you. Offer5688,spam
Are you free this evening? Have a good day. Ref5993,ham
Quick message: Can we reschedule our appointment? Thanks. Ref0681,ham
Just letting you know: Don't forget to bring your ID card. Please reply. Ref8243,ham
Please note: FREE entry to win a luxury car. Reply WIN now. Offer9425,spam
Hi! Let's have lunch together today. Thank you. Ref2443,ham
Today: The weather is nice today. Have a good day. Ref0312,ham
Hi! See you tomorrow morning. Ref1603,ham
Important: The project presentation is on Monday. Thank you. Ref2224,ham
See you tomorrow morning. Reply when you can. Ref3885,ham
"Congratulations, your number has won a cash bonus. Thank you. Offer5088",spam
Just letting you know: Earn money from home with our amazing opportunity. Please reply. Offer8039,spam
Today: Congratulations winner! Contact us to collect your prize. Offer1399,spam
Hello! Get rich quickly with this incredible money-making offer. Offer7708,spam
Please note: You are the lucky winner of a huge cash prize. Thanks. Offer2017,spam
Please note: I reached safely. Thanks. Ref0176,ham
Quick message: Please submit the form before Friday. Let me know. Ref5287,ham
Just letting you know: Let's have lunch together today. Ref5345,ham
Quick message: You are eligible for a special bonus. Apply immediately. Offer6480,spam
Important: You have won a shopping voucher. Click here now. Thanks. Offer9141,spam
Hi! Free gift waiting for you. Claim your reward today. Thank you. Offer4328,spam
Hello! What time does the train arrive? Ref3881,ham
Please note: URGENT! You have been selected for a cash reward. Call now. Thank you. Offer6434,spam
Quick message: Amazing deal! Get your bonus before the offer ends. Offer1381,spam
You have won a shopping voucher. Click here now. Let me know. Offer6052,spam
Just letting you know: URGENT! You have been selected for a cash reward. Call now. Reply when you can. Offer5350,spam
Just letting you know: You are the lucky winner of a huge cash prize. Please reply. Offer3324,spam
"Hi! Congratulations, your number has won a cash bonus. Reply when you can. Offer8672",spam
Today: Please check the attached report. Please reply. Ref3129,ham
Today: Can you send me the notes from today's class? Let me know. Ref8896,ham
Your order has been delivered. Ref6173,ham
Important: Don't forget to bring your ID card. Please reply. Ref2514,ham
Your order has been delivered. Have a good day. Ref3357,ham
Quick message: Free coupon available now. Click to redeem. Offer2684,spam
Please note: FREE entry to win a luxury car. Reply WIN now. Let me know. Offer5699,spam
Please note: You have been chosen for a free vacation. Offer9007,spam
Important: Win a brand new phone today. Click to claim your prize. Let me know. Offer3865,spam
Just letting you know: Get rich quickly with this incredible money-making offer. Thank you. Offer3740,spam
Urgent reward notification. Claim before midnight. Have a good day. Offer5157,spam
Just letting you know: You have won a guaranteed reward. Respond now. Thank you. Offer5256,spam
Please note: Free gift waiting for you. Claim your reward today. Offer3451,spam
Hello! Your order has been delivered. Ref0154,ham
Hello! Earn thousands from home. Join this opportunity now. Thanks. Offer9642,spam
Quick message: Can you share the Wi-Fi password? Ref8649,ham
Reminder: Please call me when you reach home. Let me know. Ref6769,ham
Please note: Limited offer! Buy now and get a huge discount. Offer3163,spam
Reminder: I reached safely. Ref5563,ham
Congratulations! You have won a free prize. Claim now. Thank you. Offer7258,spam
Please note: You are eligible for a special bonus. Apply immediately. Offer9386,spam
Quick message: Please submit the form before Friday. Let me know. Ref1050,ham
Please note: Urgent reward notification. Claim before midnight. Thanks. Offer7188,spam
Reminder: Can you pick up some groceries on your way? Reply when you can. Ref0991,ham
Today: The project presentation is on Monday. Ref1244,ham
"Just letting you know: Congratulations, your number has won a cash bonus. Let me know. Offer9499",spam
Hello! Your assignment is due tomorrow. Ref2263,ham
Important: You have been chosen for a free vacation. Reply when you can. Offer2813,spam
Hello! The meeting starts at 10 am. Thank you. Ref3000,ham
Please note: Free membership available. Register today. Thanks. Offer0540,spam
"Reminder: Hey, are we still meeting at 6 pm? Ref7050",ham
Hello! Please call me when you reach home. Please reply. Ref2731,ham
Today: Special cash offer just for you. Reply now. Reply when you can. Offer9399,spam
Important: Thanks for helping me yesterday. Ref5973,ham
Reminder: I am going to the market now. Have a good day. Ref7750,ham
Happy birthday! Have a wonderful day. Please reply. Ref5055,ham
Quick message: Free coupon available now. Click to redeem. Let me know. Offer8849,spam
Hello! You have been chosen for a free vacation. Thanks. Offer4920,spam
The meeting starts at 10 am. Thanks. Ref2613,ham
Important: Please check the attached report. Have a good day. Ref0467,ham
Important: Get rich quickly with this incredible money-making offer. Thanks. Offer5390,spam
Please note: Congratulations! Your account has received a reward. Thanks. Offer4353,spam
Hello! Amazing deal! Get your bonus before the offer ends. Have a good day. Offer6737,spam
Quick message: Free membership available. Register today. Offer7754,spam
Act now to receive your free gift. Offer9641,spam
Today: Earn money from home with our amazing opportunity. Offer4299,spam
Hello! Please submit the form before Friday. Please reply. Ref3974,ham
Today: Thanks for helping me yesterday. Ref5018,ham
"Hello! Congratulations, your number has won a cash bonus. Reply when you can. Offer6593",spam
Hi! Please submit the form before Friday. Have a good day. Ref3940,ham
Reminder: Are you free this evening? Reply when you can. Ref9803,ham
Reminder: Can you pick up some groceries on your way? Ref5984,ham
Today: I will call you after work. Let me know. Ref9382,ham
Please note: Congratulations! You have won a free prize. Claim now. Thank you. Offer6580,spam
Hello! Can you send me the notes from today's class? Please reply. Ref9406,ham
Hello! Exclusive winner notification. Claim your cash prize. Please reply. Offer7594,spam
URGENT! You have been selected for a cash reward. Call now. Let me know. Offer1654,spam
Please note: Earn money from home with our amazing opportunity. Reply when you can. Offer8705,spam
Reminder: See you tomorrow morning. Let me know. Ref9500,ham
Today: Let's have lunch together today. Let me know. Ref8267,ham
Today: See you tomorrow morning. Have a good day. Ref8777,ham
Today: FREE entry to win a luxury car. Reply WIN now. Let me know. Offer8845,spam
The weather is nice today. Thanks. Ref1859,ham
Quick message: Free membership available. Register today. Reply when you can. Offer0750,spam
Hello! I will be there in ten minutes. Let me know. Ref1781,ham
Hello! Thanks for helping me yesterday. Thanks. Ref8360,ham
Hello! The weather is nice today. Reply when you can. Ref6567,ham
Reminder: FREE entry to win a luxury car. Reply WIN now. Please reply. Offer0053,spam
Please note: Get a special discount now! Limited time offer. Have a good day. Offer2780,spam
Important: Please submit the form before Friday. Thank you. Ref6729,ham
Please note: Win a brand new phone today. Click to claim your prize. Thanks. Offer1550,spam
Please note: The project presentation is on Monday. Let me know. Ref1662,ham
Today: Earn money from home with our amazing opportunity. Reply when you can. Offer1351,spam
Just letting you know: Claim your exclusive reward before it expires. Thank you. Offer4741,spam
Please note: Get a special discount now! Limited time offer. Please reply. Offer9788,spam
Hi! I reached safely. Have a good day. Ref1642,ham
Hi! Your assignment is due tomorrow. Ref4392,ham
Hi! Free gift waiting for you. Claim your reward today. Let me know. Offer9635,spam
Special cash offer just for you. Reply now. Please reply. Offer9112,spam
Important: You are eligible for a special bonus. Apply immediately. Have a good day. Offer9303,spam
"Quick message: Hey, are we still meeting at 6 pm? Let me know. Ref7982",ham
Just letting you know: Special cash offer just for you. Reply now. Offer6059,spam
Just letting you know: Your assignment is due tomorrow. Ref7942,ham
Hi! Amazing deal! Get your bonus before the offer ends. Reply when you can. Offer5465,spam
Please note: Please remind me about the meeting. Ref7005,ham
Today: I will be there in ten minutes. Have a good day. Ref8629,ham
Just letting you know: Win a brand new phone today. Click to claim your prize. Offer3798,spam
Today: Special promotion! Get 90 percent off today. Have a good day. Offer2893,spam
Just letting you know: Your order has been delivered. Ref2784,ham
You have been chosen for a free vacation. Offer4488,spam
Your order has been delivered. Let me know. Ref4970,ham
"Hello! Congratulations, your number has won a cash bonus. Offer8419",spam
Important: WIN CASH NOW! Reply YES to receive your reward. Reply when you can. Offer7895,spam
Just letting you know: Let's have lunch together today. Please reply. Ref5410,ham
Quick message: I will call you after work. Please reply. Ref0619,ham
Reminder: Get a special discount now! Limited time offer. Thank you. Offer5787,spam
Quick message: Congratulations winner! Contact us to collect your prize. Thank you. Offer9773,spam
Please note: I reached safely. Ref1961,ham
Hello! See you tomorrow morning. Ref1885,ham
Just letting you know: Special promotion! Get 90 percent off today. Offer8339,spam
Reminder: Earn money from home with our amazing opportunity. Offer6126,spam
Hi! Congratulations! Your account has received a reward. Thank you. Offer6939,spam
Important: Earn money from home with our amazing opportunity. Let me know. Offer9035,spam
Reminder: I have sent the documents to your email. Please reply. Ref7714,ham
Hi! Let me know when you are available. Let me know. Ref4862,ham
Important: Please remind me about the meeting. Please reply. Ref1819,ham
Today: Let's have lunch together today. Ref9961,ham
Hello! Can you send me the notes from today's class? Thank you. Ref3565,ham
Hello! FREE entry to win a luxury car. Reply WIN now. Have a good day. Offer7424,spam
Reminder: Free membership available. Register today. Thank you. Offer7333,spam
Please note: What time does the train arrive? Thanks. Ref6416,ham
Reminder: Earn thousands from home. Join this opportunity now. Have a good day. Offer5073,spam
Just letting you know: Please submit the form before Friday. Ref4849,ham
Hello! Can you send me the notes from today's class? Reply when you can. Ref5742,ham
Please note: Can you send me the notes from today's class? Have a good day. Ref6415,ham
"Just letting you know: Congratulations, your number has won a cash bonus. Thanks. Offer4874",spam
Hi! Free coupon available now. Click to redeem. Offer7263,spam
Hello! Get rich quickly with this incredible money-making offer. Please reply. Offer6633,spam
Reminder: Act now to receive your free gift. Thank you. Offer1116,spam
Quick message: Limited offer! Buy now and get a huge discount. Have a good day. Offer1948,spam
Hi! You have won a shopping voucher. Click here now. Offer1861,spam
Today: Please check the attached report. Thank you. Ref6403,ham
Today: The class has been moved to room 204. Thank you. Ref4177,ham
Just letting you know: What time does the train arrive? Reply when you can. Ref5275,ham
Quick message: Please bring your laptop tomorrow. Thanks. Ref6373,ham
Please note: Limited offer! Buy now and get a huge discount. Offer9016,spam
Please note: I have sent the documents to your email. Please reply. Ref4091,ham
Hi! The meeting starts at 10 am. Thank you. Ref8376,ham
Claim your exclusive reward before it expires. Thank you. Offer4917,spam
Hi! You have won a shopping voucher. Click here now. Have a good day. Offer5793,spam
Today: Don't forget to bring your ID card. Thank you. Ref9988,ham
Today: Your order has been delivered. Thanks. Ref5306,ham
Hello! You have won a guaranteed reward. Respond now. Thanks. Offer5083,spam
Limited offer! Buy now and get a huge discount. Have a good day. Offer6388,spam
Please note: Act now to receive your free gift. Let me know. Offer4765,spam
Reminder: Your order has been delivered. Ref2911,ham
Hi! Exclusive offer available only today. Claim now. Have a good day. Offer0780,spam
"Today: Congratulations, your number has won a cash bonus. Thank you. Offer2802",spam
Today: Exclusive winner notification. Claim your cash prize. Please reply. Offer1499,spam
Just letting you know: Thanks for helping me yesterday. Have a good day. Ref0756,ham
Important: The project presentation is on Monday. Thanks. Ref1299,ham
Hello! Exclusive offer available only today. Claim now. Offer0502,spam
Please bring your laptop tomorrow. Ref2066,ham
Reminder: Free gift waiting for you. Claim your reward today. Thank you. Offer9185,spam
Hello! You have been chosen for a free vacation. Please reply. Offer5316,spam
Please note: The meeting starts at 10 am. Thanks. Ref8319,ham
Just letting you know: Can you pick up some groceries on your way? Have a good day. Ref0476,ham
Free gift waiting for you. Claim your reward today. Please reply. Offer1675,spam
Please note: Claim your exclusive reward before it expires. Offer2209,spam
Hello! The weather is nice today. Please reply. Ref9206,ham
I will be there in ten minutes. Thank you. Ref5089,ham
Reminder: Let's have lunch together today. Please reply. Ref8144,ham
Exclusive winner notification. Claim your cash prize. Let me know. Offer4840,spam
Important: You are eligible for a special bonus. Apply immediately. Offer6604,spam
Happy birthday! Have a wonderful day. Reply when you can. Ref8197,ham
Please note: See you tomorrow morning. Please reply. Ref3982,ham
"Reminder: Congratulations, your number has won a cash bonus. Thank you. Offer8294",spam
Hi! The class has been moved to room 204. Thanks. Ref8580,ham
Today: The weather is nice today. Please reply. Ref6540,ham
Hi! Special promotion! Get 90 percent off today. Have a good day. Offer0727,spam
Quick message: Let me know when you are available. Have a good day. Ref9182,ham
Your order has been delivered. Reply when you can. Ref7288,ham
Please bring your laptop tomorrow. Ref3562,ham
Hi! Win a brand new phone today. Click to claim your prize. Offer4560,spam
Hi! Don't forget to bring your ID card. Thank you. Ref3631,ham
Free membership available. Register today. Please reply. Offer8926,spam
Just letting you know: You have won a shopping voucher. Click here now. Offer8555,spam
Reminder: You are the lucky winner of a huge cash prize. Offer5502,spam
Quick message: Get rich quickly with this incredible money-making offer. Thank you. Offer0337,spam
Just letting you know: Let's have lunch together today. Let me know. Ref8371,ham
Today: I am waiting outside the office. Please reply. Ref3570,ham
"Hi! Hey, are we still meeting at 6 pm? Have a good day. Ref5860",ham
Please check the attached report. Let me know. Ref5185,ham
Just letting you know: Free coupon available now. Click to redeem. Please reply. Offer0128,spam
Reminder: Earn money from home with our amazing opportunity. Thank you. Offer2827,spam
Quick message: The project presentation is on Monday. Thanks. Ref4698,ham
Hello! WIN CASH NOW! Reply YES to receive your reward. Please reply. Offer2523,spam
Please note: Don't forget to bring your ID card. Reply when you can. Ref2203,ham
Reminder: Earn money from home with our amazing opportunity. Reply when you can. Offer4872,spam
Reminder: Happy birthday! Have a wonderful day. Ref2460,ham
Your order has been delivered. Thank you. Ref7608,ham
Quick message: You are selected for a free prize. Confirm your details. Let me know. Offer1965,spam
Hello! Please remind me about the meeting. Thank you. Ref5317,ham
Hello! You have won a guaranteed reward. Respond now. Have a good day. Offer0905,spam
Today: The meeting starts at 10 am. Ref6841,ham
Hello! I am going to the market now. Please reply. Ref6432,ham
Hello! Get a special discount now! Limited time offer. Let me know. Offer8139,spam
Win a brand new phone today. Click to claim your prize. Let me know. Offer6518,spam
Hello! Earn thousands from home. Join this opportunity now. Let me know. Offer4522,spam
Reminder: You have been chosen for a free vacation. Thanks. Offer8345,spam
Today: URGENT! You have been selected for a cash reward. Call now. Thanks. Offer9636,spam
Today: Act now to receive your free gift. Please reply. Offer5846,spam
Hi! The class has been moved to room 204. Reply when you can. Ref1845,ham
Just letting you know: Amazing deal! Get your bonus before the offer ends. Reply when you can. Offer7054,spam
Today: The project presentation is on Monday. Thanks. Ref8583,ham
Quick message: Exclusive winner notification. Claim your cash prize. Reply when you can. Offer0414,spam
Reminder: You are eligible for a special bonus. Apply immediately. Have a good day. Offer4449,spam
Just letting you know: Please check the attached report. Ref8114,ham
Important: Act now to receive your free gift. Thanks. Offer1330,spam
Today: Can you send me the notes from today's class? Ref5800,ham
Important: You are selected for a free prize. Confirm your details. Thanks. Offer2392,spam
Reminder: The project presentation is on Monday. Have a good day. Ref5788,ham
Important: Please submit the form before Friday. Thank you. Ref9296,ham
Quick message: You are eligible for a special bonus. Apply immediately. Let me know. Offer7212,spam
Today: Congratulations! Your account has received a reward. Thanks. Offer0681,spam
Today: I am waiting outside the office. Thanks. Ref5437,ham
Today: URGENT! You have been selected for a cash reward. Call now. Reply when you can. Offer5941,spam
Exclusive offer available only today. Claim now. Reply when you can. Offer4563,spam
Important: Can you send me the notes from today's class? Thanks. Ref1977,ham
"Congratulations, your number has won a cash bonus. Have a good day. Offer0476",spam
Limited offer! Buy now and get a huge discount. Let me know. Offer2703,spam
Please note: Get rich quickly with this incredible money-making offer. Have a good day. Offer8040,spam
Just letting you know: Free membership available. Register today. Please reply. Offer6573,spam
Hello! I reached safely. Ref5136,ham
Quick message: Free coupon available now. Click to redeem. Thanks. Offer5955,spam
Hello! Limited offer! Buy now and get a huge discount. Offer3197,spam
Quick message: Exclusive offer available only today. Claim now. Please reply. Offer0077,spam
Please note: Exclusive winner notification. Claim your cash prize. Offer4330,spam
Hi! The project presentation is on Monday. Please reply. Ref5475,ham
Quick message: Can you pick up some groceries on your way? Ref8105,ham
Important: I will call you after work. Have a good day. Ref0500,ham
Just letting you know: Can you pick up some groceries on your way? Reply when you can. Ref9035,ham
Quick message: Limited offer! Buy now and get a huge discount. Let me know. Offer5114,spam
Hi! You are selected for a free prize. Confirm your details. Offer5927,spam
Congratulations winner! Contact us to collect your prize. Let me know. Offer4651,spam
Please note: Are you free this evening? Please reply. Ref8124,ham
Important: Congratulations! Your account has received a reward. Please reply. Offer6210,spam
Reminder: Can you pick up some groceries on your way? Reply when you can. Ref4858,ham
Reminder: You have won a shopping voucher. Click here now. Thanks. Offer6063,spam
Reminder: URGENT! You have been selected for a cash reward. Call now. Please reply. Offer5249,spam
"Please note: Hey, are we still meeting at 6 pm? Thank you. Ref6316",ham
Reminder: Are you free this evening? Reply when you can. Ref0883,ham
Important: Can you share the Wi-Fi password? Please reply. Ref8365,ham
Reminder: Please submit the form before Friday. Ref1382,ham
Hi! Please bring your laptop tomorrow. Reply when you can. Ref9345,ham
Please check the attached report. Thank you. Ref3203,ham
Reminder: Earn money from home with our amazing opportunity. Have a good day. Offer1889,spam
Quick message: Win a brand new phone today. Click to claim your prize. Have a good day. Offer1127,spam
Just letting you know: Can you send me the notes from today's class? Have a good day. Ref0951,ham
Hello! Congratulations! Your account has received a reward. Offer4178,spam
Today: Earn money from home with our amazing opportunity. Let me know. Offer9155,spam
Hello! Can you share the Wi-Fi password? Let me know. Ref9702,ham
"Reminder: Hey, are we still meeting at 6 pm? Let me know. Ref3324",ham
Hello! Exclusive winner notification. Claim your cash prize. Reply when you can. Offer3745,spam
"Just letting you know: Congratulations, your number has won a cash bonus. Offer5068",spam
Today: Amazing deal! Get your bonus before the offer ends. Please reply. Offer5954,spam
Today: See you tomorrow morning. Please reply. Ref0002,ham
Reminder: Happy birthday! Have a wonderful day. Ref0640,ham
Just letting you know: FREE entry to win a luxury car. Reply WIN now. Reply when you can. Offer1928,spam
Please note: I am waiting outside the office. Ref4908,ham
"Hi! Hey, are we still meeting at 6 pm? Please reply. Ref6104",ham
Hello! URGENT! You have been selected for a cash reward. Call now. Thank you. Offer6830,spam
"Reminder: Congratulations, your number has won a cash bonus. Let me know. Offer9138",spam
Hi! Please submit the form before Friday. Ref1134,ham
Hi! Act now to receive your free gift. Offer6337,spam
Hi! You have been chosen for a free vacation. Thank you. Offer3810,spam
Reminder: Don't forget to bring your ID card. Thanks. Ref4981,ham
Just letting you know: Let me know when you are available. Please reply. Ref9565,ham
Today: Please remind me about the meeting. Let me know. Ref9219,ham
Hello! I will be there in ten minutes. Please reply. Ref0013,ham
Please note: Can you pick up some groceries on your way? Reply when you can. Ref1071,ham
Quick message: The weather is nice today. Let me know. Ref9319,ham
You have won a shopping voucher. Click here now. Have a good day. Offer5337,spam
Important: You are eligible for a special bonus. Apply immediately. Please reply. Offer9179,spam
Please note: Limited offer! Buy now and get a huge discount. Thanks. Offer0278,spam
Just letting you know: Please check the attached report. Thanks. Ref3688,ham
Hello! URGENT! You have been selected for a cash reward. Call now. Reply when you can. Offer0311,spam
Hi! Amazing deal! Get your bonus before the offer ends. Please reply. Offer1324,spam
Important: Please check the attached report. Let me know. Ref1230,ham
"Today: Congratulations, your number has won a cash bonus. Offer7768",spam
Hello! Exclusive offer available only today. Claim now. Let me know. Offer0530,spam
Quick message: I will call you after work. Thank you. Ref9169,ham
Hello! Your order has been delivered. Ref4601,ham
Today: The meeting starts at 10 am. Let me know. Ref9710,ham
Reminder: Congratulations! Your account has received a reward. Thanks. Offer4312,spam
"Please note: Congratulations, your number has won a cash bonus. Offer7389",spam
The class has been moved to room 204. Have a good day. Ref2541,ham
Hi! Congratulations winner! Contact us to collect your prize. Have a good day. Offer5293,spam
Quick message: Urgent reward notification. Claim before midnight. Thanks. Offer4460,spam
Just letting you know: See you tomorrow morning. Let me know. Ref3025,ham
Hello! Get rich quickly with this incredible money-making offer. Thank you. Offer3313,spam
Hello! Happy birthday! Have a wonderful day. Let me know. Ref6476,ham
Reminder: Act now to receive your free gift. Let me know. Offer0617,spam
Today: Please bring your laptop tomorrow. Have a good day. Ref4224,ham
Reminder: Please submit the form before Friday. Reply when you can. Ref2121,ham
Quick message: Special cash offer just for you. Reply now. Thank you. Offer5370,spam
Important: Can you pick up some groceries on your way? Ref1236,ham
Important: Let me know when you are available. Please reply. Ref3699,ham
Just letting you know: Get a special discount now! Limited time offer. Offer9558,spam
Important: You have won a guaranteed reward. Respond now. Let me know. Offer6860,spam
You are eligible for a special bonus. Apply immediately. Thanks. Offer8115,spam
Hi! Limited offer! Buy now and get a huge discount. Offer9030,spam
Please note: Your assignment is due tomorrow. Ref5305,ham
Reminder: You have been chosen for a free vacation. Reply when you can. Offer6309,spam
Today: Can you send me the notes from today's class? Thank you. Ref7977,ham
Please note: I am going to the market now. Please reply. Ref3725,ham
Just letting you know: Free coupon available now. Click to redeem. Please reply. Offer4796,spam
Just letting you know: See you tomorrow morning. Thank you. Ref7230,ham
Hi! Please check the attached report. Thank you. Ref8894,ham
Limited offer! Buy now and get a huge discount. Please reply. Offer4780,spam
Please note: Act now to receive your free gift. Thanks. Offer7464,spam
Reminder: Special cash offer just for you. Reply now. Reply when you can. Offer7850,spam
Just letting you know: Claim your exclusive reward before it expires. Let me know. Offer2222,spam
Quick message: Can you send me the notes from today's class? Thank you. Ref7781,ham
Just letting you know: The project presentation is on Monday. Ref8588,ham
Win a brand new phone today. Click to claim your prize. Thank you. Offer5480,spam
Free gift waiting for you. Claim your reward today. Have a good day. Offer5289,spam
Reminder: Can you share the Wi-Fi password? Ref0650,ham
Congratulations winner! Contact us to collect your prize. Have a good day. Offer3674,spam
Reminder: Earn thousands from home. Join this opportunity now. Have a good day. Offer5307,spam
"Hi! Hey, are we still meeting at 6 pm? Ref3916",ham
Hi! Act now to receive your free gift. Reply when you can. Offer2570,spam
Quick message: You have been chosen for a free vacation. Thank you. Offer4224,spam
Important: The class has been moved to room 204. Thanks. Ref9126,ham
Hello! Amazing deal! Get your bonus before the offer ends. Thank you. Offer3497,spam
Today: Claim your exclusive reward before it expires. Reply when you can. Offer1422,spam
Important: See you tomorrow morning. Have a good day. Ref5388,ham
Today: WIN CASH NOW! Reply YES to receive your reward. Offer1853,spam
Hi! The weather is nice today. Please reply. Ref3666,ham
Important: Free gift waiting for you. Claim your reward today. Offer0610,spam
Today: Limited offer! Buy now and get a huge discount. Thanks. Offer3435,spam
Hi! Can you share the Wi-Fi password? Ref5459,ham
Hello! You are the lucky winner of a huge cash prize. Offer0390,spam
Today: I reached safely. Thank you. Ref9551,ham
Reminder: Your order has been delivered. Thanks. Ref6896,ham
Hello! The class has been moved to room 204. Ref7671,ham
Please note: Your assignment is due tomorrow. Ref2753,ham
Hi! Congratulations! You have won a free prize. Claim now. Thank you. Offer6671,spam
Hi! Urgent reward notification. Claim before midnight. Please reply. Offer7664,spam
Reminder: Please check the attached report. Please reply. Ref4287,ham
Please submit the form before Friday. Please reply. Ref5320,ham
Thanks for helping me yesterday. Thanks. Ref9468,ham
Quick message: You have won a guaranteed reward. Respond now. Please reply. Offer9070,spam
Important: See you tomorrow morning. Please reply. Ref4330,ham
Today: Can you pick up some groceries on your way? Let me know. Ref9704,ham
Reminder: Get rich quickly with this incredible money-making offer. Please reply. Offer4516,spam
Hello! Get rich quickly with this incredible money-making offer. Thank you. Offer4217,spam
Hi! I am waiting outside the office. Please reply. Ref0831,ham
Important: I am going to the market now. Ref8872,ham
Important: Are you free this evening? Ref4695,ham
Earn thousands from home. Join this opportunity now. Reply when you can. Offer4679,spam
Hello! I am going to the market now. Please reply. Ref0051,ham
Quick message: WIN CASH NOW! Reply YES to receive your reward. Thank you. Offer1982,spam
Reminder: The weather is nice today. Ref9327,ham
Please note: Your assignment is due tomorrow. Thank you. Ref7997,ham
Free membership available. Register today. Have a good day. Offer2038,spam
Reminder: Congratulations! You have won a free prize. Claim now. Let me know. Offer3287,spam
Hello! Act now to receive your free gift. Please reply. Offer4175,spam
Important: You are eligible for a special bonus. Apply immediately. Thanks. Offer8002,spam
Reminder: FREE entry to win a luxury car. Reply WIN now. Thanks. Offer4805,spam
Quick message: Thanks for helping me yesterday. Reply when you can. Ref8412,ham
Quick message: You are the lucky winner of a huge cash prize. Please reply. Offer3691,spam
Please note: The weather is nice today. Thanks. Ref8456,ham
"Quick message: Congratulations, your number has won a cash bonus. Please reply. Offer1397",spam
Important: I have sent the documents to your email. Thanks. Ref2137,ham
Hello! The weather is nice today. Thanks. Ref0915,ham
Quick message: You have been chosen for a free vacation. Let me know. Offer7147,spam
Quick message: Amazing deal! Get your bonus before the offer ends. Thank you. Offer3184,spam
Hello! Special promotion! Get 90 percent off today. Have a good day. Offer9135,spam
Today: Congratulations! Your account has received a reward. Have a good day. Offer2534,spam
Important: I will be there in ten minutes. Please reply. Ref7966,ham
Today: Get rich quickly with this incredible money-making offer. Offer6315,spam
Important: You have been chosen for a free vacation. Offer3591,spam
Reminder: Please remind me about the meeting. Thank you. Ref6607,ham
Important: Can you send me the notes from today's class? Thank you. Ref0928,ham
Hi! Free coupon available now. Click to redeem. Let me know. Offer7951,spam
Important: Special cash offer just for you. Reply now. Please reply. Offer5001,spam
Important: Please call me when you reach home. Reply when you can. Ref6504,ham
Just letting you know: Thanks for helping me yesterday. Ref3763,ham
Just letting you know: Congratulations winner! Contact us to collect your prize. Let me know. Offer5639,spam
Please note: I will be there in ten minutes. Thank you. Ref0636,ham
Please note: Can you send me the notes from today's class? Let me know. Ref6462,ham
Today: Let me know when you are available. Have a good day. Ref3731,ham
Just letting you know: Please remind me about the meeting. Please reply. Ref8173,ham
Get a special discount now! Limited time offer. Thanks. Offer3014,spam
Free coupon available now. Click to redeem. Thanks. Offer9278,spam
"Today: Congratulations, your number has won a cash bonus. Let me know. Offer3784",spam
Reminder: Can you pick up some groceries on your way? Let me know. Ref5779,ham
I will be there in ten minutes. Thanks. Ref1587,ham
Please note: Let me know when you are available. Thanks. Ref2332,ham
Today: Can you pick up some groceries on your way? Ref3417,ham
I have sent the documents to your email. Ref3625,ham
Hi! WIN CASH NOW! Reply YES to receive your reward. Let me know. Offer3938,spam
Today: Get a special discount now! Limited time offer. Offer1628,spam
Quick message: You have won a guaranteed reward. Respond now. Please reply. Offer2998,spam
Hello! You are selected for a free prize. Confirm your details. Reply when you can. Offer2586,spam
Please note: Get rich quickly with this incredible money-making offer. Reply when you can. Offer8509,spam
Hello! Don't forget to bring your ID card. Let me know. Ref3365,ham
Free membership available. Register today. Thank you. Offer2923,spam
Hi! You are eligible for a special bonus. Apply immediately. Thank you. Offer9777,spam
Reminder: The class has been moved to room 204. Thank you. Ref3786,ham
I will call you after work. Reply when you can. Ref2007,ham
Hello! You are the lucky winner of a huge cash prize. Let me know. Offer0910,spam
Hi! Can you share the Wi-Fi password? Thank you. Ref9587,ham
"Hi! Congratulations, your number has won a cash bonus. Have a good day. Offer4364",spam
Hello! Win a brand new phone today. Click to claim your prize. Offer0583,spam
Limited offer! Buy now and get a huge discount. Thanks. Offer2425,spam
Important: The meeting starts at 10 am. Let me know. Ref8671,ham
Today: Free gift waiting for you. Claim your reward today. Offer2972,spam
Please check the attached report. Please reply. Ref9767,ham
Please note: What time does the train arrive? Let me know. Ref3484,ham
Reminder: Get rich quickly with this incredible money-making offer. Please reply. Offer1880,spam
Reminder: Congratulations! You have won a free prize. Claim now. Please reply. Offer1336,spam
Reminder: FREE entry to win a luxury car. Reply WIN now. Offer0426,spam
Quick message: Congratulations! Your account has received a reward. Offer8851,spam
Just letting you know: Get a special discount now! Limited time offer. Reply when you can. Offer6875,spam
Please note: You are selected for a free prize. Confirm your details. Offer3178,spam
Hello! Thanks for helping me yesterday. Thank you. Ref9768,ham
Hello! The weather is nice today. Thanks. Ref6131,ham
Reminder: Your assignment is due tomorrow. Let me know. Ref4976,ham
Just letting you know: Exclusive winner notification. Claim your cash prize. Thanks. Offer6324,spam
Important: See you tomorrow morning. Please reply. Ref4627,ham
Just letting you know: Thanks for helping me yesterday. Reply when you can. Ref0334,ham
Today: See you tomorrow morning. Let me know. Ref7768,ham
Limited offer! Buy now and get a huge discount. Let me know. Offer4305,spam
Today: The weather is nice today. Let me know. Ref6662,ham
Reminder: I reached safely. Have a good day. Ref6964,ham
Important: Your order has been delivered. Reply when you can. Ref6628,ham
Please note: You are eligible for a special bonus. Apply immediately. Thanks. Offer4489,spam
Today: Can you pick up some groceries on your way? Have a good day. Ref1019,ham
Today: Free gift waiting for you. Claim your reward today. Please reply. Offer4507,spam
"Congratulations, your number has won a cash bonus. Thanks. Offer7990",spam
Please note: I am waiting outside the office. Ref0432,ham
Today: Get rich quickly with this incredible money-making offer. Let me know. Offer5105,spam
Hello! Happy birthday! Have a wonderful day. Reply when you can. Ref7367,ham
Hello! The class has been moved to room 204. Thanks. Ref4256,ham
WIN CASH NOW! Reply YES to receive your reward. Please reply. Offer4341,spam
Please note: URGENT! You have been selected for a cash reward. Call now. Offer5273,spam
Today: Please submit the form before Friday. Have a good day. Ref0669,ham
Quick message: I am going to the market now. Let me know. Ref9572,ham
Please note: Please check the attached report. Have a good day. Ref9145,ham
Reminder: Earn money from home with our amazing opportunity. Thanks. Offer5775,spam
Quick message: Earn thousands from home. Join this opportunity now. Thank you. Offer8323,spam
Just letting you know: Your order has been delivered. Please reply. Ref5719,ham
Hello! Congratulations winner! Contact us to collect your prize. Reply when you can. Offer0456,spam
Hi! Don't forget to bring your ID card. Thank you. Ref5240,ham
Important: Your order has been delivered. Thank you. Ref9171,ham
Quick message: Can you share the Wi-Fi password? Thanks. Ref1515,ham
Important: Free membership available. Register today. Thank you. Offer2098,spam
Hello! Let me know when you are available. Ref7675,ham
Please note: I am going to the market now. Ref7783,ham
Quick message: Your order has been delivered. Please reply. Ref0148,ham
Hi! Let's have lunch together today. Ref4026,ham
Important: Get a special discount now! Limited time offer. Thanks. Offer6550,spam
Today: WIN CASH NOW! Reply YES to receive your reward. Thank you. Offer3239,spam
Please note: You are selected for a free prize. Confirm your details. Thanks. Offer3636,spam
Today: You are eligible for a special bonus. Apply immediately. Let me know. Offer3651,spam
Important: Can you share the Wi-Fi password? Thanks. Ref0274,ham
Quick message: Claim your exclusive reward before it expires. Thank you. Offer6084,spam
Quick message: Earn money from home with our amazing opportunity. Please reply. Offer6718,spam
Just letting you know: You have won a guaranteed reward. Respond now. Let me know. Offer7914,spam
Please note: Exclusive offer available only today. Claim now. Please reply. Offer9711,spam
Important: You are selected for a free prize. Confirm your details. Thank you. Offer0171,spam
Congratulations! You have won a free prize. Claim now. Have a good day. Offer8911,spam
Hello! The project presentation is on Monday. Ref9136,ham
Important: The class has been moved to room 204. Reply when you can. Ref4672,ham
Quick message: Please call me when you reach home. Please reply. Ref2491,ham
Just letting you know: Limited offer! Buy now and get a huge discount. Offer3513,spam
Just letting you know: You are eligible for a special bonus. Apply immediately. Have a good day. Offer0389,spam
Just letting you know: Please remind me about the meeting. Let me know. Ref6667,ham
Hi! Happy birthday! Have a wonderful day. Please reply. Ref3720,ham
Quick message: Free coupon available now. Click to redeem. Thank you. Offer3273,spam
Hello! Please submit the form before Friday. Ref6611,ham
Today: I reached safely. Have a good day. Ref3592,ham
Today: Amazing deal! Get your bonus before the offer ends. Let me know. Offer7913,spam
Important: Earn money from home with our amazing opportunity. Thank you. Offer9082,spam
Important: WIN CASH NOW! Reply YES to receive your reward. Thank you. Offer4776,spam
Please note: Can you send me the notes from today's class? Thanks. Ref6238,ham
Today: Can you share the Wi-Fi password? Let me know. Ref1888,ham
Today: Don't forget to bring your ID card. Please reply. Ref2171,ham
Just letting you know: Amazing deal! Get your bonus before the offer ends. Thank you. Offer2670,spam
Reminder: Win a brand new phone today. Click to claim your prize. Offer1610,spam
Please note: Please bring your laptop tomorrow. Thanks. Ref9897,ham
I reached safely. Please reply. Ref4859,ham
Just letting you know: Exclusive winner notification. Claim your cash prize. Have a good day. Offer0787,spam
Hi! Can you send me the notes from today's class? Please reply. Ref4746,ham
Reminder: Win a brand new phone today. Click to claim your prize. Have a good day. Offer0495,spam
Quick message: Win a brand new phone today. Click to claim your prize. Thank you. Offer5512,spam
Today: Urgent reward notification. Claim before midnight. Thanks. Offer1214,spam
Please note: I am going to the market now. Reply when you can. Ref7522,ham
Please note: Can we reschedule our appointment? Have a good day. Ref0941,ham
Today: Let's have lunch together today. Reply when you can. Ref8788,ham
Hi! I will call you after work. Ref6824,ham
Quick message: Please check the attached report. Ref6889,ham
Reminder: Your order has been delivered. Please reply. Ref5892,ham
Hello! I reached safely. Please reply. Ref9429,ham
Special cash offer just for you. Reply now. Thanks. Offer5496,spam
Hi! Your order has been delivered. Please reply. Ref1606,ham
Reminder: Win a brand new phone today. Click to claim your prize. Offer7795,spam
Hello! Don't forget to bring your ID card. Please reply. Ref7295,ham
Act now to receive your free gift. Please reply. Offer8755,spam
Quick message: You are eligible for a special bonus. Apply immediately. Have a good day. Offer0429,spam
"Just letting you know: Hey, are we still meeting at 6 pm? Let me know. Ref7271",ham
Quick message: Congratulations! You have won a free prize. Claim now. Thanks. Offer5297,spam
Please note: Congratulations! Your account has received a reward. Thank you. Offer1872,spam
Please note: Please check the attached report. Thank you. Ref0719,ham
Just letting you know: Your assignment is due tomorrow. Let me know. Ref7775,ham
Hello! Please remind me about the meeting. Let me know. Ref3861,ham
Hello! Can we reschedule our appointment? Please reply. Ref4582,ham
Just letting you know: Act now to receive your free gift. Offer2439,spam
Please note: Get rich quickly with this incredible money-making offer. Reply when you can. Offer1768,spam
Today: I am going to the market now. Please reply. Ref2246,ham
Reminder: I am going to the market now. Let me know. Ref7946,ham
Reminder: WIN CASH NOW! Reply YES to receive your reward. Reply when you can. Offer0857,spam
Your assignment is due tomorrow. Ref6223,ham
Hi! Free membership available. Register today. Reply when you can. Offer0699,spam
Please note: Congratulations winner! Contact us to collect your prize. Have a good day. Offer5967,spam
Just letting you know: Exclusive offer available only today. Claim now. Thanks. Offer1415,spam
Hello! See you tomorrow morning. Thanks. Ref4548,ham
Hello! Please bring your laptop tomorrow. Please reply. Ref6800,ham
Today: Amazing deal! Get your bonus before the offer ends. Please reply. Offer0809,spam
Hi! Earn thousands from home. Join this opportunity now. Let me know. Offer6133,spam
Please note: Free gift waiting for you. Claim your reward today. Please reply. Offer7953,spam
Today: Limited offer! Buy now and get a huge discount. Thank you. Offer8273,spam
Please note: I will be there in ten minutes. Please reply. Ref2739,ham
Please note: Please submit the form before Friday. Let me know. Ref9244,ham
Please remind me about the meeting. Let me know. Ref0983,ham
Just letting you know: Congratulations! Your account has received a reward. Reply when you can. Offer5500,spam
Hello! Congratulations! You have won a free prize. Claim now. Thank you. Offer9193,spam
Today: Please remind me about the meeting. Please reply. Ref7407,ham
Reminder: I am going to the market now. Reply when you can. Ref2987,ham
Important: You are the lucky winner of a huge cash prize. Have a good day. Offer5277,spam
Reminder: Let's have lunch together today. Let me know. Ref2924,ham
Today: I am going to the market now. Have a good day. Ref5875,ham
Please note: The meeting starts at 10 am. Let me know. Ref6010,ham
Hi! Get a special discount now! Limited time offer. Let me know. Offer4673,spam
Today: The weather is nice today. Thanks. Ref0509,ham
Congratulations! Your account has received a reward. Please reply. Offer3589,spam
Today: Free membership available. Register today. Thanks. Offer6840,spam
Today: Congratulations! Your account has received a reward. Let me know. Offer6794,spam
Just letting you know: Are you free this evening? Ref5489,ham
Hi! Let's have lunch together today. Reply when you can. Ref2479,ham
Reminder: See you tomorrow morning. Thanks. Ref4826,ham
Happy birthday! Have a wonderful day. Ref9930,ham
Hello! Urgent reward notification. Claim before midnight. Have a good day. Offer7485,spam
Reminder: Exclusive winner notification. Claim your cash prize. Thank you. Offer8748,spam
Important: WIN CASH NOW! Reply YES to receive your reward. Thank you. Offer6198,spam
Important: Can we reschedule our appointment? Thank you. Ref3078,ham
Limited offer! Buy now and get a huge discount. Thanks. Offer0594,spam
Important: See you tomorrow morning. Thank you. Ref9550,ham
Quick message: You have won a shopping voucher. Click here now. Offer1877,spam
Just letting you know: Can we reschedule our appointment? Please reply. Ref2478,ham
Reminder: Congratulations! Your account has received a reward. Let me know. Offer6175,spam
Please note: Please check the attached report. Let me know. Ref4171,ham
Please note: I am going to the market now. Let me know. Ref3581,ham
Hi! You have won a shopping voucher. Click here now. Reply when you can. Offer5275,spam
Hi! Let's have lunch together today. Thanks. Ref7266,ham
Important: Can you share the Wi-Fi password? Ref2974,ham
Today: Don't forget to bring your ID card. Please reply. Ref9174,ham
Just letting you know: Happy birthday! Have a wonderful day. Ref0007,ham
Just letting you know: You are selected for a free prize. Confirm your details. Offer5820,spam
Quick message: You are selected for a free prize. Confirm your details. Offer5687,spam
Reminder: I have sent the documents to your email. Reply when you can. Ref7570,ham
Just letting you know: Exclusive winner notification. Claim your cash prize. Reply when you can. Offer6471,spam
Reminder: Act now to receive your free gift. Let me know. Offer8427,spam
Today: Free gift waiting for you. Claim your reward today. Thanks. Offer7798,spam
Reminder: Free membership available. Register today. Please reply. Offer8815,spam
Reminder: Act now to receive your free gift. Reply when you can. Offer9071,spam
Claim your exclusive reward before it expires. Offer7616,spam
Just letting you know: Can you pick up some groceries on your way? Please reply. Ref3032,ham
Just letting you know: Let's have lunch together today. Thank you. Ref2158,ham
Just letting you know: Let me know when you are available. Let me know. Ref1361,ham
Hello! The weather is nice today. Let me know. Ref3238,ham
Today: Happy birthday! Have a wonderful day. Ref4630,ham
Today: Free gift waiting for you. Claim your reward today. Please reply. Offer3658,spam
Today: Free membership available. Register today. Offer4279,spam
Quick message: Can we reschedule our appointment? Reply when you can. Ref8551,ham
Hi! I will be there in ten minutes. Thanks. Ref3525,ham
"Hello! Congratulations, your number has won a cash bonus. Thanks. Offer9535",spam
Today: Can we reschedule our appointment? Ref3087,ham
Please note: Win a brand new phone today. Click to claim your prize. Have a good day. Offer1288,spam
Important: The project presentation is on Monday. Have a good day. Ref0040,ham
Important: Thanks for helping me yesterday. Please reply. Ref2499,ham
Hello! Please call me when you reach home. Reply when you can. Ref5469,ham
Just letting you know: URGENT! You have been selected for a cash reward. Call now. Offer3051,spam
Please note: The project presentation is on Monday. Thanks. Ref1119,ham
Quick message: The weather is nice today. Thanks. Ref5814,ham
Today: The class has been moved to room 204. Have a good day. Ref1751,ham
Hello! I have sent the documents to your email. Let me know. Ref3679,ham
Quick message: Congratulations! Your account has received a reward. Reply when you can. Offer3301,spam
Important: Free gift waiting for you. Claim your reward today. Let me know. Offer0831,spam
Reminder: Congratulations! You have won a free prize. Claim now. Offer3795,spam
Reminder: FREE entry to win a luxury car. Reply WIN now. Have a good day. Offer7944,spam
Hi! Special cash offer just for you. Reply now. Offer2061,spam
Please note: Free membership available. Register today. Let me know. Offer2490,spam
Just letting you know: You are the lucky winner of a huge cash prize. Please reply. Offer2002,spam
Quick message: Happy birthday! Have a wonderful day. Thank you. Ref0184,ham
Free coupon available now. Click to redeem. Please reply. Offer9835,spam
Today: Win a brand new phone today. Click to claim your prize. Let me know. Offer2776,spam
Please note: Exclusive offer available only today. Claim now. Reply when you can. Offer5366,spam
Reminder: Your order has been delivered. Have a good day. Ref4153,ham
Free membership available. Register today. Thanks. Offer2327,spam
Reminder: You have won a guaranteed reward. Respond now. Let me know. Offer6670,spam
Please note: I am going to the market now. Thanks. Ref3248,ham
Reminder: The project presentation is on Monday. Let me know. Ref5971,ham
Hello! You are selected for a free prize. Confirm your details. Offer8963,spam
Hi! Exclusive winner notification. Claim your cash prize. Please reply. Offer4063,spam
Hi! The class has been moved to room 204. Thank you. Ref6806,ham
Quick message: You have won a shopping voucher. Click here now. Have a good day. Offer2875,spam
Reminder: The weather is nice today. Thanks. Ref2311,ham
Quick message: Please remind me about the meeting. Please reply. Ref3282,ham
Hello! Please submit the form before Friday. Thank you. Ref2722,ham
Please note: Thanks for helping me yesterday. Thanks. Ref8931,ham
Hi! Amazing deal! Get your bonus before the offer ends. Please reply. Offer9459,spam
Just letting you know: FREE entry to win a luxury car. Reply WIN now. Offer6938,spam
Quick message: Exclusive offer available only today. Claim now. Let me know. Offer1095,spam
Just letting you know: The weather is nice today. Thank you. Ref0492,ham
Hi! Get a special discount now! Limited time offer. Let me know. Offer7857,spam
Hi! Special promotion! Get 90 percent off today. Thank you. Offer1027,spam
Hello! Act now to receive your free gift. Reply when you can. Offer8235,spam
Today: FREE entry to win a luxury car. Reply WIN now. Please reply. Offer9417,spam
Hi! Can you share the Wi-Fi password? Thank you. Ref6910,ham
Hello! Thanks for helping me yesterday. Thanks. Ref0276,ham
Hello! Urgent reward notification. Claim before midnight. Thank you. Offer6037,spam
Just letting you know: Your order has been delivered. Have a good day. Ref6618,ham
Today: Free coupon available now. Click to redeem. Offer3951,spam
Quick message: Act now to receive your free gift. Please reply. Offer0055,spam
Hello! Earn thousands from home. Join this opportunity now. Let me know. Offer0668,spam
Hello! Congratulations! You have won a free prize. Claim now. Thanks. Offer9621,spam
Please note: Your order has been delivered. Reply when you can. Ref7503,ham
Please note: Please call me when you reach home. Let me know. Ref9026,ham
Please note: Earn money from home with our amazing opportunity. Offer2183,spam
Please note: Limited offer! Buy now and get a huge discount. Let me know. Offer0874,spam
Today: Congratulations! Your account has received a reward. Let me know. Offer1810,spam
Quick message: Let me know when you are available. Thanks. Ref0457,ham
Just letting you know: Congratulations winner! Contact us to collect your prize. Please reply. Offer0147,spam
Reminder: Your assignment is due tomorrow. Please reply. Ref8260,ham
I am waiting outside the office. Thanks. Ref8525,ham
Important: Amazing deal! Get your bonus before the offer ends. Reply when you can. Offer5897,spam
Act now to receive your free gift. Let me know. Offer3642,spam
Just letting you know: Act now to receive your free gift. Offer3813,spam
Important: Win a brand new phone today. Click to claim your prize. Thank you. Offer0285,spam
Hi! Please bring your laptop tomorrow. Reply when you can. Ref1053,ham
"Reminder: Congratulations, your number has won a cash bonus. Have a good day. Offer9313",spam
I have sent the documents to your email. Thank you. Ref3751,ham
Important: Special cash offer just for you. Reply now. Thank you. Offer0396,spam
Today: Let's have lunch together today. Thanks. Ref7297,ham
Hi! Earn money from home with our amazing opportunity. Have a good day. Offer9308,spam
Earn thousands from home. Join this opportunity now. Offer0167,spam
I have sent the documents to your email. Thanks. Ref8526,ham
Hi! Get a special discount now! Limited time offer. Thanks. Offer7601,spam
Can we reschedule our appointment? Let me know. Ref4329,ham
Just letting you know: Special promotion! Get 90 percent off today. Let me know. Offer7617,spam
Hello! Let's have lunch together today. Please reply. Ref5341,ham
Today: Limited offer! Buy now and get a huge discount. Reply when you can. Offer6533,spam
Just letting you know: Congratulations! You have won a free prize. Claim now. Reply when you can. Offer8104,spam
Reminder: Congratulations winner! Contact us to collect your prize. Please reply. Offer4369,spam
Quick message: Special cash offer just for you. Reply now. Let me know. Offer3267,spam
Hello! Let's have lunch together today. Have a good day. Ref4921,ham
Just letting you know: I will be there in ten minutes. Let me know. Ref3757,ham
Get rich quickly with this incredible money-making offer. Reply when you can. Offer5663,spam
Just letting you know: Please bring your laptop tomorrow. Thanks. Ref0705,ham
Just letting you know: Special cash offer just for you. Reply now. Thanks. Offer3312,spam
Important: Let's have lunch together today. Let me know. Ref6158,ham
Reminder: Your order has been delivered. Please reply. Ref5342,ham
Quick message: Act now to receive your free gift. Offer1983,spam
Important: You are the lucky winner of a huge cash prize. Let me know. Offer1186,spam
Hi! Special promotion! Get 90 percent off today. Thank you. Offer8710,spam
Quick message: You are eligible for a special bonus. Apply immediately. Please reply. Offer8275,spam
Hi! Special cash offer just for you. Reply now. Thanks. Offer0471,spam
Let's have lunch together today. Thanks. Ref7384,ham
Today: Thanks for helping me yesterday. Thanks. Ref2349,ham
Please note: You are the lucky winner of a huge cash prize. Reply when you can. Offer3649,spam
Important: Please remind me about the meeting. Please reply. Ref2776,ham
Please note: WIN CASH NOW! Reply YES to receive your reward. Let me know. Offer3174,spam
Hi! Get rich quickly with this incredible money-making offer. Offer1821,spam
Reminder: FREE entry to win a luxury car. Reply WIN now. Reply when you can. Offer1643,spam
Special cash offer just for you. Reply now. Reply when you can. Offer9957,spam
"Congratulations, your number has won a cash bonus. Let me know. Offer2708",spam
Please note: Free gift waiting for you. Claim your reward today. Offer9830,spam
Please remind me about the meeting. Thank you. Ref0118,ham
Hi! Free gift waiting for you. Claim your reward today. Let me know. Offer4987,spam
Important: URGENT! You have been selected for a cash reward. Call now. Thanks. Offer2429,spam
Quick message: Your assignment is due tomorrow. Thank you. Ref2017,ham
Important: I reached safely. Thanks. Ref8902,ham
Please submit the form before Friday. Let me know. Ref8468,ham
Hello! You are eligible for a special bonus. Apply immediately. Offer9471,spam
"Hello! Congratulations, your number has won a cash bonus. Please reply. Offer9321",spam
Hi! Get a special discount now! Limited time offer. Offer4367,spam
Reminder: You have won a shopping voucher. Click here now. Offer2265,spam
Reminder: The class has been moved to room 204. Please reply. Ref5319,ham
Just letting you know: Are you free this evening? Please reply. Ref3962,ham
Hi! What time does the train arrive? Please reply. Ref0615,ham
Hi! FREE entry to win a luxury car. Reply WIN now. Thanks. Offer3364,spam
Just letting you know: I am going to the market now. Thank you. Ref7808,ham
Hi! I will be there in ten minutes. Let me know. Ref9849,ham
Please note: Can we reschedule our appointment? Let me know. Ref9584,ham
Today: Win a brand new phone today. Click to claim your prize. Thanks. Offer1620,spam
Today: Please submit the form before Friday. Thanks. Ref1136,ham
Today: You are eligible for a special bonus. Apply immediately. Let me know. Offer1886,spam
Hello! Exclusive winner notification. Claim your cash prize. Please reply. Offer4230,spam
Hi! Limited offer! Buy now and get a huge discount. Thanks. Offer2892,spam
Please note: Congratulations winner! Contact us to collect your prize. Offer6699,spam
Hi! Get a special discount now! Limited time offer. Please reply. Offer8076,spam
Important: You are selected for a free prize. Confirm your details. Offer8413,spam
Reminder: Happy birthday! Have a wonderful day. Let me know. Ref3348,ham
Free coupon available now. Click to redeem. Offer5752,spam
Hi! Win a brand new phone today. Click to claim your prize. Have a good day. Offer8102,spam
Today: URGENT! You have been selected for a cash reward. Call now. Thank you. Offer2789,spam
Just letting you know: Exclusive offer available only today. Claim now. Please reply. Offer2107,spam
Please note: Exclusive offer available only today. Claim now. Reply when you can. Offer0761,spam
"Important: Hey, are we still meeting at 6 pm? Ref4749",ham
Please note: Can you send me the notes from today's class? Reply when you can. Ref8402,ham
Reminder: Please submit the form before Friday. Thank you. Ref7582,ham
Just letting you know: The weather is nice today. Let me know. Ref6835,ham
You are eligible for a special bonus. Apply immediately. Please reply. Offer1638,spam
Please note: Happy birthday! Have a wonderful day. Please reply. Ref9422,ham
Hello! Can you share the Wi-Fi password? Please reply. Ref4580,ham
Reminder: Let me know when you are available. Let me know. Ref9668,ham
Can you share the Wi-Fi password? Thank you. Ref6725,ham
Quick message: Can you pick up some groceries on your way? Thank you. Ref5893,ham
Reminder: Exclusive winner notification. Claim your cash prize. Please reply. Offer0028,spam
Hi! Are you free this evening? Thanks. Ref5571,ham
Today: Happy birthday! Have a wonderful day. Reply when you can. Ref7584,ham
Reminder: URGENT! You have been selected for a cash reward. Call now. Have a good day. Offer6757,spam
Hi! Can we reschedule our appointment? Reply when you can. Ref3398,ham
Quick message: Special promotion! Get 90 percent off today. Have a good day. Offer0933,spam
Hello! URGENT! You have been selected for a cash reward. Call now. Please reply. Offer8210,spam
Quick message: Limited offer! Buy now and get a huge discount. Let me know. Offer2267,spam
Please note: Please submit the form before Friday. Please reply. Ref3309,ham
Just letting you know: Please call me when you reach home. Reply when you can. Ref3973,ham
Important: I have sent the documents to your email. Have a good day. Ref0667,ham
Please note: You have won a shopping voucher. Click here now. Have a good day. Offer0590,spam
Hi! Congratulations! You have won a free prize. Claim now. Thank you. Offer2067,spam
Please note: You are eligible for a special bonus. Apply immediately. Let me know. Offer7831,spam
Quick message: Please remind me about the meeting. Thanks. Ref3066,ham
Today: You are eligible for a special bonus. Apply immediately. Reply when you can. Offer8424,spam
Important: The meeting starts at 10 am. Reply when you can. Ref1475,ham
Hello! Can we reschedule our appointment? Reply when you can. Ref8275,ham
Just letting you know: You are the lucky winner of a huge cash prize. Thanks. Offer3585,spam
Just letting you know: You are eligible for a special bonus. Apply immediately. Please reply. Offer1536,spam
Important: Please bring your laptop tomorrow. Have a good day. Ref5261,ham
Please note: Can you pick up some groceries on your way? Let me know. Ref7566,ham
Reminder: Exclusive offer available only today. Claim now. Thank you. Offer1268,spam
Quick message: Win a brand new phone today. Click to claim your prize. Please reply. Offer8054,spam
Quick message: You are the lucky winner of a huge cash prize. Thank you. Offer8045,spam
Please note: Claim your exclusive reward before it expires. Thanks. Offer9821,spam
Happy birthday! Have a wonderful day. Please reply. Ref0687,ham
Hi! Special promotion! Get 90 percent off today. Reply when you can. Offer8484,spam
