Pressure,global_radiation,temp_mean(c),temp_min(c),temp_max(c),Wind_Speed,Wind_Bearing,normalized_label
971.5,0.25,9.0,7.0,10.7,0.0,0,0
972.3,0.97,10.5,6.7,13.5,0.0,0,0
972.4,0.74,6.5,3.9,9.1,0.0,0,0
973.2,0.15,5.1,3.7,7.7,0.0,0,0
975.7,0.12,5.2,2.6,8.3,0.0,0,0
975.9,0.18,4.9,3.8,7.4,0.0,0,0
976.8,0.27,5.8,4.4,7.1,0.0,0,1
976.8,0.35,9.2,7.7,9.2,0.0,0,0
977.3,0.59,11.2,9.3,13.2,0.0,0,0
977.7,0.64,9.0,5.4,12.1,0.0,0,0
978.9,0.14,2.4,0.6,4.7,0.0,0,0
979.1,0.18,8.5,6.5,9.6,0.0,0,0
979.2,0.86,10.4,7.8,13.6,0.0,0,1
979.7,0.31,8.9,6.8,11.0,0.0,0,0
980.6,1.01,3.5,0.6,7.1,0.0,0,0
980.7,0.2,8.6,5.6,9.6,0.0,0,0
980.9,2.12,9.5,5.5,14.8,0.0,0,1
981.1,0.71,8.9,6.5,12.3,0.0,0,0
981.3,0.69,10.0,8.6,13.3,0.0,0,0
981.4,0.18,8.7,8.0,9.5,0.0,0,0
981.5,0.4,9.4,7.0,11.6,0.0,0,0
981.5,0.32,8.4,4.7,11.6,0.0,0,0
981.6,0.38,9.6,8.0,11.2,0.0,0,0
981.8,0.31,10.1,7.7,12.1,0.0,0,0
982.1,0.86,10.8,8.7,13.5,0.0,0,1
982.1,0.15,8.5,4.7,11.5,0.0,0,0
982.3,0.67,3.6,0.8,6.5,0.0,0,0
982.7,0.22,5.8,4.0,7.6,0.0,0,0
982.8,0.21,8.2,5.5,10.8,0.0,0,0
982.9,0.67,10.9,7.7,15.2,0.0,0,1
982.9,1.04,5.8,3.1,8.4,0.0,0,1
982.9,1.01,4.1,0.6,7.1,0.0,0,0
983.1,0.83,9.8,6.3,14.3,0.0,0,0
983.2,0.48,14.6,12.9,12.1,0.0,0,0
983.3,0.24,5.9,4.5,7.5,0.0,0,0
983.7,0.16,7.6,5.4,9.8,0.0,0,0
983.7,0.17,9.9,9.0,10.5,0.0,0,0
983.8,0.76,6.3,3.8,8.1,0.0,0,0
983.9,0.15,9.4,6.9,12.0,0.0,0,0
984.0,0.45,3.1,1.1,6.5,0.0,0,0
984.1,0.61,4.2,1.8,9.2,0.0,0,0
984.3,0.3,8.5,6.5,10.5,0.0,0,0
984.4,0.13,1.8,0.9,3.0,0.0,0,0
984.5,0.52,9.6,6.3,12.9,0.0,0,1
984.5,0.41,4.8,-0.3,9.8,0.0,0,1
984.7,0.28,9.6,7.9,11.4,0.0,0,1
984.7,1.28,9.3,7.0,13.5,0.0,0,0
984.7,0.2,6.9,5.5,6.5,0.0,0,0
984.7,0.14,1.3,-0.2,2.4,0.0,0,0
985.1,0.11,9.2,7.1,10.3,37.03,150,2
985.2,0.67,8.3,4.9,12.0,0.0,0,0
985.2,0.13,7.2,6.7,8.5,0.0,0,0
985.3,0.72,6.8,3.3,12.6,0.0,0,0
985.4,0.7,7.2,5.4,9.0,36.64,140,3
985.6,0.69,8.1,5.2,11.0,0.0,0,1
985.6,0.31,8.2,5.9,11.2,0.0,0,0
985.7,0.4,7.7,6.6,9.4,0.0,0,0
985.8,0.75,10.0,5.2,14.1,0.0,0,1
985.8,0.66,9.4,7.7,12.1,0.0,0,0
985.9,0.7,9.1,5.7,12.8,0.0,0,1
986.0,0.4,8.1,6.2,10.3,38.64,160,2
986.1,0.17,4.0,0.1,8.0,27.16,169,2
986.2,0.31,6.4,2.5,10.4,0.0,0,0
986.3,0.15,10.0,8.6,7.5,30.59,130,2
986.3,0.19,1.1,-0.3,2.0,30.59,130,2
986.5,0.15,7.5,4.5,9.7,0.0,0,0
986.7,2.07,10.2,3.3,14.7,0.0,0,1
986.8,0.27,8.9,7.5,10.3,0.0,0,0
986.9,0.31,0.9,-1.1,5.4,32.2,160,3
986.9,0.18,0.7,-0.6,2.6,32.2,160,2
987.0,0.29,5.2,2.4,7.9,30.59,130,3
987.0,0.46,6.7,4.8,8.8,30.59,130,2
987.0,0.18,10.1,7.7,12.6,30.59,130,2
987.1,0.11,0.7,-0.2,1.5,25.76,150,2
987.4,0.19,10.2,8.4,11.2,26.11,147,2
987.4,0.19,10.2,8.4,11.2,28.98,160,2
987.4,0.11,7.6,6.2,10.7,26.11,147,2
987.4,0.11,7.6,6.2,10.7,28.98,160,2
987.4,0.14,0.9,-0.1,2.3,26.11,147,2
987.4,0.14,0.9,-0.1,2.3,28.98,160,2
987.5,0.45,10.2,7.1,13.2,0.0,0,1
987.5,0.57,7.2,3.6,11.4,0.0,0,1
987.5,0.17,6.1,2.6,11.2,0.0,0,0
987.5,0.23,4.8,2.1,8.8,0.0,0,0
987.7,0.18,5.2,2.3,6.6,0.0,0,0
987.7,0.18,8.2,6.9,9.4,0.0,0,0
987.7,0.13,6.1,5.2,7.2,0.0,0,0
987.8,0.21,10.5,7.9,13.5,20.93,160,2
987.8,1.39,11.6,6.4,15.8,20.93,160,2
987.8,0.28,8.8,5.5,10.6,20.93,160,2
987.8,0.34,6.0,4.4,6.8,20.93,160,2
987.8,0.21,9.8,7.5,13.2,20.93,160,2
987.8,0.45,7.0,4.6,9.8,20.93,160,2
987.9,2.65,9.9,5.5,14.4,0.0,0,1
987.9,0.12,0.8,-4.3,8.0,0.0,0,0
988.1,0.45,1.2,-2.3,6.8,0.0,0,0
988.1,0.29,5.3,-0.5,10.8,0.0,0,0
988.2,0.28,7.5,6.5,9.0,0.0,0,0
988.2,0.1,8.6,6.1,11.9,0.0,0,0
988.2,0.17,1.8,0.3,2.7,0.0,0,0
988.3,0.54,10.8,8.0,16.0,23.28,151,2
988.3,0.33,8.2,6.5,10.5,23.28,151,2
988.3,0.14,1.4,0.2,2.6,23.28,151,2
988.4,0.41,11.2,7.9,12.4,0.0,0,1
988.5,0.39,7.6,6.1,7.1,30.38,171,3
988.5,0.14,10.5,7.8,13.5,30.38,171,2
988.5,0.23,7.8,6.4,10.2,30.38,171,2
988.5,0.35,3.2,2.1,5.4,30.38,171,2
988.5,0.37,13.6,10.6,16.0,30.38,171,2
988.5,0.23,5.3,3.2,6.9,30.38,171,2
988.5,0.13,9.3,7.6,11.7,30.38,171,2
988.6,0.15,7.6,6.4,8.9,28.11,1,2
988.6,0.15,7.6,6.4,8.9,29.41,340,2
988.6,0.3,7.3,4.7,11.4,28.11,1,2
988.6,0.3,7.3,4.7,11.4,29.41,340,2
988.7,0.17,8.8,5.4,10.0,17.71,150,2
988.7,0.17,8.8,5.4,10.0,29.88,350,2
988.7,0.45,9.9,7.6,13.2,17.71,150,2
988.7,0.45,9.9,7.6,13.2,29.88,350,2
988.8,0.12,6.1,4.9,7.3,6.44,160,0
988.9,0.36,4.0,0.9,6.1,0.0,0,0
988.9,0.36,4.0,0.9,6.1,29.64,340,2
988.9,1.3,6.2,3.9,8.5,0.0,0,0
988.9,1.3,6.2,3.9,8.5,29.64,340,2
988.9,0.14,2.6,0.4,5.4,0.0,0,0
988.9,0.14,2.6,0.4,5.4,29.64,340,2
988.9,0.65,8.5,5.9,12.0,0.0,0,0
988.9,0.65,8.5,5.9,12.0,29.64,340,2
988.9,0.6,8.9,1.8,15.4,0.0,0,0
988.9,0.6,8.9,1.8,15.4,29.64,340,2
988.9,0.21,2.0,0.7,3.3,0.0,0,0
988.9,0.21,2.0,0.7,3.3,29.64,340,2
989.0,0.11,5.7,4.4,7.1,12.88,250,0
989.1,0.34,7.8,6.1,9.2,3.22,270,1
989.1,0.34,7.8,6.1,9.2,8.05,260,1
989.1,0.34,7.8,6.1,9.2,1.22,158,1
989.1,0.34,7.8,6.1,9.2,9.66,160,1
989.1,0.34,7.8,6.1,9.2,12.88,240,1
989.1,0.85,9.4,7.4,11.0,3.22,270,0
989.1,0.85,9.4,7.4,11.0,8.05,260,0
989.1,0.85,9.4,7.4,11.0,1.22,158,0
989.1,0.85,9.4,7.4,11.0,9.66,160,0
989.1,0.85,9.4,7.4,11.0,12.88,240,0
989.1,0.35,8.3,6.5,11.2,3.22,270,0
989.1,0.35,8.3,6.5,11.2,8.05,260,0
989.1,0.35,8.3,6.5,11.2,1.22,158,0
989.1,0.35,8.3,6.5,11.2,9.66,160,0
989.1,0.35,8.3,6.5,11.2,12.88,240,0
989.1,0.47,6.1,4.3,8.5,3.22,270,0
989.1,0.47,6.1,4.3,8.5,8.05,260,0
989.1,0.47,6.1,4.3,8.5,1.22,158,0
989.1,0.47,6.1,4.3,8.5,9.66,160,0
989.1,0.47,6.1,4.3,8.5,12.88,240,0
989.2,0.33,10.6,6.7,12.5,17.71,290,2
989.3,0.34,7.5,6.3,9.6,0.0,0,1
989.3,0.66,11.1,9.4,13.3,0.0,0,0
989.4,0.15,3.4,0.3,5.1,3.22,180,0
989.4,0.15,3.4,0.3,5.1,12.88,150,0
989.4,0.15,3.4,0.3,5.1,4.83,130,0
989.4,0.12,11.2,10.1,11.2,3.22,180,0
989.4,0.12,11.2,10.1,11.2,12.88,150,0
989.4,0.12,11.2,10.1,11.2,4.83,130,0
989.4,0.33,4.7,4.2,6.1,3.22,180,0
989.4,0.33,4.7,4.2,6.1,12.88,150,0
989.4,0.33,4.7,4.2,6.1,4.83,130,0
989.4,0.56,8.6,8.2,6.0,3.22,180,0
989.4,0.56,8.6,8.2,6.0,12.88,150,0
989.4,0.56,8.6,8.2,6.0,4.83,130,0
989.4,0.68,8.3,5.0,11.7,3.22,180,0
989.4,0.68,8.3,5.0,11.7,12.88,150,0
989.4,0.68,8.3,5.0,11.7,4.83,130,0
989.5,0.18,10.4,5.7,15.1,6.44,260,1
989.5,0.37,10.0,6.7,10.4,6.44,260,0
989.5,0.15,6.6,3.7,7.6,6.44,260,0
989.6,0.39,3.1,-1.5,7.7,0.0,0,1
989.6,0.22,0.6,-2.8,3.9,0.0,0,0
989.7,1.19,9.7,6.6,12.7,25.76,120,2
989.7,1.19,9.7,6.6,12.7,22.54,280,2
989.7,0.82,9.8,6.3,11.6,25.76,120,2
989.7,0.82,9.8,6.3,11.6,22.54,280,2
989.7,0.61,3.9,1.2,4.7,25.76,120,2
989.7,0.61,3.9,1.2,4.7,22.54,280,2
989.8,0.13,7.6,5.5,10.0,28.18,289,2
989.8,0.13,7.6,5.5,10.0,23.59,253,2
989.8,0.21,4.5,0.4,7.7,28.18,289,2
989.8,0.21,4.5,0.4,7.7,23.59,253,2
989.8,0.73,1.5,-1.9,6.2,28.18,289,2
989.8,0.73,1.5,-1.9,6.2,23.59,253,2
989.8,0.05,8.3,6.2,10.4,28.18,289,2
989.8,0.05,8.3,6.2,10.4,23.59,253,2
989.9,2.09,15.2,12.0,19.8,13.57,71,0
989.9,0.87,8.0,5.1,10.5,13.57,71,0
989.9,0.28,6.2,3.4,8.6,13.57,71,0
989.9,0.09,-0.1,-0.8,0.9,13.57,71,0
989.9,0.51,6.6,4.7,9.7,13.57,71,0
990.0,1.46,9.7,6.5,12.5,6.44,180,0
990.0,0.84,7.9,5.5,10.4,6.44,180,0
990.0,0.3,9.3,6.9,11.7,6.44,180,0
990.0,0.88,7.6,3.4,12.9,6.44,180,0
990.0,0.11,1.4,-0.2,2.5,6.44,180,0
990.1,0.41,9.1,8.4,9.1,0.0,0,1
990.1,1.73,3.2,0.4,7.6,0.0,0,1
990.1,0.56,2.4,0.7,4.2,0.0,0,0
990.2,0.57,9.6,8.3,12.1,30.07,19,3
990.2,0.26,10.9,8.4,13.5,30.07,19,3
990.2,0.88,10.0,8.1,9.6,30.07,19,2
990.2,0.83,15.4,13.1,17.8,30.07,19,2
990.2,0.16,7.6,5.5,9.4,30.07,19,2
990.2,0.48,7.0,5.1,10.3,30.07,19,2
990.3,0.68,8.4,6.8,8.8,0.0,0,1
990.3,0.37,0.7,-4.8,4.1,0.0,0,1
990.3,1.63,6.8,4.3,10.3,0.0,0,0
990.3,0.85,10.3,7.6,12.2,0.0,0,0
990.3,0.16,7.7,5.7,10.0,0.0,0,0
990.4,0.18,8.9,7.8,10.5,0.0,0,0
990.4,0.5,16.2,14.7,17.8,0.0,0,0
990.4,0.92,8.4,5.5,11.3,0.0,0,0
990.4,0.52,2.1,-0.7,5.8,0.0,0,0
990.5,1.39,7.0,4.1,9.9,0.0,0,1
990.5,0.4,2.5,0.0,4.7,0.0,0,0
990.5,0.23,6.3,2.2,10.8,0.0,0,0
990.5,0.39,4.3,2.8,6.3,0.0,0,0
990.6,0.54,3.4,1.2,5.9,8.05,230,1
990.6,0.54,3.4,1.2,5.9,16.1,300,3
990.6,1.53,6.9,5.1,11.1,8.05,230,0
990.6,1.53,6.9,5.1,11.1,16.1,300,2
990.6,1.55,11.9,6.8,16.8,8.05,230,0
990.6,1.55,11.9,6.8,16.8,16.1,300,2
990.6,0.21,1.2,0.6,1.7,8.05,230,0
990.6,0.21,1.2,0.6,1.7,16.1,300,2
990.6,0.82,9.4,5.6,12.5,8.05,230,0
990.6,0.82,9.4,5.6,12.5,16.1,300,2
990.7,0.27,4.4,2.1,6.8,16.1,140,3
990.7,0.27,4.4,2.1,6.8,26.85,170,3
990.7,0.14,0.1,-5.3,5.9,16.1,140,2
990.7,0.14,0.1,-5.3,5.9,26.85,170,2
990.7,0.2,9.8,7.6,10.6,16.1,140,2
990.7,0.2,9.8,7.6,10.6,26.85,170,2
990.7,0.12,3.6,0.7,6.5,16.1,140,2
990.7,0.12,3.6,0.7,6.5,26.85,170,2
990.7,0.94,2.3,-0.4,7.0,16.1,140,2
990.7,0.94,2.3,-0.4,7.0,26.85,170,2
990.8,0.89,2.0,-1.0,4.8,8.05,170,1
990.8,0.89,2.0,-1.0,4.8,12.88,160,1
990.8,0.89,2.0,-1.0,4.8,23.47,170,3
990.8,0.73,10.7,4.6,15.0,8.05,170,0
990.8,0.73,10.7,4.6,15.0,12.88,160,0
990.8,0.73,10.7,4.6,15.0,23.47,170,2
990.8,0.22,7.1,5.1,9.4,8.05,170,0
990.8,0.22,7.1,5.1,9.4,12.88,160,0
990.8,0.22,7.1,5.1,9.4,23.47,170,2
990.9,1.19,4.1,1.0,9.2,9.66,210,0
990.9,1.19,4.1,1.0,9.2,25.76,110,2
990.9,1.19,4.1,1.0,9.2,15.92,195,2
990.9,1.19,4.1,1.0,9.2,14.73,195,0
990.9,0.37,10.4,8.4,11.5,9.66,210,0
990.9,0.37,10.4,8.4,11.5,25.76,110,2
990.9,0.37,10.4,8.4,11.5,15.92,195,2
990.9,0.37,10.4,8.4,11.5,14.73,195,0
990.9,0.75,13.0,9.5,14.9,9.66,210,0
990.9,0.75,13.0,9.5,14.9,25.76,110,2
990.9,0.75,13.0,9.5,14.9,15.92,195,2
990.9,0.75,13.0,9.5,14.9,14.73,195,0
990.9,1.17,6.4,3.6,10.2,9.66,210,0
990.9,1.17,6.4,3.6,10.2,25.76,110,2
990.9,1.17,6.4,3.6,10.2,15.92,195,2
990.9,1.17,6.4,3.6,10.2,14.73,195,0
990.9,0.44,12.4,10.9,13.8,9.66,210,0
990.9,0.44,12.4,10.9,13.8,25.76,110,2
990.9,0.44,12.4,10.9,13.8,15.92,195,2
990.9,0.44,12.4,10.9,13.8,14.73,195,0
990.9,0.17,8.0,7.2,9.3,9.66,210,0
990.9,0.17,8.0,7.2,9.3,25.76,110,2
990.9,0.17,8.0,7.2,9.3,15.92,195,2
990.9,0.17,8.0,7.2,9.3,14.73,195,0
990.9,0.53,14.1,11.9,17.2,9.66,210,0
990.9,0.53,14.1,11.9,17.2,25.76,110,2
990.9,0.53,14.1,11.9,17.2,15.92,195,2
990.9,0.53,14.1,11.9,17.2,14.73,195,0
991.0,0.32,7.8,6.5,10.0,0.0,0,0
991.1,0.28,7.2,4.7,9.8,4.83,240,1
991.1,0.28,7.2,4.7,9.8,17.71,190,3
991.1,0.37,9.6,8.1,12.3,4.83,240,0
991.1,0.37,9.6,8.1,12.3,17.71,190,2
991.1,0.23,6.0,4.0,7.8,4.83,240,0
991.1,0.23,6.0,4.0,7.8,17.71,190,2
991.1,0.8,2.2,0.3,4.5,4.83,240,0
991.1,0.8,2.2,0.3,4.5,17.71,190,2
991.2,0.36,-0.3,-2.7,2.0,16.1,150,3
991.2,0.36,-0.3,-2.7,2.0,15.84,160,3
991.2,0.69,5.8,2.2,10.3,16.1,150,3
991.2,0.69,5.8,2.2,10.3,15.84,160,3
991.2,0.49,4.5,0.3,7.4,16.1,150,2
991.2,0.49,4.5,0.3,7.4,15.84,160,2
991.2,0.44,7.3,4.9,10.7,16.1,150,2
991.2,0.44,7.3,4.9,10.7,15.84,160,2
991.2,0.5,8.4,5.5,11.3,16.1,150,2
991.2,0.5,8.4,5.5,11.3,15.84,160,2
991.2,0.11,-1.0,-1.6,-0.4,16.1,150,2
991.2,0.11,-1.0,-1.6,-0.4,15.84,160,2
991.2,1.19,3.8,1.2,7.6,16.1,150,2
991.2,1.19,3.8,1.2,7.6,15.84,160,2
991.2,0.44,5.8,3.9,7.9,16.1,150,2
991.2,0.44,5.8,3.9,7.9,15.84,160,2
991.3,2.24,7.8,3.3,13.9,4.83,100,1
991.3,2.24,7.8,3.3,13.9,14.49,320,1
991.3,1.9,17.4,14.0,20.7,4.83,100,1
991.3,1.9,17.4,14.0,20.7,14.49,320,1
991.3,0.31,11.6,9.6,13.6,4.83,100,0
991.3,0.31,11.6,9.6,13.6,14.49,320,0
991.3,0.12,9.0,6.8,11.4,4.83,100,0
991.3,0.12,9.0,6.8,11.4,14.49,320,0
991.3,0.36,0.7,0.1,1.8,4.83,100,0
991.3,0.36,0.7,0.1,1.8,14.49,320,0
991.4,1.5,7.9,4.7,12.1,0.0,0,1
991.4,0.2,2.1,-0.8,4.4,0.0,0,0
991.4,0.37,2.6,0.5,5.0,0.0,0,0
991.4,0.12,8.6,6.7,11.1,0.0,0,0
991.4,0.16,9.3,6.7,12.6,0.0,0,0
991.4,0.08,2.6,-0.6,6.0,0.0,0,0
991.5,0.12,-0.5,-3.5,2.8,20.93,160,3
991.5,0.12,-0.5,-3.5,2.8,31.89,161,3
991.6,1.38,9.6,6.7,12.7,11.95,153,0
991.6,1.38,9.6,6.7,12.7,1.61,170,0
991.6,1.38,9.6,6.7,12.7,11.27,60,0
991.6,1.38,9.6,6.7,12.7,12.88,310,0
991.6,0.23,9.4,7.2,12.5,11.95,153,0
991.6,0.23,9.4,7.2,12.5,1.61,170,0
991.6,0.23,9.4,7.2,12.5,11.27,60,0
991.6,0.23,9.4,7.2,12.5,12.88,310,0
991.6,0.23,8.3,2.2,14.3,11.95,153,0
991.6,0.23,8.3,2.2,14.3,1.61,170,0
991.6,0.23,8.3,2.2,14.3,11.27,60,0
991.6,0.23,8.3,2.2,14.3,12.88,310,0
991.6,0.32,13.3,9.3,16.1,11.95,153,0
991.6,0.32,13.3,9.3,16.1,1.61,170,0
991.6,0.32,13.3,9.3,16.1,11.27,60,0
991.6,0.32,13.3,9.3,16.1,12.88,310,0
991.7,0.42,5.8,3.2,6.5,3.22,50,1
991.7,0.42,5.8,3.2,6.5,28.98,340,3
991.7,0.28,9.3,7.5,12.0,3.22,50,0
991.7,0.28,9.3,7.5,12.0,28.98,340,2
991.7,0.89,8.5,6.4,12.1,3.22,50,0
991.7,0.89,8.5,6.4,12.1,28.98,340,2
991.7,0.2,0.2,-2.7,3.6,3.22,50,0
991.7,0.2,0.2,-2.7,3.6,28.98,340,2
991.7,1.32,10.4,8.0,14.8,3.22,50,0
991.7,1.32,10.4,8.0,14.8,28.98,340,2
991.8,1.74,10.4,8.2,17.0,14.49,140,1
991.8,1.74,10.4,8.2,17.0,7.66,169,1
991.8,1.74,10.4,8.2,17.0,20.93,350,3
991.8,0.43,4.8,0.6,8.9,14.49,140,1
991.8,0.43,4.8,0.6,8.9,7.66,169,1
991.8,0.43,4.8,0.6,8.9,20.93,350,3
991.8,0.29,8.7,5.6,11.2,14.49,140,0
991.8,0.29,8.7,5.6,11.2,7.66,169,0
991.8,0.29,8.7,5.6,11.2,20.93,350,2
991.8,0.13,5.4,3.3,8.8,14.49,140,0
991.8,0.13,5.4,3.3,8.8,7.66,169,0
991.8,0.13,5.4,3.3,8.8,20.93,350,2
991.8,0.21,8.2,5.9,10.4,14.49,140,0
991.8,0.21,8.2,5.9,10.4,7.66,169,0
991.8,0.21,8.2,5.9,10.4,20.93,350,2
991.8,0.48,8.3,2.4,14.9,14.49,140,0
991.8,0.48,8.3,2.4,14.9,7.66,169,0
991.8,0.48,8.3,2.4,14.9,20.93,350,2
991.8,0.95,12.9,10.4,15.4,14.49,140,0
991.8,0.95,12.9,10.4,15.4,7.66,169,0
991.8,0.95,12.9,10.4,15.4,20.93,350,2
991.9,0.23,9.8,6.1,13.4,27.37,350,2
991.9,0.23,9.8,6.1,13.4,10.59,100,0
991.9,0.32,7.5,3.2,10.9,27.37,350,2
991.9,0.32,7.5,3.2,10.9,10.59,100,0
991.9,0.38,14.2,11.8,16.5,27.37,350,2
991.9,0.38,14.2,11.8,16.5,10.59,100,0
991.9,0.18,10.2,7.1,14.3,27.37,350,2
991.9,0.18,10.2,7.1,14.3,10.59,100,0
991.9,0.32,3.5,0.6,5.0,27.37,350,2
991.9,0.32,3.5,0.6,5.0,10.59,100,0
991.9,0.06,4.7,0.8,9.2,27.37,350,2
991.9,0.06,4.7,0.8,9.2,10.59,100,0
992.0,0.38,9.2,7.3,12.0,9.6,321,1
992.0,0.38,9.2,7.3,12.0,11.54,64,1
992.0,0.38,9.2,7.3,12.0,11.43,293,1
992.0,0.38,9.2,7.3,12.0,8.05,140,1
992.0,0.13,10.8,8.5,13.2,9.6,321,1
992.0,0.13,10.8,8.5,13.2,11.54,64,1
992.0,0.13,10.8,8.5,13.2,11.43,293,1
992.0,0.13,10.8,8.5,13.2,8.05,140,1
992.0,1.18,11.2,8.5,17.0,9.6,321,0
992.0,1.18,11.2,8.5,17.0,11.54,64,0
992.0,1.18,11.2,8.5,17.0,11.43,293,0
992.0,1.18,11.2,8.5,17.0,8.05,140,0
992.0,0.5,10.3,8.1,12.2,9.6,321,0
992.0,0.5,10.3,8.1,12.2,11.54,64,0
992.0,0.5,10.3,8.1,12.2,11.43,293,0
992.0,0.5,10.3,8.1,12.2,8.05,140,0
992.0,1.29,12.9,7.4,19.7,9.6,321,0
992.0,1.29,12.9,7.4,19.7,11.54,64,0
992.0,1.29,12.9,7.4,19.7,11.43,293,0
992.0,1.29,12.9,7.4,19.7,8.05,140,0
992.0,1.11,5.9,3.4,9.2,9.6,321,0
992.0,1.11,5.9,3.4,9.2,11.54,64,0
992.0,1.11,5.9,3.4,9.2,11.43,293,0
992.0,1.11,5.9,3.4,9.2,8.05,140,0
992.0,0.35,8.2,6.6,10.2,9.6,321,0
992.0,0.35,8.2,6.6,10.2,11.54,64,0
992.0,0.35,8.2,6.6,10.2,11.43,293,0
992.0,0.35,8.2,6.6,10.2,8.05,140,0
992.0,0.19,6.5,4.9,8.1,9.6,321,0
992.0,0.19,6.5,4.9,8.1,11.54,64,0
992.0,0.19,6.5,4.9,8.1,11.43,293,0
992.0,0.19,6.5,4.9,8.1,8.05,140,0
992.0,0.12,10.2,7.5,13.5,9.6,321,0
992.0,0.12,10.2,7.5,13.5,11.54,64,0
992.0,0.12,10.2,7.5,13.5,11.43,293,0
992.0,0.12,10.2,7.5,13.5,8.05,140,0
992.0,0.87,9.3,6.0,11.9,9.6,321,0
992.0,0.87,9.3,6.0,11.9,11.54,64,0
992.0,0.87,9.3,6.0,11.9,11.43,293,0
992.0,0.87,9.3,6.0,11.9,8.05,140,0
992.0,0.11,2.5,0.2,4.6,9.6,321,0
992.0,0.11,2.5,0.2,4.6,11.54,64,0
992.0,0.11,2.5,0.2,4.6,11.43,293,0
992.0,0.11,2.5,0.2,4.6,8.05,140,0
992.0,0.11,3.7,1.4,5.9,9.6,321,0
992.0,0.11,3.7,1.4,5.9,11.54,64,0
992.0,0.11,3.7,1.4,5.9,11.43,293,0
992.0,0.11,3.7,1.4,5.9,8.05,140,0
992.1,1.19,3.2,1.3,7.1,14.49,150,1
992.1,1.19,3.2,1.3,7.1,11.27,250,1
992.1,1.19,3.2,1.3,7.1,11.27,260,1
992.1,1.19,3.2,1.3,7.1,3.22,130,1
992.1,1.19,3.2,1.3,7.1,25.76,350,3
992.1,1.19,3.2,1.3,7.1,10.38,214,1
992.1,0.37,5.2,3.3,8.2,14.49,150,1
992.1,0.37,5.2,3.3,8.2,11.27,250,1
992.1,0.37,5.2,3.3,8.2,11.27,260,1
992.1,0.37,5.2,3.3,8.2,3.22,130,1
992.1,0.37,5.2,3.3,8.2,25.76,350,3
992.1,0.37,5.2,3.3,8.2,10.38,214,1
992.1,0.08,2.1,-1.2,3.5,14.49,150,0
992.1,0.08,2.1,-1.2,3.5,11.27,250,0
992.1,0.08,2.1,-1.2,3.5,11.27,260,0
992.1,0.08,2.1,-1.2,3.5,3.22,130,0
992.1,0.08,2.1,-1.2,3.5,25.76,350,2
992.1,0.08,2.1,-1.2,3.5,10.38,214,0
992.1,0.98,10.1,4.7,16.0,14.49,150,0
992.1,0.98,10.1,4.7,16.0,11.27,250,0
992.1,0.98,10.1,4.7,16.0,11.27,260,0
992.1,0.98,10.1,4.7,16.0,3.22,130,0
992.1,0.98,10.1,4.7,16.0,25.76,350,2
992.1,0.98,10.1,4.7,16.0,10.38,214,0
992.1,0.23,2.2,0.4,2.9,14.49,150,0
992.1,0.23,2.2,0.4,2.9,11.27,250,0
992.1,0.23,2.2,0.4,2.9,11.27,260,0
992.1,0.23,2.2,0.4,2.9,3.22,130,0
992.1,0.23,2.2,0.4,2.9,25.76,350,2
992.1,0.23,2.2,0.4,2.9,10.38,214,0
992.2,0.73,6.5,2.3,10.3,11.27,170,1
992.2,0.73,6.5,2.3,10.3,11.16,176,1
992.2,0.73,6.5,2.3,10.3,22.54,250,3
992.2,0.73,6.5,2.3,10.3,9.66,280,1
992.2,0.73,6.5,2.3,10.3,8.05,110,1
992.2,0.73,6.5,2.3,10.3,17.71,20,3
992.2,0.73,6.5,2.3,10.3,12.88,340,1
992.2,0.73,6.5,2.3,10.3,16.07,169,3
992.2,0.46,2.0,-0.8,4.9,11.27,170,0
992.2,0.46,2.0,-0.8,4.9,11.16,176,0
992.2,0.46,2.0,-0.8,4.9,22.54,250,2
992.2,0.46,2.0,-0.8,4.9,9.66,280,0
992.2,0.46,2.0,-0.8,4.9,8.05,110,0
992.2,0.46,2.0,-0.8,4.9,17.71,20,2
992.2,0.46,2.0,-0.8,4.9,12.88,340,0
992.2,0.46,2.0,-0.8,4.9,16.07,169,2
992.2,0.12,7.2,5.4,8.5,11.27,170,0
992.2,0.12,7.2,5.4,8.5,11.16,176,0
992.2,0.12,7.2,5.4,8.5,22.54,250,2
992.2,0.12,7.2,5.4,8.5,9.66,280,0
992.2,0.12,7.2,5.4,8.5,8.05,110,0
992.2,0.12,7.2,5.4,8.5,17.71,20,2
992.2,0.12,7.2,5.4,8.5,12.88,340,0
992.2,0.12,7.2,5.4,8.5,16.07,169,2
992.2,1.19,2.9,1.1,5.2,11.27,170,0
992.2,1.19,2.9,1.1,5.2,11.16,176,0
992.2,1.19,2.9,1.1,5.2,22.54,250,2
992.2,1.19,2.9,1.1,5.2,9.66,280,0
992.2,1.19,2.9,1.1,5.2,8.05,110,0
992.2,1.19,2.9,1.1,5.2,17.71,20,2
992.2,1.19,2.9,1.1,5.2,12.88,340,0
992.2,1.19,2.9,1.1,5.2,16.07,169,2
992.2,0.14,7.2,6.5,8.6,11.27,170,0
992.2,0.14,7.2,6.5,8.6,11.16,176,0
992.2,0.14,7.2,6.5,8.6,22.54,250,2
992.2,0.14,7.2,6.5,8.6,9.66,280,0
992.2,0.14,7.2,6.5,8.6,8.05,110,0
992.2,0.14,7.2,6.5,8.6,17.71,20,2
992.2,0.14,7.2,6.5,8.6,12.88,340,0
992.2,0.14,7.2,6.5,8.6,16.07,169,2
992.2,0.18,1.1,0.0,2.2,11.27,170,0
992.2,0.18,1.1,0.0,2.2,11.16,176,0
992.2,0.18,1.1,0.0,2.2,22.54,250,2
992.2,0.18,1.1,0.0,2.2,9.66,280,0
992.2,0.18,1.1,0.0,2.2,8.05,110,0
992.2,0.18,1.1,0.0,2.2,17.71,20,2
992.2,0.18,1.1,0.0,2.2,12.88,340,0
992.2,0.18,1.1,0.0,2.2,16.07,169,2
992.2,0.18,7.7,6.4,9.9,11.27,170,0
992.2,0.18,7.7,6.4,9.9,11.16,176,0
992.2,0.18,7.7,6.4,9.9,22.54,250,2
992.2,0.18,7.7,6.4,9.9,9.66,280,0
992.2,0.18,7.7,6.4,9.9,8.05,110,0
992.2,0.18,7.7,6.4,9.9,17.71,20,2
992.2,0.18,7.7,6.4,9.9,12.88,340,0
992.2,0.18,7.7,6.4,9.9,16.07,169,2
992.2,0.49,8.3,6.2,11.6,11.27,170,0
992.2,0.49,8.3,6.2,11.6,11.16,176,0
992.2,0.49,8.3,6.2,11.6,22.54,250,2
992.2,0.49,8.3,6.2,11.6,9.66,280,0
992.2,0.49,8.3,6.2,11.6,8.05,110,0
992.2,0.49,8.3,6.2,11.6,17.71,20,2
992.2,0.49,8.3,6.2,11.6,12.88,340,0
992.2,0.49,8.3,6.2,11.6,16.07,169,2
992.3,0.19,3.3,0.2,6.4,14.49,220,1
992.3,0.24,2.4,0.1,4.9,14.49,220,0
992.3,1.71,10.8,6.5,16.7,14.49,220,0
992.3,0.13,8.5,7.1,10.1,14.49,220,0
992.3,0.14,0.7,-1.3,1.5,14.49,220,0
992.3,0.15,9.2,6.2,13.6,14.49,220,0
992.3,0.12,4.6,4.0,4.4,14.49,220,0
992.3,0.56,1.0,0.5,4.6,14.49,220,0
992.3,0.18,6.2,4.7,8.0,14.49,220,0
992.4,0.23,7.6,6.2,8.9,3.22,20,0
992.4,0.23,5.1,1.9,8.9,3.22,20,0
992.4,0.74,1.8,-1.0,6.4,3.22,20,0
992.4,0.13,3.9,2.3,5.7,3.22,20,0
992.4,0.14,10.6,7.6,14.1,3.22,20,0
992.4,0.26,9.6,8.1,12.0,3.22,20,0
992.4,0.12,-0.9,-1.5,-0.3,3.22,20,0
992.5,0.87,4.1,-0.4,8.6,20.82,224,3
992.5,0.87,4.1,-0.4,8.6,20.33,280,3
992.5,0.87,4.1,-0.4,8.6,17.71,20,3
992.5,0.87,4.1,-0.4,8.6,17.71,190,3
992.5,0.54,5.9,4.5,8.9,20.82,224,2
992.5,0.54,5.9,4.5,8.9,20.33,280,2
992.5,0.54,5.9,4.5,8.9,17.71,20,2
992.5,0.54,5.9,4.5,8.9,17.71,190,2
992.5,0.11,4.8,1.3,9.4,20.82,224,2
992.5,0.11,4.8,1.3,9.4,20.33,280,2
992.5,0.11,4.8,1.3,9.4,17.71,20,2
992.5,0.11,4.8,1.3,9.4,17.71,190,2
992.5,0.1,6.8,1.2,10.1,20.82,224,2
992.5,0.1,6.8,1.2,10.1,20.33,280,2
992.5,0.1,6.8,1.2,10.1,17.71,20,2
992.5,0.1,6.8,1.2,10.1,17.71,190,2
992.6,0.77,15.7,11.1,18.9,9.66,20,0
992.6,0.77,15.7,11.1,18.9,20.93,250,2
992.6,1.48,15.1,13.6,19.3,9.66,20,0
992.6,1.48,15.1,13.6,19.3,20.93,250,2
992.6,0.12,6.9,5.5,7.7,9.66,20,0
992.6,0.12,6.9,5.5,7.7,20.93,250,2
992.6,0.12,0.8,-0.1,1.7,9.66,20,0
992.6,0.12,0.8,-0.1,1.7,20.93,250,2
992.7,0.36,10.3,7.8,11.9,8.05,170,0
992.7,0.36,10.3,7.8,11.9,25.76,120,2
992.7,0.36,10.3,7.8,11.9,19.05,150,2
992.7,1.74,13.4,11.1,15.8,8.05,170,0
992.7,1.74,13.4,11.1,15.8,25.76,120,2
992.7,1.74,13.4,11.1,15.8,19.05,150,2
992.7,0.17,11.1,8.0,13.9,8.05,170,0
992.7,0.17,11.1,8.0,13.9,25.76,120,2
992.7,0.17,11.1,8.0,13.9,19.05,150,2
992.8,0.49,6.4,3.3,9.5,7.08,354,1
992.8,0.49,6.4,3.3,9.5,11.27,200,1
992.8,0.49,6.4,3.3,9.5,6.44,350,1
992.8,0.49,6.4,3.3,9.5,14.35,332,1
992.8,1.19,3.3,-0.5,6.6,7.08,354,0
992.8,1.19,3.3,-0.5,6.6,11.27,200,0
992.8,1.19,3.3,-0.5,6.6,6.44,350,0
992.8,1.19,3.3,-0.5,6.6,14.35,332,0
992.8,0.87,11.7,9.0,15.8,7.08,354,0
992.8,0.87,11.7,9.0,15.8,11.27,200,0
992.8,0.87,11.7,9.0,15.8,6.44,350,0
992.8,0.87,11.7,9.0,15.8,14.35,332,0
992.8,0.47,10.0,8.3,11.6,7.08,354,0
992.8,0.47,10.0,8.3,11.6,11.27,200,0
992.8,0.47,10.0,8.3,11.6,6.44,350,0
992.8,0.47,10.0,8.3,11.6,14.35,332,0
992.8,0.43,2.4,0.8,3.7,7.08,354,0
992.8,0.43,2.4,0.8,3.7,11.27,200,0
992.8,0.43,2.4,0.8,3.7,6.44,350,0
992.8,0.43,2.4,0.8,3.7,14.35,332,0
992.9,0.48,7.5,4.7,8.2,11.72,198,1
992.9,0.48,7.5,4.7,8.2,20.93,290,3
992.9,0.39,10.8,6.9,15.4,11.72,198,0
992.9,0.39,10.8,6.9,15.4,20.93,290,2
992.9,0.28,1.5,0.8,2.5,11.72,198,0
992.9,0.28,1.5,0.8,2.5,20.93,290,2
992.9,1.33,11.1,8.3,14.8,11.72,198,0
992.9,1.33,11.1,8.3,14.8,20.93,290,2
992.9,0.4,8.5,6.7,12.4,11.72,198,0
992.9,0.4,8.5,6.7,12.4,20.93,290,2
992.9,0.31,12.6,10.2,16.7,11.72,198,0
992.9,0.31,12.6,10.2,16.7,20.93,290,2
992.9,0.72,15.6,13.4,17.9,11.72,198,0
992.9,0.72,15.6,13.4,17.9,20.93,290,2
992.9,0.26,4.4,3.0,6.9,11.72,198,0
992.9,0.26,4.4,3.0,6.9,20.93,290,2
993.0,0.51,3.5,-1.5,6.1,25.76,330,3
993.0,0.51,3.5,-1.5,6.1,14.49,210,1
993.0,0.2,8.8,7.9,10.2,25.76,330,2
993.0,0.2,8.8,7.9,10.2,14.49,210,0
993.0,0.95,8.8,6.8,11.6,25.76,330,2
993.0,0.95,8.8,6.8,11.6,14.49,210,0
993.0,0.51,4.1,2.1,7.9,25.76,330,2
993.0,0.51,4.1,2.1,7.9,14.49,210,0
993.0,0.15,3.7,0.2,11.7,25.76,330,2
993.0,0.15,3.7,0.2,11.7,14.49,210,0
993.1,1.09,2.9,0.0,7.4,4.83,190,1
993.1,0.27,14.2,12.1,16.2,4.83,190,1
993.1,0.56,1.2,-1.6,4.2,4.83,190,0
993.1,0.65,11.6,6.9,16.1,4.83,190,0
993.1,0.12,2.8,0.2,5.6,4.83,190,0
993.1,0.61,5.2,3.4,6.6,4.83,190,0
993.1,0.34,7.2,4.8,8.7,4.83,190,0
993.1,1.98,14.4,11.9,17.6,4.83,190,0
993.1,0.99,8.7,6.2,10.9,4.83,190,0
993.1,0.13,9.2,7.6,10.4,4.83,190,0
993.1,0.65,9.4,4.6,14.3,4.83,190,0
993.1,0.24,2.0,-4.0,7.5,4.83,190,0
993.2,0.12,10.2,7.3,13.3,17.07,319,2
993.2,0.12,10.2,7.3,13.3,20.93,150,2
993.2,0.12,10.2,7.3,13.3,8.05,220,0
993.2,0.12,10.2,7.3,13.3,11.27,260,0
993.2,0.12,10.2,7.3,13.3,16.53,349,2
993.3,1.65,9.1,6.3,12.2,16.95,328,3
993.3,0.74,8.7,6.2,11.2,16.95,328,2
993.4,0.39,1.8,-0.4,3.9,17.55,169,3
993.4,0.39,1.8,-0.4,3.9,28.98,320,3
993.4,0.39,1.8,-0.4,3.9,13.48,341,1
993.4,0.75,7.5,2.4,10.7,17.55,169,2
993.4,0.75,7.5,2.4,10.7,28.98,320,2
993.4,0.75,7.5,2.4,10.7,13.48,341,0
993.4,0.31,4.6,-0.5,8.9,17.55,169,2
993.4,0.31,4.6,-0.5,8.9,28.98,320,2
993.4,0.31,4.6,-0.5,8.9,13.48,341,0
993.4,0.22,0.5,-2.0,2.7,17.55,169,2
993.4,0.22,0.5,-2.0,2.7,28.98,320,2
993.4,0.22,0.5,-2.0,2.7,13.48,341,0
993.4,1.27,14.0,11.8,16.3,17.55,169,2
993.4,1.27,14.0,11.8,16.3,28.98,320,2
993.4,1.27,14.0,11.8,16.3,13.48,341,0
993.4,0.11,-0.1,-1.0,0.5,17.55,169,2
993.4,0.11,-0.1,-1.0,0.5,28.98,320,2
993.4,0.11,-0.1,-1.0,0.5,13.48,341,0
993.4,0.11,6.9,3.0,10.3,17.55,169,2
993.4,0.11,6.9,3.0,10.3,28.98,320,2
993.4,0.11,6.9,3.0,10.3,13.48,341,0
993.4,0.19,8.2,4.0,12.9,17.55,169,2
993.4,0.19,8.2,4.0,12.9,28.98,320,2
993.4,0.19,8.2,4.0,12.9,13.48,341,0
993.5,0.76,8.6,5.7,11.4,20.93,140,3
993.5,0.76,8.6,5.7,11.4,13.4,215,1
993.5,0.76,8.6,5.7,11.4,11.27,260,1
993.5,0.76,8.6,5.7,11.4,14.17,339,1
993.5,2.24,12.6,9.3,18.4,20.93,140,3
993.5,2.24,12.6,9.3,18.4,13.4,215,1
993.5,2.24,12.6,9.3,18.4,11.27,260,1
993.5,2.24,12.6,9.3,18.4,14.17,339,1
993.5,0.38,6.4,2.4,9.9,20.93,140,2
993.5,0.38,6.4,2.4,9.9,13.4,215,0
993.5,0.38,6.4,2.4,9.9,11.27,260,0
993.5,0.38,6.4,2.4,9.9,14.17,339,0
993.5,0.37,6.6,2.5,10.0,20.93,140,2
993.5,0.37,6.6,2.5,10.0,13.4,215,0
993.5,0.37,6.6,2.5,10.0,11.27,260,0
993.5,0.37,6.6,2.5,10.0,14.17,339,0
993.5,0.14,2.2,1.5,2.9,20.93,140,2
993.5,0.14,2.2,1.5,2.9,13.4,215,0
993.5,0.14,2.2,1.5,2.9,11.27,260,0
993.5,0.14,2.2,1.5,2.9,14.17,339,0
993.5,0.14,4.0,1.6,6.2,20.93,140,2
993.5,0.14,4.0,1.6,6.2,13.4,215,0
993.5,0.14,4.0,1.6,6.2,11.27,260,0
993.5,0.14,4.0,1.6,6.2,14.17,339,0
993.6,0.63,0.8,-1.7,10.1,3.22,250,1
993.6,0.63,0.8,-1.7,10.1,4.83,170,1
993.6,0.63,0.8,-1.7,10.1,6.44,330,1
993.6,0.63,0.8,-1.7,10.1,25.76,200,3
993.6,0.63,0.8,-1.7,10.1,14.49,270,1
993.6,0.63,0.8,-1.7,10.1,16.02,290,3
993.6,0.69,9.0,6.0,11.9,3.22,250,0
993.6,0.69,9.0,6.0,11.9,4.83,170,0
993.6,0.69,9.0,6.0,11.9,6.44,330,0
993.6,0.69,9.0,6.0,11.9,25.76,200,2
993.6,0.69,9.0,6.0,11.9,14.49,270,0
993.6,0.69,9.0,6.0,11.9,16.02,290,2
993.6,0.33,11.8,10.1,14.3,3.22,250,0
993.6,0.33,11.8,10.1,14.3,4.83,170,0
993.6,0.33,11.8,10.1,14.3,6.44,330,0
993.6,0.33,11.8,10.1,14.3,25.76,200,2
993.6,0.33,11.8,10.1,14.3,14.49,270,0
993.6,0.33,11.8,10.1,14.3,16.02,290,2
993.6,0.64,4.8,-0.2,12.6,3.22,250,0
993.6,0.64,4.8,-0.2,12.6,4.83,170,0
993.6,0.64,4.8,-0.2,12.6,6.44,330,0
993.6,0.64,4.8,-0.2,12.6,25.76,200,2
993.6,0.64,4.8,-0.2,12.6,14.49,270,0
993.6,0.64,4.8,-0.2,12.6,16.02,290,2
993.6,0.73,9.9,8.3,11.7,3.22,250,0
993.6,0.73,9.9,8.3,11.7,4.83,170,0
993.6,0.73,9.9,8.3,11.7,6.44,330,0
993.6,0.73,9.9,8.3,11.7,25.76,200,2
993.6,0.73,9.9,8.3,11.7,14.49,270,0
993.6,0.73,9.9,8.3,11.7,16.02,290,2
993.6,0.23,7.0,3.8,10.9,3.22,250,0
993.6,0.23,7.0,3.8,10.9,4.83,170,0
993.6,0.23,7.0,3.8,10.9,6.44,330,0
993.6,0.23,7.0,3.8,10.9,25.76,200,2
993.6,0.23,7.0,3.8,10.9,14.49,270,0
993.6,0.23,7.0,3.8,10.9,16.02,290,2
993.6,0.17,2.9,-1.0,5.7,3.22,250,0
993.6,0.17,2.9,-1.0,5.7,4.83,170,0
993.6,0.17,2.9,-1.0,5.7,6.44,330,0
993.6,0.17,2.9,-1.0,5.7,25.76,200,2
993.6,0.17,2.9,-1.0,5.7,14.49,270,0
993.6,0.17,2.9,-1.0,5.7,16.02,290,2
993.7,1.05,7.8,4.9,10.7,11.27,240,1
993.7,0.3,3.2,-0.2,5.5,11.27,240,1
993.7,0.24,8.8,7.1,10.9,11.27,240,0
993.8,0.58,3.5,0.3,10.9,12.88,300,1
993.8,0.58,3.5,0.3,10.9,30.14,273,3
993.8,1.18,3.0,-0.4,7.1,12.88,300,1
993.8,1.18,3.0,-0.4,7.1,30.14,273,3
993.8,0.29,5.4,1.9,8.8,12.88,300,1
993.8,0.29,5.4,1.9,8.8,30.14,273,3
993.8,0.24,5.4,2.1,7.9,12.88,300,0
993.8,0.24,5.4,2.1,7.9,30.14,273,2
993.8,0.8,15.2,13.2,17.3,12.88,300,0
993.8,0.8,15.2,13.2,17.3,30.14,273,2
993.8,1.42,14.4,10.7,20.9,12.88,300,0
993.8,1.42,14.4,10.7,20.9,30.14,273,2
993.9,0.91,4.2,1.8,7.1,0.0,0,0
993.9,0.2,3.1,0.1,4.9,0.0,0,0
993.9,0.11,0.3,-0.3,0.9,0.0,0,0
994.0,2.09,11.8,10.5,16.7,22.54,120,3
994.0,0.66,3.8,1.1,7.1,22.54,120,2
994.0,0.3,9.4,6.5,11.9,22.54,120,2
994.0,0.15,7.3,5.7,9.2,22.54,120,2
994.0,1.28,12.5,11.1,15.5,22.54,120,2
994.0,0.11,6.1,2.5,9.5,22.54,120,2
994.1,0.15,3.3,0.2,6.2,20.93,130,3
994.1,0.15,3.3,0.2,6.2,6.28,338,1
994.1,0.65,8.1,4.3,10.9,20.93,130,3
994.1,0.65,8.1,4.3,10.9,6.28,338,1
994.1,0.14,0.5,-4.5,2.9,20.93,130,2
994.1,0.14,0.5,-4.5,2.9,6.28,338,0
994.1,0.12,1.8,1.0,3.0,20.93,130,2
994.1,0.12,1.8,1.0,3.0,6.28,338,0
994.1,0.22,4.2,3.0,5.6,20.93,130,2
994.1,0.22,4.2,3.0,5.6,6.28,338,0
994.1,0.11,10.9,8.2,12.0,20.93,130,2
994.1,0.11,10.9,8.2,12.0,6.28,338,0
994.1,0.24,7.8,6.2,9.6,20.93,130,2
994.1,0.24,7.8,6.2,9.6,6.28,338,0
994.2,0.44,7.4,4.0,8.4,0.0,0,1
994.2,2.0,13.4,4.0,21.2,0.0,0,1
994.2,1.77,10.8,6.8,16.9,0.0,0,0
994.2,0.89,2.4,0.2,6.4,0.0,0,0
994.2,1.72,11.5,5.2,19.7,0.0,0,0
994.2,0.5,5.1,3.5,7.9,0.0,0,0
994.2,0.13,4.7,1.4,7.2,0.0,0,0
994.2,0.61,12.6,7.6,16.4,0.0,0,0
994.2,0.48,9.6,5.4,14.1,0.0,0,0
994.2,0.14,3.0,1.1,4.8,0.0,0,0
994.3,0.81,7.8,5.2,11.4,22.54,310,3
994.3,0.81,7.8,5.2,11.4,28.98,310,3
994.3,0.81,7.8,5.2,11.4,22.11,311,3
994.3,0.81,7.8,5.2,11.4,14.49,150,1
994.3,0.45,6.5,2.1,10.9,22.54,310,3
994.3,0.45,6.5,2.1,10.9,28.98,310,3
994.3,0.45,6.5,2.1,10.9,22.11,311,3
994.3,0.45,6.5,2.1,10.9,14.49,150,1
994.3,0.25,1.6,-3.2,6.1,22.54,310,2
994.3,0.25,1.6,-3.2,6.1,28.98,310,2
994.3,0.25,1.6,-3.2,6.1,22.11,311,2
994.3,0.25,1.6,-3.2,6.1,14.49,150,0
994.3,0.22,3.4,0.8,6.0,22.54,310,2
994.3,0.22,3.4,0.8,6.0,28.98,310,2
994.3,0.22,3.4,0.8,6.0,22.11,311,2
994.3,0.22,3.4,0.8,6.0,14.49,150,0
994.3,0.3,7.6,5.1,10.9,22.54,310,2
994.3,0.3,7.6,5.1,10.9,28.98,310,2
994.3,0.3,7.6,5.1,10.9,22.11,311,2
994.3,0.3,7.6,5.1,10.9,14.49,150,0
994.3,0.14,3.5,1.7,5.3,22.54,310,2
994.3,0.14,3.5,1.7,5.3,28.98,310,2
994.3,0.14,3.5,1.7,5.3,22.11,311,2
994.3,0.14,3.5,1.7,5.3,14.49,150,0
994.3,0.7,1.7,0.6,4.9,22.54,310,2
994.3,0.7,1.7,0.6,4.9,28.98,310,2
994.3,0.7,1.7,0.6,4.9,22.11,311,2
994.3,0.7,1.7,0.6,4.9,14.49,150,0
994.4,0.83,9.3,7.0,10.9,22.54,130,3
994.4,0.72,5.3,3.5,6.2,22.54,130,3
994.4,0.49,6.2,3.8,7.2,22.54,130,3
994.4,0.4,4.0,1.8,6.4,22.54,130,2
994.4,0.19,6.0,2.4,9.0,22.54,130,2
994.4,0.56,13.8,11.9,15.4,22.54,130,2
994.4,0.79,6.2,3.5,9.7,22.54,130,2
994.4,0.21,10.7,8.1,14.0,22.54,130,2
994.4,0.6,10.8,7.0,13.8,22.54,130,2
994.4,0.23,8.7,6.6,10.1,22.54,130,2
994.4,0.27,7.7,6.6,9.1,22.54,130,2
994.4,0.31,3.4,2.2,4.3,22.54,130,2
994.4,0.45,0.8,0.5,2.5,22.54,130,2
994.4,0.31,1.5,0.2,6.4,22.54,130,2
994.5,0.13,0.5,-2.2,2.6,16.1,250,3
994.5,0.13,0.5,-2.2,2.6,8.71,16,1
994.5,0.13,0.5,-2.2,2.6,11.41,172,1
994.5,0.13,0.5,-2.2,2.6,15.12,348,3
994.5,0.82,9.4,6.6,14.6,16.1,250,2
994.5,0.82,9.4,6.6,14.6,8.71,16,0
994.5,0.82,9.4,6.6,14.6,11.41,172,0
994.5,0.82,9.4,6.6,14.6,15.12,348,2
994.5,0.89,6.8,4.3,11.6,16.1,250,2
994.5,0.89,6.8,4.3,11.6,8.71,16,0
994.5,0.89,6.8,4.3,11.6,11.41,172,0
994.5,0.89,6.8,4.3,11.6,15.12,348,2
994.5,0.66,2.5,0.9,5.5,16.1,250,2
994.5,0.66,2.5,0.9,5.5,8.71,16,0
994.5,0.66,2.5,0.9,5.5,11.41,172,0
994.5,0.66,2.5,0.9,5.5,15.12,348,2
994.5,0.63,5.8,3.2,12.8,16.1,250,2
994.5,0.63,5.8,3.2,12.8,8.71,16,0
994.5,0.63,5.8,3.2,12.8,11.41,172,0
994.5,0.63,5.8,3.2,12.8,15.12,348,2
994.6,0.35,7.2,1.6,9.9,3.22,60,1
994.6,0.35,7.2,1.6,9.9,3.22,110,1
994.6,2.66,15.9,13.2,18.3,3.22,60,1
994.6,2.66,15.9,13.2,18.3,3.22,110,1
994.6,0.17,8.3,5.0,10.2,3.22,60,0
994.6,0.17,8.3,5.0,10.2,3.22,110,0
994.6,0.15,8.3,5.0,10.5,3.22,60,0
994.6,0.15,8.3,5.0,10.5,3.22,110,0
994.6,0.98,8.9,5.5,13.6,3.22,60,0
994.6,0.98,8.9,5.5,13.6,3.22,110,0
994.6,0.32,1.9,0.8,3.6,3.22,60,0
994.6,0.32,1.9,0.8,3.6,3.22,110,0
994.6,0.16,4.5,0.4,6.2,3.22,60,0
994.6,0.16,4.5,0.4,6.2,3.22,110,0
994.7,0.33,3.6,-0.1,7.1,11.27,150,1
994.7,0.33,3.6,-0.1,7.1,27.37,250,3
994.7,0.33,3.6,-0.1,7.1,9.66,140,1
994.7,0.33,3.6,-0.1,7.1,20.96,301,3
994.7,0.33,3.6,-0.1,7.1,22.02,319,3
994.7,0.34,8.4,3.0,11.9,11.27,150,1
994.7,0.34,8.4,3.0,11.9,27.37,250,3
994.7,0.34,8.4,3.0,11.9,9.66,140,1
994.7,0.34,8.4,3.0,11.9,20.96,301,3
994.7,0.34,8.4,3.0,11.9,22.02,319,3
994.7,1.86,12.0,8.5,15.3,11.27,150,1
994.7,1.86,12.0,8.5,15.3,27.37,250,3
994.7,1.86,12.0,8.5,15.3,9.66,140,1
994.7,1.86,12.0,8.5,15.3,20.96,301,3
994.7,1.86,12.0,8.5,15.3,22.02,319,3
994.7,0.63,0.8,-2.5,4.2,11.27,150,1
994.7,0.63,0.8,-2.5,4.2,27.37,250,3
994.7,0.63,0.8,-2.5,4.2,9.66,140,1
994.7,0.63,0.8,-2.5,4.2,20.96,301,3
994.7,0.63,0.8,-2.5,4.2,22.02,319,3
994.7,0.93,5.7,2.4,9.4,11.27,150,0
994.7,0.93,5.7,2.4,9.4,27.37,250,2
994.7,0.93,5.7,2.4,9.4,9.66,140,0
994.7,0.93,5.7,2.4,9.4,20.96,301,2
994.7,0.93,5.7,2.4,9.4,22.02,319,2
994.7,0.4,5.9,1.9,7.9,11.27,150,0
994.7,0.4,5.9,1.9,7.9,27.37,250,2
994.7,0.4,5.9,1.9,7.9,9.66,140,0
994.7,0.4,5.9,1.9,7.9,20.96,301,2
994.7,0.4,5.9,1.9,7.9,22.02,319,2
994.7,0.31,9.9,7.9,9.5,11.27,150,0
994.7,0.31,9.9,7.9,9.5,27.37,250,2
994.7,0.31,9.9,7.9,9.5,9.66,140,0
994.7,0.31,9.9,7.9,9.5,20.96,301,2
994.7,0.31,9.9,7.9,9.5,22.02,319,2
994.7,0.26,-2.2,-4.6,-0.7,11.27,150,0
994.7,0.26,-2.2,-4.6,-0.7,27.37,250,2
994.7,0.26,-2.2,-4.6,-0.7,9.66,140,0
994.7,0.26,-2.2,-4.6,-0.7,20.96,301,2
994.7,0.26,-2.2,-4.6,-0.7,22.02,319,2
994.7,0.63,2.5,1.2,5.6,11.27,150,0
994.7,0.63,2.5,1.2,5.6,27.37,250,2
994.7,0.63,2.5,1.2,5.6,9.66,140,0
994.7,0.63,2.5,1.2,5.6,20.96,301,2
994.7,0.63,2.5,1.2,5.6,22.02,319,2
994.7,0.05,2.8,0.2,4.0,11.27,150,0
994.7,0.05,2.8,0.2,4.0,27.37,250,2
994.7,0.05,2.8,0.2,4.0,9.66,140,0
994.7,0.05,2.8,0.2,4.0,20.96,301,2
994.7,0.05,2.8,0.2,4.0,22.02,319,2
994.7,0.22,8.2,7.2,9.4,11.27,150,0
994.7,0.22,8.2,7.2,9.4,27.37,250,2
994.7,0.22,8.2,7.2,9.4,9.66,140,0
994.7,0.22,8.2,7.2,9.4,20.96,301,2
994.7,0.22,8.2,7.2,9.4,22.02,319,2
994.7,0.82,5.8,4.9,7.0,11.27,150,0
994.7,0.82,5.8,4.9,7.0,27.37,250,2
994.7,0.82,5.8,4.9,7.0,9.66,140,0
994.7,0.82,5.8,4.9,7.0,20.96,301,2
994.7,0.82,5.8,4.9,7.0,22.02,319,2
994.8,0.78,7.6,3.9,10.2,22.25,311,3
994.8,0.78,7.6,3.9,10.2,24.46,150,3
994.8,0.34,9.2,7.0,11.7,22.25,311,3
994.8,0.34,9.2,7.0,11.7,24.46,150,3
994.8,0.55,1.0,-0.9,3.5,22.25,311,2
994.8,0.55,1.0,-0.9,3.5,24.46,150,2
994.8,0.36,4.4,0.9,7.0,22.25,311,2
994.8,0.36,4.4,0.9,7.0,24.46,150,2
994.8,0.11,5.1,2.1,6.5,22.25,311,2
994.8,0.11,5.1,2.1,6.5,24.46,150,2
994.8,0.53,9.7,7.6,12.0,22.25,311,2
994.8,0.53,9.7,7.6,12.0,24.46,150,2
994.8,1.29,13.6,9.5,18.1,22.25,311,2
994.8,1.29,13.6,9.5,18.1,24.46,150,2
994.8,0.21,6.9,5.5,8.4,22.25,311,2
994.8,0.21,6.9,5.5,8.4,24.46,150,2
994.8,0.03,0.0,-1.1,1.3,22.25,311,2
994.8,0.03,0.0,-1.1,1.3,24.46,150,2
994.9,0.44,7.8,5.3,11.4,27.37,300,3
994.9,0.44,7.8,5.3,11.4,5.02,1,1
994.9,0.32,5.8,3.4,5.8,27.37,300,3
994.9,0.32,5.8,3.4,5.8,5.02,1,1
994.9,1.5,1.4,-0.6,5.9,27.37,300,2
994.9,1.5,1.4,-0.6,5.9,5.02,1,0
994.9,0.13,1.8,-3.2,5.0,27.37,300,2
994.9,0.13,1.8,-3.2,5.0,5.02,1,0
994.9,0.28,4.0,1.7,6.0,27.37,300,2
994.9,0.28,4.0,1.7,6.0,5.02,1,0
994.9,0.37,9.4,7.9,11.5,27.37,300,2
994.9,0.37,9.4,7.9,11.5,5.02,1,0
994.9,0.18,10.8,7.5,14.1,27.37,300,2
994.9,0.18,10.8,7.5,14.1,5.02,1,0
994.9,0.82,10.4,8.2,12.9,27.37,300,2
994.9,0.82,10.4,8.2,12.9,5.02,1,0
994.9,0.22,7.6,6.3,8.8,27.37,300,2
994.9,0.22,7.6,6.3,8.8,5.02,1,0
994.9,0.11,7.8,5.8,9.1,27.37,300,2
994.9,0.11,7.8,5.8,9.1,5.02,1,0
994.9,0.12,8.1,6.8,10.0,27.37,300,2
994.9,0.12,8.1,6.8,10.0,5.02,1,0
994.9,0.11,0.6,-0.8,1.4,27.37,300,2
994.9,0.11,0.6,-0.8,1.4,5.02,1,0
994.9,0.12,1.9,-1.2,5.2,27.37,300,2
994.9,0.12,1.9,-1.2,5.2,5.02,1,0
994.9,0.3,16.5,15.1,17.7,27.37,300,2
994.9,0.3,16.5,15.1,17.7,5.02,1,0
995.0,0.39,-0.3,-3.5,1.2,20.93,170,3
995.0,0.39,-0.3,-3.5,1.2,12.46,263,1
995.0,0.39,-0.3,-3.5,1.2,28.98,300,3
995.0,0.43,9.6,8.2,11.0,20.93,170,3
995.0,0.43,9.6,8.2,11.0,12.46,263,1
995.0,0.43,9.6,8.2,11.0,28.98,300,3
995.0,0.27,7.6,5.9,10.0,20.93,170,2
995.0,0.27,7.6,5.9,10.0,12.46,263,0
995.0,0.27,7.6,5.9,10.0,28.98,300,2
995.0,0.74,11.6,9.3,10.9,20.93,170,2
995.0,0.74,11.6,9.3,10.9,12.46,263,0
995.0,0.74,11.6,9.3,10.9,28.98,300,2
995.0,0.12,6.8,5.1,9.0,20.93,170,2
995.0,0.12,6.8,5.1,9.0,12.46,263,0
995.0,0.12,6.8,5.1,9.0,28.98,300,2
995.0,0.24,9.6,7.2,11.2,20.93,170,2
995.0,0.24,9.6,7.2,11.2,12.46,263,0
995.0,0.24,9.6,7.2,11.2,28.98,300,2
995.1,1.73,10.0,2.9,16.2,17.48,174,2
995.1,1.73,10.0,2.9,16.2,26.92,310,2
995.1,1.73,10.0,2.9,16.2,11.53,351,0
995.1,0.15,8.4,4.4,11.0,17.48,174,2
995.1,0.15,8.4,4.4,11.0,26.92,310,2
995.1,0.15,8.4,4.4,11.0,11.53,351,0
995.1,0.17,6.0,4.3,8.1,17.48,174,2
995.1,0.17,6.0,4.3,8.1,26.92,310,2
995.1,0.17,6.0,4.3,8.1,11.53,351,0
995.1,1.14,7.0,1.6,9.6,17.48,174,2
995.1,1.14,7.0,1.6,9.6,26.92,310,2
995.1,1.14,7.0,1.6,9.6,11.53,351,0
995.1,0.25,6.1,1.8,10.6,17.48,174,2
995.1,0.25,6.1,1.8,10.6,26.92,310,2
995.1,0.25,6.1,1.8,10.6,11.53,351,0
995.1,0.16,4.4,2.4,5.8,17.48,174,2
995.1,0.16,4.4,2.4,5.8,26.92,310,2
995.1,0.16,4.4,2.4,5.8,11.53,351,0
995.1,0.67,11.6,9.1,13.8,17.48,174,2
995.1,0.67,11.6,9.1,13.8,26.92,310,2
995.1,0.67,11.6,9.1,13.8,11.53,351,0
995.1,0.88,3.6,-1.9,9.1,17.48,174,2
995.1,0.88,3.6,-1.9,9.1,26.92,310,2
995.1,0.88,3.6,-1.9,9.1,11.53,351,0
995.2,0.31,0.6,-1.3,3.3,14.49,140,1
995.2,0.31,0.6,-1.3,3.3,14.49,160,1
995.2,0.21,10.1,7.1,13.8,14.49,140,0
995.2,0.21,10.1,7.1,13.8,14.49,160,0
995.2,0.61,8.0,5.8,9.4,14.49,140,0
995.2,0.61,8.0,5.8,9.4,14.49,160,0
995.2,1.44,11.8,7.5,18.7,14.49,140,0
995.2,1.44,11.8,7.5,18.7,14.49,160,0
995.3,0.24,1.9,-1.9,3.6,13.89,132,1
995.3,0.24,1.9,-1.9,3.6,17.71,170,3
995.3,0.24,1.9,-1.9,3.6,3.22,160,1
995.3,0.24,1.9,-1.9,3.6,28.43,191,3
995.3,0.19,1.1,-0.3,3.3,13.89,132,1
995.3,0.19,1.1,-0.3,3.3,17.71,170,3
995.3,0.19,1.1,-0.3,3.3,3.22,160,1
995.3,0.19,1.1,-0.3,3.3,28.43,191,3
995.3,0.38,8.5,6.3,10.9,13.89,132,0
995.3,0.38,8.5,6.3,10.9,17.71,170,2
995.3,0.38,8.5,6.3,10.9,3.22,160,0
995.3,0.38,8.5,6.3,10.9,28.43,191,2
995.3,0.13,8.4,5.9,10.5,13.89,132,0
995.3,0.13,8.4,5.9,10.5,17.71,170,2
995.3,0.13,8.4,5.9,10.5,3.22,160,0
995.3,0.13,8.4,5.9,10.5,28.43,191,2
995.3,0.33,6.8,2.6,9.1,13.89,132,0
995.3,0.33,6.8,2.6,9.1,17.71,170,2
995.3,0.33,6.8,2.6,9.1,3.22,160,0
995.3,0.33,6.8,2.6,9.1,28.43,191,2
995.3,0.3,9.0,7.2,7.0,13.89,132,0
995.3,0.3,9.0,7.2,7.0,17.71,170,2
995.3,0.3,9.0,7.2,7.0,3.22,160,0
995.3,0.3,9.0,7.2,7.0,28.43,191,2
995.3,2.09,17.3,13.8,17.5,13.89,132,0
995.3,2.09,17.3,13.8,17.5,17.71,170,2
995.3,2.09,17.3,13.8,17.5,3.22,160,0
995.3,2.09,17.3,13.8,17.5,28.43,191,2
995.3,0.41,7.3,4.3,10.4,13.89,132,0
995.3,0.41,7.3,4.3,10.4,17.71,170,2
995.3,0.41,7.3,4.3,10.4,3.22,160,0
995.3,0.41,7.3,4.3,10.4,28.43,191,2
995.3,0.16,8.4,4.1,12.8,13.89,132,0
995.3,0.16,8.4,4.1,12.8,17.71,170,2
995.3,0.16,8.4,4.1,12.8,3.22,160,0
995.3,0.16,8.4,4.1,12.8,28.43,191,2
995.3,0.16,2.1,1.5,3.2,13.89,132,0
995.3,0.16,2.1,1.5,3.2,17.71,170,2
995.3,0.16,2.1,1.5,3.2,3.22,160,0
995.3,0.16,2.1,1.5,3.2,28.43,191,2
995.4,1.06,11.7,8.8,15.2,19.14,307,3
995.4,1.9,17.0,12.9,22.8,19.14,307,3
995.4,0.54,5.2,3.3,7.2,19.14,307,3
995.4,0.16,-0.3,-2.3,0.9,19.14,307,3
995.4,0.85,15.6,13.1,18.2,19.14,307,3
995.4,0.53,12.8,9.2,16.0,19.14,307,2
995.4,0.24,4.8,3.1,6.7,19.14,307,2
995.4,0.26,9.8,4.8,12.2,19.14,307,2
995.4,0.28,16.7,14.9,18.3,19.14,307,2
995.4,0.95,15.2,13.9,19.7,19.14,307,2
995.4,0.28,12.1,9.1,15.9,19.14,307,2
995.4,0.44,1.6,-2.4,4.3,19.14,307,2
995.5,0.5,8.9,7.3,14.0,13.96,6,1
995.5,0.5,8.9,7.3,14.0,24.15,150,3
995.5,1.28,7.0,1.5,12.4,13.96,6,0
995.5,1.28,7.0,1.5,12.4,24.15,150,2
995.5,0.25,-2.4,-5.3,-0.1,13.96,6,0
995.5,0.25,-2.4,-5.3,-0.1,24.15,150,2
995.5,0.12,5.0,-1.8,7.4,13.96,6,0
995.5,0.12,5.0,-1.8,7.4,24.15,150,2
995.5,0.29,6.1,3.1,7.6,13.96,6,0
995.5,0.29,6.1,3.1,7.6,24.15,150,2
995.5,1.18,9.1,4.7,13.5,13.96,6,0
995.5,1.18,9.1,4.7,13.5,24.15,150,2
995.5,0.1,0.6,-3.8,4.0,13.96,6,0
995.5,0.1,0.6,-3.8,4.0,24.15,150,2
995.5,0.25,1.6,-0.8,4.3,13.96,6,0
995.5,0.25,1.6,-0.8,4.3,24.15,150,2
995.5,0.42,-0.4,-1.3,0.8,13.96,6,0
995.5,0.42,-0.4,-1.3,0.8,24.15,150,2
995.5,0.65,2.0,0.8,3.0,13.96,6,0
995.5,0.65,2.0,0.8,3.0,24.15,150,2
995.6,0.6,9.7,8.3,10.8,24.15,290,3
995.6,0.6,9.7,8.3,10.8,37.03,140,3
995.6,0.6,9.7,8.3,10.8,7.39,359,1
995.6,0.38,6.7,1.9,9.6,24.15,290,3
995.6,0.38,6.7,1.9,9.6,37.03,140,3
995.6,0.38,6.7,1.9,9.6,7.39,359,1
995.6,0.36,0.8,-1.7,3.0,24.15,290,3
995.6,0.36,0.8,-1.7,3.0,37.03,140,3
995.6,0.36,0.8,-1.7,3.0,7.39,359,1
995.6,2.02,6.6,0.3,11.9,24.15,290,3
995.6,2.02,6.6,0.3,11.9,37.03,140,3
995.6,2.02,6.6,0.3,11.9,7.39,359,1
995.6,0.59,6.0,3.7,10.0,24.15,290,2
995.6,0.59,6.0,3.7,10.0,37.03,140,2
995.6,0.59,6.0,3.7,10.0,7.39,359,0
995.6,0.52,14.9,13.1,17.1,24.15,290,2
995.6,0.52,14.9,13.1,17.1,37.03,140,2
995.6,0.52,14.9,13.1,17.1,7.39,359,0
995.6,1.1,6.1,4.5,10.5,24.15,290,2
995.6,1.1,6.1,4.5,10.5,37.03,140,2
995.6,1.1,6.1,4.5,10.5,7.39,359,0
995.6,0.84,0.7,-1.6,5.8,24.15,290,2
995.6,0.84,0.7,-1.6,5.8,37.03,140,2
995.6,0.84,0.7,-1.6,5.8,7.39,359,0
995.6,0.18,3.8,1.9,5.4,24.15,290,2
995.6,0.18,3.8,1.9,5.4,37.03,140,2
995.6,0.18,3.8,1.9,5.4,7.39,359,0
995.6,0.19,6.3,3.0,8.1,24.15,290,2
995.6,0.19,6.3,3.0,8.1,37.03,140,2
995.6,0.19,6.3,3.0,8.1,7.39,359,0
995.6,0.42,8.6,2.7,11.7,24.15,290,2
995.6,0.42,8.6,2.7,11.7,37.03,140,2
995.6,0.42,8.6,2.7,11.7,7.39,359,0
995.6,0.12,7.2,1.9,9.5,24.15,290,2
995.6,0.12,7.2,1.9,9.5,37.03,140,2
995.6,0.12,7.2,1.9,9.5,7.39,359,0
995.6,0.13,8.3,3.7,11.3,24.15,290,2
995.6,0.13,8.3,3.7,11.3,37.03,140,2
995.6,0.13,8.3,3.7,11.3,7.39,359,0
995.6,0.29,0.1,-1.9,1.2,24.15,290,2
995.6,0.29,0.1,-1.9,1.2,37.03,140,2
995.6,0.29,0.1,-1.9,1.2,7.39,359,0
995.6,0.54,2.5,1.2,4.2,24.15,290,2
995.6,0.54,2.5,1.2,4.2,37.03,140,2
995.6,0.54,2.5,1.2,4.2,7.39,359,0
995.7,1.95,6.1,-2.4,12.4,3.22,80,1
995.7,0.4,4.5,2.0,10.1,3.22,80,1
995.7,1.95,7.9,1.8,13.1,3.22,80,1
995.7,0.22,9.1,7.6,11.6,3.22,80,0
995.7,0.23,6.4,5.1,7.6,3.22,80,0
995.7,1.14,0.8,-0.7,5.0,3.22,80,0
995.7,0.24,6.4,4.7,7.5,3.22,80,0
995.7,1.66,14.9,12.1,22.1,3.22,80,0
995.8,2.0,10.2,2.2,15.5,22.54,170,3
995.8,2.0,10.2,2.2,15.5,11.27,200,1
995.8,0.8,13.4,11.5,16.9,22.54,170,3
995.8,0.8,13.4,11.5,16.9,11.27,200,1
995.8,0.71,8.0,4.3,11.9,22.54,170,3
995.8,0.71,8.0,4.3,11.9,11.27,200,1
995.8,0.25,7.1,4.0,9.0,22.54,170,2
995.8,0.25,7.1,4.0,9.0,11.27,200,0
995.8,0.61,10.1,7.4,9.7,22.54,170,2
995.8,0.61,10.1,7.4,9.7,11.27,200,0
995.8,0.72,2.4,0.4,6.2,22.54,170,2
995.8,0.72,2.4,0.4,6.2,11.27,200,0
995.8,0.17,6.6,4.3,7.9,22.54,170,2
995.8,0.17,6.6,4.3,7.9,11.27,200,0
995.8,0.26,11.9,9.4,13.7,22.54,170,2
995.8,0.26,11.9,9.4,13.7,11.27,200,0
995.8,0.21,4.7,2.1,8.0,22.54,170,2
995.8,0.21,4.7,2.1,8.0,11.27,200,0
995.8,0.34,6.9,3.4,9.2,22.54,170,2
995.8,0.34,6.9,3.4,9.2,11.27,200,0
995.8,1.17,9.1,6.5,13.8,22.54,170,2
995.8,1.17,9.1,6.5,13.8,11.27,200,0
995.8,0.2,7.6,4.2,11.7,22.54,170,2
995.8,0.2,7.6,4.2,11.7,11.27,200,0
995.8,0.11,11.7,10.8,12.5,22.54,170,2
995.8,0.11,11.7,10.8,12.5,11.27,200,0
995.9,0.78,13.8,10.3,17.3,32.57,233,2
995.9,0.17,3.9,1.9,5.7,32.57,233,2
995.9,1.78,10.1,3.2,15.4,32.57,233,2
995.9,0.15,9.8,7.0,12.5,32.57,233,2
995.9,0.14,10.8,9.1,12.4,32.57,233,2
995.9,0.35,5.8,1.5,10.1,32.57,233,2
996.0,0.54,10.0,7.9,5.5,11.45,299,1
996.0,0.92,8.1,5.3,10.9,11.45,299,1
996.0,1.04,5.7,2.5,10.0,11.45,299,1
996.0,0.7,9.9,7.2,12.6,11.45,299,0
996.0,1.0,6.5,4.5,9.7,11.45,299,0
996.0,0.28,9.6,8.0,11.5,11.45,299,0
996.0,0.32,9.0,7.1,11.5,11.45,299,0
996.0,0.22,0.8,-0.6,3.0,11.45,299,0
996.0,0.77,2.2,-0.3,5.1,11.45,299,0
996.0,0.98,12.1,9.2,15.2,11.45,299,0
996.0,0.14,11.4,8.3,14.1,11.45,299,0
996.0,0.22,4.3,3.1,6.0,11.45,299,0
996.0,0.27,6.1,1.6,9.1,11.45,299,0
996.1,0.7,13.0,10.9,15.1,38.64,280,3
996.1,0.7,13.0,10.9,15.1,27.37,310,3
996.1,0.7,13.0,10.9,15.1,9.48,308,1
996.1,2.26,10.7,4.5,16.7,38.64,280,2
996.1,2.26,10.7,4.5,16.7,27.37,310,2
996.1,2.26,10.7,4.5,16.7,9.48,308,0
996.1,0.51,9.8,4.6,13.9,38.64,280,2
996.1,0.51,9.8,4.6,13.9,27.37,310,2
996.1,0.51,9.8,4.6,13.9,9.48,308,0
996.1,0.23,6.9,4.3,9.2,38.64,280,2
996.1,0.23,6.9,4.3,9.2,27.37,310,2
996.1,0.23,6.9,4.3,9.2,9.48,308,0
996.1,0.34,9.3,7.5,11.1,38.64,280,2
996.1,0.34,9.3,7.5,11.1,27.37,310,2
996.1,0.34,9.3,7.5,11.1,9.48,308,0
996.1,0.11,-2.2,-6.2,0.3,38.64,280,2
996.1,0.11,-2.2,-6.2,0.3,27.37,310,2
996.1,0.11,-2.2,-6.2,0.3,9.48,308,0
996.1,0.3,9.9,6.7,11.7,38.64,280,2
996.1,0.3,9.9,6.7,11.7,27.37,310,2
996.1,0.3,9.9,6.7,11.7,9.48,308,0
996.1,0.16,9.0,5.5,11.3,38.64,280,2
996.1,0.16,9.0,5.5,11.3,27.37,310,2
996.1,0.16,9.0,5.5,11.3,9.48,308,0
996.2,0.27,4.8,0.4,11.5,20.93,200,2
996.2,0.27,4.8,0.4,11.5,6.44,10,0
996.2,0.27,4.8,0.4,11.5,9.66,290,0
996.2,0.4,2.5,0.6,5.5,20.93,200,2
996.2,0.4,2.5,0.6,5.5,6.44,10,0
996.2,0.4,2.5,0.6,5.5,9.66,290,0
996.2,1.04,3.4,1.0,8.0,20.93,200,2
996.2,1.04,3.4,1.0,8.0,6.44,10,0
996.2,1.04,3.4,1.0,8.0,9.66,290,0
996.2,0.23,9.7,7.9,10.7,20.93,200,2
996.2,0.23,9.7,7.9,10.7,6.44,10,0
996.2,0.23,9.7,7.9,10.7,9.66,290,0
996.2,0.08,8.8,6.3,10.6,20.93,200,2
996.2,0.08,8.8,6.3,10.6,6.44,10,0
996.2,0.08,8.8,6.3,10.6,9.66,290,0
996.2,0.7,9.7,8.6,12.6,20.93,200,2
996.2,0.7,9.7,8.6,12.6,6.44,10,0
996.2,0.7,9.7,8.6,12.6,9.66,290,0
996.3,0.76,7.7,5.2,11.4,24.07,209,3
996.3,0.76,7.7,5.2,11.4,17.71,280,3
996.3,0.76,7.7,5.2,11.4,12.88,20,1
996.3,0.76,7.7,5.2,11.4,31.75,119,3
996.3,0.59,-0.6,-5.0,3.8,24.07,209,3
996.3,0.59,-0.6,-5.0,3.8,17.71,280,3
996.3,0.59,-0.6,-5.0,3.8,12.88,20,1
996.3,0.59,-0.6,-5.0,3.8,31.75,119,3
996.3,0.34,-1.3,-4.2,1.0,24.07,209,3
996.3,0.34,-1.3,-4.2,1.0,17.71,280,3
996.3,0.34,-1.3,-4.2,1.0,12.88,20,1
996.3,0.34,-1.3,-4.2,1.0,31.75,119,3
996.3,0.57,2.2,-0.2,5.0,24.07,209,3
996.3,0.57,2.2,-0.2,5.0,17.71,280,3
996.3,0.57,2.2,-0.2,5.0,12.88,20,1
996.3,0.57,2.2,-0.2,5.0,31.75,119,3
996.3,0.25,1.8,-2.8,4.4,24.07,209,2
996.3,0.25,1.8,-2.8,4.4,17.71,280,2
996.3,0.25,1.8,-2.8,4.4,12.88,20,0
996.3,0.25,1.8,-2.8,4.4,31.75,119,2
996.3,0.55,10.1,8.5,14.4,24.07,209,2
996.3,0.55,10.1,8.5,14.4,17.71,280,2
996.3,0.55,10.1,8.5,14.4,12.88,20,0
996.3,0.55,10.1,8.5,14.4,31.75,119,2
996.3,0.72,2.0,-1.6,4.8,24.07,209,2
996.3,0.72,2.0,-1.6,4.8,17.71,280,2
996.3,0.72,2.0,-1.6,4.8,12.88,20,0
996.3,0.72,2.0,-1.6,4.8,31.75,119,2
996.3,2.02,13.2,9.9,19.5,24.07,209,2
996.3,2.02,13.2,9.9,19.5,17.71,280,2
996.3,2.02,13.2,9.9,19.5,12.88,20,0
996.3,2.02,13.2,9.9,19.5,31.75,119,2
996.3,0.27,6.2,4.7,7.6,24.07,209,2
996.3,0.27,6.2,4.7,7.6,17.71,280,2
996.3,0.27,6.2,4.7,7.6,12.88,20,0
996.3,0.27,6.2,4.7,7.6,31.75,119,2
996.3,0.42,9.3,7.8,12.4,24.07,209,2
996.3,0.42,9.3,7.8,12.4,17.71,280,2
996.3,0.42,9.3,7.8,12.4,12.88,20,0
996.3,0.42,9.3,7.8,12.4,31.75,119,2
996.3,0.14,10.4,7.8,11.9,24.07,209,2
996.3,0.14,10.4,7.8,11.9,17.71,280,2
996.3,0.14,10.4,7.8,11.9,12.88,20,0
996.3,0.14,10.4,7.8,11.9,31.75,119,2
996.3,1.21,18.7,15.3,22.1,24.07,209,2
996.3,1.21,18.7,15.3,22.1,17.71,280,2
996.3,1.21,18.7,15.3,22.1,12.88,20,0
996.3,1.21,18.7,15.3,22.1,31.75,119,2
996.3,0.35,5.4,2.9,9.4,24.07,209,2
996.3,0.35,5.4,2.9,9.4,17.71,280,2
996.3,0.35,5.4,2.9,9.4,12.88,20,0
996.3,0.35,5.4,2.9,9.4,31.75,119,2
996.3,0.33,8.1,5.5,10.7,24.07,209,2
996.3,0.33,8.1,5.5,10.7,17.71,280,2
996.3,0.33,8.1,5.5,10.7,12.88,20,0
996.3,0.33,8.1,5.5,10.7,31.75,119,2
996.4,0.44,3.6,0.7,6.6,14.49,150,1
996.4,1.05,5.9,2.2,9.9,14.49,150,1
996.4,2.1,11.5,7.7,15.3,14.49,150,1
996.4,1.92,17.2,12.8,22.0,14.49,150,1
996.4,0.92,-0.2,-2.7,4.5,14.49,150,1
996.4,0.43,5.3,1.8,8.0,14.49,150,1
996.4,1.69,8.0,4.3,13.1,14.49,150,0
996.4,0.19,5.1,2.3,6.8,14.49,150,0
996.4,0.63,6.6,3.7,9.4,14.49,150,0
996.4,0.34,9.8,8.0,13.0,14.49,150,0
996.4,0.2,10.8,10.3,11.2,14.49,150,0
996.4,0.44,7.1,4.8,10.5,14.49,150,0
996.4,0.11,12.9,10.8,15.0,14.49,150,0
996.4,0.78,8.5,6.2,11.2,14.49,150,0
996.4,0.14,5.8,3.3,7.2,14.49,150,0
996.4,0.45,13.8,11.9,16.9,14.49,150,0
996.4,0.44,8.2,6.7,9.7,14.49,150,0
996.5,0.3,3.0,1.3,4.6,0.0,0,1
996.5,1.67,9.5,6.7,13.1,0.0,0,1
996.5,0.58,3.7,1.6,6.6,0.0,0,1
996.5,0.29,7.3,2.2,10.0,0.0,0,0
996.5,0.35,10.5,7.9,14.7,0.0,0,0
996.5,2.08,13.4,9.0,17.6,0.0,0,0
996.5,1.23,14.1,11.1,18.6,0.0,0,0
996.5,0.38,7.9,6.3,10.0,0.0,0,0
996.5,0.17,3.6,1.3,5.1,0.0,0,0
996.5,0.08,2.9,-0.2,4.8,0.0,0,0
996.5,0.11,4.2,0.9,8.4,0.0,0,0
996.5,0.31,-0.1,-0.8,0.4,0.0,0,0
996.5,0.43,7.6,6.0,9.4,0.0,0,0
996.5,0.27,3.9,1.5,5.8,0.0,0,0
996.6,1.52,7.2,3.3,12.3,3.22,110,0
996.6,1.52,7.2,3.3,12.3,7.74,87,0
996.6,1.52,7.2,3.3,12.3,16.6,54,2
996.6,1.15,10.2,6.3,14.6,3.22,110,0
996.6,1.15,10.2,6.3,14.6,7.74,87,0
996.6,1.15,10.2,6.3,14.6,16.6,54,2
996.6,0.35,7.7,4.4,10.4,3.22,110,0
996.6,0.35,7.7,4.4,10.4,7.74,87,0
996.6,0.35,7.7,4.4,10.4,16.6,54,2
996.6,0.05,4.4,2.2,6.1,3.22,110,0
996.6,0.05,4.4,2.2,6.1,7.74,87,0
996.6,0.05,4.4,2.2,6.1,16.6,54,2
996.6,0.39,7.2,2.8,14.3,3.22,110,0
996.6,0.39,7.2,2.8,14.3,7.74,87,0
996.6,0.39,7.2,2.8,14.3,16.6,54,2
996.6,0.11,3.4,1.0,6.3,3.22,110,0
996.6,0.11,3.4,1.0,6.3,7.74,87,0
996.6,0.11,3.4,1.0,6.3,16.6,54,2
996.6,0.3,9.2,7.7,10.7,3.22,110,0
996.6,0.3,9.2,7.7,10.7,7.74,87,0
996.6,0.3,9.2,7.7,10.7,16.6,54,2
996.7,0.48,0.0,-4.2,3.2,14.55,193,1
996.7,0.48,0.0,-4.2,3.2,3.22,0,1
996.7,0.48,0.0,-4.2,3.2,11.27,220,1
996.7,0.48,0.0,-4.2,3.2,28.4,279,3
996.7,0.54,0.2,-4.0,4.3,14.55,193,1
996.7,0.54,0.2,-4.0,4.3,3.22,0,1
996.7,0.54,0.2,-4.0,4.3,11.27,220,1
996.7,0.54,0.2,-4.0,4.3,28.4,279,3
996.7,0.25,-1.0,-4.8,2.9,14.55,193,1
996.7,0.25,-1.0,-4.8,2.9,3.22,0,1
996.7,0.25,-1.0,-4.8,2.9,11.27,220,1
996.7,0.25,-1.0,-4.8,2.9,28.4,279,3
996.7,1.84,9.4,0.3,14.3,14.55,193,0
996.7,1.84,9.4,0.3,14.3,3.22,0,0
996.7,1.84,9.4,0.3,14.3,11.27,220,0
996.7,1.84,9.4,0.3,14.3,28.4,279,2
996.7,0.34,2.1,-2.2,6.4,14.55,193,0
996.7,0.34,2.1,-2.2,6.4,3.22,0,0
996.7,0.34,2.1,-2.2,6.4,11.27,220,0
996.7,0.34,2.1,-2.2,6.4,28.4,279,2
996.7,0.2,11.6,8.7,13.9,14.55,193,0
996.7,0.2,11.6,8.7,13.9,3.22,0,0
996.7,0.2,11.6,8.7,13.9,11.27,220,0
996.7,0.2,11.6,8.7,13.9,28.4,279,2
996.7,2.07,14.0,7.9,19.1,14.55,193,0
996.7,2.07,14.0,7.9,19.1,3.22,0,0
996.7,2.07,14.0,7.9,19.1,11.27,220,0
996.7,2.07,14.0,7.9,19.1,28.4,279,2
996.7,0.54,8.3,5.2,11.2,14.55,193,0
996.7,0.54,8.3,5.2,11.2,3.22,0,0
996.7,0.54,8.3,5.2,11.2,11.27,220,0
996.7,0.54,8.3,5.2,11.2,28.4,279,2
996.7,0.37,6.4,3.9,7.6,14.55,193,0
996.7,0.37,6.4,3.9,7.6,3.22,0,0
996.7,0.37,6.4,3.9,7.6,11.27,220,0
996.7,0.37,6.4,3.9,7.6,28.4,279,2
996.7,0.14,5.6,1.5,9.8,14.55,193,0
996.7,0.14,5.6,1.5,9.8,3.22,0,0
996.7,0.14,5.6,1.5,9.8,11.27,220,0
996.7,0.14,5.6,1.5,9.8,28.4,279,2
996.7,0.1,4.9,1.5,6.8,14.55,193,0
996.7,0.1,4.9,1.5,6.8,3.22,0,0
996.7,0.1,4.9,1.5,6.8,11.27,220,0
996.7,0.1,4.9,1.5,6.8,28.4,279,2
996.7,0.2,8.4,7.5,10.0,14.55,193,0
996.7,0.2,8.4,7.5,10.0,3.22,0,0
996.7,0.2,8.4,7.5,10.0,11.27,220,0
996.7,0.2,8.4,7.5,10.0,28.4,279,2
996.8,0.5,6.8,4.8,8.6,0.0,0,1
996.8,0.41,10.0,8.6,11.3,0.0,0,1
996.8,0.42,1.1,-1.2,5.4,0.0,0,0
996.8,0.34,7.0,3.5,9.4,0.0,0,0
996.8,0.2,5.6,4.1,9.3,0.0,0,0
996.8,0.88,7.2,5.0,11.3,0.0,0,0
996.8,0.21,8.1,5.4,10.1,0.0,0,0
996.8,0.85,6.7,3.8,10.0,0.0,0,0
996.8,0.31,9.3,8.0,11.9,0.0,0,0
996.8,0.28,11.2,7.6,14.3,0.0,0,0
996.8,0.52,5.4,3.4,8.8,0.0,0,0
996.8,0.32,0.5,-0.3,1.5,0.0,0,0
996.8,0.33,2.1,0.2,3.6,0.0,0,0
996.8,0.15,7.2,2.5,8.8,0.0,0,0
996.9,0.61,3.9,1.0,10.4,9.9,266,1
996.9,0.61,3.9,1.0,10.4,12.88,150,1
996.9,0.61,3.9,1.0,10.4,24.15,160,3
996.9,0.61,3.9,1.0,10.4,33.81,140,3
996.9,0.61,3.9,1.0,10.4,6.94,247,1
996.9,0.45,-0.1,-4.2,2.3,9.9,266,1
996.9,0.45,-0.1,-4.2,2.3,12.88,150,1
996.9,0.45,-0.1,-4.2,2.3,24.15,160,3
996.9,0.45,-0.1,-4.2,2.3,33.81,140,3
996.9,0.45,-0.1,-4.2,2.3,6.94,247,1
996.9,0.59,10.8,4.2,14.5,9.9,266,1
996.9,0.59,10.8,4.2,14.5,12.88,150,1
996.9,0.59,10.8,4.2,14.5,24.15,160,3
996.9,0.59,10.8,4.2,14.5,33.81,140,3
996.9,0.59,10.8,4.2,14.5,6.94,247,1
996.9,2.01,18.4,14.9,23.3,9.9,266,1
996.9,2.01,18.4,14.9,23.3,12.88,150,1
996.9,2.01,18.4,14.9,23.3,24.15,160,3
996.9,2.01,18.4,14.9,23.3,33.81,140,3
996.9,2.01,18.4,14.9,23.3,6.94,247,1
996.9,1.27,6.8,4.9,9.6,9.9,266,0
996.9,1.27,6.8,4.9,9.6,12.88,150,0
996.9,1.27,6.8,4.9,9.6,24.15,160,2
996.9,1.27,6.8,4.9,9.6,33.81,140,2
996.9,1.27,6.8,4.9,9.6,6.94,247,0
996.9,0.24,14.2,9.7,16.0,9.9,266,0
996.9,0.24,14.2,9.7,16.0,12.88,150,0
996.9,0.24,14.2,9.7,16.0,24.15,160,2
996.9,0.24,14.2,9.7,16.0,33.81,140,2
996.9,0.24,14.2,9.7,16.0,6.94,247,0
996.9,0.95,5.4,3.4,10.3,9.9,266,0
996.9,0.95,5.4,3.4,10.3,12.88,150,0
996.9,0.95,5.4,3.4,10.3,24.15,160,2
996.9,0.95,5.4,3.4,10.3,33.81,140,2
996.9,0.95,5.4,3.4,10.3,6.94,247,0
996.9,0.62,10.4,6.4,12.8,9.9,266,0
996.9,0.62,10.4,6.4,12.8,12.88,150,0
996.9,0.62,10.4,6.4,12.8,24.15,160,2
996.9,0.62,10.4,6.4,12.8,33.81,140,2
996.9,0.62,10.4,6.4,12.8,6.94,247,0
996.9,0.2,6.4,2.7,8.1,9.9,266,0
996.9,0.2,6.4,2.7,8.1,12.88,150,0
996.9,0.2,6.4,2.7,8.1,24.15,160,2
996.9,0.2,6.4,2.7,8.1,33.81,140,2
996.9,0.2,6.4,2.7,8.1,6.94,247,0
996.9,0.13,10.7,7.1,12.4,9.9,266,0
996.9,0.13,10.7,7.1,12.4,12.88,150,0
996.9,0.13,10.7,7.1,12.4,24.15,160,2
996.9,0.13,10.7,7.1,12.4,33.81,140,2
996.9,0.13,10.7,7.1,12.4,6.94,247,0
996.9,1.23,1.1,-1.2,4.0,9.9,266,0
996.9,1.23,1.1,-1.2,4.0,12.88,150,0
996.9,1.23,1.1,-1.2,4.0,24.15,160,2
996.9,1.23,1.1,-1.2,4.0,33.81,140,2
996.9,1.23,1.1,-1.2,4.0,6.94,247,0
996.9,0.76,12.5,10.1,17.7,9.9,266,0
996.9,0.76,12.5,10.1,17.7,12.88,150,0
996.9,0.76,12.5,10.1,17.7,24.15,160,2
996.9,0.76,12.5,10.1,17.7,33.81,140,2
996.9,0.76,12.5,10.1,17.7,6.94,247,0
996.9,0.21,7.0,4.6,8.8,9.9,266,0
996.9,0.21,7.0,4.6,8.8,12.88,150,0
996.9,0.21,7.0,4.6,8.8,24.15,160,2
996.9,0.21,7.0,4.6,8.8,33.81,140,2
996.9,0.21,7.0,4.6,8.8,6.94,247,0
997.0,0.35,7.6,5.8,10.0,25.76,30,3
997.0,0.35,7.6,5.8,10.0,27.37,330,3
997.0,0.35,7.6,5.8,10.0,26.6,270,3
997.0,0.73,4.9,1.0,7.3,25.76,30,2
997.0,0.73,4.9,1.0,7.3,27.37,330,2
997.0,0.73,4.9,1.0,7.3,26.6,270,2
997.0,0.95,10.1,7.6,13.3,25.76,30,2
997.0,0.95,10.1,7.6,13.3,27.37,330,2
997.0,0.95,10.1,7.6,13.3,26.6,270,2
997.0,0.12,9.1,6.5,11.2,25.76,30,2
997.0,0.12,9.1,6.5,11.2,27.37,330,2
997.0,0.12,9.1,6.5,11.2,26.6,270,2
997.0,0.49,7.7,4.6,11.3,25.76,30,2
997.0,0.49,7.7,4.6,11.3,27.37,330,2
997.0,0.49,7.7,4.6,11.3,26.6,270,2
997.0,1.36,9.5,4.3,13.8,25.76,30,2
997.0,1.36,9.5,4.3,13.8,27.37,330,2
997.0,1.36,9.5,4.3,13.8,26.6,270,2
997.0,0.41,2.8,0.6,5.1,25.76,30,2
997.0,0.41,2.8,0.6,5.1,27.37,330,2
997.0,0.41,2.8,0.6,5.1,26.6,270,2
997.0,0.48,11.2,9.0,13.9,25.76,30,2
997.0,0.48,11.2,9.0,13.9,27.37,330,2
997.0,0.48,11.2,9.0,13.9,26.6,270,2
997.0,0.26,4.2,1.5,10.2,25.76,30,2
997.0,0.26,4.2,1.5,10.2,27.37,330,2
997.0,0.26,4.2,1.5,10.2,26.6,270,2
997.0,0.36,7.9,6.1,9.2,25.76,30,2
997.0,0.36,7.9,6.1,9.2,27.37,330,2
997.0,0.36,7.9,6.1,9.2,26.6,270,2
997.0,0.75,10.4,7.1,9.1,25.76,30,2
997.0,0.75,10.4,7.1,9.1,27.37,330,2
997.0,0.75,10.4,7.1,9.1,26.6,270,2
997.0,0.99,6.3,5.1,10.3,25.76,30,2
997.0,0.99,6.3,5.1,10.3,27.37,330,2
997.0,0.99,6.3,5.1,10.3,26.6,270,2
997.0,0.54,1.2,-0.2,2.8,25.76,30,2
997.0,0.54,1.2,-0.2,2.8,27.37,330,2
997.0,0.54,1.2,-0.2,2.8,26.6,270,2
997.1,0.3,6.5,4.7,8.9,17.71,230,2
997.1,0.3,6.5,4.7,8.9,11.27,180,0
997.1,0.3,7.4,4.2,9.2,17.71,230,2
997.1,0.3,7.4,4.2,9.2,11.27,180,0
997.1,1.88,14.7,12.1,20.3,17.71,230,2
997.1,1.88,14.7,12.1,20.3,11.27,180,0
997.1,0.11,0.0,-0.5,0.5,17.71,230,2
997.1,0.11,0.0,-0.5,0.5,11.27,180,0
997.1,0.11,10.7,9.4,11.3,17.71,230,2
997.1,0.11,10.7,9.4,11.3,11.27,180,0
997.1,0.67,8.3,7.2,9.6,17.71,230,2
997.1,0.67,8.3,7.2,9.6,11.27,180,0
997.1,0.22,5.5,5.5,7.5,17.71,230,2
997.1,0.22,5.5,5.5,7.5,11.27,180,0
997.1,0.9,1.6,-0.5,5.0,17.71,230,2
997.1,0.9,1.6,-0.5,5.0,11.27,180,0
997.1,0.37,1.3,-0.4,3.5,17.71,230,2
997.1,0.37,1.3,-0.4,3.5,11.27,180,0
997.2,1.93,8.4,4.6,13.5,14.49,170,1
997.2,1.93,8.4,4.6,13.5,14.49,180,1
997.2,1.93,8.4,4.6,13.5,11.27,170,1
997.2,1.93,8.4,4.6,13.5,9.66,30,1
997.2,1.93,8.4,4.6,13.5,12.88,290,1
997.2,1.05,13.0,9.6,15.5,14.49,170,1
997.2,1.05,13.0,9.6,15.5,14.49,180,1
997.2,1.05,13.0,9.6,15.5,11.27,170,1
997.2,1.05,13.0,9.6,15.5,9.66,30,1
997.2,1.05,13.0,9.6,15.5,12.88,290,1
997.2,0.24,0.8,-0.2,2.3,14.49,170,0
997.2,0.24,0.8,-0.2,2.3,14.49,180,0
997.2,0.24,0.8,-0.2,2.3,11.27,170,0
997.2,0.24,0.8,-0.2,2.3,9.66,30,0
997.2,0.24,0.8,-0.2,2.3,12.88,290,0
997.2,0.86,8.8,6.8,10.7,14.49,170,0
997.2,0.86,8.8,6.8,10.7,14.49,180,0
997.2,0.86,8.8,6.8,10.7,11.27,170,0
997.2,0.86,8.8,6.8,10.7,9.66,30,0
997.2,0.86,8.8,6.8,10.7,12.88,290,0
997.2,0.25,7.0,4.8,10.7,14.49,170,0
997.2,0.25,7.0,4.8,10.7,14.49,180,0
997.2,0.25,7.0,4.8,10.7,11.27,170,0
997.2,0.25,7.0,4.8,10.7,9.66,30,0
997.2,0.25,7.0,4.8,10.7,12.88,290,0
997.2,0.33,10.5,8.6,12.1,14.49,170,0
997.2,0.33,10.5,8.6,12.1,14.49,180,0
997.2,0.33,10.5,8.6,12.1,11.27,170,0
997.2,0.33,10.5,8.6,12.1,9.66,30,0
997.2,0.33,10.5,8.6,12.1,12.88,290,0
997.2,0.38,2.9,0.9,4.8,14.49,170,0
997.2,0.38,2.9,0.9,4.8,14.49,180,0
997.2,0.38,2.9,0.9,4.8,11.27,170,0
997.2,0.38,2.9,0.9,4.8,9.66,30,0
997.2,0.38,2.9,0.9,4.8,12.88,290,0
997.2,0.65,12.2,11.4,12.9,14.49,170,0
997.2,0.65,12.2,11.4,12.9,14.49,180,0
997.2,0.65,12.2,11.4,12.9,11.27,170,0
997.2,0.65,12.2,11.4,12.9,9.66,30,0
997.2,0.65,12.2,11.4,12.9,12.88,290,0
997.2,1.16,13.0,11.1,14.9,14.49,170,0
997.2,1.16,13.0,11.1,14.9,14.49,180,0
997.2,1.16,13.0,11.1,14.9,11.27,170,0
997.2,1.16,13.0,11.1,14.9,9.66,30,0
997.2,1.16,13.0,11.1,14.9,12.88,290,0
997.2,1.14,14.3,11.5,17.6,14.49,170,0
997.2,1.14,14.3,11.5,17.6,14.49,180,0
997.2,1.14,14.3,11.5,17.6,11.27,170,0
997.2,1.14,14.3,11.5,17.6,9.66,30,0
997.2,1.14,14.3,11.5,17.6,12.88,290,0
997.2,0.73,7.5,6.3,9.7,14.49,170,0
997.2,0.73,7.5,6.3,9.7,14.49,180,0
997.2,0.73,7.5,6.3,9.7,11.27,170,0
997.2,0.73,7.5,6.3,9.7,9.66,30,0
997.2,0.73,7.5,6.3,9.7,12.88,290,0
997.2,0.2,-1.0,-2.6,0.7,14.49,170,0
997.2,0.2,-1.0,-2.6,0.7,14.49,180,0
997.2,0.2,-1.0,-2.6,0.7,11.27,170,0
997.2,0.2,-1.0,-2.6,0.7,9.66,30,0
997.2,0.2,-1.0,-2.6,0.7,12.88,290,0
997.2,0.22,8.0,3.9,11.9,14.49,170,0
997.2,0.22,8.0,3.9,11.9,14.49,180,0
997.2,0.22,8.0,3.9,11.9,11.27,170,0
997.2,0.22,8.0,3.9,11.9,9.66,30,0
997.2,0.22,8.0,3.9,11.9,12.88,290,0
997.3,0.63,1.9,-0.4,5.9,24.15,160,3
997.3,0.63,1.9,-0.4,5.9,16.1,160,3
997.3,0.63,1.9,-0.4,5.9,8.05,10,1
997.3,0.63,1.9,-0.4,5.9,11.27,160,1
997.3,0.63,1.9,-0.4,5.9,19.22,271,3
997.3,0.76,4.0,-3.0,9.2,24.15,160,3
997.3,0.76,4.0,-3.0,9.2,16.1,160,3
997.3,0.76,4.0,-3.0,9.2,8.05,10,1
997.3,0.76,4.0,-3.0,9.2,11.27,160,1
997.3,0.76,4.0,-3.0,9.2,19.22,271,3
997.3,0.72,5.0,1.3,8.8,24.15,160,3
997.3,0.72,5.0,1.3,8.8,16.1,160,3
997.3,0.72,5.0,1.3,8.8,8.05,10,1
997.3,0.72,5.0,1.3,8.8,11.27,160,1
997.3,0.72,5.0,1.3,8.8,19.22,271,3
997.3,0.38,6.9,5.2,9.1,24.15,160,3
997.3,0.38,6.9,5.2,9.1,16.1,160,3
997.3,0.38,6.9,5.2,9.1,8.05,10,1
997.3,0.38,6.9,5.2,9.1,11.27,160,1
997.3,0.38,6.9,5.2,9.1,19.22,271,3
997.3,1.02,11.8,9.1,15.6,24.15,160,3
997.3,1.02,11.8,9.1,15.6,16.1,160,3
997.3,1.02,11.8,9.1,15.6,8.05,10,1
997.3,1.02,11.8,9.1,15.6,11.27,160,1
997.3,1.02,11.8,9.1,15.6,19.22,271,3
997.3,0.57,1.2,-1.2,4.7,24.15,160,2
997.3,0.57,1.2,-1.2,4.7,16.1,160,2
997.3,0.57,1.2,-1.2,4.7,8.05,10,0
997.3,0.57,1.2,-1.2,4.7,11.27,160,0
997.3,0.57,1.2,-1.2,4.7,19.22,271,2
997.3,0.26,7.6,6.1,9.0,24.15,160,2
997.3,0.26,7.6,6.1,9.0,16.1,160,2
997.3,0.26,7.6,6.1,9.0,8.05,10,0
997.3,0.26,7.6,6.1,9.0,11.27,160,0
997.3,0.26,7.6,6.1,9.0,19.22,271,2
997.3,0.82,8.2,5.7,11.3,24.15,160,2
997.3,0.82,8.2,5.7,11.3,16.1,160,2
997.3,0.82,8.2,5.7,11.3,8.05,10,0
997.3,0.82,8.2,5.7,11.3,11.27,160,0
997.3,0.82,8.2,5.7,11.3,19.22,271,2
997.3,1.68,18.7,15.4,24.3,24.15,160,2
997.3,1.68,18.7,15.4,24.3,16.1,160,2
997.3,1.68,18.7,15.4,24.3,8.05,10,0
997.3,1.68,18.7,15.4,24.3,11.27,160,0
997.3,1.68,18.7,15.4,24.3,19.22,271,2
997.3,0.79,6.4,2.2,10.2,24.15,160,2
997.3,0.79,6.4,2.2,10.2,16.1,160,2
997.3,0.79,6.4,2.2,10.2,8.05,10,0
997.3,0.79,6.4,2.2,10.2,11.27,160,0
997.3,0.79,6.4,2.2,10.2,19.22,271,2
997.3,0.31,5.2,1.1,10.8,24.15,160,2
997.3,0.31,5.2,1.1,10.8,16.1,160,2
997.3,0.31,5.2,1.1,10.8,8.05,10,0
997.3,0.31,5.2,1.1,10.8,11.27,160,0
997.3,0.31,5.2,1.1,10.8,19.22,271,2
997.3,0.19,9.7,5.7,11.9,24.15,160,2
997.3,0.19,9.7,5.7,11.9,16.1,160,2
997.3,0.19,9.7,5.7,11.9,8.05,10,0
997.3,0.19,9.7,5.7,11.9,11.27,160,0
997.3,0.19,9.7,5.7,11.9,19.22,271,2
997.3,2.16,9.5,3.6,15.9,24.15,160,2
997.3,2.16,9.5,3.6,15.9,16.1,160,2
997.3,2.16,9.5,3.6,15.9,8.05,10,0
997.3,2.16,9.5,3.6,15.9,11.27,160,0
997.3,2.16,9.5,3.6,15.9,19.22,271,2
997.3,0.81,10.9,9.3,12.5,24.15,160,2
997.3,0.81,10.9,9.3,12.5,16.1,160,2
997.3,0.81,10.9,9.3,12.5,8.05,10,0
997.3,0.81,10.9,9.3,12.5,11.27,160,0
997.3,0.81,10.9,9.3,12.5,19.22,271,2
997.3,0.33,8.0,6.4,11.6,24.15,160,2
997.3,0.33,8.0,6.4,11.6,16.1,160,2
997.3,0.33,8.0,6.4,11.6,8.05,10,0
997.3,0.33,8.0,6.4,11.6,11.27,160,0
997.3,0.33,8.0,6.4,11.6,19.22,271,2
997.4,0.73,6.6,2.4,8.7,9.23,343,1
997.4,0.73,6.6,2.4,8.7,21.74,306,3
997.4,0.73,6.6,2.4,8.7,22.54,170,3
997.4,0.73,6.6,2.4,8.7,4.83,20,1
997.4,0.73,6.6,2.4,8.7,35.42,330,3
997.4,0.7,-1.3,-3.8,3.3,9.23,343,1
997.4,0.7,-1.3,-3.8,3.3,21.74,306,3
997.4,0.7,-1.3,-3.8,3.3,22.54,170,3
997.4,0.7,-1.3,-3.8,3.3,4.83,20,1
997.4,0.7,-1.3,-3.8,3.3,35.42,330,3
997.4,0.99,6.7,3.5,7.8,9.23,343,1
997.4,0.99,6.7,3.5,7.8,21.74,306,3
997.4,0.99,6.7,3.5,7.8,22.54,170,3
997.4,0.99,6.7,3.5,7.8,4.83,20,1
997.4,0.99,6.7,3.5,7.8,35.42,330,3
997.4,0.39,10.2,7.4,13.3,9.23,343,1
997.4,0.39,10.2,7.4,13.3,21.74,306,3
997.4,0.39,10.2,7.4,13.3,22.54,170,3
997.4,0.39,10.2,7.4,13.3,4.83,20,1
997.4,0.39,10.2,7.4,13.3,35.42,330,3
997.4,0.28,5.3,2.3,7.7,9.23,343,1
997.4,0.28,5.3,2.3,7.7,21.74,306,3
997.4,0.28,5.3,2.3,7.7,22.54,170,3
997.4,0.28,5.3,2.3,7.7,4.83,20,1
997.4,0.28,5.3,2.3,7.7,35.42,330,3
997.4,2.24,12.0,8.1,19.5,9.23,343,0
997.4,2.24,12.0,8.1,19.5,21.74,306,2
997.4,2.24,12.0,8.1,19.5,22.54,170,2
997.4,2.24,12.0,8.1,19.5,4.83,20,0
997.4,2.24,12.0,8.1,19.5,35.42,330,2
997.4,0.18,7.4,3.5,12.6,9.23,343,0
997.4,0.18,7.4,3.5,12.6,21.74,306,2
997.4,0.18,7.4,3.5,12.6,22.54,170,2
997.4,0.18,7.4,3.5,12.6,4.83,20,0
997.4,0.18,7.4,3.5,12.6,35.42,330,2
997.4,1.29,15.4,10.3,18.5,9.23,343,0
997.4,1.29,15.4,10.3,18.5,21.74,306,2
997.4,1.29,15.4,10.3,18.5,22.54,170,2
997.4,1.29,15.4,10.3,18.5,4.83,20,0
997.4,1.29,15.4,10.3,18.5,35.42,330,2
997.4,1.54,0.1,-2.4,4.1,9.23,343,0
997.4,1.54,0.1,-2.4,4.1,21.74,306,2
997.4,1.54,0.1,-2.4,4.1,22.54,170,2
997.4,1.54,0.1,-2.4,4.1,4.83,20,0
997.4,1.54,0.1,-2.4,4.1,35.42,330,2
997.4,1.88,12.2,5.3,18.0,9.23,343,0
997.4,1.88,12.2,5.3,18.0,21.74,306,2
997.4,1.88,12.2,5.3,18.0,22.54,170,2
997.4,1.88,12.2,5.3,18.0,4.83,20,0
997.4,1.88,12.2,5.3,18.0,35.42,330,2
997.4,0.54,12.2,10.1,14.6,9.23,343,0
997.4,0.54,12.2,10.1,14.6,21.74,306,2
997.4,0.54,12.2,10.1,14.6,22.54,170,2
997.4,0.54,12.2,10.1,14.6,4.83,20,0
997.4,0.54,12.2,10.1,14.6,35.42,330,2
997.4,0.54,14.7,12.7,18.3,9.23,343,0
997.4,0.54,14.7,12.7,18.3,21.74,306,2
997.4,0.54,14.7,12.7,18.3,22.54,170,2
997.4,0.54,14.7,12.7,18.3,4.83,20,0
997.4,0.54,14.7,12.7,18.3,35.42,330,2
997.4,0.85,12.0,8.7,15.2,9.23,343,0
997.4,0.85,12.0,8.7,15.2,21.74,306,2
997.4,0.85,12.0,8.7,15.2,22.54,170,2
997.4,0.85,12.0,8.7,15.2,4.83,20,0
997.4,0.85,12.0,8.7,15.2,35.42,330,2
997.5,2.15,8.3,4.2,12.4,17.71,250,3
997.5,2.15,8.3,4.2,12.4,12.08,241,1
997.5,2.15,8.3,4.2,12.4,23.83,193,3
997.5,0.12,5.4,4.6,6.5,17.71,250,2
997.5,0.12,5.4,4.6,6.5,12.08,241,0
997.5,0.12,5.4,4.6,6.5,23.83,193,2
997.5,0.91,10.9,6.8,13.3,17.71,250,2
997.5,0.91,10.9,6.8,13.3,12.08,241,0
997.5,0.91,10.9,6.8,13.3,23.83,193,2
997.5,1.62,14.0,11.9,16.2,17.71,250,2
997.5,1.62,14.0,11.9,16.2,12.08,241,0
997.5,1.62,14.0,11.9,16.2,23.83,193,2
997.5,0.34,1.2,0.3,3.5,17.71,250,2
997.5,0.34,1.2,0.3,3.5,12.08,241,0
997.5,0.34,1.2,0.3,3.5,23.83,193,2
997.5,0.26,0.5,-2.9,1.6,17.71,250,2
997.5,0.26,0.5,-2.9,1.6,12.08,241,0
997.5,0.26,0.5,-2.9,1.6,23.83,193,2
997.5,2.56,9.7,5.6,14.9,17.71,250,2
997.5,2.56,9.7,5.6,14.9,12.08,241,0
997.5,2.56,9.7,5.6,14.9,23.83,193,2
997.5,0.13,4.9,3.6,6.1,17.71,250,2
997.5,0.13,4.9,3.6,6.1,12.08,241,0
997.5,0.13,4.9,3.6,6.1,23.83,193,2
997.5,0.14,4.9,3.7,6.2,17.71,250,2
997.5,0.14,4.9,3.7,6.2,12.08,241,0
997.5,0.14,4.9,3.7,6.2,23.83,193,2
997.5,0.49,0.5,-0.1,1.9,17.71,250,2
997.5,0.49,0.5,-0.1,1.9,12.08,241,0
997.5,0.49,0.5,-0.1,1.9,23.83,193,2
997.5,0.06,11.8,8.6,14.5,17.71,250,2
997.5,0.06,11.8,8.6,14.5,12.08,241,0
997.5,0.06,11.8,8.6,14.5,23.83,193,2
997.6,1.12,0.3,-1.3,5.0,14.49,180,1
997.6,1.12,0.3,-1.3,5.0,17.71,260,3
997.6,1.12,0.3,-1.3,5.0,7.86,23,1
997.6,1.12,0.3,-1.3,5.0,23.17,142,3
997.6,1.12,0.3,-1.3,5.0,11.64,57,1
997.6,0.51,9.1,5.3,13.3,14.49,180,1
997.6,0.51,9.1,5.3,13.3,17.71,260,3
997.6,0.51,9.1,5.3,13.3,7.86,23,1
997.6,0.51,9.1,5.3,13.3,23.17,142,3
997.6,0.51,9.1,5.3,13.3,11.64,57,1
997.6,0.29,0.3,-1.9,2.8,14.49,180,1
997.6,0.29,0.3,-1.9,2.8,17.71,260,3
997.6,0.29,0.3,-1.9,2.8,7.86,23,1
997.6,0.29,0.3,-1.9,2.8,23.17,142,3
997.6,0.29,0.3,-1.9,2.8,11.64,57,1
997.6,0.28,4.9,1.7,9.6,14.49,180,1
997.6,0.28,4.9,1.7,9.6,17.71,260,3
997.6,0.28,4.9,1.7,9.6,7.86,23,1
997.6,0.28,4.9,1.7,9.6,23.17,142,3
997.6,0.28,4.9,1.7,9.6,11.64,57,1
997.6,0.46,9.6,7.1,11.4,14.49,180,0
997.6,0.46,9.6,7.1,11.4,17.71,260,2
997.6,0.46,9.6,7.1,11.4,7.86,23,0
997.6,0.46,9.6,7.1,11.4,23.17,142,2
997.6,0.46,9.6,7.1,11.4,11.64,57,0
997.6,0.27,6.4,5.3,4.1,14.49,180,0
997.6,0.27,6.4,5.3,4.1,17.71,260,2
997.6,0.27,6.4,5.3,4.1,7.86,23,0
997.6,0.27,6.4,5.3,4.1,23.17,142,2
997.6,0.27,6.4,5.3,4.1,11.64,57,0
997.6,0.12,7.8,6.8,9.0,14.49,180,0
997.6,0.12,7.8,6.8,9.0,17.71,260,2
997.6,0.12,7.8,6.8,9.0,7.86,23,0
997.6,0.12,7.8,6.8,9.0,23.17,142,2
997.6,0.12,7.8,6.8,9.0,11.64,57,0
997.6,0.11,1.7,-1.0,8.4,14.49,180,0
997.6,0.11,1.7,-1.0,8.4,17.71,260,2
997.6,0.11,1.7,-1.0,8.4,7.86,23,0
997.6,0.11,1.7,-1.0,8.4,23.17,142,2
997.6,0.11,1.7,-1.0,8.4,11.64,57,0
997.6,2.6,19.5,13.1,25.2,14.49,180,0
997.6,2.6,19.5,13.1,25.2,17.71,260,2
997.6,2.6,19.5,13.1,25.2,7.86,23,0
997.6,2.6,19.5,13.1,25.2,23.17,142,2
997.6,2.6,19.5,13.1,25.2,11.64,57,0
997.6,1.26,10.2,6.9,14.0,14.49,180,0
997.6,1.26,10.2,6.9,14.0,17.71,260,2
997.6,1.26,10.2,6.9,14.0,7.86,23,0
997.6,1.26,10.2,6.9,14.0,23.17,142,2
997.6,1.26,10.2,6.9,14.0,11.64,57,0
997.6,0.36,6.7,2.5,11.0,14.49,180,0
997.6,0.36,6.7,2.5,11.0,17.71,260,2
997.6,0.36,6.7,2.5,11.0,7.86,23,0
997.6,0.36,6.7,2.5,11.0,23.17,142,2
997.6,0.36,6.7,2.5,11.0,11.64,57,0
997.6,0.75,17.9,15.0,21.9,14.49,180,0
997.6,0.75,17.9,15.0,21.9,17.71,260,2
997.6,0.75,17.9,15.0,21.9,7.86,23,0
997.6,0.75,17.9,15.0,21.9,23.17,142,2
997.6,0.75,17.9,15.0,21.9,11.64,57,0
997.6,0.42,8.6,4.1,14.2,14.49,180,0
997.6,0.42,8.6,4.1,14.2,17.71,260,2
997.6,0.42,8.6,4.1,14.2,7.86,23,0
997.6,0.42,8.6,4.1,14.2,23.17,142,2
997.6,0.42,8.6,4.1,14.2,11.64,57,0
997.6,1.73,12.4,5.4,20.1,14.49,180,0
997.6,1.73,12.4,5.4,20.1,17.71,260,2
997.6,1.73,12.4,5.4,20.1,7.86,23,0
997.6,1.73,12.4,5.4,20.1,23.17,142,2
997.6,1.73,12.4,5.4,20.1,11.64,57,0
997.6,0.43,8.6,7.7,9.6,14.49,180,0
997.6,0.43,8.6,7.7,9.6,17.71,260,2
997.6,0.43,8.6,7.7,9.6,7.86,23,0
997.6,0.43,8.6,7.7,9.6,23.17,142,2
997.6,0.43,8.6,7.7,9.6,11.64,57,0
997.6,0.31,8.4,7.2,10.5,14.49,180,0
997.6,0.31,8.4,7.2,10.5,17.71,260,2
997.6,0.31,8.4,7.2,10.5,7.86,23,0
997.6,0.31,8.4,7.2,10.5,23.17,142,2
997.6,0.31,8.4,7.2,10.5,11.64,57,0
997.6,0.19,6.6,1.7,8.1,14.49,180,0
997.6,0.19,6.6,1.7,8.1,17.71,260,2
997.6,0.19,6.6,1.7,8.1,7.86,23,0
997.6,0.19,6.6,1.7,8.1,23.17,142,2
997.6,0.19,6.6,1.7,8.1,11.64,57,0
997.6,1.07,10.7,7.1,15.6,14.49,180,0
997.6,1.07,10.7,7.1,15.6,17.71,260,2
997.6,1.07,10.7,7.1,15.6,7.86,23,0
997.6,1.07,10.7,7.1,15.6,23.17,142,2
997.6,1.07,10.7,7.1,15.6,11.64,57,0
997.6,0.19,8.0,6.7,9.3,14.49,180,0
997.6,0.19,8.0,6.7,9.3,17.71,260,2
997.6,0.19,8.0,6.7,9.3,7.86,23,0
997.6,0.19,8.0,6.7,9.3,23.17,142,2
997.6,0.19,8.0,6.7,9.3,11.64,57,0
997.7,0.56,7.1,5.7,8.5,25.76,30,3
997.7,0.56,7.1,5.7,8.5,25.76,290,3
997.7,0.56,7.1,5.7,8.5,34.82,291,3
997.7,0.56,7.1,5.7,8.5,21.78,79,3
997.7,0.56,7.1,5.7,8.5,29.85,161,3
997.7,0.56,7.1,5.7,8.5,27.37,320,3
997.7,0.56,7.1,5.7,8.5,11.19,205,1
997.7,0.21,5.5,2.1,7.7,25.76,30,3
997.7,0.21,5.5,2.1,7.7,25.76,290,3
997.7,0.21,5.5,2.1,7.7,34.82,291,3
997.7,0.21,5.5,2.1,7.7,21.78,79,3
997.7,0.21,5.5,2.1,7.7,29.85,161,3
997.7,0.21,5.5,2.1,7.7,27.37,320,3
997.7,0.21,5.5,2.1,7.7,11.19,205,1
997.7,0.31,4.2,2.6,3.7,25.76,30,3
997.7,0.31,4.2,2.6,3.7,25.76,290,3
997.7,0.31,4.2,2.6,3.7,34.82,291,3
997.7,0.31,4.2,2.6,3.7,21.78,79,3
997.7,0.31,4.2,2.6,3.7,29.85,161,3
997.7,0.31,4.2,2.6,3.7,27.37,320,3
997.7,0.31,4.2,2.6,3.7,11.19,205,1
997.7,0.2,9.9,5.8,13.8,25.76,30,2
997.7,0.2,9.9,5.8,13.8,25.76,290,2
997.7,0.2,9.9,5.8,13.8,34.82,291,2
997.7,0.2,9.9,5.8,13.8,21.78,79,2
997.7,0.2,9.9,5.8,13.8,29.85,161,2
997.7,0.2,9.9,5.8,13.8,27.37,320,2
997.7,0.2,9.9,5.8,13.8,11.19,205,0
997.7,1.96,20.2,16.6,22.6,25.76,30,2
997.7,1.96,20.2,16.6,22.6,25.76,290,2
997.7,1.96,20.2,16.6,22.6,34.82,291,2
997.7,1.96,20.2,16.6,22.6,21.78,79,2
997.7,1.96,20.2,16.6,22.6,29.85,161,2
997.7,1.96,20.2,16.6,22.6,27.37,320,2
997.7,1.96,20.2,16.6,22.6,11.19,205,0
997.7,0.21,3.0,1.1,4.8,25.76,30,2
997.7,0.21,3.0,1.1,4.8,25.76,290,2
997.7,0.21,3.0,1.1,4.8,34.82,291,2
997.7,0.21,3.0,1.1,4.8,21.78,79,2
997.7,0.21,3.0,1.1,4.8,29.85,161,2
997.7,0.21,3.0,1.1,4.8,27.37,320,2
997.7,0.21,3.0,1.1,4.8,11.19,205,0
997.7,1.04,5.6,3.9,9.6,25.76,30,2
997.7,1.04,5.6,3.9,9.6,25.76,290,2
997.7,1.04,5.6,3.9,9.6,34.82,291,2
997.7,1.04,5.6,3.9,9.6,21.78,79,2
997.7,1.04,5.6,3.9,9.6,29.85,161,2
997.7,1.04,5.6,3.9,9.6,27.37,320,2
997.7,1.04,5.6,3.9,9.6,11.19,205,0
997.7,0.11,1.6,-1.7,3.4,25.76,30,2
997.7,0.11,1.6,-1.7,3.4,25.76,290,2
997.7,0.11,1.6,-1.7,3.4,34.82,291,2
997.7,0.11,1.6,-1.7,3.4,21.78,79,2
997.7,0.11,1.6,-1.7,3.4,29.85,161,2
997.7,0.11,1.6,-1.7,3.4,27.37,320,2
997.7,0.11,1.6,-1.7,3.4,11.19,205,0
997.7,0.57,14.6,11.9,17.0,25.76,30,2
997.7,0.57,14.6,11.9,17.0,25.76,290,2
997.7,0.57,14.6,11.9,17.0,34.82,291,2
997.7,0.57,14.6,11.9,17.0,21.78,79,2
997.7,0.57,14.6,11.9,17.0,29.85,161,2
997.7,0.57,14.6,11.9,17.0,27.37,320,2
997.7,0.57,14.6,11.9,17.0,11.19,205,0
997.7,0.14,4.0,0.4,7.4,25.76,30,2
997.7,0.14,4.0,0.4,7.4,25.76,290,2
997.7,0.14,4.0,0.4,7.4,34.82,291,2
997.7,0.14,4.0,0.4,7.4,21.78,79,2
997.7,0.14,4.0,0.4,7.4,29.85,161,2
997.7,0.14,4.0,0.4,7.4,27.37,320,2
997.7,0.14,4.0,0.4,7.4,11.19,205,0
997.7,0.11,4.3,-1.5,7.3,25.76,30,2
997.7,0.11,4.3,-1.5,7.3,25.76,290,2
997.7,0.11,4.3,-1.5,7.3,34.82,291,2
997.7,0.11,4.3,-1.5,7.3,21.78,79,2
997.7,0.11,4.3,-1.5,7.3,29.85,161,2
997.7,0.11,4.3,-1.5,7.3,27.37,320,2
997.7,0.11,4.3,-1.5,7.3,11.19,205,0
997.7,0.21,7.3,6.4,9.9,25.76,30,2
997.7,0.21,7.3,6.4,9.9,25.76,290,2
997.7,0.21,7.3,6.4,9.9,34.82,291,2
997.7,0.21,7.3,6.4,9.9,21.78,79,2
997.7,0.21,7.3,6.4,9.9,29.85,161,2
997.7,0.21,7.3,6.4,9.9,27.37,320,2
997.7,0.21,7.3,6.4,9.9,11.19,205,0
997.7,0.21,-1.5,-6.0,1.2,25.76,30,2
997.7,0.21,-1.5,-6.0,1.2,25.76,290,2
997.7,0.21,-1.5,-6.0,1.2,34.82,291,2
997.7,0.21,-1.5,-6.0,1.2,21.78,79,2
997.7,0.21,-1.5,-6.0,1.2,29.85,161,2
997.7,0.21,-1.5,-6.0,1.2,27.37,320,2
997.7,0.21,-1.5,-6.0,1.2,11.19,205,0
997.7,0.47,4.6,2.3,14.1,25.76,30,2
997.7,0.47,4.6,2.3,14.1,25.76,290,2
997.7,0.47,4.6,2.3,14.1,34.82,291,2
997.7,0.47,4.6,2.3,14.1,21.78,79,2
997.7,0.47,4.6,2.3,14.1,29.85,161,2
997.7,0.47,4.6,2.3,14.1,27.37,320,2
997.7,0.47,4.6,2.3,14.1,11.19,205,0
997.7,0.13,6.6,4.7,8.5,25.76,30,2
997.7,0.13,6.6,4.7,8.5,25.76,290,2
997.7,0.13,6.6,4.7,8.5,34.82,291,2
997.7,0.13,6.6,4.7,8.5,21.78,79,2
997.7,0.13,6.6,4.7,8.5,29.85,161,2
997.7,0.13,6.6,4.7,8.5,27.37,320,2
997.7,0.13,6.6,4.7,8.5,11.19,205,0
997.7,0.27,4.4,1.9,7.0,25.76,30,2
997.7,0.27,4.4,1.9,7.0,25.76,290,2
997.7,0.27,4.4,1.9,7.0,34.82,291,2
997.7,0.27,4.4,1.9,7.0,21.78,79,2
997.7,0.27,4.4,1.9,7.0,29.85,161,2
997.7,0.27,4.4,1.9,7.0,27.37,320,2
997.7,0.27,4.4,1.9,7.0,11.19,205,0
997.7,0.04,-0.2,-1.0,0.8,25.76,30,2
997.7,0.04,-0.2,-1.0,0.8,25.76,290,2
997.7,0.04,-0.2,-1.0,0.8,34.82,291,2
997.7,0.04,-0.2,-1.0,0.8,21.78,79,2
997.7,0.04,-0.2,-1.0,0.8,29.85,161,2
997.7,0.04,-0.2,-1.0,0.8,27.37,320,2
997.7,0.04,-0.2,-1.0,0.8,11.19,205,0
997.7,1.06,11.6,9.1,15.7,25.76,30,2
997.7,1.06,11.6,9.1,15.7,25.76,290,2
997.7,1.06,11.6,9.1,15.7,34.82,291,2
997.7,1.06,11.6,9.1,15.7,21.78,79,2
997.7,1.06,11.6,9.1,15.7,29.85,161,2
997.7,1.06,11.6,9.1,15.7,27.37,320,2
997.7,1.06,11.6,9.1,15.7,11.19,205,0
997.7,0.18,0.3,-0.6,1.5,25.76,30,2
997.7,0.18,0.3,-0.6,1.5,25.76,290,2
997.7,0.18,0.3,-0.6,1.5,34.82,291,2
997.7,0.18,0.3,-0.6,1.5,21.78,79,2
997.7,0.18,0.3,-0.6,1.5,29.85,161,2
997.7,0.18,0.3,-0.6,1.5,27.37,320,2
997.7,0.18,0.3,-0.6,1.5,11.19,205,0
997.8,0.96,7.6,4.0,11.2,28.19,146,3
997.8,0.96,7.6,4.0,11.2,14.49,190,1
997.8,0.96,7.6,4.0,11.2,35.08,140,3
997.8,0.96,7.6,4.0,11.2,11.25,163,1
997.8,0.96,7.6,4.0,11.2,4.67,2,1
997.8,0.96,7.6,4.0,11.2,16.55,138,3
997.8,0.28,3.6,0.5,7.0,28.19,146,3
997.8,0.28,3.6,0.5,7.0,14.49,190,1
997.8,0.28,3.6,0.5,7.0,35.08,140,3
997.8,0.28,3.6,0.5,7.0,11.25,163,1
997.8,0.28,3.6,0.5,7.0,4.67,2,1
997.8,0.28,3.6,0.5,7.0,16.55,138,3
997.8,0.38,7.8,3.4,11.5,28.19,146,3
997.8,0.38,7.8,3.4,11.5,14.49,190,1
997.8,0.38,7.8,3.4,11.5,35.08,140,3
997.8,0.38,7.8,3.4,11.5,11.25,163,1
997.8,0.38,7.8,3.4,11.5,4.67,2,1
997.8,0.38,7.8,3.4,11.5,16.55,138,3
997.8,0.73,15.8,14.0,18.7,28.19,146,2
997.8,0.73,15.8,14.0,18.7,14.49,190,0
997.8,0.73,15.8,14.0,18.7,35.08,140,2
997.8,0.73,15.8,14.0,18.7,11.25,163,0
997.8,0.73,15.8,14.0,18.7,4.67,2,0
997.8,0.73,15.8,14.0,18.7,16.55,138,2
997.8,0.28,8.6,4.3,12.0,28.19,146,2
997.8,0.28,8.6,4.3,12.0,14.49,190,0
997.8,0.28,8.6,4.3,12.0,35.08,140,2
997.8,0.28,8.6,4.3,12.0,11.25,163,0
997.8,0.28,8.6,4.3,12.0,4.67,2,0
997.8,0.28,8.6,4.3,12.0,16.55,138,2
997.8,0.76,-1.0,-4.1,2.5,28.19,146,2
997.8,0.76,-1.0,-4.1,2.5,14.49,190,0
997.8,0.76,-1.0,-4.1,2.5,35.08,140,2
997.8,0.76,-1.0,-4.1,2.5,11.25,163,0
997.8,0.76,-1.0,-4.1,2.5,4.67,2,0
997.8,0.76,-1.0,-4.1,2.5,16.55,138,2
997.8,1.18,7.2,3.1,10.2,28.19,146,2
997.8,1.18,7.2,3.1,10.2,14.49,190,0
997.8,1.18,7.2,3.1,10.2,35.08,140,2
997.8,1.18,7.2,3.1,10.2,11.25,163,0
997.8,1.18,7.2,3.1,10.2,4.67,2,0
997.8,1.18,7.2,3.1,10.2,16.55,138,2
997.8,0.16,7.9,6.3,9.4,28.19,146,2
997.8,0.16,7.9,6.3,9.4,14.49,190,0
997.8,0.16,7.9,6.3,9.4,35.08,140,2
997.8,0.16,7.9,6.3,9.4,11.25,163,0
997.8,0.16,7.9,6.3,9.4,4.67,2,0
997.8,0.16,7.9,6.3,9.4,16.55,138,2
997.8,0.37,0.4,-2.1,3.7,28.19,146,2
997.8,0.37,0.4,-2.1,3.7,14.49,190,0
997.8,0.37,0.4,-2.1,3.7,35.08,140,2
997.8,0.37,0.4,-2.1,3.7,11.25,163,0
997.8,0.37,0.4,-2.1,3.7,4.67,2,0
997.8,0.37,0.4,-2.1,3.7,16.55,138,2
997.8,0.62,8.1,5.2,11.6,28.19,146,2
997.8,0.62,8.1,5.2,11.6,14.49,190,0
997.8,0.62,8.1,5.2,11.6,35.08,140,2
997.8,0.62,8.1,5.2,11.6,11.25,163,0
997.8,0.62,8.1,5.2,11.6,4.67,2,0
997.8,0.62,8.1,5.2,11.6,16.55,138,2
997.8,0.17,7.1,2.1,11.3,28.19,146,2
997.8,0.17,7.1,2.1,11.3,14.49,190,0
997.8,0.17,7.1,2.1,11.3,35.08,140,2
997.8,0.17,7.1,2.1,11.3,11.25,163,0
997.8,0.17,7.1,2.1,11.3,4.67,2,0
997.8,0.17,7.1,2.1,11.3,16.55,138,2
997.8,0.27,7.9,6.6,9.3,28.19,146,2
997.8,0.27,7.9,6.6,9.3,14.49,190,0
997.8,0.27,7.9,6.6,9.3,35.08,140,2
997.8,0.27,7.9,6.6,9.3,11.25,163,0
997.8,0.27,7.9,6.6,9.3,4.67,2,0
997.8,0.27,7.9,6.6,9.3,16.55,138,2
997.8,1.19,0.4,0.0,0.8,28.19,146,2
997.8,1.19,0.4,0.0,0.8,14.49,190,0
997.8,1.19,0.4,0.0,0.8,35.08,140,2
997.8,1.19,0.4,0.0,0.8,11.25,163,0
997.8,1.19,0.4,0.0,0.8,4.67,2,0
997.8,1.19,0.4,0.0,0.8,16.55,138,2
997.8,0.45,2.7,2.2,5.9,28.19,146,2
997.8,0.45,2.7,2.2,5.9,14.49,190,0
997.8,0.45,2.7,2.2,5.9,35.08,140,2
997.8,0.45,2.7,2.2,5.9,11.25,163,0
997.8,0.45,2.7,2.2,5.9,4.67,2,0
997.8,0.45,2.7,2.2,5.9,16.55,138,2
997.8,0.19,2.3,1.2,4.0,28.19,146,2
997.8,0.19,2.3,1.2,4.0,14.49,190,0
997.8,0.19,2.3,1.2,4.0,35.08,140,2
997.8,0.19,2.3,1.2,4.0,11.25,163,0
997.8,0.19,2.3,1.2,4.0,4.67,2,0
997.8,0.19,2.3,1.2,4.0,16.55,138,2
997.9,0.68,6.7,2.3,11.1,16.1,190,3
997.9,0.68,6.7,2.3,11.1,8.05,250,1
997.9,0.68,6.7,2.3,11.1,11.67,161,1
997.9,0.69,0.5,-2.1,3.1,16.1,190,3
997.9,0.69,0.5,-2.1,3.1,8.05,250,1
997.9,0.69,0.5,-2.1,3.1,11.67,161,1
997.9,0.26,6.6,4.4,8.8,16.1,190,3
997.9,0.26,6.6,4.4,8.8,8.05,250,1
997.9,0.26,6.6,4.4,8.8,11.67,161,1
997.9,0.34,2.3,-0.7,5.5,16.1,190,3
997.9,0.34,2.3,-0.7,5.5,8.05,250,1
997.9,0.34,2.3,-0.7,5.5,11.67,161,1
997.9,0.13,8.6,5.7,10.9,16.1,190,2
997.9,0.13,8.6,5.7,10.9,8.05,250,0
997.9,0.13,8.6,5.7,10.9,11.67,161,0
997.9,1.0,3.4,-1.6,5.6,16.1,190,2
997.9,1.0,3.4,-1.6,5.6,8.05,250,0
997.9,1.0,3.4,-1.6,5.6,11.67,161,0
997.9,0.93,9.5,7.0,13.7,16.1,190,2
997.9,0.93,9.5,7.0,13.7,8.05,250,0
997.9,0.93,9.5,7.0,13.7,11.67,161,0
997.9,0.38,7.9,3.8,10.5,16.1,190,2
997.9,0.38,7.9,3.8,10.5,8.05,250,0
997.9,0.38,7.9,3.8,10.5,11.67,161,0
997.9,0.47,3.5,1.0,5.9,16.1,190,2
997.9,0.47,3.5,1.0,5.9,8.05,250,0
997.9,0.47,3.5,1.0,5.9,11.67,161,0
997.9,0.8,13.4,11.3,17.4,16.1,190,2
997.9,0.8,13.4,11.3,17.4,8.05,250,0
997.9,0.8,13.4,11.3,17.4,11.67,161,0
997.9,0.32,10.3,5.0,15.0,16.1,190,2
997.9,0.32,10.3,5.0,15.0,8.05,250,0
997.9,0.32,10.3,5.0,15.0,11.67,161,0
997.9,0.16,5.5,4.3,7.0,16.1,190,2
997.9,0.16,5.5,4.3,7.0,8.05,250,0
997.9,0.16,5.5,4.3,7.0,11.67,161,0
997.9,0.56,-0.5,-2.7,1.5,16.1,190,2
997.9,0.56,-0.5,-2.7,1.5,8.05,250,0
997.9,0.56,-0.5,-2.7,1.5,11.67,161,0
997.9,0.33,6.6,4.9,8.4,16.1,190,2
997.9,0.33,6.6,4.9,8.4,8.05,250,0
997.9,0.33,6.6,4.9,8.4,11.67,161,0
997.9,0.44,9.6,2.4,12.5,16.1,190,2
997.9,0.44,9.6,2.4,12.5,8.05,250,0
997.9,0.44,9.6,2.4,12.5,11.67,161,0
997.9,0.07,8.5,7.5,11.5,16.1,190,2
997.9,0.07,8.5,7.5,11.5,8.05,250,0
997.9,0.07,8.5,7.5,11.5,11.67,161,0
997.9,0.23,10.6,8.6,12.9,16.1,190,2
997.9,0.23,10.6,8.6,12.9,8.05,250,0
997.9,0.23,10.6,8.6,12.9,11.67,161,0
997.9,0.12,8.1,5.5,9.7,16.1,190,2
997.9,0.12,8.1,5.5,9.7,8.05,250,0
997.9,0.12,8.1,5.5,9.7,11.67,161,0
997.9,0.45,9.0,5.2,10.4,16.1,190,2
997.9,0.45,9.0,5.2,10.4,8.05,250,0
997.9,0.45,9.0,5.2,10.4,11.67,161,0
997.9,0.12,6.8,5.4,7.7,16.1,190,2
997.9,0.12,6.8,5.4,7.7,8.05,250,0
997.9,0.12,6.8,5.4,7.7,11.67,161,0
998.0,0.67,4.0,0.9,6.6,8.84,82,1
998.0,0.67,4.0,0.9,6.6,11.27,20,1
998.0,0.67,4.0,0.9,6.6,12.88,180,1
998.0,0.67,4.0,0.9,6.6,22.54,170,3
998.0,0.67,4.0,0.9,6.6,29.37,340,3
998.0,0.82,-1.2,-4.2,2.1,8.84,82,1
998.0,0.82,-1.2,-4.2,2.1,11.27,20,1
998.0,0.82,-1.2,-4.2,2.1,12.88,180,1
998.0,0.82,-1.2,-4.2,2.1,22.54,170,3
998.0,0.82,-1.2,-4.2,2.1,29.37,340,3
998.0,0.47,11.8,9.9,14.8,8.84,82,0
998.0,0.47,11.8,9.9,14.8,11.27,20,0
998.0,0.47,11.8,9.9,14.8,12.88,180,0
998.0,0.47,11.8,9.9,14.8,22.54,170,2
998.0,0.47,11.8,9.9,14.8,29.37,340,2
998.0,0.39,7.3,4.5,9.7,8.84,82,0
998.0,0.39,7.3,4.5,9.7,11.27,20,0
998.0,0.39,7.3,4.5,9.7,12.88,180,0
998.0,0.39,7.3,4.5,9.7,22.54,170,2
998.0,0.39,7.3,4.5,9.7,29.37,340,2
998.0,0.12,3.3,2.2,4.6,8.84,82,0
998.0,0.12,3.3,2.2,4.6,11.27,20,0
998.0,0.12,3.3,2.2,4.6,12.88,180,0
998.0,0.12,3.3,2.2,4.6,22.54,170,2
998.0,0.12,3.3,2.2,4.6,29.37,340,2
998.0,0.14,1.1,-2.4,2.9,8.84,82,0
998.0,0.14,1.1,-2.4,2.9,11.27,20,0
998.0,0.14,1.1,-2.4,2.9,12.88,180,0
998.0,0.14,1.1,-2.4,2.9,22.54,170,2
998.0,0.14,1.1,-2.4,2.9,29.37,340,2
998.0,1.02,11.6,8.5,15.4,8.84,82,0
998.0,1.02,11.6,8.5,15.4,11.27,20,0
998.0,1.02,11.6,8.5,15.4,12.88,180,0
998.0,1.02,11.6,8.5,15.4,22.54,170,2
998.0,1.02,11.6,8.5,15.4,29.37,340,2
998.0,0.72,9.8,6.3,14.9,8.84,82,0
998.0,0.72,9.8,6.3,14.9,11.27,20,0
998.0,0.72,9.8,6.3,14.9,12.88,180,0
998.0,0.72,9.8,6.3,14.9,22.54,170,2
998.0,0.72,9.8,6.3,14.9,29.37,340,2
998.0,0.14,5.3,1.2,7.2,8.84,82,0
998.0,0.14,5.3,1.2,7.2,11.27,20,0
998.0,0.14,5.3,1.2,7.2,12.88,180,0
998.0,0.14,5.3,1.2,7.2,22.54,170,2
998.0,0.14,5.3,1.2,7.2,29.37,340,2
998.0,0.16,7.8,4.6,9.6,8.84,82,0
998.0,0.16,7.8,4.6,9.6,11.27,20,0
998.0,0.16,7.8,4.6,9.6,12.88,180,0
998.0,0.16,7.8,4.6,9.6,22.54,170,2
998.0,0.16,7.8,4.6,9.6,29.37,340,2
998.0,0.44,7.8,3.1,9.9,8.84,82,0
998.0,0.44,7.8,3.1,9.9,11.27,20,0
998.0,0.44,7.8,3.1,9.9,12.88,180,0
998.0,0.44,7.8,3.1,9.9,22.54,170,2
998.0,0.44,7.8,3.1,9.9,29.37,340,2
998.0,0.58,8.5,6.7,10.5,8.84,82,0
998.0,0.58,8.5,6.7,10.5,11.27,20,0
998.0,0.58,8.5,6.7,10.5,12.88,180,0
998.0,0.58,8.5,6.7,10.5,22.54,170,2
998.0,0.58,8.5,6.7,10.5,29.37,340,2
998.0,0.48,9.6,7.1,11.8,8.84,82,0
998.0,0.48,9.6,7.1,11.8,11.27,20,0
998.0,0.48,9.6,7.1,11.8,12.88,180,0
998.0,0.48,9.6,7.1,11.8,22.54,170,2
998.0,0.48,9.6,7.1,11.8,29.37,340,2
998.1,0.13,7.6,3.2,11.9,14.49,30,1
998.1,0.13,7.6,3.2,11.9,12.88,300,1
998.1,0.13,7.6,3.2,11.9,9.66,160,1
998.1,0.13,7.6,3.2,11.9,17.71,260,3
998.1,0.13,7.6,3.2,11.9,24.15,310,3
998.1,0.13,7.6,3.2,11.9,12.88,240,1
998.1,0.13,7.6,3.2,11.9,17.05,261,3
998.1,0.13,7.6,3.2,11.9,8.44,44,1
998.1,0.2,5.9,5.2,9.2,14.49,30,1
998.1,0.2,5.9,5.2,9.2,12.88,300,1
998.1,0.2,5.9,5.2,9.2,9.66,160,1
998.1,0.2,5.9,5.2,9.2,17.71,260,3
998.1,0.2,5.9,5.2,9.2,24.15,310,3
998.1,0.2,5.9,5.2,9.2,12.88,240,1
998.1,0.2,5.9,5.2,9.2,17.05,261,3
998.1,0.2,5.9,5.2,9.2,8.44,44,1
998.1,0.67,5.9,3.7,8.4,14.49,30,0
998.1,0.67,5.9,3.7,8.4,12.88,300,0
998.1,0.67,5.9,3.7,8.4,9.66,160,0
998.1,0.67,5.9,3.7,8.4,17.71,260,2
998.1,0.67,5.9,3.7,8.4,24.15,310,2
998.1,0.67,5.9,3.7,8.4,12.88,240,0
998.1,0.67,5.9,3.7,8.4,17.05,261,2
998.1,0.67,5.9,3.7,8.4,8.44,44,0
998.1,0.79,-1.8,-6.4,3.3,14.49,30,0
998.1,0.79,-1.8,-6.4,3.3,12.88,300,0
998.1,0.79,-1.8,-6.4,3.3,9.66,160,0
998.1,0.79,-1.8,-6.4,3.3,17.71,260,2
998.1,0.79,-1.8,-6.4,3.3,24.15,310,2
998.1,0.79,-1.8,-6.4,3.3,12.88,240,0
998.1,0.79,-1.8,-6.4,3.3,17.05,261,2
998.1,0.79,-1.8,-6.4,3.3,8.44,44,0
998.1,1.46,12.5,7.7,15.9,14.49,30,0
998.1,1.46,12.5,7.7,15.9,12.88,300,0
998.1,1.46,12.5,7.7,15.9,9.66,160,0
998.1,1.46,12.5,7.7,15.9,17.71,260,2
998.1,1.46,12.5,7.7,15.9,24.15,310,2
998.1,1.46,12.5,7.7,15.9,12.88,240,0
998.1,1.46,12.5,7.7,15.9,17.05,261,2
998.1,1.46,12.5,7.7,15.9,8.44,44,0
998.1,0.39,6.3,0.2,9.8,14.49,30,0
998.1,0.39,6.3,0.2,9.8,12.88,300,0
998.1,0.39,6.3,0.2,9.8,9.66,160,0
998.1,0.39,6.3,0.2,9.8,17.71,260,2
998.1,0.39,6.3,0.2,9.8,24.15,310,2
998.1,0.39,6.3,0.2,9.8,12.88,240,0
998.1,0.39,6.3,0.2,9.8,17.05,261,2
998.1,0.39,6.3,0.2,9.8,8.44,44,0
998.1,0.98,19.2,15.8,23.7,14.49,30,0
998.1,0.98,19.2,15.8,23.7,12.88,300,0
998.1,0.98,19.2,15.8,23.7,9.66,160,0
998.1,0.98,19.2,15.8,23.7,17.71,260,2
998.1,0.98,19.2,15.8,23.7,24.15,310,2
998.1,0.98,19.2,15.8,23.7,12.88,240,0
998.1,0.98,19.2,15.8,23.7,17.05,261,2
998.1,0.98,19.2,15.8,23.7,8.44,44,0
998.1,1.46,14.5,11.1,19.9,14.49,30,0
998.1,1.46,14.5,11.1,19.9,12.88,300,0
998.1,1.46,14.5,11.1,19.9,9.66,160,0
998.1,1.46,14.5,11.1,19.9,17.71,260,2
998.1,1.46,14.5,11.1,19.9,24.15,310,2
998.1,1.46,14.5,11.1,19.9,12.88,240,0
998.1,1.46,14.5,11.1,19.9,17.05,261,2
998.1,1.46,14.5,11.1,19.9,8.44,44,0
998.1,0.59,9.8,8.1,11.6,14.49,30,0
998.1,0.59,9.8,8.1,11.6,12.88,300,0
998.1,0.59,9.8,8.1,11.6,9.66,160,0
998.1,0.59,9.8,8.1,11.6,17.71,260,2
998.1,0.59,9.8,8.1,11.6,24.15,310,2
998.1,0.59,9.8,8.1,11.6,12.88,240,0
998.1,0.59,9.8,8.1,11.6,17.05,261,2
998.1,0.59,9.8,8.1,11.6,8.44,44,0
998.1,0.71,7.6,4.7,10.4,14.49,30,0
998.1,0.71,7.6,4.7,10.4,12.88,300,0
998.1,0.71,7.6,4.7,10.4,9.66,160,0
998.1,0.71,7.6,4.7,10.4,17.71,260,2
998.1,0.71,7.6,4.7,10.4,24.15,310,2
998.1,0.71,7.6,4.7,10.4,12.88,240,0
998.1,0.71,7.6,4.7,10.4,17.05,261,2
998.1,0.71,7.6,4.7,10.4,8.44,44,0
998.1,1.28,16.8,13.0,20.7,14.49,30,0
998.1,1.28,16.8,13.0,20.7,12.88,300,0
998.1,1.28,16.8,13.0,20.7,9.66,160,0
998.1,1.28,16.8,13.0,20.7,17.71,260,2
998.1,1.28,16.8,13.0,20.7,24.15,310,2
998.1,1.28,16.8,13.0,20.7,12.88,240,0
998.1,1.28,16.8,13.0,20.7,17.05,261,2
998.1,1.28,16.8,13.0,20.7,8.44,44,0
998.1,0.19,13.2,10.2,16.0,14.49,30,0
998.1,0.19,13.2,10.2,16.0,12.88,300,0
998.1,0.19,13.2,10.2,16.0,9.66,160,0
998.1,0.19,13.2,10.2,16.0,17.71,260,2
998.1,0.19,13.2,10.2,16.0,24.15,310,2
998.1,0.19,13.2,10.2,16.0,12.88,240,0
998.1,0.19,13.2,10.2,16.0,17.05,261,2
998.1,0.19,13.2,10.2,16.0,8.44,44,0
998.1,0.11,-0.1,-0.5,2.1,14.49,30,0
998.1,0.11,-0.1,-0.5,2.1,12.88,300,0
998.1,0.11,-0.1,-0.5,2.1,9.66,160,0
998.1,0.11,-0.1,-0.5,2.1,17.71,260,2
998.1,0.11,-0.1,-0.5,2.1,24.15,310,2
998.1,0.11,-0.1,-0.5,2.1,12.88,240,0
998.1,0.11,-0.1,-0.5,2.1,17.05,261,2
998.1,0.11,-0.1,-0.5,2.1,8.44,44,0
998.1,0.19,13.1,9.6,13.4,14.49,30,0
998.1,0.19,13.1,9.6,13.4,12.88,300,0
998.1,0.19,13.1,9.6,13.4,9.66,160,0
998.1,0.19,13.1,9.6,13.4,17.71,260,2
998.1,0.19,13.1,9.6,13.4,24.15,310,2
998.1,0.19,13.1,9.6,13.4,12.88,240,0
998.1,0.19,13.1,9.6,13.4,17.05,261,2
998.1,0.19,13.1,9.6,13.4,8.44,44,0
998.1,0.16,3.9,0.5,6.1,14.49,30,0
998.1,0.16,3.9,0.5,6.1,12.88,300,0
998.1,0.16,3.9,0.5,6.1,9.66,160,0
998.1,0.16,3.9,0.5,6.1,17.71,260,2
998.1,0.16,3.9,0.5,6.1,24.15,310,2
998.1,0.16,3.9,0.5,6.1,12.88,240,0
998.1,0.16,3.9,0.5,6.1,17.05,261,2
998.1,0.16,3.9,0.5,6.1,8.44,44,0
998.1,0.77,9.8,9.3,13.3,14.49,30,0
998.1,0.77,9.8,9.3,13.3,12.88,300,0
998.1,0.77,9.8,9.3,13.3,9.66,160,0
998.1,0.77,9.8,9.3,13.3,17.71,260,2
998.1,0.77,9.8,9.3,13.3,24.15,310,2
998.1,0.77,9.8,9.3,13.3,12.88,240,0
998.1,0.77,9.8,9.3,13.3,17.05,261,2
998.1,0.77,9.8,9.3,13.3,8.44,44,0
998.2,0.43,5.8,3.1,7.4,12.32,38,1
998.2,0.43,5.8,3.1,7.4,14.49,230,1
998.2,0.26,7.6,6.2,9.4,12.32,38,1
998.2,0.26,7.6,6.2,9.4,14.49,230,1
998.2,1.02,2.5,-1.1,6.1,12.32,38,1
998.2,1.02,2.5,-1.1,6.1,14.49,230,1
998.2,0.49,12.6,9.3,16.8,12.32,38,1
998.2,0.49,12.6,9.3,16.8,14.49,230,1
998.2,0.28,9.9,7.3,13.3,12.32,38,0
998.2,0.28,9.9,7.3,13.3,14.49,230,0
998.2,0.19,-1.7,-4.9,2.3,12.32,38,0
998.2,0.19,-1.7,-4.9,2.3,14.49,230,0
998.2,0.16,5.8,3.3,11.0,12.32,38,0
998.2,0.16,5.8,3.3,11.0,14.49,230,0
998.2,0.25,10.3,6.3,14.0,12.32,38,0
998.2,0.25,10.3,6.3,14.0,14.49,230,0
998.2,0.15,10.1,8.1,12.5,12.32,38,0
998.2,0.15,10.1,8.1,12.5,14.49,230,0
998.2,0.26,9.3,7.7,10.5,12.32,38,0
998.2,0.26,9.3,7.7,10.5,14.49,230,0
998.2,0.47,9.6,7.4,11.9,12.32,38,0
998.2,0.47,9.6,7.4,11.9,14.49,230,0
998.2,0.77,1.9,-0.2,6.0,12.32,38,0
998.2,0.77,1.9,-0.2,6.0,14.49,230,0
998.2,0.36,7.1,4.3,10.4,12.32,38,0
998.2,0.36,7.1,4.3,10.4,14.49,230,0
998.2,0.54,2.8,-1.6,6.1,12.32,38,0
998.2,0.54,2.8,-1.6,6.1,14.49,230,0
998.2,0.14,7.6,5.9,8.9,12.32,38,0
998.2,0.14,7.6,5.9,8.9,14.49,230,0
998.2,0.15,9.7,8.4,11.0,12.32,38,0
998.2,0.15,9.7,8.4,11.0,14.49,230,0
998.2,0.11,2.4,0.2,4.2,12.32,38,0
998.2,0.11,2.4,0.2,4.2,14.49,230,0
998.2,0.11,10.6,2.7,12.9,12.32,38,0
998.2,0.11,10.6,2.7,12.9,14.49,230,0
998.2,1.22,16.4,13.8,16.1,12.32,38,0
998.2,1.22,16.4,13.8,16.1,14.49,230,0
998.2,0.18,8.1,6.8,9.3,12.32,38,0
998.2,0.18,8.1,6.8,9.3,14.49,230,0
998.3,0.25,5.9,4.1,7.6,4.83,10,1
998.3,0.25,5.9,4.1,7.6,8.05,340,1
998.3,0.25,5.9,4.1,7.6,12.25,166,1
998.3,0.19,1.6,-2.0,3.6,4.83,10,1
998.3,0.19,1.6,-2.0,3.6,8.05,340,1
998.3,0.19,1.6,-2.0,3.6,12.25,166,1
998.3,0.77,9.0,6.6,12.6,4.83,10,0
998.3,0.77,9.0,6.6,12.6,8.05,340,0
998.3,0.77,9.0,6.6,12.6,12.25,166,0
998.3,0.18,6.3,3.9,7.9,4.83,10,0
998.3,0.18,6.3,3.9,7.9,8.05,340,0
998.3,0.18,6.3,3.9,7.9,12.25,166,0
998.3,0.49,-0.2,-3.5,2.1,4.83,10,0
998.3,0.49,-0.2,-3.5,2.1,8.05,340,0
998.3,0.49,-0.2,-3.5,2.1,12.25,166,0
998.3,0.31,5.4,3.0,7.1,4.83,10,0
998.3,0.31,5.4,3.0,7.1,8.05,340,0
998.3,0.31,5.4,3.0,7.1,12.25,166,0
998.3,1.15,4.6,0.8,8.4,4.83,10,0
998.3,1.15,4.6,0.8,8.4,8.05,340,0
998.3,1.15,4.6,0.8,8.4,12.25,166,0
998.3,0.24,0.2,-2.2,1.7,4.83,10,0
998.3,0.24,0.2,-2.2,1.7,8.05,340,0
998.3,0.24,0.2,-2.2,1.7,12.25,166,0
998.3,0.36,5.8,2.0,8.6,4.83,10,0
998.3,0.36,5.8,2.0,8.6,8.05,340,0
998.3,0.36,5.8,2.0,8.6,12.25,166,0
998.3,0.5,-1.6,-5.4,0.0,4.83,10,0
998.3,0.5,-1.6,-5.4,0.0,8.05,340,0
998.3,0.5,-1.6,-5.4,0.0,12.25,166,0
998.3,1.12,11.4,5.9,16.6,4.83,10,0
998.3,1.12,11.4,5.9,16.6,8.05,340,0
998.3,1.12,11.4,5.9,16.6,12.25,166,0
998.3,0.81,8.6,5.2,11.1,4.83,10,0
998.3,0.81,8.6,5.2,11.1,8.05,340,0
998.3,0.81,8.6,5.2,11.1,12.25,166,0
998.3,0.34,6.4,1.4,8.1,4.83,10,0
998.3,0.34,6.4,1.4,8.1,8.05,340,0
998.3,0.34,6.4,1.4,8.1,12.25,166,0
998.3,0.7,9.3,6.5,11.4,4.83,10,0
998.3,0.7,9.3,6.5,11.4,8.05,340,0
998.3,0.7,9.3,6.5,11.4,12.25,166,0
998.3,0.26,2.3,0.7,4.6,4.83,10,0
998.3,0.26,2.3,0.7,4.6,8.05,340,0
998.3,0.26,2.3,0.7,4.6,12.25,166,0
998.3,0.19,1.4,0.2,3.7,4.83,10,0
998.3,0.19,1.4,0.2,3.7,8.05,340,0
998.3,0.19,1.4,0.2,3.7,12.25,166,0
998.3,0.29,10.3,7.1,16.5,4.83,10,0
998.3,0.29,10.3,7.1,16.5,8.05,340,0
998.3,0.29,10.3,7.1,16.5,12.25,166,0
998.4,1.21,-0.9,-7.3,4.6,15.47,181,3
998.4,1.21,-0.9,-7.3,4.6,20.93,40,3
998.4,1.21,-0.9,-7.3,4.6,4.7,17,1
998.4,1.21,-0.9,-7.3,4.6,8.1,230,1
998.4,1.21,-0.9,-7.3,4.6,25.76,330,3
998.4,1.21,-0.9,-7.3,4.6,13.56,128,1
998.4,1.21,-0.9,-7.3,4.6,12.9,143,1
998.4,1.76,9.5,2.7,17.2,15.47,181,3
998.4,1.76,9.5,2.7,17.2,20.93,40,3
998.4,1.76,9.5,2.7,17.2,4.7,17,1
998.4,1.76,9.5,2.7,17.2,8.1,230,1
998.4,1.76,9.5,2.7,17.2,25.76,330,3
998.4,1.76,9.5,2.7,17.2,13.56,128,1
998.4,1.76,9.5,2.7,17.2,12.9,143,1
998.4,0.81,-1.1,-3.6,0.6,15.47,181,3
998.4,0.81,-1.1,-3.6,0.6,20.93,40,3
998.4,0.81,-1.1,-3.6,0.6,4.7,17,1
998.4,0.81,-1.1,-3.6,0.6,8.1,230,1
998.4,0.81,-1.1,-3.6,0.6,25.76,330,3
998.4,0.81,-1.1,-3.6,0.6,13.56,128,1
998.4,0.81,-1.1,-3.6,0.6,12.9,143,1
998.4,0.86,5.4,3.6,8.9,15.47,181,3
998.4,0.86,5.4,3.6,8.9,20.93,40,3
998.4,0.86,5.4,3.6,8.9,4.7,17,1
998.4,0.86,5.4,3.6,8.9,8.1,230,1
998.4,0.86,5.4,3.6,8.9,25.76,330,3
998.4,0.86,5.4,3.6,8.9,13.56,128,1
998.4,0.86,5.4,3.6,8.9,12.9,143,1
998.4,0.89,0.9,-1.6,5.3,15.47,181,3
998.4,0.89,0.9,-1.6,5.3,20.93,40,3
998.4,0.89,0.9,-1.6,5.3,4.7,17,1
998.4,0.89,0.9,-1.6,5.3,8.1,230,1
998.4,0.89,0.9,-1.6,5.3,25.76,330,3
998.4,0.89,0.9,-1.6,5.3,13.56,128,1
998.4,0.89,0.9,-1.6,5.3,12.9,143,1
998.4,0.08,2.0,0.3,3.7,15.47,181,2
998.4,0.08,2.0,0.3,3.7,20.93,40,2
998.4,0.08,2.0,0.3,3.7,4.7,17,0
998.4,0.08,2.0,0.3,3.7,8.1,230,0
998.4,0.08,2.0,0.3,3.7,25.76,330,2
998.4,0.08,2.0,0.3,3.7,13.56,128,0
998.4,0.08,2.0,0.3,3.7,12.9,143,0
998.4,0.19,6.1,3.0,11.1,15.47,181,2
998.4,0.19,6.1,3.0,11.1,20.93,40,2
998.4,0.19,6.1,3.0,11.1,4.7,17,0
998.4,0.19,6.1,3.0,11.1,8.1,230,0
998.4,0.19,6.1,3.0,11.1,25.76,330,2
998.4,0.19,6.1,3.0,11.1,13.56,128,0
998.4,0.19,6.1,3.0,11.1,12.9,143,0
998.4,0.36,2.9,0.6,4.4,15.47,181,2
998.4,0.36,2.9,0.6,4.4,20.93,40,2
998.4,0.36,2.9,0.6,4.4,4.7,17,0
998.4,0.36,2.9,0.6,4.4,8.1,230,0
998.4,0.36,2.9,0.6,4.4,25.76,330,2
998.4,0.36,2.9,0.6,4.4,13.56,128,0
998.4,0.36,2.9,0.6,4.4,12.9,143,0
998.4,0.13,9.0,7.6,10.5,15.47,181,2
998.4,0.13,9.0,7.6,10.5,20.93,40,2
998.4,0.13,9.0,7.6,10.5,4.7,17,0
998.4,0.13,9.0,7.6,10.5,8.1,230,0
998.4,0.13,9.0,7.6,10.5,25.76,330,2
998.4,0.13,9.0,7.6,10.5,13.56,128,0
998.4,0.13,9.0,7.6,10.5,12.9,143,0
998.4,1.1,12.8,12.2,17.6,15.47,181,2
998.4,1.1,12.8,12.2,17.6,20.93,40,2
998.4,1.1,12.8,12.2,17.6,4.7,17,0
998.4,1.1,12.8,12.2,17.6,8.1,230,0
998.4,1.1,12.8,12.2,17.6,25.76,330,2
998.4,1.1,12.8,12.2,17.6,13.56,128,0
998.4,1.1,12.8,12.2,17.6,12.9,143,0
998.4,0.65,8.7,7.3,10.1,15.47,181,2
998.4,0.65,8.7,7.3,10.1,20.93,40,2
998.4,0.65,8.7,7.3,10.1,4.7,17,0
998.4,0.65,8.7,7.3,10.1,8.1,230,0
998.4,0.65,8.7,7.3,10.1,25.76,330,2
998.4,0.65,8.7,7.3,10.1,13.56,128,0
998.4,0.65,8.7,7.3,10.1,12.9,143,0
998.5,0.47,9.0,5.7,10.3,17.36,358,3
998.5,0.47,9.0,5.7,10.3,24.15,170,3
998.5,0.47,9.0,5.7,10.3,20.93,150,3
998.5,0.47,9.0,5.7,10.3,12.88,20,1
998.5,0.47,9.0,5.7,10.3,28.98,140,3
998.5,0.47,9.0,5.7,10.3,15.81,359,3
998.5,0.47,9.0,5.7,10.3,5.97,1,1
998.5,0.64,0.5,-1.8,4.6,17.36,358,3
998.5,0.64,0.5,-1.8,4.6,24.15,170,3
998.5,0.64,0.5,-1.8,4.6,20.93,150,3
998.5,0.64,0.5,-1.8,4.6,12.88,20,1
998.5,0.64,0.5,-1.8,4.6,28.98,140,3
998.5,0.64,0.5,-1.8,4.6,15.81,359,3
998.5,0.64,0.5,-1.8,4.6,5.97,1,1
998.5,0.5,8.3,6.3,10.9,17.36,358,3
998.5,0.5,8.3,6.3,10.9,24.15,170,3
998.5,0.5,8.3,6.3,10.9,20.93,150,3
998.5,0.5,8.3,6.3,10.9,12.88,20,1
998.5,0.5,8.3,6.3,10.9,28.98,140,3
998.5,0.5,8.3,6.3,10.9,15.81,359,3
998.5,0.5,8.3,6.3,10.9,5.97,1,1
998.5,1.9,9.3,5.4,13.3,17.36,358,2
998.5,1.9,9.3,5.4,13.3,24.15,170,2
998.5,1.9,9.3,5.4,13.3,20.93,150,2
998.5,1.9,9.3,5.4,13.3,12.88,20,0
998.5,1.9,9.3,5.4,13.3,28.98,140,2
998.5,1.9,9.3,5.4,13.3,15.81,359,2
998.5,1.9,9.3,5.4,13.3,5.97,1,0
998.5,0.15,7.1,5.3,9.4,17.36,358,2
998.5,0.15,7.1,5.3,9.4,24.15,170,2
998.5,0.15,7.1,5.3,9.4,20.93,150,2
998.5,0.15,7.1,5.3,9.4,12.88,20,0
998.5,0.15,7.1,5.3,9.4,28.98,140,2
998.5,0.15,7.1,5.3,9.4,15.81,359,2
998.5,0.15,7.1,5.3,9.4,5.97,1,0
998.5,0.75,10.7,8.4,14.1,17.36,358,2
998.5,0.75,10.7,8.4,14.1,24.15,170,2
998.5,0.75,10.7,8.4,14.1,20.93,150,2
998.5,0.75,10.7,8.4,14.1,12.88,20,0
998.5,0.75,10.7,8.4,14.1,28.98,140,2
998.5,0.75,10.7,8.4,14.1,15.81,359,2
998.5,0.75,10.7,8.4,14.1,5.97,1,0
998.5,1.22,15.8,13.2,18.9,17.36,358,2
998.5,1.22,15.8,13.2,18.9,24.15,170,2
998.5,1.22,15.8,13.2,18.9,20.93,150,2
998.5,1.22,15.8,13.2,18.9,12.88,20,0
998.5,1.22,15.8,13.2,18.9,28.98,140,2
998.5,1.22,15.8,13.2,18.9,15.81,359,2
998.5,1.22,15.8,13.2,18.9,5.97,1,0
998.5,0.41,2.8,0.7,8.1,17.36,358,2
998.5,0.41,2.8,0.7,8.1,24.15,170,2
998.5,0.41,2.8,0.7,8.1,20.93,150,2
998.5,0.41,2.8,0.7,8.1,12.88,20,0
998.5,0.41,2.8,0.7,8.1,28.98,140,2
998.5,0.41,2.8,0.7,8.1,15.81,359,2
998.5,0.41,2.8,0.7,8.1,5.97,1,0
998.5,0.32,8.1,6.9,11.5,17.36,358,2
998.5,0.32,8.1,6.9,11.5,24.15,170,2
998.5,0.32,8.1,6.9,11.5,20.93,150,2
998.5,0.32,8.1,6.9,11.5,12.88,20,0
998.5,0.32,8.1,6.9,11.5,28.98,140,2
998.5,0.32,8.1,6.9,11.5,15.81,359,2
998.5,0.32,8.1,6.9,11.5,5.97,1,0
998.5,1.67,8.8,7.0,14.1,17.36,358,2
998.5,1.67,8.8,7.0,14.1,24.15,170,2
998.5,1.67,8.8,7.0,14.1,20.93,150,2
998.5,1.67,8.8,7.0,14.1,12.88,20,0
998.5,1.67,8.8,7.0,14.1,28.98,140,2
998.5,1.67,8.8,7.0,14.1,15.81,359,2
998.5,1.67,8.8,7.0,14.1,5.97,1,0
998.5,0.34,1.3,-1.5,3.7,17.36,358,2
998.5,0.34,1.3,-1.5,3.7,24.15,170,2
998.5,0.34,1.3,-1.5,3.7,20.93,150,2
998.5,0.34,1.3,-1.5,3.7,12.88,20,0
998.5,0.34,1.3,-1.5,3.7,28.98,140,2
998.5,0.34,1.3,-1.5,3.7,15.81,359,2
998.5,0.34,1.3,-1.5,3.7,5.97,1,0
998.5,0.37,7.7,5.1,9.2,17.36,358,2
998.5,0.37,7.7,5.1,9.2,24.15,170,2
998.5,0.37,7.7,5.1,9.2,20.93,150,2
998.5,0.37,7.7,5.1,9.2,12.88,20,0
998.5,0.37,7.7,5.1,9.2,28.98,140,2
998.5,0.37,7.7,5.1,9.2,15.81,359,2
998.5,0.37,7.7,5.1,9.2,5.97,1,0
998.5,0.12,6.4,5.4,7.5,17.36,358,2
998.5,0.12,6.4,5.4,7.5,24.15,170,2
998.5,0.12,6.4,5.4,7.5,20.93,150,2
998.5,0.12,6.4,5.4,7.5,12.88,20,0
998.5,0.12,6.4,5.4,7.5,28.98,140,2
998.5,0.12,6.4,5.4,7.5,15.81,359,2
998.5,0.12,6.4,5.4,7.5,5.97,1,0
998.5,0.94,10.6,7.4,14.6,17.36,358,2
998.5,0.94,10.6,7.4,14.6,24.15,170,2
998.5,0.94,10.6,7.4,14.6,20.93,150,2
998.5,0.94,10.6,7.4,14.6,12.88,20,0
998.5,0.94,10.6,7.4,14.6,28.98,140,2
998.5,0.94,10.6,7.4,14.6,15.81,359,2
998.5,0.94,10.6,7.4,14.6,5.97,1,0
998.6,0.68,2.2,-0.2,6.0,11.27,300,1
998.6,0.68,2.2,-0.2,6.0,20.22,270,3
998.6,0.68,2.2,-0.2,6.0,5.64,0,1
998.6,0.68,2.2,-0.2,6.0,4.7,203,1
998.6,0.68,2.2,-0.2,6.0,16.78,159,3
998.6,0.68,2.2,-0.2,6.0,12.43,210,1
998.6,0.68,2.2,-0.2,6.0,20.98,249,3
998.6,1.66,7.0,1.1,12.9,11.27,300,1
998.6,1.66,7.0,1.1,12.9,20.22,270,3
998.6,1.66,7.0,1.1,12.9,5.64,0,1
998.6,1.66,7.0,1.1,12.9,4.7,203,1
998.6,1.66,7.0,1.1,12.9,16.78,159,3
998.6,1.66,7.0,1.1,12.9,12.43,210,1
998.6,1.66,7.0,1.1,12.9,20.98,249,3
998.6,0.56,1.1,-0.1,4.3,11.27,300,1
998.6,0.56,1.1,-0.1,4.3,20.22,270,3
998.6,0.56,1.1,-0.1,4.3,5.64,0,1
998.6,0.56,1.1,-0.1,4.3,4.7,203,1
998.6,0.56,1.1,-0.1,4.3,16.78,159,3
998.6,0.56,1.1,-0.1,4.3,12.43,210,1
998.6,0.56,1.1,-0.1,4.3,20.98,249,3
998.6,1.41,11.1,7.8,14.4,11.27,300,1
998.6,1.41,11.1,7.8,14.4,20.22,270,3
998.6,1.41,11.1,7.8,14.4,5.64,0,1
998.6,1.41,11.1,7.8,14.4,4.7,203,1
998.6,1.41,11.1,7.8,14.4,16.78,159,3
998.6,1.41,11.1,7.8,14.4,12.43,210,1
998.6,1.41,11.1,7.8,14.4,20.98,249,3
998.6,0.92,3.2,0.4,5.8,11.27,300,1
998.6,0.92,3.2,0.4,5.8,20.22,270,3
998.6,0.92,3.2,0.4,5.8,5.64,0,1
998.6,0.92,3.2,0.4,5.8,4.7,203,1
998.6,0.92,3.2,0.4,5.8,16.78,159,3
998.6,0.92,3.2,0.4,5.8,12.43,210,1
998.6,0.92,3.2,0.4,5.8,20.98,249,3
998.6,0.36,8.9,6.5,11.4,11.27,300,1
998.6,0.36,8.9,6.5,11.4,20.22,270,3
998.6,0.36,8.9,6.5,11.4,5.64,0,1
998.6,0.36,8.9,6.5,11.4,4.7,203,1
998.6,0.36,8.9,6.5,11.4,16.78,159,3
998.6,0.36,8.9,6.5,11.4,12.43,210,1
998.6,0.36,8.9,6.5,11.4,20.98,249,3
998.6,2.31,16.3,8.5,24.7,11.27,300,1
998.6,2.31,16.3,8.5,24.7,20.22,270,3
998.6,2.31,16.3,8.5,24.7,5.64,0,1
998.6,2.31,16.3,8.5,24.7,4.7,203,1
998.6,2.31,16.3,8.5,24.7,16.78,159,3
998.6,2.31,16.3,8.5,24.7,12.43,210,1
998.6,2.31,16.3,8.5,24.7,20.98,249,3
998.6,0.35,8.4,5.5,10.9,11.27,300,0
998.6,0.35,8.4,5.5,10.9,20.22,270,2
998.6,0.35,8.4,5.5,10.9,5.64,0,0
998.6,0.35,8.4,5.5,10.9,4.7,203,0
998.6,0.35,8.4,5.5,10.9,16.78,159,2
998.6,0.35,8.4,5.5,10.9,12.43,210,0
998.6,0.35,8.4,5.5,10.9,20.98,249,2
998.6,0.29,9.3,5.9,11.9,11.27,300,0
998.6,0.29,9.3,5.9,11.9,20.22,270,2
998.6,0.29,9.3,5.9,11.9,5.64,0,0
998.6,0.29,9.3,5.9,11.9,4.7,203,0
998.6,0.29,9.3,5.9,11.9,16.78,159,2
998.6,0.29,9.3,5.9,11.9,12.43,210,0
998.6,0.29,9.3,5.9,11.9,20.98,249,2
998.6,0.83,7.2,4.4,9.8,11.27,300,0
998.6,0.83,7.2,4.4,9.8,20.22,270,2
998.6,0.83,7.2,4.4,9.8,5.64,0,0
998.6,0.83,7.2,4.4,9.8,4.7,203,0
998.6,0.83,7.2,4.4,9.8,16.78,159,2
998.6,0.83,7.2,4.4,9.8,12.43,210,0
998.6,0.83,7.2,4.4,9.8,20.98,249,2
998.6,0.25,9.8,5.5,16.6,11.27,300,0
998.6,0.25,9.8,5.5,16.6,20.22,270,2
998.6,0.25,9.8,5.5,16.6,5.64,0,0
998.6,0.25,9.8,5.5,16.6,4.7,203,0
998.6,0.25,9.8,5.5,16.6,16.78,159,2
998.6,0.25,9.8,5.5,16.6,12.43,210,0
998.6,0.25,9.8,5.5,16.6,20.98,249,2
998.6,1.27,1.7,-1.6,5.7,11.27,300,0
998.6,1.27,1.7,-1.6,5.7,20.22,270,2
998.6,1.27,1.7,-1.6,5.7,5.64,0,0
998.6,1.27,1.7,-1.6,5.7,4.7,203,0
998.6,1.27,1.7,-1.6,5.7,16.78,159,2
998.6,1.27,1.7,-1.6,5.7,12.43,210,0
998.6,1.27,1.7,-1.6,5.7,20.98,249,2
998.6,0.48,7.2,2.1,11.9,11.27,300,0
998.6,0.48,7.2,2.1,11.9,20.22,270,2
998.6,0.48,7.2,2.1,11.9,5.64,0,0
998.6,0.48,7.2,2.1,11.9,4.7,203,0
998.6,0.48,7.2,2.1,11.9,16.78,159,2
998.6,0.48,7.2,2.1,11.9,12.43,210,0
998.6,0.48,7.2,2.1,11.9,20.98,249,2
998.6,1.12,15.3,13.1,18.3,11.27,300,0
998.6,1.12,15.3,13.1,18.3,20.22,270,2
998.6,1.12,15.3,13.1,18.3,5.64,0,0
998.6,1.12,15.3,13.1,18.3,4.7,203,0
998.6,1.12,15.3,13.1,18.3,16.78,159,2
998.6,1.12,15.3,13.1,18.3,12.43,210,0
998.6,1.12,15.3,13.1,18.3,20.98,249,2
998.6,1.32,15.2,11.5,17.9,11.27,300,0
998.6,1.32,15.2,11.5,17.9,20.22,270,2
998.6,1.32,15.2,11.5,17.9,5.64,0,0
998.6,1.32,15.2,11.5,17.9,4.7,203,0
998.6,1.32,15.2,11.5,17.9,16.78,159,2
998.6,1.32,15.2,11.5,17.9,12.43,210,0
998.6,1.32,15.2,11.5,17.9,20.98,249,2
998.6,0.25,8.8,5.6,11.0,11.27,300,0
998.6,0.25,8.8,5.6,11.0,20.22,270,2
998.6,0.25,8.8,5.6,11.0,5.64,0,0
998.6,0.25,8.8,5.6,11.0,4.7,203,0
998.6,0.25,8.8,5.6,11.0,16.78,159,2
998.6,0.25,8.8,5.6,11.0,12.43,210,0
998.6,0.25,8.8,5.6,11.0,20.98,249,2
998.6,0.2,10.6,6.7,14.4,11.27,300,0
998.6,0.2,10.6,6.7,14.4,20.22,270,2
998.6,0.2,10.6,6.7,14.4,5.64,0,0
998.6,0.2,10.6,6.7,14.4,4.7,203,0
998.6,0.2,10.6,6.7,14.4,16.78,159,2
998.6,0.2,10.6,6.7,14.4,12.43,210,0
998.6,0.2,10.6,6.7,14.4,20.98,249,2
998.6,0.38,8.6,6.2,11.2,11.27,300,0
998.6,0.38,8.6,6.2,11.2,20.22,270,2
998.6,0.38,8.6,6.2,11.2,5.64,0,0
998.6,0.38,8.6,6.2,11.2,4.7,203,0
998.6,0.38,8.6,6.2,11.2,16.78,159,2
998.6,0.38,8.6,6.2,11.2,12.43,210,0
998.6,0.38,8.6,6.2,11.2,20.98,249,2
998.6,0.11,6.8,1.8,12.0,11.27,300,0
998.6,0.11,6.8,1.8,12.0,20.22,270,2
998.6,0.11,6.8,1.8,12.0,5.64,0,0
998.6,0.11,6.8,1.8,12.0,4.7,203,0
998.6,0.11,6.8,1.8,12.0,16.78,159,2
998.6,0.11,6.8,1.8,12.0,12.43,210,0
998.6,0.11,6.8,1.8,12.0,20.98,249,2
998.6,0.25,8.1,4.5,11.9,11.27,300,0
998.6,0.25,8.1,4.5,11.9,20.22,270,2
998.6,0.25,8.1,4.5,11.9,5.64,0,0
998.6,0.25,8.1,4.5,11.9,4.7,203,0
998.6,0.25,8.1,4.5,11.9,16.78,159,2
998.6,0.25,8.1,4.5,11.9,12.43,210,0
998.6,0.25,8.1,4.5,11.9,20.98,249,2
998.6,0.48,5.0,3.3,6.8,11.27,300,0
998.6,0.48,5.0,3.3,6.8,20.22,270,2
998.6,0.48,5.0,3.3,6.8,5.64,0,0
998.6,0.48,5.0,3.3,6.8,4.7,203,0
998.6,0.48,5.0,3.3,6.8,16.78,159,2
998.6,0.48,5.0,3.3,6.8,12.43,210,0
998.6,0.48,5.0,3.3,6.8,20.98,249,2
998.6,0.16,3.0,1.9,4.7,11.27,300,0
998.6,0.16,3.0,1.9,4.7,20.22,270,2
998.6,0.16,3.0,1.9,4.7,5.64,0,0
998.6,0.16,3.0,1.9,4.7,4.7,203,0
998.6,0.16,3.0,1.9,4.7,16.78,159,2
998.6,0.16,3.0,1.9,4.7,12.43,210,0
998.6,0.16,3.0,1.9,4.7,20.98,249,2
998.6,0.2,7.2,5.3,8.5,11.27,300,0
998.6,0.2,7.2,5.3,8.5,20.22,270,2
998.6,0.2,7.2,5.3,8.5,5.64,0,0
998.6,0.2,7.2,5.3,8.5,4.7,203,0
998.6,0.2,7.2,5.3,8.5,16.78,159,2
998.6,0.2,7.2,5.3,8.5,12.43,210,0
998.6,0.2,7.2,5.3,8.5,20.98,249,2
998.7,0.63,8.5,4.5,13.1,16.1,200,3
998.7,0.63,8.5,4.5,13.1,11.64,172,1
998.7,0.63,8.5,4.5,13.1,8.95,249,1
998.7,0.27,9.2,5.4,13.1,16.1,200,3
998.7,0.27,9.2,5.4,13.1,11.64,172,1
998.7,0.27,9.2,5.4,13.1,8.95,249,1
998.7,0.72,12.3,8.5,15.9,16.1,200,2
998.7,0.72,12.3,8.5,15.9,11.64,172,0
998.7,0.72,12.3,8.5,15.9,8.95,249,0
998.7,0.81,12.5,10.2,16.5,16.1,200,2
998.7,0.81,12.5,10.2,16.5,11.64,172,0
998.7,0.81,12.5,10.2,16.5,8.95,249,0
998.7,1.44,15.7,13.8,20.0,16.1,200,2
998.7,1.44,15.7,13.8,20.0,11.64,172,0
998.7,1.44,15.7,13.8,20.0,8.95,249,0
998.7,0.41,13.4,8.8,18.0,16.1,200,2
998.7,0.41,13.4,8.8,18.0,11.64,172,0
998.7,0.41,13.4,8.8,18.0,8.95,249,0
998.7,0.12,7.5,4.4,9.5,16.1,200,2
998.7,0.12,7.5,4.4,9.5,11.64,172,0
998.7,0.12,7.5,4.4,9.5,8.95,249,0
998.7,0.19,7.7,4.7,9.4,16.1,200,2
998.7,0.19,7.7,4.7,9.4,11.64,172,0
998.7,0.19,7.7,4.7,9.4,8.95,249,0
998.7,0.51,2.6,1.0,3.5,16.1,200,2
998.7,0.51,2.6,1.0,3.5,11.64,172,0
998.7,0.51,2.6,1.0,3.5,8.95,249,0
998.7,0.19,8.5,6.5,10.1,16.1,200,2
998.7,0.19,8.5,6.5,10.1,11.64,172,0
998.7,0.19,8.5,6.5,10.1,8.95,249,0
998.7,0.07,3.9,0.0,7.2,16.1,200,2
998.7,0.07,3.9,0.0,7.2,11.64,172,0
998.7,0.07,3.9,0.0,7.2,8.95,249,0
998.7,0.5,3.0,1.2,5.3,16.1,200,2
998.7,0.5,3.0,1.2,5.3,11.64,172,0
998.7,0.5,3.0,1.2,5.3,8.95,249,0
998.7,1.19,9.6,7.3,13.6,16.1,200,2
998.7,1.19,9.6,7.3,13.6,11.64,172,0
998.7,1.19,9.6,7.3,13.6,8.95,249,0
998.7,0.48,8.7,6.6,9.6,16.1,200,2
998.7,0.48,8.7,6.6,9.6,11.64,172,0
998.7,0.48,8.7,6.6,9.6,8.95,249,0
998.7,0.12,7.4,1.5,8.6,16.1,200,2
998.7,0.12,7.4,1.5,8.6,11.64,172,0
998.7,0.12,7.4,1.5,8.6,8.95,249,0
998.7,0.05,7.8,5.8,10.7,16.1,200,2
998.7,0.05,7.8,5.8,10.7,11.64,172,0
998.7,0.05,7.8,5.8,10.7,8.95,249,0
998.7,0.53,15.3,12.9,19.1,16.1,200,2
998.7,0.53,15.3,12.9,19.1,11.64,172,0
998.7,0.53,15.3,12.9,19.1,8.95,249,0
998.8,0.68,0.3,-1.5,4.5,17.71,150,3
998.8,0.68,0.3,-1.5,4.5,6.94,316,1
998.8,0.68,0.3,-1.5,4.5,16.1,210,3
998.8,0.68,0.3,-1.5,4.5,6.89,316,1
998.8,0.68,0.3,-1.5,4.5,2.03,207,1
998.8,0.68,0.3,-1.5,4.5,16.92,169,3
998.8,1.62,8.5,4.9,12.7,17.71,150,3
998.8,1.62,8.5,4.9,12.7,6.94,316,1
998.8,1.62,8.5,4.9,12.7,16.1,210,3
998.8,1.62,8.5,4.9,12.7,6.89,316,1
998.8,1.62,8.5,4.9,12.7,2.03,207,1
998.8,1.62,8.5,4.9,12.7,16.92,169,3
998.8,0.21,10.4,8.3,13.0,17.71,150,2
998.8,0.21,10.4,8.3,13.0,6.94,316,0
998.8,0.21,10.4,8.3,13.0,16.1,210,2
998.8,0.21,10.4,8.3,13.0,6.89,316,0
998.8,0.21,10.4,8.3,13.0,2.03,207,0
998.8,0.21,10.4,8.3,13.0,16.92,169,2
998.8,0.74,20.0,15.6,23.3,17.71,150,2
998.8,0.74,20.0,15.6,23.3,6.94,316,0
998.8,0.74,20.0,15.6,23.3,16.1,210,2
998.8,0.74,20.0,15.6,23.3,6.89,316,0
998.8,0.74,20.0,15.6,23.3,2.03,207,0
998.8,0.74,20.0,15.6,23.3,16.92,169,2
998.8,0.85,8.8,3.5,10.8,17.71,150,2
998.8,0.85,8.8,3.5,10.8,6.94,316,0
998.8,0.85,8.8,3.5,10.8,16.1,210,2
998.8,0.85,8.8,3.5,10.8,6.89,316,0
998.8,0.85,8.8,3.5,10.8,2.03,207,0
998.8,0.85,8.8,3.5,10.8,16.92,169,2
998.8,0.7,10.1,8.2,15.3,17.71,150,2
998.8,0.7,10.1,8.2,15.3,6.94,316,0
998.8,0.7,10.1,8.2,15.3,16.1,210,2
998.8,0.7,10.1,8.2,15.3,6.89,316,0
998.8,0.7,10.1,8.2,15.3,2.03,207,0
998.8,0.7,10.1,8.2,15.3,16.92,169,2
998.8,0.28,6.4,2.1,10.6,17.71,150,2
998.8,0.28,6.4,2.1,10.6,6.94,316,0
998.8,0.28,6.4,2.1,10.6,16.1,210,2
998.8,0.28,6.4,2.1,10.6,6.89,316,0
998.8,0.28,6.4,2.1,10.6,2.03,207,0
998.8,0.28,6.4,2.1,10.6,16.92,169,2
998.8,0.26,3.5,0.8,5.9,17.71,150,2
998.8,0.26,3.5,0.8,5.9,6.94,316,0
998.8,0.26,3.5,0.8,5.9,16.1,210,2
998.8,0.26,3.5,0.8,5.9,6.89,316,0
998.8,0.26,3.5,0.8,5.9,2.03,207,0
998.8,0.26,3.5,0.8,5.9,16.92,169,2
998.8,0.18,1.3,-2.0,3.9,17.71,150,2
998.8,0.18,1.3,-2.0,3.9,6.94,316,0
998.8,0.18,1.3,-2.0,3.9,16.1,210,2
998.8,0.18,1.3,-2.0,3.9,6.89,316,0
998.8,0.18,1.3,-2.0,3.9,2.03,207,0
998.8,0.18,1.3,-2.0,3.9,16.92,169,2
998.8,0.54,4.9,1.5,10.8,17.71,150,2
998.8,0.54,4.9,1.5,10.8,6.94,316,0
998.8,0.54,4.9,1.5,10.8,16.1,210,2
998.8,0.54,4.9,1.5,10.8,6.89,316,0
998.8,0.54,4.9,1.5,10.8,2.03,207,0
998.8,0.54,4.9,1.5,10.8,16.92,169,2
998.8,0.42,2.7,1.7,4.5,17.71,150,2
998.8,0.42,2.7,1.7,4.5,6.94,316,0
998.8,0.42,2.7,1.7,4.5,16.1,210,2
998.8,0.42,2.7,1.7,4.5,6.89,316,0
998.8,0.42,2.7,1.7,4.5,2.03,207,0
998.8,0.42,2.7,1.7,4.5,16.92,169,2
998.8,0.95,14.1,12.1,17.2,17.71,150,2
998.8,0.95,14.1,12.1,17.2,6.94,316,0
998.8,0.95,14.1,12.1,17.2,16.1,210,2
998.8,0.95,14.1,12.1,17.2,6.89,316,0
998.8,0.95,14.1,12.1,17.2,2.03,207,0
998.8,0.95,14.1,12.1,17.2,16.92,169,2
998.8,0.24,13.8,9.9,17.2,17.71,150,2
998.8,0.24,13.8,9.9,17.2,6.94,316,0
998.8,0.24,13.8,9.9,17.2,16.1,210,2
998.8,0.24,13.8,9.9,17.2,6.89,316,0
998.8,0.24,13.8,9.9,17.2,2.03,207,0
998.8,0.24,13.8,9.9,17.2,16.92,169,2
998.8,0.56,4.0,1.9,10.1,17.71,150,2
998.8,0.56,4.0,1.9,10.1,6.94,316,0
998.8,0.56,4.0,1.9,10.1,16.1,210,2
998.8,0.56,4.0,1.9,10.1,6.89,316,0
998.8,0.56,4.0,1.9,10.1,2.03,207,0
998.8,0.56,4.0,1.9,10.1,16.92,169,2
998.8,0.57,9.4,7.1,12.5,17.71,150,2
998.8,0.57,9.4,7.1,12.5,6.94,316,0
998.8,0.57,9.4,7.1,12.5,16.1,210,2
998.8,0.57,9.4,7.1,12.5,6.89,316,0
998.8,0.57,9.4,7.1,12.5,2.03,207,0
998.8,0.57,9.4,7.1,12.5,16.92,169,2
998.9,0.81,4.6,-1.4,10.0,14.26,291,1
998.9,0.81,4.6,-1.4,10.0,20.93,260,3
998.9,0.81,4.6,-1.4,10.0,17.71,10,3
998.9,0.81,4.6,-1.4,10.0,24.81,130,3
998.9,0.81,4.6,-1.4,10.0,9.66,180,1
998.9,0.81,4.6,-1.4,10.0,6.44,180,1
998.9,0.81,4.6,-1.4,10.0,11.27,190,1
998.9,0.81,4.6,-1.4,10.0,9.66,170,1
998.9,0.81,4.6,-1.4,10.0,16.1,290,3
998.9,0.81,4.6,-1.4,10.0,14.49,330,1
998.9,0.81,4.6,-1.4,10.0,7.05,321,1
998.9,0.81,4.6,-1.4,10.0,23.62,160,3
998.9,0.81,4.6,-1.4,10.0,3.67,217,1
998.9,0.2,3.5,0.6,5.9,14.26,291,0
998.9,0.2,3.5,0.6,5.9,20.93,260,2
998.9,0.2,3.5,0.6,5.9,17.71,10,2
998.9,0.2,3.5,0.6,5.9,24.81,130,2
998.9,0.2,3.5,0.6,5.9,9.66,180,0
998.9,0.2,3.5,0.6,5.9,6.44,180,0
998.9,0.2,3.5,0.6,5.9,11.27,190,0
998.9,0.2,3.5,0.6,5.9,9.66,170,0
998.9,0.2,3.5,0.6,5.9,16.1,290,2
998.9,0.2,3.5,0.6,5.9,14.49,330,0
998.9,0.2,3.5,0.6,5.9,7.05,321,0
998.9,0.2,3.5,0.6,5.9,23.62,160,2
998.9,0.2,3.5,0.6,5.9,3.67,217,0
998.9,0.29,8.2,3.2,13.1,14.26,291,0
998.9,0.29,8.2,3.2,13.1,20.93,260,2
998.9,0.29,8.2,3.2,13.1,17.71,10,2
998.9,0.29,8.2,3.2,13.1,24.81,130,2
998.9,0.29,8.2,3.2,13.1,9.66,180,0
998.9,0.29,8.2,3.2,13.1,6.44,180,0
998.9,0.29,8.2,3.2,13.1,11.27,190,0
998.9,0.29,8.2,3.2,13.1,9.66,170,0
998.9,0.29,8.2,3.2,13.1,16.1,290,2
998.9,0.29,8.2,3.2,13.1,14.49,330,0
998.9,0.29,8.2,3.2,13.1,7.05,321,0
998.9,0.29,8.2,3.2,13.1,23.62,160,2
998.9,0.29,8.2,3.2,13.1,3.67,217,0
998.9,0.32,14.6,11.6,16.6,14.26,291,0
998.9,0.32,14.6,11.6,16.6,20.93,260,2
998.9,0.32,14.6,11.6,16.6,17.71,10,2
998.9,0.32,14.6,11.6,16.6,24.81,130,2
998.9,0.32,14.6,11.6,16.6,9.66,180,0
998.9,0.32,14.6,11.6,16.6,6.44,180,0
998.9,0.32,14.6,11.6,16.6,11.27,190,0
998.9,0.32,14.6,11.6,16.6,9.66,170,0
998.9,0.32,14.6,11.6,16.6,16.1,290,2
998.9,0.32,14.6,11.6,16.6,14.49,330,0
998.9,0.32,14.6,11.6,16.6,7.05,321,0
998.9,0.32,14.6,11.6,16.6,23.62,160,2
998.9,0.32,14.6,11.6,16.6,3.67,217,0
998.9,0.14,6.1,3.6,10.1,14.26,291,0
998.9,0.14,6.1,3.6,10.1,20.93,260,2
998.9,0.14,6.1,3.6,10.1,17.71,10,2
998.9,0.14,6.1,3.6,10.1,24.81,130,2
998.9,0.14,6.1,3.6,10.1,9.66,180,0
998.9,0.14,6.1,3.6,10.1,6.44,180,0
998.9,0.14,6.1,3.6,10.1,11.27,190,0
998.9,0.14,6.1,3.6,10.1,9.66,170,0
998.9,0.14,6.1,3.6,10.1,16.1,290,2
998.9,0.14,6.1,3.6,10.1,14.49,330,0
998.9,0.14,6.1,3.6,10.1,7.05,321,0
998.9,0.14,6.1,3.6,10.1,23.62,160,2
998.9,0.14,6.1,3.6,10.1,3.67,217,0
998.9,0.16,8.9,7.1,10.4,14.26,291,0
998.9,0.16,8.9,7.1,10.4,20.93,260,2
998.9,0.16,8.9,7.1,10.4,17.71,10,2
998.9,0.16,8.9,7.1,10.4,24.81,130,2
998.9,0.16,8.9,7.1,10.4,9.66,180,0
998.9,0.16,8.9,7.1,10.4,6.44,180,0
998.9,0.16,8.9,7.1,10.4,11.27,190,0
998.9,0.16,8.9,7.1,10.4,9.66,170,0
998.9,0.16,8.9,7.1,10.4,16.1,290,2
998.9,0.16,8.9,7.1,10.4,14.49,330,0
998.9,0.16,8.9,7.1,10.4,7.05,321,0
998.9,0.16,8.9,7.1,10.4,23.62,160,2
998.9,0.16,8.9,7.1,10.4,3.67,217,0
998.9,0.07,8.8,7.1,10.0,14.26,291,0
998.9,0.07,8.8,7.1,10.0,20.93,260,2
998.9,0.07,8.8,7.1,10.0,17.71,10,2
998.9,0.07,8.8,7.1,10.0,24.81,130,2
998.9,0.07,8.8,7.1,10.0,9.66,180,0
998.9,0.07,8.8,7.1,10.0,6.44,180,0
998.9,0.07,8.8,7.1,10.0,11.27,190,0
998.9,0.07,8.8,7.1,10.0,9.66,170,0
998.9,0.07,8.8,7.1,10.0,16.1,290,2
998.9,0.07,8.8,7.1,10.0,14.49,330,0
998.9,0.07,8.8,7.1,10.0,7.05,321,0
998.9,0.07,8.8,7.1,10.0,23.62,160,2
998.9,0.07,8.8,7.1,10.0,3.67,217,0
999.0,1.0,11.2,7.5,14.8,14.49,10,1
999.0,1.0,11.2,7.5,14.8,3.88,60,1
999.0,1.0,11.2,7.5,14.8,11.66,232,1
999.0,1.0,11.2,7.5,14.8,3.22,180,1
999.0,1.0,11.2,7.5,14.8,6.44,180,1
999.0,1.0,11.2,7.5,14.8,11.27,150,1
999.0,1.0,11.2,7.5,14.8,28.98,210,3
999.0,1.0,11.2,7.5,14.8,22.54,250,3
999.0,1.0,11.2,7.5,14.8,5.25,344,1
999.0,1.0,11.2,7.5,14.8,10.92,348,1
999.0,1.0,11.2,7.5,14.8,24.07,290,3
999.0,1.0,11.2,7.5,14.8,19.66,273,3
999.0,0.34,7.1,5.5,10.3,14.49,10,1
999.0,0.34,7.1,5.5,10.3,3.88,60,1
999.0,0.34,7.1,5.5,10.3,11.66,232,1
999.0,0.34,7.1,5.5,10.3,3.22,180,1
999.0,0.34,7.1,5.5,10.3,6.44,180,1
999.0,0.34,7.1,5.5,10.3,11.27,150,1
999.0,0.34,7.1,5.5,10.3,28.98,210,3
999.0,0.34,7.1,5.5,10.3,22.54,250,3
999.0,0.34,7.1,5.5,10.3,5.25,344,1
999.0,0.34,7.1,5.5,10.3,10.92,348,1
999.0,0.34,7.1,5.5,10.3,24.07,290,3
999.0,0.34,7.1,5.5,10.3,19.66,273,3
999.0,0.27,7.5,4.6,10.6,14.49,10,1
999.0,0.27,7.5,4.6,10.6,3.88,60,1
999.0,0.27,7.5,4.6,10.6,11.66,232,1
999.0,0.27,7.5,4.6,10.6,3.22,180,1
999.0,0.27,7.5,4.6,10.6,6.44,180,1
999.0,0.27,7.5,4.6,10.6,11.27,150,1
999.0,0.27,7.5,4.6,10.6,28.98,210,3
999.0,0.27,7.5,4.6,10.6,22.54,250,3
999.0,0.27,7.5,4.6,10.6,5.25,344,1
999.0,0.27,7.5,4.6,10.6,10.92,348,1
999.0,0.27,7.5,4.6,10.6,24.07,290,3
999.0,0.27,7.5,4.6,10.6,19.66,273,3
999.0,0.91,7.4,4.7,11.4,14.49,10,1
999.0,0.91,7.4,4.7,11.4,3.88,60,1
999.0,0.91,7.4,4.7,11.4,11.66,232,1
999.0,0.91,7.4,4.7,11.4,3.22,180,1
999.0,0.91,7.4,4.7,11.4,6.44,180,1
999.0,0.91,7.4,4.7,11.4,11.27,150,1
999.0,0.91,7.4,4.7,11.4,28.98,210,3
999.0,0.91,7.4,4.7,11.4,22.54,250,3
999.0,0.91,7.4,4.7,11.4,5.25,344,1
999.0,0.91,7.4,4.7,11.4,10.92,348,1
999.0,0.91,7.4,4.7,11.4,24.07,290,3
999.0,0.91,7.4,4.7,11.4,19.66,273,3
999.0,1.68,10.7,6.7,15.0,14.49,10,0
999.0,1.68,10.7,6.7,15.0,3.88,60,0
999.0,1.68,10.7,6.7,15.0,11.66,232,0
999.0,1.68,10.7,6.7,15.0,3.22,180,0
999.0,1.68,10.7,6.7,15.0,6.44,180,0
999.0,1.68,10.7,6.7,15.0,11.27,150,0
999.0,1.68,10.7,6.7,15.0,28.98,210,2
999.0,1.68,10.7,6.7,15.0,22.54,250,2
999.0,1.68,10.7,6.7,15.0,5.25,344,0
999.0,1.68,10.7,6.7,15.0,10.92,348,0
999.0,1.68,10.7,6.7,15.0,24.07,290,2
999.0,1.68,10.7,6.7,15.0,19.66,273,2
999.0,0.52,3.8,1.5,7.7,14.49,10,0
999.0,0.52,3.8,1.5,7.7,3.88,60,0
999.0,0.52,3.8,1.5,7.7,11.66,232,0
999.0,0.52,3.8,1.5,7.7,3.22,180,0
999.0,0.52,3.8,1.5,7.7,6.44,180,0
999.0,0.52,3.8,1.5,7.7,11.27,150,0
999.0,0.52,3.8,1.5,7.7,28.98,210,2
999.0,0.52,3.8,1.5,7.7,22.54,250,2
999.0,0.52,3.8,1.5,7.7,5.25,344,0
999.0,0.52,3.8,1.5,7.7,10.92,348,0
999.0,0.52,3.8,1.5,7.7,24.07,290,2
999.0,0.52,3.8,1.5,7.7,19.66,273,2
999.0,0.22,5.1,2.8,6.7,14.49,10,0
999.0,0.22,5.1,2.8,6.7,3.88,60,0
999.0,0.22,5.1,2.8,6.7,11.66,232,0
999.0,0.22,5.1,2.8,6.7,3.22,180,0
999.0,0.22,5.1,2.8,6.7,6.44,180,0
999.0,0.22,5.1,2.8,6.7,11.27,150,0
999.0,0.22,5.1,2.8,6.7,28.98,210,2
999.0,0.22,5.1,2.8,6.7,22.54,250,2
999.0,0.22,5.1,2.8,6.7,5.25,344,0
999.0,0.22,5.1,2.8,6.7,10.92,348,0
999.0,0.22,5.1,2.8,6.7,24.07,290,2
999.0,0.22,5.1,2.8,6.7,19.66,273,2
999.0,1.48,13.7,10.0,20.6,14.49,10,0
999.0,1.48,13.7,10.0,20.6,3.88,60,0
999.0,1.48,13.7,10.0,20.6,11.66,232,0
999.0,1.48,13.7,10.0,20.6,3.22,180,0
999.0,1.48,13.7,10.0,20.6,6.44,180,0
999.0,1.48,13.7,10.0,20.6,11.27,150,0
999.0,1.48,13.7,10.0,20.6,28.98,210,2
999.0,1.48,13.7,10.0,20.6,22.54,250,2
999.0,1.48,13.7,10.0,20.6,5.25,344,0
999.0,1.48,13.7,10.0,20.6,10.92,348,0
999.0,1.48,13.7,10.0,20.6,24.07,290,2
999.0,1.48,13.7,10.0,20.6,19.66,273,2
999.0,0.21,4.2,2.6,5.1,14.49,10,0
999.0,0.21,4.2,2.6,5.1,3.88,60,0
999.0,0.21,4.2,2.6,5.1,11.66,232,0
999.0,0.21,4.2,2.6,5.1,3.22,180,0
999.0,0.21,4.2,2.6,5.1,6.44,180,0
999.0,0.21,4.2,2.6,5.1,11.27,150,0
999.0,0.21,4.2,2.6,5.1,28.98,210,2
999.0,0.21,4.2,2.6,5.1,22.54,250,2
999.0,0.21,4.2,2.6,5.1,5.25,344,0
999.0,0.21,4.2,2.6,5.1,10.92,348,0
999.0,0.21,4.2,2.6,5.1,24.07,290,2
999.0,0.21,4.2,2.6,5.1,19.66,273,2
999.0,0.26,6.4,3.8,9.0,14.49,10,0
999.0,0.26,6.4,3.8,9.0,3.88,60,0
999.0,0.26,6.4,3.8,9.0,11.66,232,0
999.0,0.26,6.4,3.8,9.0,3.22,180,0
999.0,0.26,6.4,3.8,9.0,6.44,180,0
999.0,0.26,6.4,3.8,9.0,11.27,150,0
999.0,0.26,6.4,3.8,9.0,28.98,210,2
999.0,0.26,6.4,3.8,9.0,22.54,250,2
999.0,0.26,6.4,3.8,9.0,5.25,344,0
999.0,0.26,6.4,3.8,9.0,10.92,348,0
999.0,0.26,6.4,3.8,9.0,24.07,290,2
999.0,0.26,6.4,3.8,9.0,19.66,273,2
999.0,0.77,12.1,9.3,13.8,14.49,10,0
999.0,0.77,12.1,9.3,13.8,3.88,60,0
999.0,0.77,12.1,9.3,13.8,11.66,232,0
999.0,0.77,12.1,9.3,13.8,3.22,180,0
999.0,0.77,12.1,9.3,13.8,6.44,180,0
999.0,0.77,12.1,9.3,13.8,11.27,150,0
999.0,0.77,12.1,9.3,13.8,28.98,210,2
999.0,0.77,12.1,9.3,13.8,22.54,250,2
999.0,0.77,12.1,9.3,13.8,5.25,344,0
999.0,0.77,12.1,9.3,13.8,10.92,348,0
999.0,0.77,12.1,9.3,13.8,24.07,290,2
999.0,0.77,12.1,9.3,13.8,19.66,273,2
999.0,0.45,6.3,3.6,8.8,14.49,10,0
999.0,0.45,6.3,3.6,8.8,3.88,60,0
999.0,0.45,6.3,3.6,8.8,11.66,232,0
999.0,0.45,6.3,3.6,8.8,3.22,180,0
999.0,0.45,6.3,3.6,8.8,6.44,180,0
999.0,0.45,6.3,3.6,8.8,11.27,150,0
999.0,0.45,6.3,3.6,8.8,28.98,210,2
999.0,0.45,6.3,3.6,8.8,22.54,250,2
999.0,0.45,6.3,3.6,8.8,5.25,344,0
999.0,0.45,6.3,3.6,8.8,10.92,348,0
999.0,0.45,6.3,3.6,8.8,24.07,290,2
999.0,0.45,6.3,3.6,8.8,19.66,273,2
999.0,0.29,5.4,2.5,8.2,14.49,10,0
999.0,0.29,5.4,2.5,8.2,3.88,60,0
999.0,0.29,5.4,2.5,8.2,11.66,232,0
999.0,0.29,5.4,2.5,8.2,3.22,180,0
999.0,0.29,5.4,2.5,8.2,6.44,180,0
999.0,0.29,5.4,2.5,8.2,11.27,150,0
999.0,0.29,5.4,2.5,8.2,28.98,210,2
999.0,0.29,5.4,2.5,8.2,22.54,250,2
999.0,0.29,5.4,2.5,8.2,5.25,344,0
999.0,0.29,5.4,2.5,8.2,10.92,348,0
999.0,0.29,5.4,2.5,8.2,24.07,290,2
999.0,0.29,5.4,2.5,8.2,19.66,273,2
999.0,0.11,9.6,7.9,10.9,14.49,10,0
999.0,0.11,9.6,7.9,10.9,3.88,60,0
999.0,0.11,9.6,7.9,10.9,11.66,232,0
999.0,0.11,9.6,7.9,10.9,3.22,180,0
999.0,0.11,9.6,7.9,10.9,6.44,180,0
999.0,0.11,9.6,7.9,10.9,11.27,150,0
999.0,0.11,9.6,7.9,10.9,28.98,210,2
999.0,0.11,9.6,7.9,10.9,22.54,250,2
999.0,0.11,9.6,7.9,10.9,5.25,344,0
999.0,0.11,9.6,7.9,10.9,10.92,348,0
999.0,0.11,9.6,7.9,10.9,24.07,290,2
999.0,0.11,9.6,7.9,10.9,19.66,273,2
999.0,0.12,9.8,8.2,9.9,14.49,10,0
999.0,0.12,9.8,8.2,9.9,3.88,60,0
999.0,0.12,9.8,8.2,9.9,11.66,232,0
999.0,0.12,9.8,8.2,9.9,3.22,180,0
999.0,0.12,9.8,8.2,9.9,6.44,180,0
999.0,0.12,9.8,8.2,9.9,11.27,150,0
999.0,0.12,9.8,8.2,9.9,28.98,210,2
999.0,0.12,9.8,8.2,9.9,22.54,250,2
999.0,0.12,9.8,8.2,9.9,5.25,344,0
999.0,0.12,9.8,8.2,9.9,10.92,348,0
999.0,0.12,9.8,8.2,9.9,24.07,290,2
999.0,0.12,9.8,8.2,9.9,19.66,273,2
999.0,0.21,13.6,8.5,17.4,14.49,10,0
999.0,0.21,13.6,8.5,17.4,3.88,60,0
999.0,0.21,13.6,8.5,17.4,11.66,232,0
999.0,0.21,13.6,8.5,17.4,3.22,180,0
999.0,0.21,13.6,8.5,17.4,6.44,180,0
999.0,0.21,13.6,8.5,17.4,11.27,150,0
999.0,0.21,13.6,8.5,17.4,28.98,210,2
999.0,0.21,13.6,8.5,17.4,22.54,250,2
999.0,0.21,13.6,8.5,17.4,5.25,344,0
999.0,0.21,13.6,8.5,17.4,10.92,348,0
999.0,0.21,13.6,8.5,17.4,24.07,290,2
999.0,0.21,13.6,8.5,17.4,19.66,273,2
999.1,0.48,-0.2,-2.9,2.6,28.8,150,3
999.1,0.48,-0.2,-2.9,2.6,25.86,161,3
999.1,0.48,-0.2,-2.9,2.6,28.64,240,3
999.1,0.48,-0.2,-2.9,2.6,4.83,320,1
999.1,0.48,-0.2,-2.9,2.6,22.54,10,3
999.1,0.48,-0.2,-2.9,2.6,11.27,160,1
999.1,0.48,-0.2,-2.9,2.6,9.66,200,1
999.1,0.48,-0.2,-2.9,2.6,17.71,330,3
999.1,0.48,-0.2,-2.9,2.6,13.33,192,1
999.1,0.48,-0.2,-2.9,2.6,17.36,299,3
999.1,0.54,10.6,9.1,11.1,28.8,150,3
999.1,0.54,10.6,9.1,11.1,25.86,161,3
999.1,0.54,10.6,9.1,11.1,28.64,240,3
999.1,0.54,10.6,9.1,11.1,4.83,320,1
999.1,0.54,10.6,9.1,11.1,22.54,10,3
999.1,0.54,10.6,9.1,11.1,11.27,160,1
999.1,0.54,10.6,9.1,11.1,9.66,200,1
999.1,0.54,10.6,9.1,11.1,17.71,330,3
999.1,0.54,10.6,9.1,11.1,13.33,192,1
999.1,0.54,10.6,9.1,11.1,17.36,299,3
999.1,1.46,0.7,-4.4,5.9,28.8,150,3
999.1,1.46,0.7,-4.4,5.9,25.86,161,3
999.1,1.46,0.7,-4.4,5.9,28.64,240,3
999.1,1.46,0.7,-4.4,5.9,4.83,320,1
999.1,1.46,0.7,-4.4,5.9,22.54,10,3
999.1,1.46,0.7,-4.4,5.9,11.27,160,1
999.1,1.46,0.7,-4.4,5.9,9.66,200,1
999.1,1.46,0.7,-4.4,5.9,17.71,330,3
999.1,1.46,0.7,-4.4,5.9,13.33,192,1
999.1,1.46,0.7,-4.4,5.9,17.36,299,3
999.1,1.21,8.8,4.7,13.0,28.8,150,3
999.1,1.21,8.8,4.7,13.0,25.86,161,3
999.1,1.21,8.8,4.7,13.0,28.64,240,3
999.1,1.21,8.8,4.7,13.0,4.83,320,1
999.1,1.21,8.8,4.7,13.0,22.54,10,3
999.1,1.21,8.8,4.7,13.0,11.27,160,1
999.1,1.21,8.8,4.7,13.0,9.66,200,1
999.1,1.21,8.8,4.7,13.0,17.71,330,3
999.1,1.21,8.8,4.7,13.0,13.33,192,1
999.1,1.21,8.8,4.7,13.0,17.36,299,3
999.1,0.68,10.1,6.8,13.9,28.8,150,3
999.1,0.68,10.1,6.8,13.9,25.86,161,3
999.1,0.68,10.1,6.8,13.9,28.64,240,3
999.1,0.68,10.1,6.8,13.9,4.83,320,1
999.1,0.68,10.1,6.8,13.9,22.54,10,3
999.1,0.68,10.1,6.8,13.9,11.27,160,1
999.1,0.68,10.1,6.8,13.9,9.66,200,1
999.1,0.68,10.1,6.8,13.9,17.71,330,3
999.1,0.68,10.1,6.8,13.9,13.33,192,1
999.1,0.68,10.1,6.8,13.9,17.36,299,3
999.1,0.96,1.3,-2.1,4.2,28.8,150,2
999.1,0.96,1.3,-2.1,4.2,25.86,161,2
999.1,0.96,1.3,-2.1,4.2,28.64,240,2
999.1,0.96,1.3,-2.1,4.2,4.83,320,0
999.1,0.96,1.3,-2.1,4.2,22.54,10,2
999.1,0.96,1.3,-2.1,4.2,11.27,160,0
999.1,0.96,1.3,-2.1,4.2,9.66,200,0
999.1,0.96,1.3,-2.1,4.2,17.71,330,2
999.1,0.96,1.3,-2.1,4.2,13.33,192,0
999.1,0.96,1.3,-2.1,4.2,17.36,299,2
999.1,0.15,5.6,0.9,8.2,28.8,150,2
999.1,0.15,5.6,0.9,8.2,25.86,161,2
999.1,0.15,5.6,0.9,8.2,28.64,240,2
999.1,0.15,5.6,0.9,8.2,4.83,320,0
999.1,0.15,5.6,0.9,8.2,22.54,10,2
999.1,0.15,5.6,0.9,8.2,11.27,160,0
999.1,0.15,5.6,0.9,8.2,9.66,200,0
999.1,0.15,5.6,0.9,8.2,17.71,330,2
999.1,0.15,5.6,0.9,8.2,13.33,192,0
999.1,0.15,5.6,0.9,8.2,17.36,299,2
999.1,0.36,8.8,6.9,10.3,28.8,150,2
999.1,0.36,8.8,6.9,10.3,25.86,161,2
999.1,0.36,8.8,6.9,10.3,28.64,240,2
999.1,0.36,8.8,6.9,10.3,4.83,320,0
999.1,0.36,8.8,6.9,10.3,22.54,10,2
999.1,0.36,8.8,6.9,10.3,11.27,160,0
999.1,0.36,8.8,6.9,10.3,9.66,200,0
999.1,0.36,8.8,6.9,10.3,17.71,330,2
999.1,0.36,8.8,6.9,10.3,13.33,192,0
999.1,0.36,8.8,6.9,10.3,17.36,299,2
999.1,1.57,8.0,2.5,13.5,28.8,150,2
999.1,1.57,8.0,2.5,13.5,25.86,161,2
999.1,1.57,8.0,2.5,13.5,28.64,240,2
999.1,1.57,8.0,2.5,13.5,4.83,320,0
999.1,1.57,8.0,2.5,13.5,22.54,10,2
999.1,1.57,8.0,2.5,13.5,11.27,160,0
999.1,1.57,8.0,2.5,13.5,9.66,200,0
999.1,1.57,8.0,2.5,13.5,17.71,330,2
999.1,1.57,8.0,2.5,13.5,13.33,192,0
999.1,1.57,8.0,2.5,13.5,17.36,299,2
999.1,0.9,5.1,-1.1,10.1,28.8,150,2
999.1,0.9,5.1,-1.1,10.1,25.86,161,2
999.1,0.9,5.1,-1.1,10.1,28.64,240,2
999.1,0.9,5.1,-1.1,10.1,4.83,320,0
999.1,0.9,5.1,-1.1,10.1,22.54,10,2
999.1,0.9,5.1,-1.1,10.1,11.27,160,0
999.1,0.9,5.1,-1.1,10.1,9.66,200,0
999.1,0.9,5.1,-1.1,10.1,17.71,330,2
999.1,0.9,5.1,-1.1,10.1,13.33,192,0
999.1,0.9,5.1,-1.1,10.1,17.36,299,2
999.1,0.36,7.9,5.9,10.1,28.8,150,2
999.1,0.36,7.9,5.9,10.1,25.86,161,2
999.1,0.36,7.9,5.9,10.1,28.64,240,2
999.1,0.36,7.9,5.9,10.1,4.83,320,0
999.1,0.36,7.9,5.9,10.1,22.54,10,2
999.1,0.36,7.9,5.9,10.1,11.27,160,0
999.1,0.36,7.9,5.9,10.1,9.66,200,0
999.1,0.36,7.9,5.9,10.1,17.71,330,2
999.1,0.36,7.9,5.9,10.1,13.33,192,0
999.1,0.36,7.9,5.9,10.1,17.36,299,2
999.1,0.81,13.3,11.0,16.2,28.8,150,2
999.1,0.81,13.3,11.0,16.2,25.86,161,2
999.1,0.81,13.3,11.0,16.2,28.64,240,2
999.1,0.81,13.3,11.0,16.2,4.83,320,0
999.1,0.81,13.3,11.0,16.2,22.54,10,2
999.1,0.81,13.3,11.0,16.2,11.27,160,0
999.1,0.81,13.3,11.0,16.2,9.66,200,0
999.1,0.81,13.3,11.0,16.2,17.71,330,2
999.1,0.81,13.3,11.0,16.2,13.33,192,0
999.1,0.81,13.3,11.0,16.2,17.36,299,2
999.1,0.26,0.7,-0.1,1.7,28.8,150,2
999.1,0.26,0.7,-0.1,1.7,25.86,161,2
999.1,0.26,0.7,-0.1,1.7,28.64,240,2
999.1,0.26,0.7,-0.1,1.7,4.83,320,0
999.1,0.26,0.7,-0.1,1.7,22.54,10,2
999.1,0.26,0.7,-0.1,1.7,11.27,160,0
999.1,0.26,0.7,-0.1,1.7,9.66,200,0
999.1,0.26,0.7,-0.1,1.7,17.71,330,2
999.1,0.26,0.7,-0.1,1.7,13.33,192,0
999.1,0.26,0.7,-0.1,1.7,17.36,299,2
999.1,1.73,15.6,12.9,18.6,28.8,150,2
999.1,1.73,15.6,12.9,18.6,25.86,161,2
999.1,1.73,15.6,12.9,18.6,28.64,240,2
999.1,1.73,15.6,12.9,18.6,4.83,320,0
999.1,1.73,15.6,12.9,18.6,22.54,10,2
999.1,1.73,15.6,12.9,18.6,11.27,160,0
999.1,1.73,15.6,12.9,18.6,9.66,200,0
999.1,1.73,15.6,12.9,18.6,17.71,330,2
999.1,1.73,15.6,12.9,18.6,13.33,192,0
999.1,1.73,15.6,12.9,18.6,17.36,299,2
999.1,1.5,12.6,6.1,18.5,28.8,150,2
999.1,1.5,12.6,6.1,18.5,25.86,161,2
999.1,1.5,12.6,6.1,18.5,28.64,240,2
999.1,1.5,12.6,6.1,18.5,4.83,320,0
999.1,1.5,12.6,6.1,18.5,22.54,10,2
999.1,1.5,12.6,6.1,18.5,11.27,160,0
999.1,1.5,12.6,6.1,18.5,9.66,200,0
999.1,1.5,12.6,6.1,18.5,17.71,330,2
999.1,1.5,12.6,6.1,18.5,13.33,192,0
999.1,1.5,12.6,6.1,18.5,17.36,299,2
999.1,1.35,9.0,5.9,12.5,28.8,150,2
999.1,1.35,9.0,5.9,12.5,25.86,161,2
999.1,1.35,9.0,5.9,12.5,28.64,240,2
999.1,1.35,9.0,5.9,12.5,4.83,320,0
999.1,1.35,9.0,5.9,12.5,22.54,10,2
999.1,1.35,9.0,5.9,12.5,11.27,160,0
999.1,1.35,9.0,5.9,12.5,9.66,200,0
999.1,1.35,9.0,5.9,12.5,17.71,330,2
999.1,1.35,9.0,5.9,12.5,13.33,192,0
999.1,1.35,9.0,5.9,12.5,17.36,299,2
999.1,0.11,6.6,5.8,7.4,28.8,150,2
999.1,0.11,6.6,5.8,7.4,25.86,161,2
999.1,0.11,6.6,5.8,7.4,28.64,240,2
999.1,0.11,6.6,5.8,7.4,4.83,320,0
999.1,0.11,6.6,5.8,7.4,22.54,10,2
999.1,0.11,6.6,5.8,7.4,11.27,160,0
999.1,0.11,6.6,5.8,7.4,9.66,200,0
999.1,0.11,6.6,5.8,7.4,17.71,330,2
999.1,0.11,6.6,5.8,7.4,13.33,192,0
999.1,0.11,6.6,5.8,7.4,17.36,299,2
999.1,0.43,8.9,4.7,13.1,28.8,150,2
999.1,0.43,8.9,4.7,13.1,25.86,161,2
999.1,0.43,8.9,4.7,13.1,28.64,240,2
999.1,0.43,8.9,4.7,13.1,4.83,320,0
999.1,0.43,8.9,4.7,13.1,22.54,10,2
999.1,0.43,8.9,4.7,13.1,11.27,160,0
999.1,0.43,8.9,4.7,13.1,9.66,200,0
999.1,0.43,8.9,4.7,13.1,17.71,330,2
999.1,0.43,8.9,4.7,13.1,13.33,192,0
999.1,0.43,8.9,4.7,13.1,17.36,299,2
999.1,0.08,5.0,1.8,7.6,28.8,150,2
999.1,0.08,5.0,1.8,7.6,25.86,161,2
999.1,0.08,5.0,1.8,7.6,28.64,240,2
999.1,0.08,5.0,1.8,7.6,4.83,320,0
999.1,0.08,5.0,1.8,7.6,22.54,10,2
999.1,0.08,5.0,1.8,7.6,11.27,160,0
999.1,0.08,5.0,1.8,7.6,9.66,200,0
999.1,0.08,5.0,1.8,7.6,17.71,330,2
999.1,0.08,5.0,1.8,7.6,13.33,192,0
999.1,0.08,5.0,1.8,7.6,17.36,299,2
999.1,0.44,4.2,1.9,6.1,28.8,150,2
999.1,0.44,4.2,1.9,6.1,25.86,161,2
999.1,0.44,4.2,1.9,6.1,28.64,240,2
999.1,0.44,4.2,1.9,6.1,4.83,320,0
999.1,0.44,4.2,1.9,6.1,22.54,10,2
999.1,0.44,4.2,1.9,6.1,11.27,160,0
999.1,0.44,4.2,1.9,6.1,9.66,200,0
999.1,0.44,4.2,1.9,6.1,17.71,330,2
999.1,0.44,4.2,1.9,6.1,13.33,192,0
999.1,0.44,4.2,1.9,6.1,17.36,299,2
999.2,2.11,6.1,0.3,11.6,9.66,160,1
999.2,2.11,6.1,0.3,11.6,20.93,160,3
999.2,2.11,6.1,0.3,11.6,17.71,250,3
999.2,2.11,6.1,0.3,11.6,17.87,138,3
999.2,2.11,6.1,0.3,11.6,19.21,182,3
999.2,2.11,6.1,0.3,11.6,9.66,220,1
999.2,2.11,6.1,0.3,11.6,8.05,170,1
999.2,2.11,6.1,0.3,11.6,11.27,90,1
999.2,2.11,6.1,0.3,11.6,38.21,139,3
999.2,2.11,6.1,0.3,11.6,6.44,270,1
999.2,2.11,6.1,0.3,11.6,13.14,289,1
999.2,1.02,3.3,0.8,7.3,9.66,160,1
999.2,1.02,3.3,0.8,7.3,20.93,160,3
999.2,1.02,3.3,0.8,7.3,17.71,250,3
999.2,1.02,3.3,0.8,7.3,17.87,138,3
999.2,1.02,3.3,0.8,7.3,19.21,182,3
999.2,1.02,3.3,0.8,7.3,9.66,220,1
999.2,1.02,3.3,0.8,7.3,8.05,170,1
999.2,1.02,3.3,0.8,7.3,11.27,90,1
999.2,1.02,3.3,0.8,7.3,38.21,139,3
999.2,1.02,3.3,0.8,7.3,6.44,270,1
999.2,1.02,3.3,0.8,7.3,13.14,289,1
999.2,0.77,10.6,7.8,11.3,9.66,160,1
999.2,0.77,10.6,7.8,11.3,20.93,160,3
999.2,0.77,10.6,7.8,11.3,17.71,250,3
999.2,0.77,10.6,7.8,11.3,17.87,138,3
999.2,0.77,10.6,7.8,11.3,19.21,182,3
999.2,0.77,10.6,7.8,11.3,9.66,220,1
999.2,0.77,10.6,7.8,11.3,8.05,170,1
999.2,0.77,10.6,7.8,11.3,11.27,90,1
999.2,0.77,10.6,7.8,11.3,38.21,139,3
999.2,0.77,10.6,7.8,11.3,6.44,270,1
999.2,0.77,10.6,7.8,11.3,13.14,289,1
999.2,0.15,0.6,-1.4,1.7,9.66,160,0
999.2,0.15,0.6,-1.4,1.7,20.93,160,2
999.2,0.15,0.6,-1.4,1.7,17.71,250,2
999.2,0.15,0.6,-1.4,1.7,17.87,138,2
999.2,0.15,0.6,-1.4,1.7,19.21,182,2
999.2,0.15,0.6,-1.4,1.7,9.66,220,0
999.2,0.15,0.6,-1.4,1.7,8.05,170,0
999.2,0.15,0.6,-1.4,1.7,11.27,90,0
999.2,0.15,0.6,-1.4,1.7,38.21,139,2
999.2,0.15,0.6,-1.4,1.7,6.44,270,0
999.2,0.15,0.6,-1.4,1.7,13.14,289,0
999.2,0.42,3.9,-0.8,6.2,9.66,160,0
999.2,0.42,3.9,-0.8,6.2,20.93,160,2
999.2,0.42,3.9,-0.8,6.2,17.71,250,2
999.2,0.42,3.9,-0.8,6.2,17.87,138,2
999.2,0.42,3.9,-0.8,6.2,19.21,182,2
999.2,0.42,3.9,-0.8,6.2,9.66,220,0
999.2,0.42,3.9,-0.8,6.2,8.05,170,0
999.2,0.42,3.9,-0.8,6.2,11.27,90,0
999.2,0.42,3.9,-0.8,6.2,38.21,139,2
999.2,0.42,3.9,-0.8,6.2,6.44,270,0
999.2,0.42,3.9,-0.8,6.2,13.14,289,0
999.2,1.05,7.1,4.6,10.0,9.66,160,0
999.2,1.05,7.1,4.6,10.0,20.93,160,2
999.2,1.05,7.1,4.6,10.0,17.71,250,2
999.2,1.05,7.1,4.6,10.0,17.87,138,2
999.2,1.05,7.1,4.6,10.0,19.21,182,2
999.2,1.05,7.1,4.6,10.0,9.66,220,0
999.2,1.05,7.1,4.6,10.0,8.05,170,0
999.2,1.05,7.1,4.6,10.0,11.27,90,0
999.2,1.05,7.1,4.6,10.0,38.21,139,2
999.2,1.05,7.1,4.6,10.0,6.44,270,0
999.2,1.05,7.1,4.6,10.0,13.14,289,0
999.2,1.69,11.4,9.2,18.0,9.66,160,0
999.2,1.69,11.4,9.2,18.0,20.93,160,2
999.2,1.69,11.4,9.2,18.0,17.71,250,2
999.2,1.69,11.4,9.2,18.0,17.87,138,2
999.2,1.69,11.4,9.2,18.0,19.21,182,2
999.2,1.69,11.4,9.2,18.0,9.66,220,0
999.2,1.69,11.4,9.2,18.0,8.05,170,0
999.2,1.69,11.4,9.2,18.0,11.27,90,0
999.2,1.69,11.4,9.2,18.0,38.21,139,2
999.2,1.69,11.4,9.2,18.0,6.44,270,0
999.2,1.69,11.4,9.2,18.0,13.14,289,0
999.2,1.05,4.0,1.9,6.0,9.66,160,0
999.2,1.05,4.0,1.9,6.0,20.93,160,2
999.2,1.05,4.0,1.9,6.0,17.71,250,2
999.2,1.05,4.0,1.9,6.0,17.87,138,2
999.2,1.05,4.0,1.9,6.0,19.21,182,2
999.2,1.05,4.0,1.9,6.0,9.66,220,0
999.2,1.05,4.0,1.9,6.0,8.05,170,0
999.2,1.05,4.0,1.9,6.0,11.27,90,0
999.2,1.05,4.0,1.9,6.0,38.21,139,2
999.2,1.05,4.0,1.9,6.0,6.44,270,0
999.2,1.05,4.0,1.9,6.0,13.14,289,0
999.2,0.19,7.4,5.9,8.6,9.66,160,0
999.2,0.19,7.4,5.9,8.6,20.93,160,2
999.2,0.19,7.4,5.9,8.6,17.71,250,2
999.2,0.19,7.4,5.9,8.6,17.87,138,2
999.2,0.19,7.4,5.9,8.6,19.21,182,2
999.2,0.19,7.4,5.9,8.6,9.66,220,0
999.2,0.19,7.4,5.9,8.6,8.05,170,0
999.2,0.19,7.4,5.9,8.6,11.27,90,0
999.2,0.19,7.4,5.9,8.6,38.21,139,2
999.2,0.19,7.4,5.9,8.6,6.44,270,0
999.2,0.19,7.4,5.9,8.6,13.14,289,0
999.2,0.18,11.3,8.2,15.7,9.66,160,0
999.2,0.18,11.3,8.2,15.7,20.93,160,2
999.2,0.18,11.3,8.2,15.7,17.71,250,2
999.2,0.18,11.3,8.2,15.7,17.87,138,2
999.2,0.18,11.3,8.2,15.7,19.21,182,2
999.2,0.18,11.3,8.2,15.7,9.66,220,0
999.2,0.18,11.3,8.2,15.7,8.05,170,0
999.2,0.18,11.3,8.2,15.7,11.27,90,0
999.2,0.18,11.3,8.2,15.7,38.21,139,2
999.2,0.18,11.3,8.2,15.7,6.44,270,0
999.2,0.18,11.3,8.2,15.7,13.14,289,0
999.2,0.24,9.2,5.9,13.4,9.66,160,0
999.2,0.24,9.2,5.9,13.4,20.93,160,2
999.2,0.24,9.2,5.9,13.4,17.71,250,2
999.2,0.24,9.2,5.9,13.4,17.87,138,2
999.2,0.24,9.2,5.9,13.4,19.21,182,2
999.2,0.24,9.2,5.9,13.4,9.66,220,0
999.2,0.24,9.2,5.9,13.4,8.05,170,0
999.2,0.24,9.2,5.9,13.4,11.27,90,0
999.2,0.24,9.2,5.9,13.4,38.21,139,2
999.2,0.24,9.2,5.9,13.4,6.44,270,0
999.2,0.24,9.2,5.9,13.4,13.14,289,0
999.2,1.49,6.2,2.6,10.3,9.66,160,0
999.2,1.49,6.2,2.6,10.3,20.93,160,2
999.2,1.49,6.2,2.6,10.3,17.71,250,2
999.2,1.49,6.2,2.6,10.3,17.87,138,2
999.2,1.49,6.2,2.6,10.3,19.21,182,2
999.2,1.49,6.2,2.6,10.3,9.66,220,0
999.2,1.49,6.2,2.6,10.3,8.05,170,0
999.2,1.49,6.2,2.6,10.3,11.27,90,0
999.2,1.49,6.2,2.6,10.3,38.21,139,2
999.2,1.49,6.2,2.6,10.3,6.44,270,0
999.2,1.49,6.2,2.6,10.3,13.14,289,0
999.2,1.19,1.4,-2.8,6.1,9.66,160,0
999.2,1.19,1.4,-2.8,6.1,20.93,160,2
999.2,1.19,1.4,-2.8,6.1,17.71,250,2
999.2,1.19,1.4,-2.8,6.1,17.87,138,2
999.2,1.19,1.4,-2.8,6.1,19.21,182,2
999.2,1.19,1.4,-2.8,6.1,9.66,220,0
999.2,1.19,1.4,-2.8,6.1,8.05,170,0
999.2,1.19,1.4,-2.8,6.1,11.27,90,0
999.2,1.19,1.4,-2.8,6.1,38.21,139,2
999.2,1.19,1.4,-2.8,6.1,6.44,270,0
999.2,1.19,1.4,-2.8,6.1,13.14,289,0
999.2,1.71,6.9,2.6,11.7,9.66,160,0
999.2,1.71,6.9,2.6,11.7,20.93,160,2
999.2,1.71,6.9,2.6,11.7,17.71,250,2
999.2,1.71,6.9,2.6,11.7,17.87,138,2
999.2,1.71,6.9,2.6,11.7,19.21,182,2
999.2,1.71,6.9,2.6,11.7,9.66,220,0
999.2,1.71,6.9,2.6,11.7,8.05,170,0
999.2,1.71,6.9,2.6,11.7,11.27,90,0
999.2,1.71,6.9,2.6,11.7,38.21,139,2
999.2,1.71,6.9,2.6,11.7,6.44,270,0
999.2,1.71,6.9,2.6,11.7,13.14,289,0
999.2,1.11,13.3,11.7,16.0,9.66,160,0
999.2,1.11,13.3,11.7,16.0,20.93,160,2
999.2,1.11,13.3,11.7,16.0,17.71,250,2
999.2,1.11,13.3,11.7,16.0,17.87,138,2
999.2,1.11,13.3,11.7,16.0,19.21,182,2
999.2,1.11,13.3,11.7,16.0,9.66,220,0
999.2,1.11,13.3,11.7,16.0,8.05,170,0
999.2,1.11,13.3,11.7,16.0,11.27,90,0
999.2,1.11,13.3,11.7,16.0,38.21,139,2
999.2,1.11,13.3,11.7,16.0,6.44,270,0
999.2,1.11,13.3,11.7,16.0,13.14,289,0
999.2,0.13,8.8,7.5,10.1,9.66,160,0
999.2,0.13,8.8,7.5,10.1,20.93,160,2
999.2,0.13,8.8,7.5,10.1,17.71,250,2
999.2,0.13,8.8,7.5,10.1,17.87,138,2
999.2,0.13,8.8,7.5,10.1,19.21,182,2
999.2,0.13,8.8,7.5,10.1,9.66,220,0
999.2,0.13,8.8,7.5,10.1,8.05,170,0
999.2,0.13,8.8,7.5,10.1,11.27,90,0
999.2,0.13,8.8,7.5,10.1,38.21,139,2
999.2,0.13,8.8,7.5,10.1,6.44,270,0
999.2,0.13,8.8,7.5,10.1,13.14,289,0
999.2,0.15,6.0,5.6,6.3,9.66,160,0
999.2,0.15,6.0,5.6,6.3,20.93,160,2
999.2,0.15,6.0,5.6,6.3,17.71,250,2
999.2,0.15,6.0,5.6,6.3,17.87,138,2
999.2,0.15,6.0,5.6,6.3,19.21,182,2
999.2,0.15,6.0,5.6,6.3,9.66,220,0
999.2,0.15,6.0,5.6,6.3,8.05,170,0
999.2,0.15,6.0,5.6,6.3,11.27,90,0
999.2,0.15,6.0,5.6,6.3,38.21,139,2
999.2,0.15,6.0,5.6,6.3,6.44,270,0
999.2,0.15,6.0,5.6,6.3,13.14,289,0
999.2,0.19,12.0,10.0,13.7,9.66,160,0
999.2,0.19,12.0,10.0,13.7,20.93,160,2
999.2,0.19,12.0,10.0,13.7,17.71,250,2
999.2,0.19,12.0,10.0,13.7,17.87,138,2
999.2,0.19,12.0,10.0,13.7,19.21,182,2
999.2,0.19,12.0,10.0,13.7,9.66,220,0
999.2,0.19,12.0,10.0,13.7,8.05,170,0
999.2,0.19,12.0,10.0,13.7,11.27,90,0
999.2,0.19,12.0,10.0,13.7,38.21,139,2
999.2,0.19,12.0,10.0,13.7,6.44,270,0
999.2,0.19,12.0,10.0,13.7,13.14,289,0
999.2,0.23,0.2,-1.6,4.8,9.66,160,0
999.2,0.23,0.2,-1.6,4.8,20.93,160,2
999.2,0.23,0.2,-1.6,4.8,17.71,250,2
999.2,0.23,0.2,-1.6,4.8,17.87,138,2
999.2,0.23,0.2,-1.6,4.8,19.21,182,2
999.2,0.23,0.2,-1.6,4.8,9.66,220,0
999.2,0.23,0.2,-1.6,4.8,8.05,170,0
999.2,0.23,0.2,-1.6,4.8,11.27,90,0
999.2,0.23,0.2,-1.6,4.8,38.21,139,2
999.2,0.23,0.2,-1.6,4.8,6.44,270,0
999.2,0.23,0.2,-1.6,4.8,13.14,289,0
999.2,1.49,15.5,12.9,19.9,9.66,160,0
999.2,1.49,15.5,12.9,19.9,20.93,160,2
999.2,1.49,15.5,12.9,19.9,17.71,250,2
999.2,1.49,15.5,12.9,19.9,17.87,138,2
999.2,1.49,15.5,12.9,19.9,19.21,182,2
999.2,1.49,15.5,12.9,19.9,9.66,220,0
999.2,1.49,15.5,12.9,19.9,8.05,170,0
999.2,1.49,15.5,12.9,19.9,11.27,90,0
999.2,1.49,15.5,12.9,19.9,38.21,139,2
999.2,1.49,15.5,12.9,19.9,6.44,270,0
999.2,1.49,15.5,12.9,19.9,13.14,289,0
999.2,0.73,12.3,10.1,13.3,9.66,160,0
999.2,0.73,12.3,10.1,13.3,20.93,160,2
999.2,0.73,12.3,10.1,13.3,17.71,250,2
999.2,0.73,12.3,10.1,13.3,17.87,138,2
999.2,0.73,12.3,10.1,13.3,19.21,182,2
999.2,0.73,12.3,10.1,13.3,9.66,220,0
999.2,0.73,12.3,10.1,13.3,8.05,170,0
999.2,0.73,12.3,10.1,13.3,11.27,90,0
999.2,0.73,12.3,10.1,13.3,38.21,139,2
999.2,0.73,12.3,10.1,13.3,6.44,270,0
999.2,0.73,12.3,10.1,13.3,13.14,289,0
999.2,0.34,4.9,3.0,5.4,9.66,160,0
999.2,0.34,4.9,3.0,5.4,20.93,160,2
999.2,0.34,4.9,3.0,5.4,17.71,250,2
999.2,0.34,4.9,3.0,5.4,17.87,138,2
999.2,0.34,4.9,3.0,5.4,19.21,182,2
999.2,0.34,4.9,3.0,5.4,9.66,220,0
999.2,0.34,4.9,3.0,5.4,8.05,170,0
999.2,0.34,4.9,3.0,5.4,11.27,90,0
999.2,0.34,4.9,3.0,5.4,38.21,139,2
999.2,0.34,4.9,3.0,5.4,6.44,270,0
999.2,0.34,4.9,3.0,5.4,13.14,289,0
999.2,0.3,8.4,3.8,12.0,9.66,160,0
999.2,0.3,8.4,3.8,12.0,20.93,160,2
999.2,0.3,8.4,3.8,12.0,17.71,250,2
999.2,0.3,8.4,3.8,12.0,17.87,138,2
999.2,0.3,8.4,3.8,12.0,19.21,182,2
999.2,0.3,8.4,3.8,12.0,9.66,220,0
999.2,0.3,8.4,3.8,12.0,8.05,170,0
999.2,0.3,8.4,3.8,12.0,11.27,90,0
999.2,0.3,8.4,3.8,12.0,38.21,139,2
999.2,0.3,8.4,3.8,12.0,6.44,270,0
999.2,0.3,8.4,3.8,12.0,13.14,289,0
999.2,0.8,14.8,12.1,15.5,9.66,160,0
999.2,0.8,14.8,12.1,15.5,20.93,160,2
999.2,0.8,14.8,12.1,15.5,17.71,250,2
999.2,0.8,14.8,12.1,15.5,17.87,138,2
999.2,0.8,14.8,12.1,15.5,19.21,182,2
999.2,0.8,14.8,12.1,15.5,9.66,220,0
999.2,0.8,14.8,12.1,15.5,8.05,170,0
999.2,0.8,14.8,12.1,15.5,11.27,90,0
999.2,0.8,14.8,12.1,15.5,38.21,139,2
999.2,0.8,14.8,12.1,15.5,6.44,270,0
999.2,0.8,14.8,12.1,15.5,13.14,289,0
999.2,0.08,0.8,-0.9,3.0,9.66,160,0
999.2,0.08,0.8,-0.9,3.0,20.93,160,2
999.2,0.08,0.8,-0.9,3.0,17.71,250,2
999.2,0.08,0.8,-0.9,3.0,17.87,138,2
999.2,0.08,0.8,-0.9,3.0,19.21,182,2
999.2,0.08,0.8,-0.9,3.0,9.66,220,0
999.2,0.08,0.8,-0.9,3.0,8.05,170,0
999.2,0.08,0.8,-0.9,3.0,11.27,90,0
999.2,0.08,0.8,-0.9,3.0,38.21,139,2
999.2,0.08,0.8,-0.9,3.0,6.44,270,0
999.2,0.08,0.8,-0.9,3.0,13.14,289,0
999.2,0.44,-0.9,-3.2,3.9,9.66,160,0
999.2,0.44,-0.9,-3.2,3.9,20.93,160,2
999.2,0.44,-0.9,-3.2,3.9,17.71,250,2
999.2,0.44,-0.9,-3.2,3.9,17.87,138,2
999.2,0.44,-0.9,-3.2,3.9,19.21,182,2
999.2,0.44,-0.9,-3.2,3.9,9.66,220,0
999.2,0.44,-0.9,-3.2,3.9,8.05,170,0
999.2,0.44,-0.9,-3.2,3.9,11.27,90,0
999.2,0.44,-0.9,-3.2,3.9,38.21,139,2
999.2,0.44,-0.9,-3.2,3.9,6.44,270,0
999.2,0.44,-0.9,-3.2,3.9,13.14,289,0
999.3,0.28,5.9,4.4,5.6,33.81,150,3
999.3,0.28,5.9,4.4,5.6,14.49,250,1
999.3,0.28,5.9,4.4,5.6,28.98,330,3
999.3,0.28,5.9,4.4,5.6,0.0,0,1
999.3,0.28,5.9,4.4,5.6,8.05,190,1
999.3,0.28,5.9,4.4,5.6,6.44,160,1
999.3,0.28,5.9,4.4,5.6,9.66,170,1
999.3,0.28,5.9,4.4,5.6,17.71,330,3
999.3,0.28,5.9,4.4,5.6,13.28,21,1
999.3,0.69,12.3,8.5,17.1,33.81,150,3
999.3,0.69,12.3,8.5,17.1,14.49,250,1
999.3,0.69,12.3,8.5,17.1,28.98,330,3
999.3,0.69,12.3,8.5,17.1,0.0,0,1
999.3,0.69,12.3,8.5,17.1,8.05,190,1
999.3,0.69,12.3,8.5,17.1,6.44,160,1
999.3,0.69,12.3,8.5,17.1,9.66,170,1
999.3,0.69,12.3,8.5,17.1,17.71,330,3
999.3,0.69,12.3,8.5,17.1,13.28,21,1
999.3,0.71,10.4,8.2,13.8,33.81,150,3
999.3,0.71,10.4,8.2,13.8,14.49,250,1
999.3,0.71,10.4,8.2,13.8,28.98,330,3
999.3,0.71,10.4,8.2,13.8,0.0,0,1
999.3,0.71,10.4,8.2,13.8,8.05,190,1
999.3,0.71,10.4,8.2,13.8,6.44,160,1
999.3,0.71,10.4,8.2,13.8,9.66,170,1
999.3,0.71,10.4,8.2,13.8,17.71,330,3
999.3,0.71,10.4,8.2,13.8,13.28,21,1
999.3,0.22,6.6,6.2,7.7,33.81,150,3
999.3,0.22,6.6,6.2,7.7,14.49,250,1
999.3,0.22,6.6,6.2,7.7,28.98,330,3
999.3,0.22,6.6,6.2,7.7,0.0,0,1
999.3,0.22,6.6,6.2,7.7,8.05,190,1
999.3,0.22,6.6,6.2,7.7,6.44,160,1
999.3,0.22,6.6,6.2,7.7,9.66,170,1
999.3,0.22,6.6,6.2,7.7,17.71,330,3
999.3,0.22,6.6,6.2,7.7,13.28,21,1
999.3,0.38,3.9,0.3,7.5,33.81,150,3
999.3,0.38,3.9,0.3,7.5,14.49,250,1
999.3,0.38,3.9,0.3,7.5,28.98,330,3
999.3,0.38,3.9,0.3,7.5,0.0,0,1
999.3,0.38,3.9,0.3,7.5,8.05,190,1
999.3,0.38,3.9,0.3,7.5,6.44,160,1
999.3,0.38,3.9,0.3,7.5,9.66,170,1
999.3,0.38,3.9,0.3,7.5,17.71,330,3
999.3,0.38,3.9,0.3,7.5,13.28,21,1
999.3,0.55,4.0,1.4,6.6,33.81,150,3
999.3,0.55,4.0,1.4,6.6,14.49,250,1
999.3,0.55,4.0,1.4,6.6,28.98,330,3
999.3,0.55,4.0,1.4,6.6,0.0,0,1
999.3,0.55,4.0,1.4,6.6,8.05,190,1
999.3,0.55,4.0,1.4,6.6,6.44,160,1
999.3,0.55,4.0,1.4,6.6,9.66,170,1
999.3,0.55,4.0,1.4,6.6,17.71,330,3
999.3,0.55,4.0,1.4,6.6,13.28,21,1
999.3,1.67,16.6,13.5,19.1,33.81,150,3
999.3,1.67,16.6,13.5,19.1,14.49,250,1
999.3,1.67,16.6,13.5,19.1,28.98,330,3
999.3,1.67,16.6,13.5,19.1,0.0,0,1
999.3,1.67,16.6,13.5,19.1,8.05,190,1
999.3,1.67,16.6,13.5,19.1,6.44,160,1
999.3,1.67,16.6,13.5,19.1,9.66,170,1
999.3,1.67,16.6,13.5,19.1,17.71,330,3
999.3,1.67,16.6,13.5,19.1,13.28,21,1
999.3,0.21,4.5,2.6,6.1,33.81,150,2
999.3,0.21,4.5,2.6,6.1,14.49,250,0
999.3,0.21,4.5,2.6,6.1,28.98,330,2
999.3,0.21,4.5,2.6,6.1,0.0,0,0
999.3,0.21,4.5,2.6,6.1,8.05,190,0
999.3,0.21,4.5,2.6,6.1,6.44,160,0
999.3,0.21,4.5,2.6,6.1,9.66,170,0
999.3,0.21,4.5,2.6,6.1,17.71,330,2
999.3,0.21,4.5,2.6,6.1,13.28,21,0
999.3,2.08,16.6,13.1,21.9,33.81,150,2
999.3,2.08,16.6,13.1,21.9,14.49,250,0
999.3,2.08,16.6,13.1,21.9,28.98,330,2
999.3,2.08,16.6,13.1,21.9,0.0,0,0
999.3,2.08,16.6,13.1,21.9,8.05,190,0
999.3,2.08,16.6,13.1,21.9,6.44,160,0
999.3,2.08,16.6,13.1,21.9,9.66,170,0
999.3,2.08,16.6,13.1,21.9,17.71,330,2
999.3,2.08,16.6,13.1,21.9,13.28,21,0
999.3,0.29,7.6,2.2,11.4,33.81,150,2
999.3,0.29,7.6,2.2,11.4,14.49,250,0
999.3,0.29,7.6,2.2,11.4,28.98,330,2
999.3,0.29,7.6,2.2,11.4,0.0,0,0
999.3,0.29,7.6,2.2,11.4,8.05,190,0
999.3,0.29,7.6,2.2,11.4,6.44,160,0
999.3,0.29,7.6,2.2,11.4,9.66,170,0
999.3,0.29,7.6,2.2,11.4,17.71,330,2
999.3,0.29,7.6,2.2,11.4,13.28,21,0
999.3,2.06,11.0,2.0,17.6,33.81,150,2
999.3,2.06,11.0,2.0,17.6,14.49,250,0
999.3,2.06,11.0,2.0,17.6,28.98,330,2
999.3,2.06,11.0,2.0,17.6,0.0,0,0
999.3,2.06,11.0,2.0,17.6,8.05,190,0
999.3,2.06,11.0,2.0,17.6,6.44,160,0
999.3,2.06,11.0,2.0,17.6,9.66,170,0
999.3,2.06,11.0,2.0,17.6,17.71,330,2
999.3,2.06,11.0,2.0,17.6,13.28,21,0
999.3,0.12,1.6,0.6,3.1,33.81,150,2
999.3,0.12,1.6,0.6,3.1,14.49,250,0
999.3,0.12,1.6,0.6,3.1,28.98,330,2
999.3,0.12,1.6,0.6,3.1,0.0,0,0
999.3,0.12,1.6,0.6,3.1,8.05,190,0
999.3,0.12,1.6,0.6,3.1,6.44,160,0
999.3,0.12,1.6,0.6,3.1,9.66,170,0
999.3,0.12,1.6,0.6,3.1,17.71,330,2
999.3,0.12,1.6,0.6,3.1,13.28,21,0
999.3,0.94,7.1,4.0,8.4,33.81,150,2
999.3,0.94,7.1,4.0,8.4,14.49,250,0
999.3,0.94,7.1,4.0,8.4,28.98,330,2
999.3,0.94,7.1,4.0,8.4,0.0,0,0
999.3,0.94,7.1,4.0,8.4,8.05,190,0
999.3,0.94,7.1,4.0,8.4,6.44,160,0
999.3,0.94,7.1,4.0,8.4,9.66,170,0
999.3,0.94,7.1,4.0,8.4,17.71,330,2
999.3,0.94,7.1,4.0,8.4,13.28,21,0
999.3,0.13,3.9,3.3,3.6,33.81,150,2
999.3,0.13,3.9,3.3,3.6,14.49,250,0
999.3,0.13,3.9,3.3,3.6,28.98,330,2
999.3,0.13,3.9,3.3,3.6,0.0,0,0
999.3,0.13,3.9,3.3,3.6,8.05,190,0
999.3,0.13,3.9,3.3,3.6,6.44,160,0
999.3,0.13,3.9,3.3,3.6,9.66,170,0
999.3,0.13,3.9,3.3,3.6,17.71,330,2
999.3,0.13,3.9,3.3,3.6,13.28,21,0
999.3,1.06,10.7,9.8,14.8,33.81,150,2
999.3,1.06,10.7,9.8,14.8,14.49,250,0
999.3,1.06,10.7,9.8,14.8,28.98,330,2
999.3,1.06,10.7,9.8,14.8,0.0,0,0
999.3,1.06,10.7,9.8,14.8,8.05,190,0
999.3,1.06,10.7,9.8,14.8,6.44,160,0
999.3,1.06,10.7,9.8,14.8,9.66,170,0
999.3,1.06,10.7,9.8,14.8,17.71,330,2
999.3,1.06,10.7,9.8,14.8,13.28,21,0
999.3,0.22,12.3,6.5,15.7,33.81,150,2
999.3,0.22,12.3,6.5,15.7,14.49,250,0
999.3,0.22,12.3,6.5,15.7,28.98,330,2
999.3,0.22,12.3,6.5,15.7,0.0,0,0
999.3,0.22,12.3,6.5,15.7,8.05,190,0
999.3,0.22,12.3,6.5,15.7,6.44,160,0
999.3,0.22,12.3,6.5,15.7,9.66,170,0
999.3,0.22,12.3,6.5,15.7,17.71,330,2
999.3,0.22,12.3,6.5,15.7,13.28,21,0
999.3,0.33,4.4,1.4,6.5,33.81,150,2
999.3,0.33,4.4,1.4,6.5,14.49,250,0
999.3,0.33,4.4,1.4,6.5,28.98,330,2
999.3,0.33,4.4,1.4,6.5,0.0,0,0
999.3,0.33,4.4,1.4,6.5,8.05,190,0
999.3,0.33,4.4,1.4,6.5,6.44,160,0
999.3,0.33,4.4,1.4,6.5,9.66,170,0
999.3,0.33,4.4,1.4,6.5,17.71,330,2
999.3,0.33,4.4,1.4,6.5,13.28,21,0
999.3,1.72,9.9,6.8,14.7,33.81,150,2
999.3,1.72,9.9,6.8,14.7,14.49,250,0
999.3,1.72,9.9,6.8,14.7,28.98,330,2
999.3,1.72,9.9,6.8,14.7,0.0,0,0
999.3,1.72,9.9,6.8,14.7,8.05,190,0
999.3,1.72,9.9,6.8,14.7,6.44,160,0
999.3,1.72,9.9,6.8,14.7,9.66,170,0
999.3,1.72,9.9,6.8,14.7,17.71,330,2
999.3,1.72,9.9,6.8,14.7,13.28,21,0
999.3,0.55,0.6,-2.3,2.8,33.81,150,2
999.3,0.55,0.6,-2.3,2.8,14.49,250,0
999.3,0.55,0.6,-2.3,2.8,28.98,330,2
999.3,0.55,0.6,-2.3,2.8,0.0,0,0
999.3,0.55,0.6,-2.3,2.8,8.05,190,0
999.3,0.55,0.6,-2.3,2.8,6.44,160,0
999.3,0.55,0.6,-2.3,2.8,9.66,170,0
999.3,0.55,0.6,-2.3,2.8,17.71,330,2
999.3,0.55,0.6,-2.3,2.8,13.28,21,0
999.3,0.32,3.7,-0.8,7.0,33.81,150,2
999.3,0.32,3.7,-0.8,7.0,14.49,250,0
999.3,0.32,3.7,-0.8,7.0,28.98,330,2
999.3,0.32,3.7,-0.8,7.0,0.0,0,0
999.3,0.32,3.7,-0.8,7.0,8.05,190,0
999.3,0.32,3.7,-0.8,7.0,6.44,160,0
999.3,0.32,3.7,-0.8,7.0,9.66,170,0
999.3,0.32,3.7,-0.8,7.0,17.71,330,2
999.3,0.32,3.7,-0.8,7.0,13.28,21,0
999.3,0.16,6.7,3.9,8.5,33.81,150,2
999.3,0.16,6.7,3.9,8.5,14.49,250,0
999.3,0.16,6.7,3.9,8.5,28.98,330,2
999.3,0.16,6.7,3.9,8.5,0.0,0,0
999.3,0.16,6.7,3.9,8.5,8.05,190,0
999.3,0.16,6.7,3.9,8.5,6.44,160,0
999.3,0.16,6.7,3.9,8.5,9.66,170,0
999.3,0.16,6.7,3.9,8.5,17.71,330,2
999.3,0.16,6.7,3.9,8.5,13.28,21,0
999.3,0.12,4.1,3.9,2.5,33.81,150,2
999.3,0.12,4.1,3.9,2.5,14.49,250,0
999.3,0.12,4.1,3.9,2.5,28.98,330,2
999.3,0.12,4.1,3.9,2.5,0.0,0,0
999.3,0.12,4.1,3.9,2.5,8.05,190,0
999.3,0.12,4.1,3.9,2.5,6.44,160,0
999.3,0.12,4.1,3.9,2.5,9.66,170,0
999.3,0.12,4.1,3.9,2.5,17.71,330,2
999.3,0.12,4.1,3.9,2.5,13.28,21,0
999.4,0.81,7.0,5.3,12.3,23.23,168,3
999.4,0.81,7.0,5.3,12.3,9.37,40,1
999.4,0.81,7.0,5.3,12.3,25.76,150,3
999.4,0.81,7.0,5.3,12.3,4.67,156,1
999.4,0.81,7.0,5.3,12.3,11.27,200,1
999.4,0.81,7.0,5.3,12.3,6.44,180,1
999.4,0.81,7.0,5.3,12.3,25.76,330,3
999.4,0.81,7.0,5.3,12.3,28.98,320,3
999.4,0.81,7.0,5.3,12.3,33.81,330,3
999.4,0.52,6.0,2.7,9.3,23.23,168,3
999.4,0.52,6.0,2.7,9.3,9.37,40,1
999.4,0.52,6.0,2.7,9.3,25.76,150,3
999.4,0.52,6.0,2.7,9.3,4.67,156,1
999.4,0.52,6.0,2.7,9.3,11.27,200,1
999.4,0.52,6.0,2.7,9.3,6.44,180,1
999.4,0.52,6.0,2.7,9.3,25.76,330,3
999.4,0.52,6.0,2.7,9.3,28.98,320,3
999.4,0.52,6.0,2.7,9.3,33.81,330,3
999.4,0.98,-0.6,-5.9,3.5,23.23,168,3
999.4,0.98,-0.6,-5.9,3.5,9.37,40,1
999.4,0.98,-0.6,-5.9,3.5,25.76,150,3
999.4,0.98,-0.6,-5.9,3.5,4.67,156,1
999.4,0.98,-0.6,-5.9,3.5,11.27,200,1
999.4,0.98,-0.6,-5.9,3.5,6.44,180,1
999.4,0.98,-0.6,-5.9,3.5,25.76,330,3
999.4,0.98,-0.6,-5.9,3.5,28.98,320,3
999.4,0.98,-0.6,-5.9,3.5,33.81,330,3
999.4,0.47,4.6,2.1,7.2,23.23,168,3
999.4,0.47,4.6,2.1,7.2,9.37,40,1
999.4,0.47,4.6,2.1,7.2,25.76,150,3
999.4,0.47,4.6,2.1,7.2,4.67,156,1
999.4,0.47,4.6,2.1,7.2,11.27,200,1
999.4,0.47,4.6,2.1,7.2,6.44,180,1
999.4,0.47,4.6,2.1,7.2,25.76,330,3
999.4,0.47,4.6,2.1,7.2,28.98,320,3
999.4,0.47,4.6,2.1,7.2,33.81,330,3
999.4,2.22,9.6,5.5,15.6,23.23,168,3
999.4,2.22,9.6,5.5,15.6,9.37,40,1
999.4,2.22,9.6,5.5,15.6,25.76,150,3
999.4,2.22,9.6,5.5,15.6,4.67,156,1
999.4,2.22,9.6,5.5,15.6,11.27,200,1
999.4,2.22,9.6,5.5,15.6,6.44,180,1
999.4,2.22,9.6,5.5,15.6,25.76,330,3
999.4,2.22,9.6,5.5,15.6,28.98,320,3
999.4,2.22,9.6,5.5,15.6,33.81,330,3
999.4,1.1,6.6,4.6,9.0,23.23,168,3
999.4,1.1,6.6,4.6,9.0,9.37,40,1
999.4,1.1,6.6,4.6,9.0,25.76,150,3
999.4,1.1,6.6,4.6,9.0,4.67,156,1
999.4,1.1,6.6,4.6,9.0,11.27,200,1
999.4,1.1,6.6,4.6,9.0,6.44,180,1
999.4,1.1,6.6,4.6,9.0,25.76,330,3
999.4,1.1,6.6,4.6,9.0,28.98,320,3
999.4,1.1,6.6,4.6,9.0,33.81,330,3
999.4,0.82,3.7,0.3,6.3,23.23,168,2
999.4,0.82,3.7,0.3,6.3,9.37,40,0
999.4,0.82,3.7,0.3,6.3,25.76,150,2
999.4,0.82,3.7,0.3,6.3,4.67,156,0
999.4,0.82,3.7,0.3,6.3,11.27,200,0
999.4,0.82,3.7,0.3,6.3,6.44,180,0
999.4,0.82,3.7,0.3,6.3,25.76,330,2
999.4,0.82,3.7,0.3,6.3,28.98,320,2
999.4,0.82,3.7,0.3,6.3,33.81,330,2
999.4,0.26,6.3,3.3,9.5,23.23,168,2
999.4,0.26,6.3,3.3,9.5,9.37,40,0
999.4,0.26,6.3,3.3,9.5,25.76,150,2
999.4,0.26,6.3,3.3,9.5,4.67,156,0
999.4,0.26,6.3,3.3,9.5,11.27,200,0
999.4,0.26,6.3,3.3,9.5,6.44,180,0
999.4,0.26,6.3,3.3,9.5,25.76,330,2
999.4,0.26,6.3,3.3,9.5,28.98,320,2
999.4,0.26,6.3,3.3,9.5,33.81,330,2
999.4,1.87,13.3,10.9,11.3,23.23,168,2
999.4,1.87,13.3,10.9,11.3,9.37,40,0
999.4,1.87,13.3,10.9,11.3,25.76,150,2
999.4,1.87,13.3,10.9,11.3,4.67,156,0
999.4,1.87,13.3,10.9,11.3,11.27,200,0
999.4,1.87,13.3,10.9,11.3,6.44,180,0
999.4,1.87,13.3,10.9,11.3,25.76,330,2
999.4,1.87,13.3,10.9,11.3,28.98,320,2
999.4,1.87,13.3,10.9,11.3,33.81,330,2
999.4,0.15,9.4,5.5,13.4,23.23,168,2
999.4,0.15,9.4,5.5,13.4,9.37,40,0
999.4,0.15,9.4,5.5,13.4,25.76,150,2
999.4,0.15,9.4,5.5,13.4,4.67,156,0
999.4,0.15,9.4,5.5,13.4,11.27,200,0
999.4,0.15,9.4,5.5,13.4,6.44,180,0
999.4,0.15,9.4,5.5,13.4,25.76,330,2
999.4,0.15,9.4,5.5,13.4,28.98,320,2
999.4,0.15,9.4,5.5,13.4,33.81,330,2
999.4,0.58,14.7,12.7,17.6,23.23,168,2
999.4,0.58,14.7,12.7,17.6,9.37,40,0
999.4,0.58,14.7,12.7,17.6,25.76,150,2
999.4,0.58,14.7,12.7,17.6,4.67,156,0
999.4,0.58,14.7,12.7,17.6,11.27,200,0
999.4,0.58,14.7,12.7,17.6,6.44,180,0
999.4,0.58,14.7,12.7,17.6,25.76,330,2
999.4,0.58,14.7,12.7,17.6,28.98,320,2
999.4,0.58,14.7,12.7,17.6,33.81,330,2
999.4,1.27,17.0,13.8,20.4,23.23,168,2
999.4,1.27,17.0,13.8,20.4,9.37,40,0
999.4,1.27,17.0,13.8,20.4,25.76,150,2
999.4,1.27,17.0,13.8,20.4,4.67,156,0
999.4,1.27,17.0,13.8,20.4,11.27,200,0
999.4,1.27,17.0,13.8,20.4,6.44,180,0
999.4,1.27,17.0,13.8,20.4,25.76,330,2
999.4,1.27,17.0,13.8,20.4,28.98,320,2
999.4,1.27,17.0,13.8,20.4,33.81,330,2
999.4,1.24,6.7,4.6,10.1,23.23,168,2
999.4,1.24,6.7,4.6,10.1,9.37,40,0
999.4,1.24,6.7,4.6,10.1,25.76,150,2
999.4,1.24,6.7,4.6,10.1,4.67,156,0
999.4,1.24,6.7,4.6,10.1,11.27,200,0
999.4,1.24,6.7,4.6,10.1,6.44,180,0
999.4,1.24,6.7,4.6,10.1,25.76,330,2
999.4,1.24,6.7,4.6,10.1,28.98,320,2
999.4,1.24,6.7,4.6,10.1,33.81,330,2
999.4,0.11,4.7,-0.9,10.9,23.23,168,2
999.4,0.11,4.7,-0.9,10.9,9.37,40,0
999.4,0.11,4.7,-0.9,10.9,25.76,150,2
999.4,0.11,4.7,-0.9,10.9,4.67,156,0
999.4,0.11,4.7,-0.9,10.9,11.27,200,0
999.4,0.11,4.7,-0.9,10.9,6.44,180,0
999.4,0.11,4.7,-0.9,10.9,25.76,330,2
999.4,0.11,4.7,-0.9,10.9,28.98,320,2
999.4,0.11,4.7,-0.9,10.9,33.81,330,2
999.4,0.43,6.0,4.0,10.0,23.23,168,2
999.4,0.43,6.0,4.0,10.0,9.37,40,0
999.4,0.43,6.0,4.0,10.0,25.76,150,2
999.4,0.43,6.0,4.0,10.0,4.67,156,0
999.4,0.43,6.0,4.0,10.0,11.27,200,0
999.4,0.43,6.0,4.0,10.0,6.44,180,0
999.4,0.43,6.0,4.0,10.0,25.76,330,2
999.4,0.43,6.0,4.0,10.0,28.98,320,2
999.4,0.43,6.0,4.0,10.0,33.81,330,2
999.4,0.17,3.4,1.0,4.6,23.23,168,2
999.4,0.17,3.4,1.0,4.6,9.37,40,0
999.4,0.17,3.4,1.0,4.6,25.76,150,2
999.4,0.17,3.4,1.0,4.6,4.67,156,0
999.4,0.17,3.4,1.0,4.6,11.27,200,0
999.4,0.17,3.4,1.0,4.6,6.44,180,0
999.4,0.17,3.4,1.0,4.6,25.76,330,2
999.4,0.17,3.4,1.0,4.6,28.98,320,2
999.4,0.17,3.4,1.0,4.6,33.81,330,2
999.4,0.21,4.1,2.0,5.8,23.23,168,2
999.4,0.21,4.1,2.0,5.8,9.37,40,0
999.4,0.21,4.1,2.0,5.8,25.76,150,2
999.4,0.21,4.1,2.0,5.8,4.67,156,0
999.4,0.21,4.1,2.0,5.8,11.27,200,0
999.4,0.21,4.1,2.0,5.8,6.44,180,0
999.4,0.21,4.1,2.0,5.8,25.76,330,2
999.4,0.21,4.1,2.0,5.8,28.98,320,2
999.4,0.21,4.1,2.0,5.8,33.81,330,2
999.4,0.12,9.6,5.8,11.5,23.23,168,2
999.4,0.12,9.6,5.8,11.5,9.37,40,0
999.4,0.12,9.6,5.8,11.5,25.76,150,2
999.4,0.12,9.6,5.8,11.5,4.67,156,0
999.4,0.12,9.6,5.8,11.5,11.27,200,0
999.4,0.12,9.6,5.8,11.5,6.44,180,0
999.4,0.12,9.6,5.8,11.5,25.76,330,2
999.4,0.12,9.6,5.8,11.5,28.98,320,2
999.4,0.12,9.6,5.8,11.5,33.81,330,2
999.4,0.06,10.7,3.6,12.6,23.23,168,2
999.4,0.06,10.7,3.6,12.6,9.37,40,0
999.4,0.06,10.7,3.6,12.6,25.76,150,2
999.4,0.06,10.7,3.6,12.6,4.67,156,0
999.4,0.06,10.7,3.6,12.6,11.27,200,0
999.4,0.06,10.7,3.6,12.6,6.44,180,0
999.4,0.06,10.7,3.6,12.6,25.76,330,2
999.4,0.06,10.7,3.6,12.6,28.98,320,2
999.4,0.06,10.7,3.6,12.6,33.81,330,2
999.4,0.2,4.1,3.2,5.7,23.23,168,2
999.4,0.2,4.1,3.2,5.7,9.37,40,0
999.4,0.2,4.1,3.2,5.7,25.76,150,2
999.4,0.2,4.1,3.2,5.7,4.67,156,0
999.4,0.2,4.1,3.2,5.7,11.27,200,0
999.4,0.2,4.1,3.2,5.7,6.44,180,0
999.4,0.2,4.1,3.2,5.7,25.76,330,2
999.4,0.2,4.1,3.2,5.7,28.98,320,2
999.4,0.2,4.1,3.2,5.7,33.81,330,2
999.4,0.25,0.2,-0.9,1.4,23.23,168,2
999.4,0.25,0.2,-0.9,1.4,9.37,40,0
999.4,0.25,0.2,-0.9,1.4,25.76,150,2
999.4,0.25,0.2,-0.9,1.4,4.67,156,0
999.4,0.25,0.2,-0.9,1.4,11.27,200,0
999.4,0.25,0.2,-0.9,1.4,6.44,180,0
999.4,0.25,0.2,-0.9,1.4,25.76,330,2
999.4,0.25,0.2,-0.9,1.4,28.98,320,2
999.4,0.25,0.2,-0.9,1.4,33.81,330,2
999.4,0.95,8.3,5.2,11.5,23.23,168,2
999.4,0.95,8.3,5.2,11.5,9.37,40,0
999.4,0.95,8.3,5.2,11.5,25.76,150,2
999.4,0.95,8.3,5.2,11.5,4.67,156,0
999.4,0.95,8.3,5.2,11.5,11.27,200,0
999.4,0.95,8.3,5.2,11.5,6.44,180,0
999.4,0.95,8.3,5.2,11.5,25.76,330,2
999.4,0.95,8.3,5.2,11.5,28.98,320,2
999.4,0.95,8.3,5.2,11.5,33.81,330,2
999.4,0.14,0.3,-1.0,2.3,23.23,168,2
999.4,0.14,0.3,-1.0,2.3,9.37,40,0
999.4,0.14,0.3,-1.0,2.3,25.76,150,2
999.4,0.14,0.3,-1.0,2.3,4.67,156,0
999.4,0.14,0.3,-1.0,2.3,11.27,200,0
999.4,0.14,0.3,-1.0,2.3,6.44,180,0
999.4,0.14,0.3,-1.0,2.3,25.76,330,2
999.4,0.14,0.3,-1.0,2.3,28.98,320,2
999.4,0.14,0.3,-1.0,2.3,33.81,330,2
999.5,0.45,-2.2,-5.5,3.1,28.98,70,3
999.5,0.45,-2.2,-5.5,3.1,32.2,330,3
999.5,0.45,-2.2,-5.5,3.1,17.71,160,3
999.5,0.45,-2.2,-5.5,3.1,9.66,20,1
999.5,0.45,-2.2,-5.5,3.1,12.88,140,1
999.5,0.45,-2.2,-5.5,3.1,4.83,170,1
999.5,0.45,-2.2,-5.5,3.1,17.71,280,3
999.5,0.45,-2.2,-5.5,3.1,24.63,40,3
999.5,0.45,-2.2,-5.5,3.1,3.22,320,1
999.5,0.45,-2.2,-5.5,3.1,14.49,160,1
999.5,0.86,1.9,-1.4,7.6,28.98,70,3
999.5,0.86,1.9,-1.4,7.6,32.2,330,3
999.5,0.86,1.9,-1.4,7.6,17.71,160,3
999.5,0.86,1.9,-1.4,7.6,9.66,20,1
999.5,0.86,1.9,-1.4,7.6,12.88,140,1
999.5,0.86,1.9,-1.4,7.6,4.83,170,1
999.5,0.86,1.9,-1.4,7.6,17.71,280,3
999.5,0.86,1.9,-1.4,7.6,24.63,40,3
999.5,0.86,1.9,-1.4,7.6,3.22,320,1
999.5,0.86,1.9,-1.4,7.6,14.49,160,1
999.5,0.23,12.2,9.9,14.9,28.98,70,3
999.5,0.23,12.2,9.9,14.9,32.2,330,3
999.5,0.23,12.2,9.9,14.9,17.71,160,3
999.5,0.23,12.2,9.9,14.9,9.66,20,1
999.5,0.23,12.2,9.9,14.9,12.88,140,1
999.5,0.23,12.2,9.9,14.9,4.83,170,1
999.5,0.23,12.2,9.9,14.9,17.71,280,3
999.5,0.23,12.2,9.9,14.9,24.63,40,3
999.5,0.23,12.2,9.9,14.9,3.22,320,1
999.5,0.23,12.2,9.9,14.9,14.49,160,1
999.5,1.1,6.2,1.3,11.1,28.98,70,3
999.5,1.1,6.2,1.3,11.1,32.2,330,3
999.5,1.1,6.2,1.3,11.1,17.71,160,3
999.5,1.1,6.2,1.3,11.1,9.66,20,1
999.5,1.1,6.2,1.3,11.1,12.88,140,1
999.5,1.1,6.2,1.3,11.1,4.83,170,1
999.5,1.1,6.2,1.3,11.1,17.71,280,3
999.5,1.1,6.2,1.3,11.1,24.63,40,3
999.5,1.1,6.2,1.3,11.1,3.22,320,1
999.5,1.1,6.2,1.3,11.1,14.49,160,1
999.5,0.13,5.6,4.7,6.9,28.98,70,2
999.5,0.13,5.6,4.7,6.9,32.2,330,2
999.5,0.13,5.6,4.7,6.9,17.71,160,2
999.5,0.13,5.6,4.7,6.9,9.66,20,0
999.5,0.13,5.6,4.7,6.9,12.88,140,0
999.5,0.13,5.6,4.7,6.9,4.83,170,0
999.5,0.13,5.6,4.7,6.9,17.71,280,2
999.5,0.13,5.6,4.7,6.9,24.63,40,2
999.5,0.13,5.6,4.7,6.9,3.22,320,0
999.5,0.13,5.6,4.7,6.9,14.49,160,0
999.5,0.5,7.7,5.2,10.4,28.98,70,2
999.5,0.5,7.7,5.2,10.4,32.2,330,2
999.5,0.5,7.7,5.2,10.4,17.71,160,2
999.5,0.5,7.7,5.2,10.4,9.66,20,0
999.5,0.5,7.7,5.2,10.4,12.88,140,0
999.5,0.5,7.7,5.2,10.4,4.83,170,0
999.5,0.5,7.7,5.2,10.4,17.71,280,2
999.5,0.5,7.7,5.2,10.4,24.63,40,2
999.5,0.5,7.7,5.2,10.4,3.22,320,0
999.5,0.5,7.7,5.2,10.4,14.49,160,0
999.5,0.23,6.5,4.2,8.7,28.98,70,2
999.5,0.23,6.5,4.2,8.7,32.2,330,2
999.5,0.23,6.5,4.2,8.7,17.71,160,2
999.5,0.23,6.5,4.2,8.7,9.66,20,0
999.5,0.23,6.5,4.2,8.7,12.88,140,0
999.5,0.23,6.5,4.2,8.7,4.83,170,0
999.5,0.23,6.5,4.2,8.7,17.71,280,2
999.5,0.23,6.5,4.2,8.7,24.63,40,2
999.5,0.23,6.5,4.2,8.7,3.22,320,0
999.5,0.23,6.5,4.2,8.7,14.49,160,0
999.5,0.24,11.8,9.4,13.6,28.98,70,2
999.5,0.24,11.8,9.4,13.6,32.2,330,2
999.5,0.24,11.8,9.4,13.6,17.71,160,2
999.5,0.24,11.8,9.4,13.6,9.66,20,0
999.5,0.24,11.8,9.4,13.6,12.88,140,0
999.5,0.24,11.8,9.4,13.6,4.83,170,0
999.5,0.24,11.8,9.4,13.6,17.71,280,2
999.5,0.24,11.8,9.4,13.6,24.63,40,2
999.5,0.24,11.8,9.4,13.6,3.22,320,0
999.5,0.24,11.8,9.4,13.6,14.49,160,0
999.5,0.41,8.6,7.1,10.8,28.98,70,2
999.5,0.41,8.6,7.1,10.8,32.2,330,2
999.5,0.41,8.6,7.1,10.8,17.71,160,2
999.5,0.41,8.6,7.1,10.8,9.66,20,0
999.5,0.41,8.6,7.1,10.8,12.88,140,0
999.5,0.41,8.6,7.1,10.8,4.83,170,0
999.5,0.41,8.6,7.1,10.8,17.71,280,2
999.5,0.41,8.6,7.1,10.8,24.63,40,2
999.5,0.41,8.6,7.1,10.8,3.22,320,0
999.5,0.41,8.6,7.1,10.8,14.49,160,0
999.5,0.12,3.4,-1.4,9.6,28.98,70,2
999.5,0.12,3.4,-1.4,9.6,32.2,330,2
999.5,0.12,3.4,-1.4,9.6,17.71,160,2
999.5,0.12,3.4,-1.4,9.6,9.66,20,0
999.5,0.12,3.4,-1.4,9.6,12.88,140,0
999.5,0.12,3.4,-1.4,9.6,4.83,170,0
999.5,0.12,3.4,-1.4,9.6,17.71,280,2
999.5,0.12,3.4,-1.4,9.6,24.63,40,2
999.5,0.12,3.4,-1.4,9.6,3.22,320,0
999.5,0.12,3.4,-1.4,9.6,14.49,160,0
999.5,0.84,16.2,13.9,18.4,28.98,70,2
999.5,0.84,16.2,13.9,18.4,32.2,330,2
999.5,0.84,16.2,13.9,18.4,17.71,160,2
999.5,0.84,16.2,13.9,18.4,9.66,20,0
999.5,0.84,16.2,13.9,18.4,12.88,140,0
999.5,0.84,16.2,13.9,18.4,4.83,170,0
999.5,0.84,16.2,13.9,18.4,17.71,280,2
999.5,0.84,16.2,13.9,18.4,24.63,40,2
999.5,0.84,16.2,13.9,18.4,3.22,320,0
999.5,0.84,16.2,13.9,18.4,14.49,160,0
999.5,0.36,12.0,7.4,16.6,28.98,70,2
999.5,0.36,12.0,7.4,16.6,32.2,330,2
999.5,0.36,12.0,7.4,16.6,17.71,160,2
999.5,0.36,12.0,7.4,16.6,9.66,20,0
999.5,0.36,12.0,7.4,16.6,12.88,140,0
999.5,0.36,12.0,7.4,16.6,4.83,170,0
999.5,0.36,12.0,7.4,16.6,17.71,280,2
999.5,0.36,12.0,7.4,16.6,24.63,40,2
999.5,0.36,12.0,7.4,16.6,3.22,320,0
999.5,0.36,12.0,7.4,16.6,14.49,160,0
999.5,0.19,0.5,-0.5,2.7,28.98,70,2
999.5,0.19,0.5,-0.5,2.7,32.2,330,2
999.5,0.19,0.5,-0.5,2.7,17.71,160,2
999.5,0.19,0.5,-0.5,2.7,9.66,20,0
999.5,0.19,0.5,-0.5,2.7,12.88,140,0
999.5,0.19,0.5,-0.5,2.7,4.83,170,0
999.5,0.19,0.5,-0.5,2.7,17.71,280,2
999.5,0.19,0.5,-0.5,2.7,24.63,40,2
999.5,0.19,0.5,-0.5,2.7,3.22,320,0
999.5,0.19,0.5,-0.5,2.7,14.49,160,0
999.5,0.08,14.1,8.7,15.9,28.98,70,2
999.5,0.08,14.1,8.7,15.9,32.2,330,2
999.5,0.08,14.1,8.7,15.9,17.71,160,2
999.5,0.08,14.1,8.7,15.9,9.66,20,0
999.5,0.08,14.1,8.7,15.9,12.88,140,0
999.5,0.08,14.1,8.7,15.9,4.83,170,0
999.5,0.08,14.1,8.7,15.9,17.71,280,2
999.5,0.08,14.1,8.7,15.9,24.63,40,2
999.5,0.08,14.1,8.7,15.9,3.22,320,0
999.5,0.08,14.1,8.7,15.9,14.49,160,0
999.5,0.12,5.6,3.3,7.6,28.98,70,2
999.5,0.12,5.6,3.3,7.6,32.2,330,2
999.5,0.12,5.6,3.3,7.6,17.71,160,2
999.5,0.12,5.6,3.3,7.6,9.66,20,0
999.5,0.12,5.6,3.3,7.6,12.88,140,0
999.5,0.12,5.6,3.3,7.6,4.83,170,0
999.5,0.12,5.6,3.3,7.6,17.71,280,2
999.5,0.12,5.6,3.3,7.6,24.63,40,2
999.5,0.12,5.6,3.3,7.6,3.22,320,0
999.5,0.12,5.6,3.3,7.6,14.49,160,0
999.5,0.17,3.7,1.8,5.5,28.98,70,2
999.5,0.17,3.7,1.8,5.5,32.2,330,2
999.5,0.17,3.7,1.8,5.5,17.71,160,2
999.5,0.17,3.7,1.8,5.5,9.66,20,0
999.5,0.17,3.7,1.8,5.5,12.88,140,0
999.5,0.17,3.7,1.8,5.5,4.83,170,0
999.5,0.17,3.7,1.8,5.5,17.71,280,2
999.5,0.17,3.7,1.8,5.5,24.63,40,2
999.5,0.17,3.7,1.8,5.5,3.22,320,0
999.5,0.17,3.7,1.8,5.5,14.49,160,0
999.5,1.19,2.6,-0.3,4.7,28.98,70,2
999.5,1.19,2.6,-0.3,4.7,32.2,330,2
999.5,1.19,2.6,-0.3,4.7,17.71,160,2
999.5,1.19,2.6,-0.3,4.7,9.66,20,0
999.5,1.19,2.6,-0.3,4.7,12.88,140,0
999.5,1.19,2.6,-0.3,4.7,4.83,170,0
999.5,1.19,2.6,-0.3,4.7,17.71,280,2
999.5,1.19,2.6,-0.3,4.7,24.63,40,2
999.5,1.19,2.6,-0.3,4.7,3.22,320,0
999.5,1.19,2.6,-0.3,4.7,14.49,160,0
999.5,0.75,16.6,13.8,19.4,28.98,70,2
999.5,0.75,16.6,13.8,19.4,32.2,330,2
999.5,0.75,16.6,13.8,19.4,17.71,160,2
999.5,0.75,16.6,13.8,19.4,9.66,20,0
999.5,0.75,16.6,13.8,19.4,12.88,140,0
999.5,0.75,16.6,13.8,19.4,4.83,170,0
999.5,0.75,16.6,13.8,19.4,17.71,280,2
999.5,0.75,16.6,13.8,19.4,24.63,40,2
999.5,0.75,16.6,13.8,19.4,3.22,320,0
999.5,0.75,16.6,13.8,19.4,14.49,160,0
999.5,0.13,5.4,1.4,9.0,28.98,70,2
999.5,0.13,5.4,1.4,9.0,32.2,330,2
999.5,0.13,5.4,1.4,9.0,17.71,160,2
999.5,0.13,5.4,1.4,9.0,9.66,20,0
999.5,0.13,5.4,1.4,9.0,12.88,140,0
999.5,0.13,5.4,1.4,9.0,4.83,170,0
999.5,0.13,5.4,1.4,9.0,17.71,280,2
999.5,0.13,5.4,1.4,9.0,24.63,40,2
999.5,0.13,5.4,1.4,9.0,3.22,320,0
999.5,0.13,5.4,1.4,9.0,14.49,160,0
999.6,2.04,1.0,-3.1,5.4,12.88,340,1
999.6,2.04,1.0,-3.1,5.4,14.49,270,1
999.6,2.04,1.0,-3.1,5.4,14.49,260,1
999.6,2.04,1.0,-3.1,5.4,20.93,280,3
999.6,2.04,1.0,-3.1,5.4,11.21,41,1
999.6,2.04,1.0,-3.1,5.4,22.48,200,3
999.6,2.04,1.0,-3.1,5.4,6.44,190,1
999.6,2.04,1.0,-3.1,5.4,30.59,320,3
999.6,2.04,1.0,-3.1,5.4,25.39,246,3
999.6,2.04,1.0,-3.1,5.4,22.54,250,3
999.6,2.04,1.0,-3.1,5.4,36.72,151,3
999.6,1.65,6.4,-1.5,12.6,12.88,340,1
999.6,1.65,6.4,-1.5,12.6,14.49,270,1
999.6,1.65,6.4,-1.5,12.6,14.49,260,1
999.6,1.65,6.4,-1.5,12.6,20.93,280,3
999.6,1.65,6.4,-1.5,12.6,11.21,41,1
999.6,1.65,6.4,-1.5,12.6,22.48,200,3
999.6,1.65,6.4,-1.5,12.6,6.44,190,1
999.6,1.65,6.4,-1.5,12.6,30.59,320,3
999.6,1.65,6.4,-1.5,12.6,25.39,246,3
999.6,1.65,6.4,-1.5,12.6,22.54,250,3
999.6,1.65,6.4,-1.5,12.6,36.72,151,3
999.6,2.19,8.5,4.5,15.1,12.88,340,1
999.6,2.19,8.5,4.5,15.1,14.49,270,1
999.6,2.19,8.5,4.5,15.1,14.49,260,1
999.6,2.19,8.5,4.5,15.1,20.93,280,3
999.6,2.19,8.5,4.5,15.1,11.21,41,1
999.6,2.19,8.5,4.5,15.1,22.48,200,3
999.6,2.19,8.5,4.5,15.1,6.44,190,1
999.6,2.19,8.5,4.5,15.1,30.59,320,3
999.6,2.19,8.5,4.5,15.1,25.39,246,3
999.6,2.19,8.5,4.5,15.1,22.54,250,3
999.6,2.19,8.5,4.5,15.1,36.72,151,3
999.6,0.5,13.3,8.6,17.7,12.88,340,1
999.6,0.5,13.3,8.6,17.7,14.49,270,1
999.6,0.5,13.3,8.6,17.7,14.49,260,1
999.6,0.5,13.3,8.6,17.7,20.93,280,3
999.6,0.5,13.3,8.6,17.7,11.21,41,1
999.6,0.5,13.3,8.6,17.7,22.48,200,3
999.6,0.5,13.3,8.6,17.7,6.44,190,1
999.6,0.5,13.3,8.6,17.7,30.59,320,3
999.6,0.5,13.3,8.6,17.7,25.39,246,3
999.6,0.5,13.3,8.6,17.7,22.54,250,3
999.6,0.5,13.3,8.6,17.7,36.72,151,3
999.6,0.84,9.8,8.9,11.3,12.88,340,1
999.6,0.84,9.8,8.9,11.3,14.49,270,1
999.6,0.84,9.8,8.9,11.3,14.49,260,1
999.6,0.84,9.8,8.9,11.3,20.93,280,3
999.6,0.84,9.8,8.9,11.3,11.21,41,1
999.6,0.84,9.8,8.9,11.3,22.48,200,3
999.6,0.84,9.8,8.9,11.3,6.44,190,1
999.6,0.84,9.8,8.9,11.3,30.59,320,3
999.6,0.84,9.8,8.9,11.3,25.39,246,3
999.6,0.84,9.8,8.9,11.3,22.54,250,3
999.6,0.84,9.8,8.9,11.3,36.72,151,3
999.6,0.28,10.9,7.7,14.6,12.88,340,1
999.6,0.28,10.9,7.7,14.6,14.49,270,1
999.6,0.28,10.9,7.7,14.6,14.49,260,1
999.6,0.28,10.9,7.7,14.6,20.93,280,3
999.6,0.28,10.9,7.7,14.6,11.21,41,1
999.6,0.28,10.9,7.7,14.6,22.48,200,3
999.6,0.28,10.9,7.7,14.6,6.44,190,1
999.6,0.28,10.9,7.7,14.6,30.59,320,3
999.6,0.28,10.9,7.7,14.6,25.39,246,3
999.6,0.28,10.9,7.7,14.6,22.54,250,3
999.6,0.28,10.9,7.7,14.6,36.72,151,3
999.6,0.39,8.8,7.0,13.3,12.88,340,0
999.6,0.39,8.8,7.0,13.3,14.49,270,0
999.6,0.39,8.8,7.0,13.3,14.49,260,0
999.6,0.39,8.8,7.0,13.3,20.93,280,2
999.6,0.39,8.8,7.0,13.3,11.21,41,0
999.6,0.39,8.8,7.0,13.3,22.48,200,2
999.6,0.39,8.8,7.0,13.3,6.44,190,0
999.6,0.39,8.8,7.0,13.3,30.59,320,2
999.6,0.39,8.8,7.0,13.3,25.39,246,2
999.6,0.39,8.8,7.0,13.3,22.54,250,2
999.6,0.39,8.8,7.0,13.3,36.72,151,2
999.6,0.25,8.5,6.6,9.0,12.88,340,0
999.6,0.25,8.5,6.6,9.0,14.49,270,0
999.6,0.25,8.5,6.6,9.0,14.49,260,0
999.6,0.25,8.5,6.6,9.0,20.93,280,2
999.6,0.25,8.5,6.6,9.0,11.21,41,0
999.6,0.25,8.5,6.6,9.0,22.48,200,2
999.6,0.25,8.5,6.6,9.0,6.44,190,0
999.6,0.25,8.5,6.6,9.0,30.59,320,2
999.6,0.25,8.5,6.6,9.0,25.39,246,2
999.6,0.25,8.5,6.6,9.0,22.54,250,2
999.6,0.25,8.5,6.6,9.0,36.72,151,2
999.6,0.59,3.4,-1.3,7.3,12.88,340,0
999.6,0.59,3.4,-1.3,7.3,14.49,270,0
999.6,0.59,3.4,-1.3,7.3,14.49,260,0
999.6,0.59,3.4,-1.3,7.3,20.93,280,2
999.6,0.59,3.4,-1.3,7.3,11.21,41,0
999.6,0.59,3.4,-1.3,7.3,22.48,200,2
999.6,0.59,3.4,-1.3,7.3,6.44,190,0
999.6,0.59,3.4,-1.3,7.3,30.59,320,2
999.6,0.59,3.4,-1.3,7.3,25.39,246,2
999.6,0.59,3.4,-1.3,7.3,22.54,250,2
999.6,0.59,3.4,-1.3,7.3,36.72,151,2
999.6,0.53,9.8,6.6,12.9,12.88,340,0
999.6,0.53,9.8,6.6,12.9,14.49,270,0
999.6,0.53,9.8,6.6,12.9,14.49,260,0
999.6,0.53,9.8,6.6,12.9,20.93,280,2
999.6,0.53,9.8,6.6,12.9,11.21,41,0
999.6,0.53,9.8,6.6,12.9,22.48,200,2
999.6,0.53,9.8,6.6,12.9,6.44,190,0
999.6,0.53,9.8,6.6,12.9,30.59,320,2
999.6,0.53,9.8,6.6,12.9,25.39,246,2
999.6,0.53,9.8,6.6,12.9,22.54,250,2
999.6,0.53,9.8,6.6,12.9,36.72,151,2
999.6,0.12,7.1,4.9,8.4,12.88,340,0
999.6,0.12,7.1,4.9,8.4,14.49,270,0
999.6,0.12,7.1,4.9,8.4,14.49,260,0
999.6,0.12,7.1,4.9,8.4,20.93,280,2
999.6,0.12,7.1,4.9,8.4,11.21,41,0
999.6,0.12,7.1,4.9,8.4,22.48,200,2
999.6,0.12,7.1,4.9,8.4,6.44,190,0
999.6,0.12,7.1,4.9,8.4,30.59,320,2
999.6,0.12,7.1,4.9,8.4,25.39,246,2
999.6,0.12,7.1,4.9,8.4,22.54,250,2
999.6,0.12,7.1,4.9,8.4,36.72,151,2
999.6,1.53,20.3,17.2,25.5,12.88,340,0
999.6,1.53,20.3,17.2,25.5,14.49,270,0
999.6,1.53,20.3,17.2,25.5,14.49,260,0
999.6,1.53,20.3,17.2,25.5,20.93,280,2
999.6,1.53,20.3,17.2,25.5,11.21,41,0
999.6,1.53,20.3,17.2,25.5,22.48,200,2
999.6,1.53,20.3,17.2,25.5,6.44,190,0
999.6,1.53,20.3,17.2,25.5,30.59,320,2
999.6,1.53,20.3,17.2,25.5,25.39,246,2
999.6,1.53,20.3,17.2,25.5,22.54,250,2
999.6,1.53,20.3,17.2,25.5,36.72,151,2
999.6,0.61,16.8,14.5,18.6,12.88,340,0
999.6,0.61,16.8,14.5,18.6,14.49,270,0
999.6,0.61,16.8,14.5,18.6,14.49,260,0
999.6,0.61,16.8,14.5,18.6,20.93,280,2
999.6,0.61,16.8,14.5,18.6,11.21,41,0
999.6,0.61,16.8,14.5,18.6,22.48,200,2
999.6,0.61,16.8,14.5,18.6,6.44,190,0
999.6,0.61,16.8,14.5,18.6,30.59,320,2
999.6,0.61,16.8,14.5,18.6,25.39,246,2
999.6,0.61,16.8,14.5,18.6,22.54,250,2
999.6,0.61,16.8,14.5,18.6,36.72,151,2
999.6,0.14,3.2,1.1,5.2,12.88,340,0
999.6,0.14,3.2,1.1,5.2,14.49,270,0
999.6,0.14,3.2,1.1,5.2,14.49,260,0
999.6,0.14,3.2,1.1,5.2,20.93,280,2
999.6,0.14,3.2,1.1,5.2,11.21,41,0
999.6,0.14,3.2,1.1,5.2,22.48,200,2
999.6,0.14,3.2,1.1,5.2,6.44,190,0
999.6,0.14,3.2,1.1,5.2,30.59,320,2
999.6,0.14,3.2,1.1,5.2,25.39,246,2
999.6,0.14,3.2,1.1,5.2,22.54,250,2
999.6,0.14,3.2,1.1,5.2,36.72,151,2
999.6,1.08,8.7,4.3,11.9,12.88,340,0
999.6,1.08,8.7,4.3,11.9,14.49,270,0
999.6,1.08,8.7,4.3,11.9,14.49,260,0
999.6,1.08,8.7,4.3,11.9,20.93,280,2
999.6,1.08,8.7,4.3,11.9,11.21,41,0
999.6,1.08,8.7,4.3,11.9,22.48,200,2
999.6,1.08,8.7,4.3,11.9,6.44,190,0
999.6,1.08,8.7,4.3,11.9,30.59,320,2
999.6,1.08,8.7,4.3,11.9,25.39,246,2
999.6,1.08,8.7,4.3,11.9,22.54,250,2
999.6,1.08,8.7,4.3,11.9,36.72,151,2
999.6,0.18,0.6,-2.5,2.5,12.88,340,0
999.6,0.18,0.6,-2.5,2.5,14.49,270,0
999.6,0.18,0.6,-2.5,2.5,14.49,260,0
999.6,0.18,0.6,-2.5,2.5,20.93,280,2
999.6,0.18,0.6,-2.5,2.5,11.21,41,0
999.6,0.18,0.6,-2.5,2.5,22.48,200,2
999.6,0.18,0.6,-2.5,2.5,6.44,190,0
999.6,0.18,0.6,-2.5,2.5,30.59,320,2
999.6,0.18,0.6,-2.5,2.5,25.39,246,2
999.6,0.18,0.6,-2.5,2.5,22.54,250,2
999.6,0.18,0.6,-2.5,2.5,36.72,151,2
999.6,0.39,2.6,0.4,5.7,12.88,340,0
999.6,0.39,2.6,0.4,5.7,14.49,270,0
999.6,0.39,2.6,0.4,5.7,14.49,260,0
999.6,0.39,2.6,0.4,5.7,20.93,280,2
999.6,0.39,2.6,0.4,5.7,11.21,41,0
999.6,0.39,2.6,0.4,5.7,22.48,200,2
999.6,0.39,2.6,0.4,5.7,6.44,190,0
999.6,0.39,2.6,0.4,5.7,30.59,320,2
999.6,0.39,2.6,0.4,5.7,25.39,246,2
999.6,0.39,2.6,0.4,5.7,22.54,250,2
999.6,0.39,2.6,0.4,5.7,36.72,151,2
999.6,1.33,11.9,7.4,16.1,12.88,340,0
999.6,1.33,11.9,7.4,16.1,14.49,270,0
999.6,1.33,11.9,7.4,16.1,14.49,260,0
999.6,1.33,11.9,7.4,16.1,20.93,280,2
999.6,1.33,11.9,7.4,16.1,11.21,41,0
999.6,1.33,11.9,7.4,16.1,22.48,200,2
999.6,1.33,11.9,7.4,16.1,6.44,190,0
999.6,1.33,11.9,7.4,16.1,30.59,320,2
999.6,1.33,11.9,7.4,16.1,25.39,246,2
999.6,1.33,11.9,7.4,16.1,22.54,250,2
999.6,1.33,11.9,7.4,16.1,36.72,151,2
999.6,0.73,13.8,12.6,14.9,12.88,340,0
999.6,0.73,13.8,12.6,14.9,14.49,270,0
999.6,0.73,13.8,12.6,14.9,14.49,260,0
999.6,0.73,13.8,12.6,14.9,20.93,280,2
999.6,0.73,13.8,12.6,14.9,11.21,41,0
999.6,0.73,13.8,12.6,14.9,22.48,200,2
999.6,0.73,13.8,12.6,14.9,6.44,190,0
999.6,0.73,13.8,12.6,14.9,30.59,320,2
999.6,0.73,13.8,12.6,14.9,25.39,246,2
999.6,0.73,13.8,12.6,14.9,22.54,250,2
999.6,0.73,13.8,12.6,14.9,36.72,151,2
999.6,0.18,2.7,-0.2,9.3,12.88,340,0
999.6,0.18,2.7,-0.2,9.3,14.49,270,0
999.6,0.18,2.7,-0.2,9.3,14.49,260,0
999.6,0.18,2.7,-0.2,9.3,20.93,280,2
999.6,0.18,2.7,-0.2,9.3,11.21,41,0
999.6,0.18,2.7,-0.2,9.3,22.48,200,2
999.6,0.18,2.7,-0.2,9.3,6.44,190,0
999.6,0.18,2.7,-0.2,9.3,30.59,320,2
999.6,0.18,2.7,-0.2,9.3,25.39,246,2
999.6,0.18,2.7,-0.2,9.3,22.54,250,2
999.6,0.18,2.7,-0.2,9.3,36.72,151,2
999.6,0.58,6.2,2.0,9.7,12.88,340,0
999.6,0.58,6.2,2.0,9.7,14.49,270,0
999.6,0.58,6.2,2.0,9.7,14.49,260,0
999.6,0.58,6.2,2.0,9.7,20.93,280,2
999.6,0.58,6.2,2.0,9.7,11.21,41,0
999.6,0.58,6.2,2.0,9.7,22.48,200,2
999.6,0.58,6.2,2.0,9.7,6.44,190,0
999.6,0.58,6.2,2.0,9.7,30.59,320,2
999.6,0.58,6.2,2.0,9.7,25.39,246,2
999.6,0.58,6.2,2.0,9.7,22.54,250,2
999.6,0.58,6.2,2.0,9.7,36.72,151,2
999.6,0.15,8.1,6.5,8.9,12.88,340,0
999.6,0.15,8.1,6.5,8.9,14.49,270,0
999.6,0.15,8.1,6.5,8.9,14.49,260,0
999.6,0.15,8.1,6.5,8.9,20.93,280,2
999.6,0.15,8.1,6.5,8.9,11.21,41,0
999.6,0.15,8.1,6.5,8.9,22.48,200,2
999.6,0.15,8.1,6.5,8.9,6.44,190,0
999.6,0.15,8.1,6.5,8.9,30.59,320,2
999.6,0.15,8.1,6.5,8.9,25.39,246,2
999.6,0.15,8.1,6.5,8.9,22.54,250,2
999.6,0.15,8.1,6.5,8.9,36.72,151,2
999.6,0.16,5.9,1.9,12.3,12.88,340,0
999.6,0.16,5.9,1.9,12.3,14.49,270,0
999.6,0.16,5.9,1.9,12.3,14.49,260,0
999.6,0.16,5.9,1.9,12.3,20.93,280,2
999.6,0.16,5.9,1.9,12.3,11.21,41,0
999.6,0.16,5.9,1.9,12.3,22.48,200,2
999.6,0.16,5.9,1.9,12.3,6.44,190,0
999.6,0.16,5.9,1.9,12.3,30.59,320,2
999.6,0.16,5.9,1.9,12.3,25.39,246,2
999.6,0.16,5.9,1.9,12.3,22.54,250,2
999.6,0.16,5.9,1.9,12.3,36.72,151,2
999.6,0.9,12.1,11.0,13.7,12.88,340,0
999.6,0.9,12.1,11.0,13.7,14.49,270,0
999.6,0.9,12.1,11.0,13.7,14.49,260,0
999.6,0.9,12.1,11.0,13.7,20.93,280,2
999.6,0.9,12.1,11.0,13.7,11.21,41,0
999.6,0.9,12.1,11.0,13.7,22.48,200,2
999.6,0.9,12.1,11.0,13.7,6.44,190,0
999.6,0.9,12.1,11.0,13.7,30.59,320,2
999.6,0.9,12.1,11.0,13.7,25.39,246,2
999.6,0.9,12.1,11.0,13.7,22.54,250,2
999.6,0.9,12.1,11.0,13.7,36.72,151,2
999.6,0.2,2.7,0.6,4.0,12.88,340,0
999.6,0.2,2.7,0.6,4.0,14.49,270,0
999.6,0.2,2.7,0.6,4.0,14.49,260,0
999.6,0.2,2.7,0.6,4.0,20.93,280,2
999.6,0.2,2.7,0.6,4.0,11.21,41,0
999.6,0.2,2.7,0.6,4.0,22.48,200,2
999.6,0.2,2.7,0.6,4.0,6.44,190,0
999.6,0.2,2.7,0.6,4.0,30.59,320,2
999.6,0.2,2.7,0.6,4.0,25.39,246,2
999.6,0.2,2.7,0.6,4.0,22.54,250,2
999.6,0.2,2.7,0.6,4.0,36.72,151,2
999.7,1.38,0.4,-4.4,5.2,26.26,160,3
999.7,1.38,0.4,-4.4,5.2,35.42,160,3
999.7,1.38,0.4,-4.4,5.2,30.59,150,3
999.7,1.38,0.4,-4.4,5.2,9.66,20,1
999.7,1.38,0.4,-4.4,5.2,20.93,270,3
999.7,1.38,0.4,-4.4,5.2,20.93,260,3
999.7,1.38,0.4,-4.4,5.2,3.22,200,1
999.7,1.38,0.4,-4.4,5.2,11.27,250,1
999.7,1.38,0.4,-4.4,5.2,11.27,260,1
999.7,1.38,0.4,-4.4,5.2,12.88,150,1
999.7,1.38,0.4,-4.4,5.2,28.98,350,3
999.7,0.68,5.9,3.1,8.7,26.26,160,3
999.7,0.68,5.9,3.1,8.7,35.42,160,3
999.7,0.68,5.9,3.1,8.7,30.59,150,3
999.7,0.68,5.9,3.1,8.7,9.66,20,1
999.7,0.68,5.9,3.1,8.7,20.93,270,3
999.7,0.68,5.9,3.1,8.7,20.93,260,3
999.7,0.68,5.9,3.1,8.7,3.22,200,1
999.7,0.68,5.9,3.1,8.7,11.27,250,1
999.7,0.68,5.9,3.1,8.7,11.27,260,1
999.7,0.68,5.9,3.1,8.7,12.88,150,1
999.7,0.68,5.9,3.1,8.7,28.98,350,3
999.7,1.76,6.1,-0.8,12.1,26.26,160,3
999.7,1.76,6.1,-0.8,12.1,35.42,160,3
999.7,1.76,6.1,-0.8,12.1,30.59,150,3
999.7,1.76,6.1,-0.8,12.1,9.66,20,1
999.7,1.76,6.1,-0.8,12.1,20.93,270,3
999.7,1.76,6.1,-0.8,12.1,20.93,260,3
999.7,1.76,6.1,-0.8,12.1,3.22,200,1
999.7,1.76,6.1,-0.8,12.1,11.27,250,1
999.7,1.76,6.1,-0.8,12.1,11.27,260,1
999.7,1.76,6.1,-0.8,12.1,12.88,150,1
999.7,1.76,6.1,-0.8,12.1,28.98,350,3
999.7,1.09,9.6,7.2,14.4,26.26,160,3
999.7,1.09,9.6,7.2,14.4,35.42,160,3
999.7,1.09,9.6,7.2,14.4,30.59,150,3
999.7,1.09,9.6,7.2,14.4,9.66,20,1
999.7,1.09,9.6,7.2,14.4,20.93,270,3
999.7,1.09,9.6,7.2,14.4,20.93,260,3
999.7,1.09,9.6,7.2,14.4,3.22,200,1
999.7,1.09,9.6,7.2,14.4,11.27,250,1
999.7,1.09,9.6,7.2,14.4,11.27,260,1
999.7,1.09,9.6,7.2,14.4,12.88,150,1
999.7,1.09,9.6,7.2,14.4,28.98,350,3
999.7,0.54,12.5,10.6,15.9,26.26,160,3
999.7,0.54,12.5,10.6,15.9,35.42,160,3
999.7,0.54,12.5,10.6,15.9,30.59,150,3
999.7,0.54,12.5,10.6,15.9,9.66,20,1
999.7,0.54,12.5,10.6,15.9,20.93,270,3
999.7,0.54,12.5,10.6,15.9,20.93,260,3
999.7,0.54,12.5,10.6,15.9,3.22,200,1
999.7,0.54,12.5,10.6,15.9,11.27,250,1
999.7,0.54,12.5,10.6,15.9,11.27,260,1
999.7,0.54,12.5,10.6,15.9,12.88,150,1
999.7,0.54,12.5,10.6,15.9,28.98,350,3
999.7,0.54,11.1,5.8,18.3,26.26,160,3
999.7,0.54,11.1,5.8,18.3,35.42,160,3
999.7,0.54,11.1,5.8,18.3,30.59,150,3
999.7,0.54,11.1,5.8,18.3,9.66,20,1
999.7,0.54,11.1,5.8,18.3,20.93,270,3
999.7,0.54,11.1,5.8,18.3,20.93,260,3
999.7,0.54,11.1,5.8,18.3,3.22,200,1
999.7,0.54,11.1,5.8,18.3,11.27,250,1
999.7,0.54,11.1,5.8,18.3,11.27,260,1
999.7,0.54,11.1,5.8,18.3,12.88,150,1
999.7,0.54,11.1,5.8,18.3,28.98,350,3
999.7,2.13,17.4,10.9,25.6,26.26,160,2
999.7,2.13,17.4,10.9,25.6,35.42,160,2
999.7,2.13,17.4,10.9,25.6,30.59,150,2
999.7,2.13,17.4,10.9,25.6,9.66,20,0
999.7,2.13,17.4,10.9,25.6,20.93,270,2
999.7,2.13,17.4,10.9,25.6,20.93,260,2
999.7,2.13,17.4,10.9,25.6,3.22,200,0
999.7,2.13,17.4,10.9,25.6,11.27,250,0
999.7,2.13,17.4,10.9,25.6,11.27,260,0
999.7,2.13,17.4,10.9,25.6,12.88,150,0
999.7,2.13,17.4,10.9,25.6,28.98,350,2
999.7,0.38,11.1,9.5,12.2,26.26,160,2
999.7,0.38,11.1,9.5,12.2,35.42,160,2
999.7,0.38,11.1,9.5,12.2,30.59,150,2
999.7,0.38,11.1,9.5,12.2,9.66,20,0
999.7,0.38,11.1,9.5,12.2,20.93,270,2
999.7,0.38,11.1,9.5,12.2,20.93,260,2
999.7,0.38,11.1,9.5,12.2,3.22,200,0
999.7,0.38,11.1,9.5,12.2,11.27,250,0
999.7,0.38,11.1,9.5,12.2,11.27,260,0
999.7,0.38,11.1,9.5,12.2,12.88,150,0
999.7,0.38,11.1,9.5,12.2,28.98,350,2
999.7,0.35,7.1,5.4,8.7,26.26,160,2
999.7,0.35,7.1,5.4,8.7,35.42,160,2
999.7,0.35,7.1,5.4,8.7,30.59,150,2
999.7,0.35,7.1,5.4,8.7,9.66,20,0
999.7,0.35,7.1,5.4,8.7,20.93,270,2
999.7,0.35,7.1,5.4,8.7,20.93,260,2
999.7,0.35,7.1,5.4,8.7,3.22,200,0
999.7,0.35,7.1,5.4,8.7,11.27,250,0
999.7,0.35,7.1,5.4,8.7,11.27,260,0
999.7,0.35,7.1,5.4,8.7,12.88,150,0
999.7,0.35,7.1,5.4,8.7,28.98,350,2
999.7,0.21,3.5,2.0,5.0,26.26,160,2
999.7,0.21,3.5,2.0,5.0,35.42,160,2
999.7,0.21,3.5,2.0,5.0,30.59,150,2
999.7,0.21,3.5,2.0,5.0,9.66,20,0
999.7,0.21,3.5,2.0,5.0,20.93,270,2
999.7,0.21,3.5,2.0,5.0,20.93,260,2
999.7,0.21,3.5,2.0,5.0,3.22,200,0
999.7,0.21,3.5,2.0,5.0,11.27,250,0
999.7,0.21,3.5,2.0,5.0,11.27,260,0
999.7,0.21,3.5,2.0,5.0,12.88,150,0
999.7,0.21,3.5,2.0,5.0,28.98,350,2
999.7,0.24,10.2,8.5,11.2,26.26,160,2
999.7,0.24,10.2,8.5,11.2,35.42,160,2
999.7,0.24,10.2,8.5,11.2,30.59,150,2
999.7,0.24,10.2,8.5,11.2,9.66,20,0
999.7,0.24,10.2,8.5,11.2,20.93,270,2
999.7,0.24,10.2,8.5,11.2,20.93,260,2
999.7,0.24,10.2,8.5,11.2,3.22,200,0
999.7,0.24,10.2,8.5,11.2,11.27,250,0
999.7,0.24,10.2,8.5,11.2,11.27,260,0
999.7,0.24,10.2,8.5,11.2,12.88,150,0
999.7,0.24,10.2,8.5,11.2,28.98,350,2
999.7,0.25,7.5,1.8,11.4,26.26,160,2
999.7,0.25,7.5,1.8,11.4,35.42,160,2
999.7,0.25,7.5,1.8,11.4,30.59,150,2
999.7,0.25,7.5,1.8,11.4,9.66,20,0
999.7,0.25,7.5,1.8,11.4,20.93,270,2
999.7,0.25,7.5,1.8,11.4,20.93,260,2
999.7,0.25,7.5,1.8,11.4,3.22,200,0
999.7,0.25,7.5,1.8,11.4,11.27,250,0
999.7,0.25,7.5,1.8,11.4,11.27,260,0
999.7,0.25,7.5,1.8,11.4,12.88,150,0
999.7,0.25,7.5,1.8,11.4,28.98,350,2
999.7,1.56,15.2,11.9,21.5,26.26,160,2
999.7,1.56,15.2,11.9,21.5,35.42,160,2
999.7,1.56,15.2,11.9,21.5,30.59,150,2
999.7,1.56,15.2,11.9,21.5,9.66,20,0
999.7,1.56,15.2,11.9,21.5,20.93,270,2
999.7,1.56,15.2,11.9,21.5,20.93,260,2
999.7,1.56,15.2,11.9,21.5,3.22,200,0
999.7,1.56,15.2,11.9,21.5,11.27,250,0
999.7,1.56,15.2,11.9,21.5,11.27,260,0
999.7,1.56,15.2,11.9,21.5,12.88,150,0
999.7,1.56,15.2,11.9,21.5,28.98,350,2
999.7,0.69,5.8,3.2,7.9,26.26,160,2
999.7,0.69,5.8,3.2,7.9,35.42,160,2
999.7,0.69,5.8,3.2,7.9,30.59,150,2
999.7,0.69,5.8,3.2,7.9,9.66,20,0
999.7,0.69,5.8,3.2,7.9,20.93,270,2
999.7,0.69,5.8,3.2,7.9,20.93,260,2
999.7,0.69,5.8,3.2,7.9,3.22,200,0
999.7,0.69,5.8,3.2,7.9,11.27,250,0
999.7,0.69,5.8,3.2,7.9,11.27,260,0
999.7,0.69,5.8,3.2,7.9,12.88,150,0
999.7,0.69,5.8,3.2,7.9,28.98,350,2
999.7,0.21,7.5,6.3,9.2,26.26,160,2
999.7,0.21,7.5,6.3,9.2,35.42,160,2
999.7,0.21,7.5,6.3,9.2,30.59,150,2
999.7,0.21,7.5,6.3,9.2,9.66,20,0
999.7,0.21,7.5,6.3,9.2,20.93,270,2
999.7,0.21,7.5,6.3,9.2,20.93,260,2
999.7,0.21,7.5,6.3,9.2,3.22,200,0
999.7,0.21,7.5,6.3,9.2,11.27,250,0
999.7,0.21,7.5,6.3,9.2,11.27,260,0
999.7,0.21,7.5,6.3,9.2,12.88,150,0
999.7,0.21,7.5,6.3,9.2,28.98,350,2
999.7,0.93,5.9,3.7,9.1,26.26,160,2
999.7,0.93,5.9,3.7,9.1,35.42,160,2
999.7,0.93,5.9,3.7,9.1,30.59,150,2
999.7,0.93,5.9,3.7,9.1,9.66,20,0
999.7,0.93,5.9,3.7,9.1,20.93,270,2
999.7,0.93,5.9,3.7,9.1,20.93,260,2
999.7,0.93,5.9,3.7,9.1,3.22,200,0
999.7,0.93,5.9,3.7,9.1,11.27,250,0
999.7,0.93,5.9,3.7,9.1,11.27,260,0
999.7,0.93,5.9,3.7,9.1,12.88,150,0
999.7,0.93,5.9,3.7,9.1,28.98,350,2
999.7,0.12,-1.1,-2.8,-0.6,26.26,160,2
999.7,0.12,-1.1,-2.8,-0.6,35.42,160,2
999.7,0.12,-1.1,-2.8,-0.6,30.59,150,2
999.7,0.12,-1.1,-2.8,-0.6,9.66,20,0
999.7,0.12,-1.1,-2.8,-0.6,20.93,270,2
999.7,0.12,-1.1,-2.8,-0.6,20.93,260,2
999.7,0.12,-1.1,-2.8,-0.6,3.22,200,0
999.7,0.12,-1.1,-2.8,-0.6,11.27,250,0
999.7,0.12,-1.1,-2.8,-0.6,11.27,260,0
999.7,0.12,-1.1,-2.8,-0.6,12.88,150,0
999.7,0.12,-1.1,-2.8,-0.6,28.98,350,2
999.7,0.31,11.7,9.0,11.7,26.26,160,2
999.7,0.31,11.7,9.0,11.7,35.42,160,2
999.7,0.31,11.7,9.0,11.7,30.59,150,2
999.7,0.31,11.7,9.0,11.7,9.66,20,0
999.7,0.31,11.7,9.0,11.7,20.93,270,2
999.7,0.31,11.7,9.0,11.7,20.93,260,2
999.7,0.31,11.7,9.0,11.7,3.22,200,0
999.7,0.31,11.7,9.0,11.7,11.27,250,0
999.7,0.31,11.7,9.0,11.7,11.27,260,0
999.7,0.31,11.7,9.0,11.7,12.88,150,0
999.7,0.31,11.7,9.0,11.7,28.98,350,2
999.7,0.74,7.7,3.7,11.7,26.26,160,2
999.7,0.74,7.7,3.7,11.7,35.42,160,2
999.7,0.74,7.7,3.7,11.7,30.59,150,2
999.7,0.74,7.7,3.7,11.7,9.66,20,0
999.7,0.74,7.7,3.7,11.7,20.93,270,2
999.7,0.74,7.7,3.7,11.7,20.93,260,2
999.7,0.74,7.7,3.7,11.7,3.22,200,0
999.7,0.74,7.7,3.7,11.7,11.27,250,0
999.7,0.74,7.7,3.7,11.7,11.27,260,0
999.7,0.74,7.7,3.7,11.7,12.88,150,0
999.7,0.74,7.7,3.7,11.7,28.98,350,2
999.7,0.19,6.9,4.3,9.7,26.26,160,2
999.7,0.19,6.9,4.3,9.7,35.42,160,2
999.7,0.19,6.9,4.3,9.7,30.59,150,2
999.7,0.19,6.9,4.3,9.7,9.66,20,0
999.7,0.19,6.9,4.3,9.7,20.93,270,2
999.7,0.19,6.9,4.3,9.7,20.93,260,2
999.7,0.19,6.9,4.3,9.7,3.22,200,0
999.7,0.19,6.9,4.3,9.7,11.27,250,0
999.7,0.19,6.9,4.3,9.7,11.27,260,0
999.7,0.19,6.9,4.3,9.7,12.88,150,0
999.7,0.19,6.9,4.3,9.7,28.98,350,2
999.7,0.61,7.8,1.7,13.0,26.26,160,2
999.7,0.61,7.8,1.7,13.0,35.42,160,2
999.7,0.61,7.8,1.7,13.0,30.59,150,2
999.7,0.61,7.8,1.7,13.0,9.66,20,0
999.7,0.61,7.8,1.7,13.0,20.93,270,2
999.7,0.61,7.8,1.7,13.0,20.93,260,2
999.7,0.61,7.8,1.7,13.0,3.22,200,0
999.7,0.61,7.8,1.7,13.0,11.27,250,0
999.7,0.61,7.8,1.7,13.0,11.27,260,0
999.7,0.61,7.8,1.7,13.0,12.88,150,0
999.7,0.61,7.8,1.7,13.0,28.98,350,2
999.8,1.94,11.6,5.7,15.7,17.71,290,3
999.8,1.94,11.6,5.7,15.7,3.22,230,1
999.8,1.94,11.6,5.7,15.7,22.49,30,3
999.8,0.42,5.6,0.9,10.0,17.71,290,3
999.8,0.42,5.6,0.9,10.0,3.22,230,1
999.8,0.42,5.6,0.9,10.0,22.49,30,3
999.8,0.73,0.4,-2.6,3.8,17.71,290,3
999.8,0.73,0.4,-2.6,3.8,3.22,230,1
999.8,0.73,0.4,-2.6,3.8,22.49,30,3
999.8,2.04,17.7,14.5,20.9,17.71,290,3
999.8,2.04,17.7,14.5,20.9,3.22,230,1
999.8,2.04,17.7,14.5,20.9,22.49,30,3
999.8,1.03,-0.4,-4.5,2.7,17.71,290,2
999.8,1.03,-0.4,-4.5,2.7,3.22,230,0
999.8,1.03,-0.4,-4.5,2.7,22.49,30,2
999.8,1.75,9.5,3.9,13.1,17.71,290,2
999.8,1.75,9.5,3.9,13.1,3.22,230,0
999.8,1.75,9.5,3.9,13.1,22.49,30,2
999.8,0.16,2.2,-0.9,4.0,17.71,290,2
999.8,0.16,2.2,-0.9,4.0,3.22,230,0
999.8,0.16,2.2,-0.9,4.0,22.49,30,2
999.8,0.08,-3.5,-8.1,0.2,17.71,290,2
999.8,0.08,-3.5,-8.1,0.2,3.22,230,0
999.8,0.08,-3.5,-8.1,0.2,22.49,30,2
999.8,2.13,19.6,13.9,27.7,17.71,290,2
999.8,2.13,19.6,13.9,27.7,3.22,230,0
999.8,2.13,19.6,13.9,27.7,22.49,30,2
999.8,0.3,-1.4,-5.7,2.5,17.71,290,2
999.8,0.3,-1.4,-5.7,2.5,3.22,230,0
999.8,0.3,-1.4,-5.7,2.5,22.49,30,2
999.8,1.46,14.8,10.7,17.9,17.71,290,2
999.8,1.46,14.8,10.7,17.9,3.22,230,0
999.8,1.46,14.8,10.7,17.9,22.49,30,2
999.8,1.78,8.3,4.1,12.7,17.71,290,2
999.8,1.78,8.3,4.1,12.7,3.22,230,0
999.8,1.78,8.3,4.1,12.7,22.49,30,2
999.8,0.07,5.2,4.2,6.3,17.71,290,2
999.8,0.07,5.2,4.2,6.3,3.22,230,0
999.8,0.07,5.2,4.2,6.3,22.49,30,2
999.8,0.67,12.1,8.1,15.6,17.71,290,2
999.8,0.67,12.1,8.1,15.6,3.22,230,0
999.8,0.67,12.1,8.1,15.6,22.49,30,2
999.8,0.34,5.9,2.5,9.4,17.71,290,2
999.8,0.34,5.9,2.5,9.4,3.22,230,0
999.8,0.34,5.9,2.5,9.4,22.49,30,2
999.8,0.23,10.8,8.0,12.8,17.71,290,2
999.8,0.23,10.8,8.0,12.8,3.22,230,0
999.8,0.23,10.8,8.0,12.8,22.49,30,2
999.8,0.35,8.5,6.9,10.9,17.71,290,2
999.8,0.35,8.5,6.9,10.9,3.22,230,0
999.8,0.35,8.5,6.9,10.9,22.49,30,2
999.8,0.17,8.3,4.0,10.3,17.71,290,2
999.8,0.17,8.3,4.0,10.3,3.22,230,0
999.8,0.17,8.3,4.0,10.3,22.49,30,2
999.9,0.98,10.7,7.3,13.9,35.42,60,2
999.9,0.98,10.7,7.3,13.9,38.64,170,2
999.9,0.98,10.7,7.3,13.9,11.27,240,0
999.9,0.98,10.7,7.3,13.9,17.71,140,2
999.9,0.98,10.7,7.3,13.9,20.93,260,2
999.9,0.98,10.7,7.3,13.9,8.05,190,0
999.9,0.98,10.7,7.3,13.9,4.83,160,0
999.9,0.98,10.7,7.3,13.9,25.76,310,2
999.9,0.98,10.7,7.3,13.9,20.93,180,2
999.9,0.98,10.7,7.3,13.9,25.65,300,2
999.9,0.98,10.7,7.3,13.9,9.79,47,0
999.9,0.42,9.8,8.3,12.9,35.42,60,2
999.9,0.42,9.8,8.3,12.9,38.64,170,2
999.9,0.42,9.8,8.3,12.9,11.27,240,0
999.9,0.42,9.8,8.3,12.9,17.71,140,2
999.9,0.42,9.8,8.3,12.9,20.93,260,2
999.9,0.42,9.8,8.3,12.9,8.05,190,0
999.9,0.42,9.8,8.3,12.9,4.83,160,0
999.9,0.42,9.8,8.3,12.9,25.76,310,2
999.9,0.42,9.8,8.3,12.9,20.93,180,2
999.9,0.42,9.8,8.3,12.9,25.65,300,2
999.9,0.42,9.8,8.3,12.9,9.79,47,0
999.9,0.08,8.6,6.1,10.6,35.42,60,2
999.9,0.08,8.6,6.1,10.6,38.64,170,2
999.9,0.08,8.6,6.1,10.6,11.27,240,0
999.9,0.08,8.6,6.1,10.6,17.71,140,2
999.9,0.08,8.6,6.1,10.6,20.93,260,2
999.9,0.08,8.6,6.1,10.6,8.05,190,0
999.9,0.08,8.6,6.1,10.6,4.83,160,0
999.9,0.08,8.6,6.1,10.6,25.76,310,2
999.9,0.08,8.6,6.1,10.6,20.93,180,2
999.9,0.08,8.6,6.1,10.6,25.65,300,2
999.9,0.08,8.6,6.1,10.6,9.79,47,0
999.9,0.36,6.3,3.3,9.5,35.42,60,2
999.9,0.36,6.3,3.3,9.5,38.64,170,2
999.9,0.36,6.3,3.3,9.5,11.27,240,0
999.9,0.36,6.3,3.3,9.5,17.71,140,2
999.9,0.36,6.3,3.3,9.5,20.93,260,2
999.9,0.36,6.3,3.3,9.5,8.05,190,0
999.9,0.36,6.3,3.3,9.5,4.83,160,0
999.9,0.36,6.3,3.3,9.5,25.76,310,2
999.9,0.36,6.3,3.3,9.5,20.93,180,2
999.9,0.36,6.3,3.3,9.5,25.65,300,2
999.9,0.36,6.3,3.3,9.5,9.79,47,0
999.9,0.77,6.5,1.6,10.7,35.42,60,2
999.9,0.77,6.5,1.6,10.7,38.64,170,2
999.9,0.77,6.5,1.6,10.7,11.27,240,0
999.9,0.77,6.5,1.6,10.7,17.71,140,2
999.9,0.77,6.5,1.6,10.7,20.93,260,2
999.9,0.77,6.5,1.6,10.7,8.05,190,0
999.9,0.77,6.5,1.6,10.7,4.83,160,0
999.9,0.77,6.5,1.6,10.7,25.76,310,2
999.9,0.77,6.5,1.6,10.7,20.93,180,2
999.9,0.77,6.5,1.6,10.7,25.65,300,2
999.9,0.77,6.5,1.6,10.7,9.79,47,0
999.9,0.35,8.6,6.4,11.7,35.42,60,2
999.9,0.35,8.6,6.4,11.7,38.64,170,2
999.9,0.35,8.6,6.4,11.7,11.27,240,0
999.9,0.35,8.6,6.4,11.7,17.71,140,2
999.9,0.35,8.6,6.4,11.7,20.93,260,2
999.9,0.35,8.6,6.4,11.7,8.05,190,0
999.9,0.35,8.6,6.4,11.7,4.83,160,0
999.9,0.35,8.6,6.4,11.7,25.76,310,2
999.9,0.35,8.6,6.4,11.7,20.93,180,2
999.9,0.35,8.6,6.4,11.7,25.65,300,2
999.9,0.35,8.6,6.4,11.7,9.79,47,0
999.9,0.82,-0.4,-3.3,3.0,35.42,60,2
999.9,0.82,-0.4,-3.3,3.0,38.64,170,2
999.9,0.82,-0.4,-3.3,3.0,11.27,240,0
999.9,0.82,-0.4,-3.3,3.0,17.71,140,2
999.9,0.82,-0.4,-3.3,3.0,20.93,260,2
999.9,0.82,-0.4,-3.3,3.0,8.05,190,0
999.9,0.82,-0.4,-3.3,3.0,4.83,160,0
999.9,0.82,-0.4,-3.3,3.0,25.76,310,2
999.9,0.82,-0.4,-3.3,3.0,20.93,180,2
999.9,0.82,-0.4,-3.3,3.0,25.65,300,2
999.9,0.82,-0.4,-3.3,3.0,9.79,47,0
999.9,0.73,1.9,-0.5,3.8,35.42,60,2
999.9,0.73,1.9,-0.5,3.8,38.64,170,2
999.9,0.73,1.9,-0.5,3.8,11.27,240,0
999.9,0.73,1.9,-0.5,3.8,17.71,140,2
999.9,0.73,1.9,-0.5,3.8,20.93,260,2
999.9,0.73,1.9,-0.5,3.8,8.05,190,0
999.9,0.73,1.9,-0.5,3.8,4.83,160,0
999.9,0.73,1.9,-0.5,3.8,25.76,310,2
999.9,0.73,1.9,-0.5,3.8,20.93,180,2
999.9,0.73,1.9,-0.5,3.8,25.65,300,2
999.9,0.73,1.9,-0.5,3.8,9.79,47,0
999.9,1.19,2.2,0.3,4.0,35.42,60,2
999.9,1.19,2.2,0.3,4.0,38.64,170,2
999.9,1.19,2.2,0.3,4.0,11.27,240,0
999.9,1.19,2.2,0.3,4.0,17.71,140,2
999.9,1.19,2.2,0.3,4.0,20.93,260,2
999.9,1.19,2.2,0.3,4.0,8.05,190,0
999.9,1.19,2.2,0.3,4.0,4.83,160,0
999.9,1.19,2.2,0.3,4.0,25.76,310,2
999.9,1.19,2.2,0.3,4.0,20.93,180,2
999.9,1.19,2.2,0.3,4.0,25.65,300,2
999.9,1.19,2.2,0.3,4.0,9.79,47,0
999.9,0.08,6.4,5.8,9.8,35.42,60,2
999.9,0.08,6.4,5.8,9.8,38.64,170,2
999.9,0.08,6.4,5.8,9.8,11.27,240,0
999.9,0.08,6.4,5.8,9.8,17.71,140,2
999.9,0.08,6.4,5.8,9.8,20.93,260,2
999.9,0.08,6.4,5.8,9.8,8.05,190,0
999.9,0.08,6.4,5.8,9.8,4.83,160,0
999.9,0.08,6.4,5.8,9.8,25.76,310,2
999.9,0.08,6.4,5.8,9.8,20.93,180,2
999.9,0.08,6.4,5.8,9.8,25.65,300,2
999.9,0.08,6.4,5.8,9.8,9.79,47,0
1000.0,2.34,5.8,-2.5,12.6,1.61,150,1
1000.0,2.34,5.8,-2.5,12.6,22.54,260,3
1000.0,2.34,5.8,-2.5,12.6,9.66,350,1
1000.0,2.34,5.8,-2.5,12.6,4.83,230,1
1000.0,2.16,6.4,0.1,12.6,1.61,150,1
1000.0,2.16,6.4,0.1,12.6,22.54,260,3
1000.0,2.16,6.4,0.1,12.6,9.66,350,1
1000.0,2.16,6.4,0.1,12.6,4.83,230,1
1000.0,2.49,10.4,5.5,12.0,1.61,150,1
1000.0,2.49,10.4,5.5,12.0,22.54,260,3
1000.0,2.49,10.4,5.5,12.0,9.66,350,1
1000.0,2.49,10.4,5.5,12.0,4.83,230,1
1000.0,0.8,9.4,5.7,14.4,1.61,150,1
1000.0,0.8,9.4,5.7,14.4,22.54,260,3
1000.0,0.8,9.4,5.7,14.4,9.66,350,1
1000.0,0.8,9.4,5.7,14.4,4.83,230,1
1000.0,1.03,4.7,3.2,8.1,1.61,150,1
1000.0,1.03,4.7,3.2,8.1,22.54,260,3
1000.0,1.03,4.7,3.2,8.1,9.66,350,1
1000.0,1.03,4.7,3.2,8.1,4.83,230,1
1000.0,1.81,9.4,5.8,12.7,1.61,150,1
1000.0,1.81,9.4,5.8,12.7,22.54,260,3
1000.0,1.81,9.4,5.8,12.7,9.66,350,1
1000.0,1.81,9.4,5.8,12.7,4.83,230,1
1000.0,0.51,-0.9,-3.0,1.5,1.61,150,1
1000.0,0.51,-0.9,-3.0,1.5,22.54,260,3
1000.0,0.51,-0.9,-3.0,1.5,9.66,350,1
1000.0,0.51,-0.9,-3.0,1.5,4.83,230,1
1000.0,1.77,12.0,8.2,17.0,1.61,150,0
1000.0,1.77,12.0,8.2,17.0,22.54,260,2
1000.0,1.77,12.0,8.2,17.0,9.66,350,0
1000.0,1.77,12.0,8.2,17.0,4.83,230,0
1000.0,0.21,9.4,5.9,11.8,1.61,150,0
1000.0,0.21,9.4,5.9,11.8,22.54,260,2
1000.0,0.21,9.4,5.9,11.8,9.66,350,0
1000.0,0.21,9.4,5.9,11.8,4.83,230,0
1000.0,0.52,14.6,12.4,17.3,1.61,150,0
1000.0,0.52,14.6,12.4,17.3,22.54,260,2
1000.0,0.52,14.6,12.4,17.3,9.66,350,0
1000.0,0.52,14.6,12.4,17.3,4.83,230,0
1000.0,0.42,13.7,11.3,16.1,1.61,150,0
1000.0,0.42,13.7,11.3,16.1,22.54,260,2
1000.0,0.42,13.7,11.3,16.1,9.66,350,0
1000.0,0.42,13.7,11.3,16.1,4.83,230,0
1000.0,0.26,3.0,-2.2,8.2,1.61,150,0
1000.0,0.26,3.0,-2.2,8.2,22.54,260,2
1000.0,0.26,3.0,-2.2,8.2,9.66,350,0
1000.0,0.26,3.0,-2.2,8.2,4.83,230,0
1000.0,0.13,9.1,6.9,11.4,1.61,150,0
1000.0,0.13,9.1,6.9,11.4,22.54,260,2
1000.0,0.13,9.1,6.9,11.4,9.66,350,0
1000.0,0.13,9.1,6.9,11.4,4.83,230,0
1000.0,1.21,13.9,11.4,19.8,1.61,150,0
1000.0,1.21,13.9,11.4,19.8,22.54,260,2
1000.0,1.21,13.9,11.4,19.8,9.66,350,0
1000.0,1.21,13.9,11.4,19.8,4.83,230,0
1000.0,1.86,16.5,14.2,21.1,1.61,150,0
1000.0,1.86,16.5,14.2,21.1,22.54,260,2
1000.0,1.86,16.5,14.2,21.1,9.66,350,0
1000.0,1.86,16.5,14.2,21.1,4.83,230,0
1000.0,0.39,3.9,1.0,6.4,1.61,150,0
1000.0,0.39,3.9,1.0,6.4,22.54,260,2
1000.0,0.39,3.9,1.0,6.4,9.66,350,0
1000.0,0.39,3.9,1.0,6.4,4.83,230,0
1000.0,0.49,3.8,0.2,7.8,1.61,150,0
1000.0,0.49,3.8,0.2,7.8,22.54,260,2
1000.0,0.49,3.8,0.2,7.8,9.66,350,0
1000.0,0.49,3.8,0.2,7.8,4.83,230,0
1000.0,0.11,-6.2,-11.6,0.2,1.61,150,0
1000.0,0.11,-6.2,-11.6,0.2,22.54,260,2
1000.0,0.11,-6.2,-11.6,0.2,9.66,350,0
1000.0,0.11,-6.2,-11.6,0.2,4.83,230,0
1000.0,0.17,8.7,7.9,9.8,1.61,150,0
1000.0,0.17,8.7,7.9,9.8,22.54,260,2
1000.0,0.17,8.7,7.9,9.8,9.66,350,0
1000.0,0.17,8.7,7.9,9.8,4.83,230,0
1000.0,0.58,5.6,2.8,9.0,1.61,150,0
1000.0,0.58,5.6,2.8,9.0,22.54,260,2
1000.0,0.58,5.6,2.8,9.0,9.66,350,0
1000.0,0.58,5.6,2.8,9.0,4.83,230,0
1000.0,0.15,1.8,-0.3,4.9,1.61,150,0
1000.0,0.15,1.8,-0.3,4.9,22.54,260,2
1000.0,0.15,1.8,-0.3,4.9,9.66,350,0
1000.0,0.15,1.8,-0.3,4.9,4.83,230,0
1000.1,0.57,2.6,-1.1,5.0,12.17,358,1
1000.1,0.57,2.6,-1.1,5.0,37.03,170,3
1000.1,0.57,2.6,-1.1,5.0,30.59,160,3
1000.1,0.57,2.6,-1.1,5.0,17.71,160,3
1000.1,0.57,2.6,-1.1,5.0,16.1,160,3
1000.1,0.57,2.6,-1.1,5.0,22.54,130,3
1000.1,0.57,2.6,-1.1,5.0,20.93,350,3
1000.1,0.57,2.6,-1.1,5.0,14.49,350,1
1000.1,0.57,2.6,-1.1,5.0,20.93,320,3
1000.1,0.57,2.6,-1.1,5.0,8.05,220,1
1000.1,0.57,2.6,-1.1,5.0,17.28,300,3
1000.1,0.57,2.6,-1.1,5.0,28.98,200,3
1000.1,1.05,0.4,-3.0,6.8,12.17,358,1
1000.1,1.05,0.4,-3.0,6.8,37.03,170,3
1000.1,1.05,0.4,-3.0,6.8,30.59,160,3
1000.1,1.05,0.4,-3.0,6.8,17.71,160,3
1000.1,1.05,0.4,-3.0,6.8,16.1,160,3
1000.1,1.05,0.4,-3.0,6.8,22.54,130,3
1000.1,1.05,0.4,-3.0,6.8,20.93,350,3
1000.1,1.05,0.4,-3.0,6.8,14.49,350,1
1000.1,1.05,0.4,-3.0,6.8,20.93,320,3
1000.1,1.05,0.4,-3.0,6.8,8.05,220,1
1000.1,1.05,0.4,-3.0,6.8,17.28,300,3
1000.1,1.05,0.4,-3.0,6.8,28.98,200,3
1000.1,1.78,7.8,1.6,13.4,12.17,358,1
1000.1,1.78,7.8,1.6,13.4,37.03,170,3
1000.1,1.78,7.8,1.6,13.4,30.59,160,3
1000.1,1.78,7.8,1.6,13.4,17.71,160,3
1000.1,1.78,7.8,1.6,13.4,16.1,160,3
1000.1,1.78,7.8,1.6,13.4,22.54,130,3
1000.1,1.78,7.8,1.6,13.4,20.93,350,3
1000.1,1.78,7.8,1.6,13.4,14.49,350,1
1000.1,1.78,7.8,1.6,13.4,20.93,320,3
1000.1,1.78,7.8,1.6,13.4,8.05,220,1
1000.1,1.78,7.8,1.6,13.4,17.28,300,3
1000.1,1.78,7.8,1.6,13.4,28.98,200,3
1000.1,0.47,9.6,5.0,12.5,12.17,358,1
1000.1,0.47,9.6,5.0,12.5,37.03,170,3
1000.1,0.47,9.6,5.0,12.5,30.59,160,3
1000.1,0.47,9.6,5.0,12.5,17.71,160,3
1000.1,0.47,9.6,5.0,12.5,16.1,160,3
1000.1,0.47,9.6,5.0,12.5,22.54,130,3
1000.1,0.47,9.6,5.0,12.5,20.93,350,3
1000.1,0.47,9.6,5.0,12.5,14.49,350,1
1000.1,0.47,9.6,5.0,12.5,20.93,320,3
1000.1,0.47,9.6,5.0,12.5,8.05,220,1
1000.1,0.47,9.6,5.0,12.5,17.28,300,3
1000.1,0.47,9.6,5.0,12.5,28.98,200,3
1000.1,1.88,10.2,6.7,13.6,12.17,358,1
1000.1,1.88,10.2,6.7,13.6,37.03,170,3
1000.1,1.88,10.2,6.7,13.6,30.59,160,3
1000.1,1.88,10.2,6.7,13.6,17.71,160,3
1000.1,1.88,10.2,6.7,13.6,16.1,160,3
1000.1,1.88,10.2,6.7,13.6,22.54,130,3
1000.1,1.88,10.2,6.7,13.6,20.93,350,3
1000.1,1.88,10.2,6.7,13.6,14.49,350,1
1000.1,1.88,10.2,6.7,13.6,20.93,320,3
1000.1,1.88,10.2,6.7,13.6,8.05,220,1
1000.1,1.88,10.2,6.7,13.6,17.28,300,3
1000.1,1.88,10.2,6.7,13.6,28.98,200,3
1000.1,0.57,2.6,-1.9,6.6,12.17,358,0
1000.1,0.57,2.6,-1.9,6.6,37.03,170,2
1000.1,0.57,2.6,-1.9,6.6,30.59,160,2
1000.1,0.57,2.6,-1.9,6.6,17.71,160,2
1000.1,0.57,2.6,-1.9,6.6,16.1,160,2
1000.1,0.57,2.6,-1.9,6.6,22.54,130,2
1000.1,0.57,2.6,-1.9,6.6,20.93,350,2
1000.1,0.57,2.6,-1.9,6.6,14.49,350,0
1000.1,0.57,2.6,-1.9,6.6,20.93,320,2
1000.1,0.57,2.6,-1.9,6.6,8.05,220,0
1000.1,0.57,2.6,-1.9,6.6,17.28,300,2
1000.1,0.57,2.6,-1.9,6.6,28.98,200,2
1000.1,0.5,9.4,6.9,11.8,12.17,358,0
1000.1,0.5,9.4,6.9,11.8,37.03,170,2
1000.1,0.5,9.4,6.9,11.8,30.59,160,2
1000.1,0.5,9.4,6.9,11.8,17.71,160,2
1000.1,0.5,9.4,6.9,11.8,16.1,160,2
1000.1,0.5,9.4,6.9,11.8,22.54,130,2
1000.1,0.5,9.4,6.9,11.8,20.93,350,2
1000.1,0.5,9.4,6.9,11.8,14.49,350,0
1000.1,0.5,9.4,6.9,11.8,20.93,320,2
1000.1,0.5,9.4,6.9,11.8,8.05,220,0
1000.1,0.5,9.4,6.9,11.8,17.28,300,2
1000.1,0.5,9.4,6.9,11.8,28.98,200,2
1000.1,0.47,2.5,1.1,4.7,12.17,358,0
1000.1,0.47,2.5,1.1,4.7,37.03,170,2
1000.1,0.47,2.5,1.1,4.7,30.59,160,2
1000.1,0.47,2.5,1.1,4.7,17.71,160,2
1000.1,0.47,2.5,1.1,4.7,16.1,160,2
1000.1,0.47,2.5,1.1,4.7,22.54,130,2
1000.1,0.47,2.5,1.1,4.7,20.93,350,2
1000.1,0.47,2.5,1.1,4.7,14.49,350,0
1000.1,0.47,2.5,1.1,4.7,20.93,320,2
1000.1,0.47,2.5,1.1,4.7,8.05,220,0
1000.1,0.47,2.5,1.1,4.7,17.28,300,2
1000.1,0.47,2.5,1.1,4.7,28.98,200,2
1000.1,0.77,9.2,4.6,11.8,12.17,358,0
1000.1,0.77,9.2,4.6,11.8,37.03,170,2
1000.1,0.77,9.2,4.6,11.8,30.59,160,2
1000.1,0.77,9.2,4.6,11.8,17.71,160,2
1000.1,0.77,9.2,4.6,11.8,16.1,160,2
1000.1,0.77,9.2,4.6,11.8,22.54,130,2
1000.1,0.77,9.2,4.6,11.8,20.93,350,2
1000.1,0.77,9.2,4.6,11.8,14.49,350,0
1000.1,0.77,9.2,4.6,11.8,20.93,320,2
1000.1,0.77,9.2,4.6,11.8,8.05,220,0
1000.1,0.77,9.2,4.6,11.8,17.28,300,2
1000.1,0.77,9.2,4.6,11.8,28.98,200,2
1000.1,0.84,15.3,13.0,21.8,12.17,358,0
1000.1,0.84,15.3,13.0,21.8,37.03,170,2
1000.1,0.84,15.3,13.0,21.8,30.59,160,2
1000.1,0.84,15.3,13.0,21.8,17.71,160,2
1000.1,0.84,15.3,13.0,21.8,16.1,160,2
1000.1,0.84,15.3,13.0,21.8,22.54,130,2
1000.1,0.84,15.3,13.0,21.8,20.93,350,2
1000.1,0.84,15.3,13.0,21.8,14.49,350,0
1000.1,0.84,15.3,13.0,21.8,20.93,320,2
1000.1,0.84,15.3,13.0,21.8,8.05,220,0
1000.1,0.84,15.3,13.0,21.8,17.28,300,2
1000.1,0.84,15.3,13.0,21.8,28.98,200,2
1000.1,0.27,6.7,3.0,10.4,12.17,358,0
1000.1,0.27,6.7,3.0,10.4,37.03,170,2
1000.1,0.27,6.7,3.0,10.4,30.59,160,2
1000.1,0.27,6.7,3.0,10.4,17.71,160,2
1000.1,0.27,6.7,3.0,10.4,16.1,160,2
1000.1,0.27,6.7,3.0,10.4,22.54,130,2
1000.1,0.27,6.7,3.0,10.4,20.93,350,2
1000.1,0.27,6.7,3.0,10.4,14.49,350,0
1000.1,0.27,6.7,3.0,10.4,20.93,320,2
1000.1,0.27,6.7,3.0,10.4,8.05,220,0
1000.1,0.27,6.7,3.0,10.4,17.28,300,2
1000.1,0.27,6.7,3.0,10.4,28.98,200,2
1000.1,0.85,11.7,7.3,15.3,12.17,358,0
1000.1,0.85,11.7,7.3,15.3,37.03,170,2
1000.1,0.85,11.7,7.3,15.3,30.59,160,2
1000.1,0.85,11.7,7.3,15.3,17.71,160,2
1000.1,0.85,11.7,7.3,15.3,16.1,160,2
1000.1,0.85,11.7,7.3,15.3,22.54,130,2
1000.1,0.85,11.7,7.3,15.3,20.93,350,2
1000.1,0.85,11.7,7.3,15.3,14.49,350,0
1000.1,0.85,11.7,7.3,15.3,20.93,320,2
1000.1,0.85,11.7,7.3,15.3,8.05,220,0
1000.1,0.85,11.7,7.3,15.3,17.28,300,2
1000.1,0.85,11.7,7.3,15.3,28.98,200,2
1000.1,0.47,7.1,4.7,9.6,12.17,358,0
1000.1,0.47,7.1,4.7,9.6,37.03,170,2
1000.1,0.47,7.1,4.7,9.6,30.59,160,2
1000.1,0.47,7.1,4.7,9.6,17.71,160,2
1000.1,0.47,7.1,4.7,9.6,16.1,160,2
1000.1,0.47,7.1,4.7,9.6,22.54,130,2
1000.1,0.47,7.1,4.7,9.6,20.93,350,2
1000.1,0.47,7.1,4.7,9.6,14.49,350,0
1000.1,0.47,7.1,4.7,9.6,20.93,320,2
1000.1,0.47,7.1,4.7,9.6,8.05,220,0
1000.1,0.47,7.1,4.7,9.6,17.28,300,2
1000.1,0.47,7.1,4.7,9.6,28.98,200,2
1000.2,1.93,0.7,-3.6,5.2,9.66,130,1
1000.2,1.93,0.7,-3.6,5.2,12.88,350,1
1000.2,1.93,0.7,-3.6,5.2,11.79,40,1
1000.2,1.93,0.7,-3.6,5.2,4.41,212,1
1000.2,1.93,0.7,-3.6,5.2,10.96,119,1
1000.2,1.93,0.7,-3.6,5.2,6.31,90,1
1000.2,1.93,0.7,-3.6,5.2,13.83,224,1
1000.2,2.1,18.8,14.9,21.5,9.66,130,1
1000.2,2.1,18.8,14.9,21.5,12.88,350,1
1000.2,2.1,18.8,14.9,21.5,11.79,40,1
1000.2,2.1,18.8,14.9,21.5,4.41,212,1
1000.2,2.1,18.8,14.9,21.5,10.96,119,1
1000.2,2.1,18.8,14.9,21.5,6.31,90,1
1000.2,2.1,18.8,14.9,21.5,13.83,224,1
1000.2,2.35,12.1,6.1,17.0,9.66,130,1
1000.2,2.35,12.1,6.1,17.0,12.88,350,1
1000.2,2.35,12.1,6.1,17.0,11.79,40,1
1000.2,2.35,12.1,6.1,17.0,4.41,212,1
1000.2,2.35,12.1,6.1,17.0,10.96,119,1
1000.2,2.35,12.1,6.1,17.0,6.31,90,1
1000.2,2.35,12.1,6.1,17.0,13.83,224,1
1000.2,1.74,9.1,7.0,12.6,9.66,130,1
1000.2,1.74,9.1,7.0,12.6,12.88,350,1
1000.2,1.74,9.1,7.0,12.6,11.79,40,1
1000.2,1.74,9.1,7.0,12.6,4.41,212,1
1000.2,1.74,9.1,7.0,12.6,10.96,119,1
1000.2,1.74,9.1,7.0,12.6,6.31,90,1
1000.2,1.74,9.1,7.0,12.6,13.83,224,1
1000.2,1.84,19.4,14.7,24.2,9.66,130,1
1000.2,1.84,19.4,14.7,24.2,12.88,350,1
1000.2,1.84,19.4,14.7,24.2,11.79,40,1
1000.2,1.84,19.4,14.7,24.2,4.41,212,1
1000.2,1.84,19.4,14.7,24.2,10.96,119,1
1000.2,1.84,19.4,14.7,24.2,6.31,90,1
1000.2,1.84,19.4,14.7,24.2,13.83,224,1
1000.2,1.07,8.4,5.5,11.2,9.66,130,1
1000.2,1.07,8.4,5.5,11.2,12.88,350,1
1000.2,1.07,8.4,5.5,11.2,11.79,40,1
1000.2,1.07,8.4,5.5,11.2,4.41,212,1
1000.2,1.07,8.4,5.5,11.2,10.96,119,1
1000.2,1.07,8.4,5.5,11.2,6.31,90,1
1000.2,1.07,8.4,5.5,11.2,13.83,224,1
1000.2,0.38,11.0,7.6,16.5,9.66,130,1
1000.2,0.38,11.0,7.6,16.5,12.88,350,1
1000.2,0.38,11.0,7.6,16.5,11.79,40,1
1000.2,0.38,11.0,7.6,16.5,4.41,212,1
1000.2,0.38,11.0,7.6,16.5,10.96,119,1
1000.2,0.38,11.0,7.6,16.5,6.31,90,1
1000.2,0.38,11.0,7.6,16.5,13.83,224,1
1000.2,0.32,8.5,6.1,10.4,9.66,130,1
1000.2,0.32,8.5,6.1,10.4,12.88,350,1
1000.2,0.32,8.5,6.1,10.4,11.79,40,1
1000.2,0.32,8.5,6.1,10.4,4.41,212,1
1000.2,0.32,8.5,6.1,10.4,10.96,119,1
1000.2,0.32,8.5,6.1,10.4,6.31,90,1
1000.2,0.32,8.5,6.1,10.4,13.83,224,1
1000.2,0.17,2.6,-0.6,6.5,9.66,130,0
1000.2,0.17,2.6,-0.6,6.5,12.88,350,0
1000.2,0.17,2.6,-0.6,6.5,11.79,40,0
1000.2,0.17,2.6,-0.6,6.5,4.41,212,0
1000.2,0.17,2.6,-0.6,6.5,10.96,119,0
1000.2,0.17,2.6,-0.6,6.5,6.31,90,0
1000.2,0.17,2.6,-0.6,6.5,13.83,224,0
1000.2,0.2,5.7,2.1,9.7,9.66,130,0
1000.2,0.2,5.7,2.1,9.7,12.88,350,0
1000.2,0.2,5.7,2.1,9.7,11.79,40,0
1000.2,0.2,5.7,2.1,9.7,4.41,212,0
1000.2,0.2,5.7,2.1,9.7,10.96,119,0
1000.2,0.2,5.7,2.1,9.7,6.31,90,0
1000.2,0.2,5.7,2.1,9.7,13.83,224,0
1000.2,1.86,16.0,11.9,20.0,9.66,130,0
1000.2,1.86,16.0,11.9,20.0,12.88,350,0
1000.2,1.86,16.0,11.9,20.0,11.79,40,0
1000.2,1.86,16.0,11.9,20.0,4.41,212,0
1000.2,1.86,16.0,11.9,20.0,10.96,119,0
1000.2,1.86,16.0,11.9,20.0,6.31,90,0
1000.2,1.86,16.0,11.9,20.0,13.83,224,0
1000.2,1.06,11.6,8.7,14.4,9.66,130,0
1000.2,1.06,11.6,8.7,14.4,12.88,350,0
1000.2,1.06,11.6,8.7,14.4,11.79,40,0
1000.2,1.06,11.6,8.7,14.4,4.41,212,0
1000.2,1.06,11.6,8.7,14.4,10.96,119,0
1000.2,1.06,11.6,8.7,14.4,6.31,90,0
1000.2,1.06,11.6,8.7,14.4,13.83,224,0
1000.2,0.4,12.2,10.3,15.2,9.66,130,0
1000.2,0.4,12.2,10.3,15.2,12.88,350,0
1000.2,0.4,12.2,10.3,15.2,11.79,40,0
1000.2,0.4,12.2,10.3,15.2,4.41,212,0
1000.2,0.4,12.2,10.3,15.2,10.96,119,0
1000.2,0.4,12.2,10.3,15.2,6.31,90,0
1000.2,0.4,12.2,10.3,15.2,13.83,224,0
1000.2,1.47,2.7,-1.0,6.7,9.66,130,0
1000.2,1.47,2.7,-1.0,6.7,12.88,350,0
1000.2,1.47,2.7,-1.0,6.7,11.79,40,0
1000.2,1.47,2.7,-1.0,6.7,4.41,212,0
1000.2,1.47,2.7,-1.0,6.7,10.96,119,0
1000.2,1.47,2.7,-1.0,6.7,6.31,90,0
1000.2,1.47,2.7,-1.0,6.7,13.83,224,0
1000.2,0.49,13.7,10.9,17.9,9.66,130,0
1000.2,0.49,13.7,10.9,17.9,12.88,350,0
1000.2,0.49,13.7,10.9,17.9,11.79,40,0
1000.2,0.49,13.7,10.9,17.9,4.41,212,0
1000.2,0.49,13.7,10.9,17.9,10.96,119,0
1000.2,0.49,13.7,10.9,17.9,6.31,90,0
1000.2,0.49,13.7,10.9,17.9,13.83,224,0
1000.2,0.77,3.3,0.6,6.3,9.66,130,0
1000.2,0.77,3.3,0.6,6.3,12.88,350,0
1000.2,0.77,3.3,0.6,6.3,11.79,40,0
1000.2,0.77,3.3,0.6,6.3,4.41,212,0
1000.2,0.77,3.3,0.6,6.3,10.96,119,0
1000.2,0.77,3.3,0.6,6.3,6.31,90,0
1000.2,0.77,3.3,0.6,6.3,13.83,224,0
1000.2,0.26,11.5,7.6,16.0,9.66,130,0
1000.2,0.26,11.5,7.6,16.0,12.88,350,0
1000.2,0.26,11.5,7.6,16.0,11.79,40,0
1000.2,0.26,11.5,7.6,16.0,4.41,212,0
1000.2,0.26,11.5,7.6,16.0,10.96,119,0
1000.2,0.26,11.5,7.6,16.0,6.31,90,0
1000.2,0.26,11.5,7.6,16.0,13.83,224,0
1000.2,0.3,10.5,9.3,11.9,9.66,130,0
1000.2,0.3,10.5,9.3,11.9,12.88,350,0
1000.2,0.3,10.5,9.3,11.9,11.79,40,0
1000.2,0.3,10.5,9.3,11.9,4.41,212,0
1000.2,0.3,10.5,9.3,11.9,10.96,119,0
1000.2,0.3,10.5,9.3,11.9,6.31,90,0
1000.2,0.3,10.5,9.3,11.9,13.83,224,0
1000.2,1.04,12.8,10.4,15.3,9.66,130,0
1000.2,1.04,12.8,10.4,15.3,12.88,350,0
1000.2,1.04,12.8,10.4,15.3,11.79,40,0
1000.2,1.04,12.8,10.4,15.3,4.41,212,0
1000.2,1.04,12.8,10.4,15.3,10.96,119,0
1000.2,1.04,12.8,10.4,15.3,6.31,90,0
1000.2,1.04,12.8,10.4,15.3,13.83,224,0
1000.2,0.5,3.9,0.1,7.9,9.66,130,0
1000.2,0.5,3.9,0.1,7.9,12.88,350,0
1000.2,0.5,3.9,0.1,7.9,11.79,40,0
1000.2,0.5,3.9,0.1,7.9,4.41,212,0
1000.2,0.5,3.9,0.1,7.9,10.96,119,0
1000.2,0.5,3.9,0.1,7.9,6.31,90,0
1000.2,0.5,3.9,0.1,7.9,13.83,224,0
1000.2,0.47,14.8,7.9,20.1,9.66,130,0
1000.2,0.47,14.8,7.9,20.1,12.88,350,0
1000.2,0.47,14.8,7.9,20.1,11.79,40,0
1000.2,0.47,14.8,7.9,20.1,4.41,212,0
1000.2,0.47,14.8,7.9,20.1,10.96,119,0
1000.2,0.47,14.8,7.9,20.1,6.31,90,0
1000.2,0.47,14.8,7.9,20.1,13.83,224,0
1000.2,0.39,6.3,3.5,8.5,9.66,130,0
1000.2,0.39,6.3,3.5,8.5,12.88,350,0
1000.2,0.39,6.3,3.5,8.5,11.79,40,0
1000.2,0.39,6.3,3.5,8.5,4.41,212,0
1000.2,0.39,6.3,3.5,8.5,10.96,119,0
1000.2,0.39,6.3,3.5,8.5,6.31,90,0
1000.2,0.39,6.3,3.5,8.5,13.83,224,0
1000.2,0.16,7.8,6.4,9.3,9.66,130,0
1000.2,0.16,7.8,6.4,9.3,12.88,350,0
1000.2,0.16,7.8,6.4,9.3,11.79,40,0
1000.2,0.16,7.8,6.4,9.3,4.41,212,0
1000.2,0.16,7.8,6.4,9.3,10.96,119,0
1000.2,0.16,7.8,6.4,9.3,6.31,90,0
1000.2,0.16,7.8,6.4,9.3,13.83,224,0
1000.2,0.19,4.0,1.4,5.6,9.66,130,0
1000.2,0.19,4.0,1.4,5.6,12.88,350,0
1000.2,0.19,4.0,1.4,5.6,11.79,40,0
1000.2,0.19,4.0,1.4,5.6,4.41,212,0
1000.2,0.19,4.0,1.4,5.6,10.96,119,0
1000.2,0.19,4.0,1.4,5.6,6.31,90,0
1000.2,0.19,4.0,1.4,5.6,13.83,224,0
1000.2,0.39,5.2,0.7,10.2,9.66,130,0
1000.2,0.39,5.2,0.7,10.2,12.88,350,0
1000.2,0.39,5.2,0.7,10.2,11.79,40,0
1000.2,0.39,5.2,0.7,10.2,4.41,212,0
1000.2,0.39,5.2,0.7,10.2,10.96,119,0
1000.2,0.39,5.2,0.7,10.2,6.31,90,0
1000.2,0.39,5.2,0.7,10.2,13.83,224,0
1000.2,0.06,8.9,7.3,11.3,9.66,130,0
1000.2,0.06,8.9,7.3,11.3,12.88,350,0
1000.2,0.06,8.9,7.3,11.3,11.79,40,0
1000.2,0.06,8.9,7.3,11.3,4.41,212,0
1000.2,0.06,8.9,7.3,11.3,10.96,119,0
1000.2,0.06,8.9,7.3,11.3,6.31,90,0
1000.2,0.06,8.9,7.3,11.3,13.83,224,0
1000.3,1.59,11.2,8.3,14.2,28.92,168,3
1000.3,1.59,11.2,8.3,14.2,16.1,310,3
1000.3,1.59,11.2,8.3,14.2,22.54,260,3
1000.3,1.59,11.2,8.3,14.2,14.07,281,1
1000.3,1.59,11.2,8.3,14.2,20.93,340,3
1000.3,1.59,11.2,8.3,14.2,8.98,222,1
1000.3,1.59,11.2,8.3,14.2,13.8,130,1
1000.3,1.59,11.2,8.3,14.2,7.49,40,1
1000.3,1.59,11.2,8.3,14.2,4.7,6,1
1000.3,1.59,11.2,8.3,14.2,30.41,240,3
1000.3,0.27,5.7,1.7,7.4,28.92,168,3
1000.3,0.27,5.7,1.7,7.4,16.1,310,3
1000.3,0.27,5.7,1.7,7.4,22.54,260,3
1000.3,0.27,5.7,1.7,7.4,14.07,281,1
1000.3,0.27,5.7,1.7,7.4,20.93,340,3
1000.3,0.27,5.7,1.7,7.4,8.98,222,1
1000.3,0.27,5.7,1.7,7.4,13.8,130,1
1000.3,0.27,5.7,1.7,7.4,7.49,40,1
1000.3,0.27,5.7,1.7,7.4,4.7,6,1
1000.3,0.27,5.7,1.7,7.4,30.41,240,3
1000.3,0.32,8.4,6.0,10.9,28.92,168,3
1000.3,0.32,8.4,6.0,10.9,16.1,310,3
1000.3,0.32,8.4,6.0,10.9,22.54,260,3
1000.3,0.32,8.4,6.0,10.9,14.07,281,1
1000.3,0.32,8.4,6.0,10.9,20.93,340,3
1000.3,0.32,8.4,6.0,10.9,8.98,222,1
1000.3,0.32,8.4,6.0,10.9,13.8,130,1
1000.3,0.32,8.4,6.0,10.9,7.49,40,1
1000.3,0.32,8.4,6.0,10.9,4.7,6,1
1000.3,0.32,8.4,6.0,10.9,30.41,240,3
1000.3,0.67,6.3,4.6,9.4,28.92,168,3
1000.3,0.67,6.3,4.6,9.4,16.1,310,3
1000.3,0.67,6.3,4.6,9.4,22.54,260,3
1000.3,0.67,6.3,4.6,9.4,14.07,281,1
1000.3,0.67,6.3,4.6,9.4,20.93,340,3
1000.3,0.67,6.3,4.6,9.4,8.98,222,1
1000.3,0.67,6.3,4.6,9.4,13.8,130,1
1000.3,0.67,6.3,4.6,9.4,7.49,40,1
1000.3,0.67,6.3,4.6,9.4,4.7,6,1
1000.3,0.67,6.3,4.6,9.4,30.41,240,3
1000.3,1.03,13.9,9.4,19.3,28.92,168,3
1000.3,1.03,13.9,9.4,19.3,16.1,310,3
1000.3,1.03,13.9,9.4,19.3,22.54,260,3
1000.3,1.03,13.9,9.4,19.3,14.07,281,1
1000.3,1.03,13.9,9.4,19.3,20.93,340,3
1000.3,1.03,13.9,9.4,19.3,8.98,222,1
1000.3,1.03,13.9,9.4,19.3,13.8,130,1
1000.3,1.03,13.9,9.4,19.3,7.49,40,1
1000.3,1.03,13.9,9.4,19.3,4.7,6,1
1000.3,1.03,13.9,9.4,19.3,30.41,240,3
1000.3,0.44,13.2,10.6,15.5,28.92,168,2
1000.3,0.44,13.2,10.6,15.5,16.1,310,2
1000.3,0.44,13.2,10.6,15.5,22.54,260,2
1000.3,0.44,13.2,10.6,15.5,14.07,281,0
1000.3,0.44,13.2,10.6,15.5,20.93,340,2
1000.3,0.44,13.2,10.6,15.5,8.98,222,0
1000.3,0.44,13.2,10.6,15.5,13.8,130,0
1000.3,0.44,13.2,10.6,15.5,7.49,40,0
1000.3,0.44,13.2,10.6,15.5,4.7,6,0
1000.3,0.44,13.2,10.6,15.5,30.41,240,2
1000.3,0.88,7.7,2.1,12.5,28.92,168,2
1000.3,0.88,7.7,2.1,12.5,16.1,310,2
1000.3,0.88,7.7,2.1,12.5,22.54,260,2
1000.3,0.88,7.7,2.1,12.5,14.07,281,0
1000.3,0.88,7.7,2.1,12.5,20.93,340,2
1000.3,0.88,7.7,2.1,12.5,8.98,222,0
1000.3,0.88,7.7,2.1,12.5,13.8,130,0
1000.3,0.88,7.7,2.1,12.5,7.49,40,0
1000.3,0.88,7.7,2.1,12.5,4.7,6,0
1000.3,0.88,7.7,2.1,12.5,30.41,240,2
1000.3,1.19,11.5,8.1,16.7,28.92,168,2
1000.3,1.19,11.5,8.1,16.7,16.1,310,2
1000.3,1.19,11.5,8.1,16.7,22.54,260,2
1000.3,1.19,11.5,8.1,16.7,14.07,281,0
1000.3,1.19,11.5,8.1,16.7,20.93,340,2
1000.3,1.19,11.5,8.1,16.7,8.98,222,0
1000.3,1.19,11.5,8.1,16.7,13.8,130,0
1000.3,1.19,11.5,8.1,16.7,7.49,40,0
1000.3,1.19,11.5,8.1,16.7,4.7,6,0
1000.3,1.19,11.5,8.1,16.7,30.41,240,2
1000.3,2.01,17.3,13.3,23.5,28.92,168,2
1000.3,2.01,17.3,13.3,23.5,16.1,310,2
1000.3,2.01,17.3,13.3,23.5,22.54,260,2
1000.3,2.01,17.3,13.3,23.5,14.07,281,0
1000.3,2.01,17.3,13.3,23.5,20.93,340,2
1000.3,2.01,17.3,13.3,23.5,8.98,222,0
1000.3,2.01,17.3,13.3,23.5,13.8,130,0
1000.3,2.01,17.3,13.3,23.5,7.49,40,0
1000.3,2.01,17.3,13.3,23.5,4.7,6,0
1000.3,2.01,17.3,13.3,23.5,30.41,240,2
1000.3,1.84,15.8,11.9,19.1,28.92,168,2
1000.3,1.84,15.8,11.9,19.1,16.1,310,2
1000.3,1.84,15.8,11.9,19.1,22.54,260,2
1000.3,1.84,15.8,11.9,19.1,14.07,281,0
1000.3,1.84,15.8,11.9,19.1,20.93,340,2
1000.3,1.84,15.8,11.9,19.1,8.98,222,0
1000.3,1.84,15.8,11.9,19.1,13.8,130,0
1000.3,1.84,15.8,11.9,19.1,7.49,40,0
1000.3,1.84,15.8,11.9,19.1,4.7,6,0
1000.3,1.84,15.8,11.9,19.1,30.41,240,2
1000.3,0.63,8.8,6.1,10.9,28.92,168,2
1000.3,0.63,8.8,6.1,10.9,16.1,310,2
1000.3,0.63,8.8,6.1,10.9,22.54,260,2
1000.3,0.63,8.8,6.1,10.9,14.07,281,0
1000.3,0.63,8.8,6.1,10.9,20.93,340,2
1000.3,0.63,8.8,6.1,10.9,8.98,222,0
1000.3,0.63,8.8,6.1,10.9,13.8,130,0
1000.3,0.63,8.8,6.1,10.9,7.49,40,0
1000.3,0.63,8.8,6.1,10.9,4.7,6,0
1000.3,0.63,8.8,6.1,10.9,30.41,240,2
1000.3,0.67,2.0,-0.7,5.5,28.92,168,2
1000.3,0.67,2.0,-0.7,5.5,16.1,310,2
1000.3,0.67,2.0,-0.7,5.5,22.54,260,2
1000.3,0.67,2.0,-0.7,5.5,14.07,281,0
1000.3,0.67,2.0,-0.7,5.5,20.93,340,2
1000.3,0.67,2.0,-0.7,5.5,8.98,222,0
1000.3,0.67,2.0,-0.7,5.5,13.8,130,0
1000.3,0.67,2.0,-0.7,5.5,7.49,40,0
1000.3,0.67,2.0,-0.7,5.5,4.7,6,0
1000.3,0.67,2.0,-0.7,5.5,30.41,240,2
1000.3,0.56,5.2,1.4,7.5,28.92,168,2
1000.3,0.56,5.2,1.4,7.5,16.1,310,2
1000.3,0.56,5.2,1.4,7.5,22.54,260,2
1000.3,0.56,5.2,1.4,7.5,14.07,281,0
1000.3,0.56,5.2,1.4,7.5,20.93,340,2
1000.3,0.56,5.2,1.4,7.5,8.98,222,0
1000.3,0.56,5.2,1.4,7.5,13.8,130,0
1000.3,0.56,5.2,1.4,7.5,7.49,40,0
1000.3,0.56,5.2,1.4,7.5,4.7,6,0
1000.3,0.56,5.2,1.4,7.5,30.41,240,2
1000.3,0.49,8.4,3.4,12.9,28.92,168,2
1000.3,0.49,8.4,3.4,12.9,16.1,310,2
1000.3,0.49,8.4,3.4,12.9,22.54,260,2
1000.3,0.49,8.4,3.4,12.9,14.07,281,0
1000.3,0.49,8.4,3.4,12.9,20.93,340,2
1000.3,0.49,8.4,3.4,12.9,8.98,222,0
1000.3,0.49,8.4,3.4,12.9,13.8,130,0
1000.3,0.49,8.4,3.4,12.9,7.49,40,0
1000.3,0.49,8.4,3.4,12.9,4.7,6,0
1000.3,0.49,8.4,3.4,12.9,30.41,240,2
1000.3,0.56,-0.9,-3.4,3.0,28.92,168,2
1000.3,0.56,-0.9,-3.4,3.0,16.1,310,2
1000.3,0.56,-0.9,-3.4,3.0,22.54,260,2
1000.3,0.56,-0.9,-3.4,3.0,14.07,281,0
1000.3,0.56,-0.9,-3.4,3.0,20.93,340,2
1000.3,0.56,-0.9,-3.4,3.0,8.98,222,0
1000.3,0.56,-0.9,-3.4,3.0,13.8,130,0
1000.3,0.56,-0.9,-3.4,3.0,7.49,40,0
1000.3,0.56,-0.9,-3.4,3.0,4.7,6,0
1000.3,0.56,-0.9,-3.4,3.0,30.41,240,2
1000.3,0.77,1.7,-2.9,7.3,28.92,168,2
1000.3,0.77,1.7,-2.9,7.3,16.1,310,2
1000.3,0.77,1.7,-2.9,7.3,22.54,260,2
1000.3,0.77,1.7,-2.9,7.3,14.07,281,0
1000.3,0.77,1.7,-2.9,7.3,20.93,340,2
1000.3,0.77,1.7,-2.9,7.3,8.98,222,0
1000.3,0.77,1.7,-2.9,7.3,13.8,130,0
1000.3,0.77,1.7,-2.9,7.3,7.49,40,0
1000.3,0.77,1.7,-2.9,7.3,4.7,6,0
1000.3,0.77,1.7,-2.9,7.3,30.41,240,2
1000.3,1.11,7.7,5.4,10.2,28.92,168,2
1000.3,1.11,7.7,5.4,10.2,16.1,310,2
1000.3,1.11,7.7,5.4,10.2,22.54,260,2
1000.3,1.11,7.7,5.4,10.2,14.07,281,0
1000.3,1.11,7.7,5.4,10.2,20.93,340,2
1000.3,1.11,7.7,5.4,10.2,8.98,222,0
1000.3,1.11,7.7,5.4,10.2,13.8,130,0
1000.3,1.11,7.7,5.4,10.2,7.49,40,0
1000.3,1.11,7.7,5.4,10.2,4.7,6,0
1000.3,1.11,7.7,5.4,10.2,30.41,240,2
1000.3,0.92,2.0,-0.2,4.7,28.92,168,2
1000.3,0.92,2.0,-0.2,4.7,16.1,310,2
1000.3,0.92,2.0,-0.2,4.7,22.54,260,2
1000.3,0.92,2.0,-0.2,4.7,14.07,281,0
1000.3,0.92,2.0,-0.2,4.7,20.93,340,2
1000.3,0.92,2.0,-0.2,4.7,8.98,222,0
1000.3,0.92,2.0,-0.2,4.7,13.8,130,0
1000.3,0.92,2.0,-0.2,4.7,7.49,40,0
1000.3,0.92,2.0,-0.2,4.7,4.7,6,0
1000.3,0.92,2.0,-0.2,4.7,30.41,240,2
1000.3,0.06,3.0,2.3,6.4,28.92,168,2
1000.3,0.06,3.0,2.3,6.4,16.1,310,2
1000.3,0.06,3.0,2.3,6.4,22.54,260,2
1000.3,0.06,3.0,2.3,6.4,14.07,281,0
1000.3,0.06,3.0,2.3,6.4,20.93,340,2
1000.3,0.06,3.0,2.3,6.4,8.98,222,0
1000.3,0.06,3.0,2.3,6.4,13.8,130,0
1000.3,0.06,3.0,2.3,6.4,7.49,40,0
1000.3,0.06,3.0,2.3,6.4,4.7,6,0
1000.3,0.06,3.0,2.3,6.4,30.41,240,2
1000.3,0.27,13.3,10.6,15.5,28.92,168,2
1000.3,0.27,13.3,10.6,15.5,16.1,310,2
1000.3,0.27,13.3,10.6,15.5,22.54,260,2
1000.3,0.27,13.3,10.6,15.5,14.07,281,0
1000.3,0.27,13.3,10.6,15.5,20.93,340,2
1000.3,0.27,13.3,10.6,15.5,8.98,222,0
1000.3,0.27,13.3,10.6,15.5,13.8,130,0
1000.3,0.27,13.3,10.6,15.5,7.49,40,0
1000.3,0.27,13.3,10.6,15.5,4.7,6,0
1000.3,0.27,13.3,10.6,15.5,30.41,240,2
1000.4,1.33,14.4,12.6,16.2,38.64,150,3
1000.4,1.33,14.4,12.6,16.2,11.27,30,1
1000.4,1.33,14.4,12.6,16.2,14.49,10,1
1000.4,1.33,14.4,12.6,16.2,20.4,140,3
1000.4,1.33,14.4,12.6,16.2,16.1,240,3
1000.4,1.33,14.4,12.6,16.2,28.98,260,3
1000.4,1.33,14.4,12.6,16.2,23.47,350,3
1000.4,2.28,17.3,11.9,24.3,38.64,150,3
1000.4,2.28,17.3,11.9,24.3,11.27,30,1
1000.4,2.28,17.3,11.9,24.3,14.49,10,1
1000.4,2.28,17.3,11.9,24.3,20.4,140,3
1000.4,2.28,17.3,11.9,24.3,16.1,240,3
1000.4,2.28,17.3,11.9,24.3,28.98,260,3
1000.4,2.28,17.3,11.9,24.3,23.47,350,3
1000.4,1.25,0.2,-2.5,5.0,38.64,150,3
1000.4,1.25,0.2,-2.5,5.0,11.27,30,1
1000.4,1.25,0.2,-2.5,5.0,14.49,10,1
1000.4,1.25,0.2,-2.5,5.0,20.4,140,3
1000.4,1.25,0.2,-2.5,5.0,16.1,240,3
1000.4,1.25,0.2,-2.5,5.0,28.98,260,3
1000.4,1.25,0.2,-2.5,5.0,23.47,350,3
1000.4,1.94,15.7,13.2,20.0,38.64,150,2
1000.4,1.94,15.7,13.2,20.0,11.27,30,0
1000.4,1.94,15.7,13.2,20.0,14.49,10,0
1000.4,1.94,15.7,13.2,20.0,20.4,140,2
1000.4,1.94,15.7,13.2,20.0,16.1,240,2
1000.4,1.94,15.7,13.2,20.0,28.98,260,2
1000.4,1.94,15.7,13.2,20.0,23.47,350,2
1000.4,0.89,9.3,6.1,13.2,38.64,150,2
1000.4,0.89,9.3,6.1,13.2,11.27,30,0
1000.4,0.89,9.3,6.1,13.2,14.49,10,0
1000.4,0.89,9.3,6.1,13.2,20.4,140,2
1000.4,0.89,9.3,6.1,13.2,16.1,240,2
1000.4,0.89,9.3,6.1,13.2,28.98,260,2
1000.4,0.89,9.3,6.1,13.2,23.47,350,2
1000.4,0.36,12.4,10.7,14.8,38.64,150,2
1000.4,0.36,12.4,10.7,14.8,11.27,30,0
1000.4,0.36,12.4,10.7,14.8,14.49,10,0
1000.4,0.36,12.4,10.7,14.8,20.4,140,2
1000.4,0.36,12.4,10.7,14.8,16.1,240,2
1000.4,0.36,12.4,10.7,14.8,28.98,260,2
1000.4,0.36,12.4,10.7,14.8,23.47,350,2
1000.4,0.24,6.6,4.9,9.8,38.64,150,2
1000.4,0.24,6.6,4.9,9.8,11.27,30,0
1000.4,0.24,6.6,4.9,9.8,14.49,10,0
1000.4,0.24,6.6,4.9,9.8,20.4,140,2
1000.4,0.24,6.6,4.9,9.8,16.1,240,2
1000.4,0.24,6.6,4.9,9.8,28.98,260,2
1000.4,0.24,6.6,4.9,9.8,23.47,350,2
1000.4,0.45,6.7,2.7,10.4,38.64,150,2
1000.4,0.45,6.7,2.7,10.4,11.27,30,0
1000.4,0.45,6.7,2.7,10.4,14.49,10,0
1000.4,0.45,6.7,2.7,10.4,20.4,140,2
1000.4,0.45,6.7,2.7,10.4,16.1,240,2
1000.4,0.45,6.7,2.7,10.4,28.98,260,2
1000.4,0.45,6.7,2.7,10.4,23.47,350,2
1000.4,0.85,7.1,3.1,12.0,38.64,150,2
1000.4,0.85,7.1,3.1,12.0,11.27,30,0
1000.4,0.85,7.1,3.1,12.0,14.49,10,0
1000.4,0.85,7.1,3.1,12.0,20.4,140,2
1000.4,0.85,7.1,3.1,12.0,16.1,240,2
1000.4,0.85,7.1,3.1,12.0,28.98,260,2
1000.4,0.85,7.1,3.1,12.0,23.47,350,2
1000.4,0.74,0.5,-1.3,3.7,38.64,150,2
1000.4,0.74,0.5,-1.3,3.7,11.27,30,0
1000.4,0.74,0.5,-1.3,3.7,14.49,10,0
1000.4,0.74,0.5,-1.3,3.7,20.4,140,2
1000.4,0.74,0.5,-1.3,3.7,16.1,240,2
1000.4,0.74,0.5,-1.3,3.7,28.98,260,2
1000.4,0.74,0.5,-1.3,3.7,23.47,350,2
1000.4,0.22,6.7,4.6,8.5,38.64,150,2
1000.4,0.22,6.7,4.6,8.5,11.27,30,0
1000.4,0.22,6.7,4.6,8.5,14.49,10,0
1000.4,0.22,6.7,4.6,8.5,20.4,140,2
1000.4,0.22,6.7,4.6,8.5,16.1,240,2
1000.4,0.22,6.7,4.6,8.5,28.98,260,2
1000.4,0.22,6.7,4.6,8.5,23.47,350,2
1000.4,0.21,5.7,3.1,7.5,38.64,150,2
1000.4,0.21,5.7,3.1,7.5,11.27,30,0
1000.4,0.21,5.7,3.1,7.5,14.49,10,0
1000.4,0.21,5.7,3.1,7.5,20.4,140,2
1000.4,0.21,5.7,3.1,7.5,16.1,240,2
1000.4,0.21,5.7,3.1,7.5,28.98,260,2
1000.4,0.21,5.7,3.1,7.5,23.47,350,2
1000.4,0.1,6.0,3.6,9.2,38.64,150,2
1000.4,0.1,6.0,3.6,9.2,11.27,30,0
1000.4,0.1,6.0,3.6,9.2,14.49,10,0
1000.4,0.1,6.0,3.6,9.2,20.4,140,2
1000.4,0.1,6.0,3.6,9.2,16.1,240,2
1000.4,0.1,6.0,3.6,9.2,28.98,260,2
1000.4,0.1,6.0,3.6,9.2,23.47,350,2
1000.4,2.06,14.2,9.4,19.2,38.64,150,2
1000.4,2.06,14.2,9.4,19.2,11.27,30,0
1000.4,2.06,14.2,9.4,19.2,14.49,10,0
1000.4,2.06,14.2,9.4,19.2,20.4,140,2
1000.4,2.06,14.2,9.4,19.2,16.1,240,2
1000.4,2.06,14.2,9.4,19.2,28.98,260,2
1000.4,2.06,14.2,9.4,19.2,23.47,350,2
1000.4,1.09,13.0,11.6,16.9,38.64,150,2
1000.4,1.09,13.0,11.6,16.9,11.27,30,0
1000.4,1.09,13.0,11.6,16.9,14.49,10,0
1000.4,1.09,13.0,11.6,16.9,20.4,140,2
1000.4,1.09,13.0,11.6,16.9,16.1,240,2
1000.4,1.09,13.0,11.6,16.9,28.98,260,2
1000.4,1.09,13.0,11.6,16.9,23.47,350,2
1000.4,0.43,9.3,7.3,11.2,38.64,150,2
1000.4,0.43,9.3,7.3,11.2,11.27,30,0
1000.4,0.43,9.3,7.3,11.2,14.49,10,0
1000.4,0.43,9.3,7.3,11.2,20.4,140,2
1000.4,0.43,9.3,7.3,11.2,16.1,240,2
1000.4,0.43,9.3,7.3,11.2,28.98,260,2
1000.4,0.43,9.3,7.3,11.2,23.47,350,2
1000.4,0.44,2.8,0.4,4.6,38.64,150,2
1000.4,0.44,2.8,0.4,4.6,11.27,30,0
1000.4,0.44,2.8,0.4,4.6,14.49,10,0
1000.4,0.44,2.8,0.4,4.6,20.4,140,2
1000.4,0.44,2.8,0.4,4.6,16.1,240,2
1000.4,0.44,2.8,0.4,4.6,28.98,260,2
1000.4,0.44,2.8,0.4,4.6,23.47,350,2
1000.4,0.4,9.3,5.2,10.9,38.64,150,2
1000.4,0.4,9.3,5.2,10.9,11.27,30,0
1000.4,0.4,9.3,5.2,10.9,14.49,10,0
1000.4,0.4,9.3,5.2,10.9,20.4,140,2
1000.4,0.4,9.3,5.2,10.9,16.1,240,2
1000.4,0.4,9.3,5.2,10.9,28.98,260,2
1000.4,0.4,9.3,5.2,10.9,23.47,350,2
1000.4,0.44,8.4,8.3,8.6,38.64,150,2
1000.4,0.44,8.4,8.3,8.6,11.27,30,0
1000.4,0.44,8.4,8.3,8.6,14.49,10,0
1000.4,0.44,8.4,8.3,8.6,20.4,140,2
1000.4,0.44,8.4,8.3,8.6,16.1,240,2
1000.4,0.44,8.4,8.3,8.6,28.98,260,2
1000.4,0.44,8.4,8.3,8.6,23.47,350,2
1000.4,0.28,2.6,-0.1,11.1,38.64,150,2
1000.4,0.28,2.6,-0.1,11.1,11.27,30,0
1000.4,0.28,2.6,-0.1,11.1,14.49,10,0
1000.4,0.28,2.6,-0.1,11.1,20.4,140,2
1000.4,0.28,2.6,-0.1,11.1,16.1,240,2
1000.4,0.28,2.6,-0.1,11.1,28.98,260,2
1000.4,0.28,2.6,-0.1,11.1,23.47,350,2
1000.4,0.5,8.9,5.6,13.0,38.64,150,2
1000.4,0.5,8.9,5.6,13.0,11.27,30,0
1000.4,0.5,8.9,5.6,13.0,14.49,10,0
1000.4,0.5,8.9,5.6,13.0,20.4,140,2
1000.4,0.5,8.9,5.6,13.0,16.1,240,2
1000.4,0.5,8.9,5.6,13.0,28.98,260,2
1000.4,0.5,8.9,5.6,13.0,23.47,350,2
1000.4,0.15,8.3,6.7,10.0,38.64,150,2
1000.4,0.15,8.3,6.7,10.0,11.27,30,0
1000.4,0.15,8.3,6.7,10.0,14.49,10,0
1000.4,0.15,8.3,6.7,10.0,20.4,140,2
1000.4,0.15,8.3,6.7,10.0,16.1,240,2
1000.4,0.15,8.3,6.7,10.0,28.98,260,2
1000.4,0.15,8.3,6.7,10.0,23.47,350,2
1000.4,0.5,6.5,4.0,10.0,38.64,150,2
1000.4,0.5,6.5,4.0,10.0,11.27,30,0
1000.4,0.5,6.5,4.0,10.0,14.49,10,0
1000.4,0.5,6.5,4.0,10.0,20.4,140,2
1000.4,0.5,6.5,4.0,10.0,16.1,240,2
1000.4,0.5,6.5,4.0,10.0,28.98,260,2
1000.4,0.5,6.5,4.0,10.0,23.47,350,2
1000.5,0.42,8.8,6.4,11.1,10.58,190,1
1000.5,0.42,8.8,6.4,11.1,38.91,239,3
1000.5,0.42,8.8,6.4,11.1,16.1,160,3
1000.5,0.42,8.8,6.4,11.1,8.05,40,1
1000.5,0.42,8.8,6.4,11.1,11.27,0,1
1000.5,0.42,8.8,6.4,11.1,9.66,180,1
1000.5,0.42,8.8,6.4,11.1,17.71,260,3
1000.5,0.42,8.8,6.4,11.1,9.66,270,1
1000.5,0.42,8.8,6.4,11.1,28.72,222,3
1000.5,0.32,7.0,4.8,10.0,10.58,190,1
1000.5,0.32,7.0,4.8,10.0,38.91,239,3
1000.5,0.32,7.0,4.8,10.0,16.1,160,3
1000.5,0.32,7.0,4.8,10.0,8.05,40,1
1000.5,0.32,7.0,4.8,10.0,11.27,0,1
1000.5,0.32,7.0,4.8,10.0,9.66,180,1
1000.5,0.32,7.0,4.8,10.0,17.71,260,3
1000.5,0.32,7.0,4.8,10.0,9.66,270,1
1000.5,0.32,7.0,4.8,10.0,28.72,222,3
1000.5,1.79,8.1,3.7,13.0,10.58,190,1
1000.5,1.79,8.1,3.7,13.0,38.91,239,3
1000.5,1.79,8.1,3.7,13.0,16.1,160,3
1000.5,1.79,8.1,3.7,13.0,8.05,40,1
1000.5,1.79,8.1,3.7,13.0,11.27,0,1
1000.5,1.79,8.1,3.7,13.0,9.66,180,1
1000.5,1.79,8.1,3.7,13.0,17.71,260,3
1000.5,1.79,8.1,3.7,13.0,9.66,270,1
1000.5,1.79,8.1,3.7,13.0,28.72,222,3
1000.5,1.53,15.3,12.4,18.2,10.58,190,1
1000.5,1.53,15.3,12.4,18.2,38.91,239,3
1000.5,1.53,15.3,12.4,18.2,16.1,160,3
1000.5,1.53,15.3,12.4,18.2,8.05,40,1
1000.5,1.53,15.3,12.4,18.2,11.27,0,1
1000.5,1.53,15.3,12.4,18.2,9.66,180,1
1000.5,1.53,15.3,12.4,18.2,17.71,260,3
1000.5,1.53,15.3,12.4,18.2,9.66,270,1
1000.5,1.53,15.3,12.4,18.2,28.72,222,3
1000.5,0.21,9.1,6.1,11.7,10.58,190,0
1000.5,0.21,9.1,6.1,11.7,38.91,239,2
1000.5,0.21,9.1,6.1,11.7,16.1,160,2
1000.5,0.21,9.1,6.1,11.7,8.05,40,0
1000.5,0.21,9.1,6.1,11.7,11.27,0,0
1000.5,0.21,9.1,6.1,11.7,9.66,180,0
1000.5,0.21,9.1,6.1,11.7,17.71,260,2
1000.5,0.21,9.1,6.1,11.7,9.66,270,0
1000.5,0.21,9.1,6.1,11.7,28.72,222,2
1000.5,1.48,11.8,9.7,15.7,10.58,190,0
1000.5,1.48,11.8,9.7,15.7,38.91,239,2
1000.5,1.48,11.8,9.7,15.7,16.1,160,2
1000.5,1.48,11.8,9.7,15.7,8.05,40,0
1000.5,1.48,11.8,9.7,15.7,11.27,0,0
1000.5,1.48,11.8,9.7,15.7,9.66,180,0
1000.5,1.48,11.8,9.7,15.7,17.71,260,2
1000.5,1.48,11.8,9.7,15.7,9.66,270,0
1000.5,1.48,11.8,9.7,15.7,28.72,222,2
1000.5,1.42,15.1,12.4,19.4,10.58,190,0
1000.5,1.42,15.1,12.4,19.4,38.91,239,2
1000.5,1.42,15.1,12.4,19.4,16.1,160,2
1000.5,1.42,15.1,12.4,19.4,8.05,40,0
1000.5,1.42,15.1,12.4,19.4,11.27,0,0
1000.5,1.42,15.1,12.4,19.4,9.66,180,0
1000.5,1.42,15.1,12.4,19.4,17.71,260,2
1000.5,1.42,15.1,12.4,19.4,9.66,270,0
1000.5,1.42,15.1,12.4,19.4,28.72,222,2
1000.5,0.26,10.7,7.8,14.3,10.58,190,0
1000.5,0.26,10.7,7.8,14.3,38.91,239,2
1000.5,0.26,10.7,7.8,14.3,16.1,160,2
1000.5,0.26,10.7,7.8,14.3,8.05,40,0
1000.5,0.26,10.7,7.8,14.3,11.27,0,0
1000.5,0.26,10.7,7.8,14.3,9.66,180,0
1000.5,0.26,10.7,7.8,14.3,17.71,260,2
1000.5,0.26,10.7,7.8,14.3,9.66,270,0
1000.5,0.26,10.7,7.8,14.3,28.72,222,2
1000.5,1.54,14.6,10.4,19.0,10.58,190,0
1000.5,1.54,14.6,10.4,19.0,38.91,239,2
1000.5,1.54,14.6,10.4,19.0,16.1,160,2
1000.5,1.54,14.6,10.4,19.0,8.05,40,0
1000.5,1.54,14.6,10.4,19.0,11.27,0,0
1000.5,1.54,14.6,10.4,19.0,9.66,180,0
1000.5,1.54,14.6,10.4,19.0,17.71,260,2
1000.5,1.54,14.6,10.4,19.0,9.66,270,0
1000.5,1.54,14.6,10.4,19.0,28.72,222,2
1000.5,0.14,8.4,4.2,11.3,10.58,190,0
1000.5,0.14,8.4,4.2,11.3,38.91,239,2
1000.5,0.14,8.4,4.2,11.3,16.1,160,2
1000.5,0.14,8.4,4.2,11.3,8.05,40,0
1000.5,0.14,8.4,4.2,11.3,11.27,0,0
1000.5,0.14,8.4,4.2,11.3,9.66,180,0
1000.5,0.14,8.4,4.2,11.3,17.71,260,2
1000.5,0.14,8.4,4.2,11.3,9.66,270,0
1000.5,0.14,8.4,4.2,11.3,28.72,222,2
1000.5,0.61,0.2,-2.3,4.7,10.58,190,0
1000.5,0.61,0.2,-2.3,4.7,38.91,239,2
1000.5,0.61,0.2,-2.3,4.7,16.1,160,2
1000.5,0.61,0.2,-2.3,4.7,8.05,40,0
1000.5,0.61,0.2,-2.3,4.7,11.27,0,0
1000.5,0.61,0.2,-2.3,4.7,9.66,180,0
1000.5,0.61,0.2,-2.3,4.7,17.71,260,2
1000.5,0.61,0.2,-2.3,4.7,9.66,270,0
1000.5,0.61,0.2,-2.3,4.7,28.72,222,2
1000.5,0.96,9.4,7.9,11.3,10.58,190,0
1000.5,0.96,9.4,7.9,11.3,38.91,239,2
1000.5,0.96,9.4,7.9,11.3,16.1,160,2
1000.5,0.96,9.4,7.9,11.3,8.05,40,0
1000.5,0.96,9.4,7.9,11.3,11.27,0,0
1000.5,0.96,9.4,7.9,11.3,9.66,180,0
1000.5,0.96,9.4,7.9,11.3,17.71,260,2
1000.5,0.96,9.4,7.9,11.3,9.66,270,0
1000.5,0.96,9.4,7.9,11.3,28.72,222,2
1000.5,0.54,7.3,4.9,9.6,10.58,190,0
1000.5,0.54,7.3,4.9,9.6,38.91,239,2
1000.5,0.54,7.3,4.9,9.6,16.1,160,2
1000.5,0.54,7.3,4.9,9.6,8.05,40,0
1000.5,0.54,7.3,4.9,9.6,11.27,0,0
1000.5,0.54,7.3,4.9,9.6,9.66,180,0
1000.5,0.54,7.3,4.9,9.6,17.71,260,2
1000.5,0.54,7.3,4.9,9.6,9.66,270,0
1000.5,0.54,7.3,4.9,9.6,28.72,222,2
1000.5,0.17,9.0,7.9,11.4,10.58,190,0
1000.5,0.17,9.0,7.9,11.4,38.91,239,2
1000.5,0.17,9.0,7.9,11.4,16.1,160,2
1000.5,0.17,9.0,7.9,11.4,8.05,40,0
1000.5,0.17,9.0,7.9,11.4,11.27,0,0
1000.5,0.17,9.0,7.9,11.4,9.66,180,0
1000.5,0.17,9.0,7.9,11.4,17.71,260,2
1000.5,0.17,9.0,7.9,11.4,9.66,270,0
1000.5,0.17,9.0,7.9,11.4,28.72,222,2
1000.5,0.34,15.4,13.6,12.1,10.58,190,0
1000.5,0.34,15.4,13.6,12.1,38.91,239,2
1000.5,0.34,15.4,13.6,12.1,16.1,160,2
1000.5,0.34,15.4,13.6,12.1,8.05,40,0
1000.5,0.34,15.4,13.6,12.1,11.27,0,0
1000.5,0.34,15.4,13.6,12.1,9.66,180,0
1000.5,0.34,15.4,13.6,12.1,17.71,260,2
1000.5,0.34,15.4,13.6,12.1,9.66,270,0
1000.5,0.34,15.4,13.6,12.1,28.72,222,2
1000.5,0.29,8.3,3.7,10.8,10.58,190,0
1000.5,0.29,8.3,3.7,10.8,38.91,239,2
1000.5,0.29,8.3,3.7,10.8,16.1,160,2
1000.5,0.29,8.3,3.7,10.8,8.05,40,0
1000.5,0.29,8.3,3.7,10.8,11.27,0,0
1000.5,0.29,8.3,3.7,10.8,9.66,180,0
1000.5,0.29,8.3,3.7,10.8,17.71,260,2
1000.5,0.29,8.3,3.7,10.8,9.66,270,0
1000.5,0.29,8.3,3.7,10.8,28.72,222,2
1000.5,0.66,17.2,14.9,19.5,10.58,190,0
1000.5,0.66,17.2,14.9,19.5,38.91,239,2
1000.5,0.66,17.2,14.9,19.5,16.1,160,2
1000.5,0.66,17.2,14.9,19.5,8.05,40,0
1000.5,0.66,17.2,14.9,19.5,11.27,0,0
1000.5,0.66,17.2,14.9,19.5,9.66,180,0
1000.5,0.66,17.2,14.9,19.5,17.71,260,2
1000.5,0.66,17.2,14.9,19.5,9.66,270,0
1000.5,0.66,17.2,14.9,19.5,28.72,222,2
1000.5,0.26,10.4,7.7,12.8,10.58,190,0
1000.5,0.26,10.4,7.7,12.8,38.91,239,2
1000.5,0.26,10.4,7.7,12.8,16.1,160,2
1000.5,0.26,10.4,7.7,12.8,8.05,40,0
1000.5,0.26,10.4,7.7,12.8,11.27,0,0
1000.5,0.26,10.4,7.7,12.8,9.66,180,0
1000.5,0.26,10.4,7.7,12.8,17.71,260,2
1000.5,0.26,10.4,7.7,12.8,9.66,270,0
1000.5,0.26,10.4,7.7,12.8,28.72,222,2
1000.6,0.89,2.0,-0.6,5.9,16.1,270,3
1000.6,0.89,2.0,-0.6,5.9,5.36,193,1
1000.6,0.89,2.0,-0.6,5.9,11.27,90,1
1000.6,0.47,0.9,-0.8,5.8,16.1,270,3
1000.6,0.47,0.9,-0.8,5.8,5.36,193,1
1000.6,0.47,0.9,-0.8,5.8,11.27,90,1
1000.6,0.34,2.9,-1.4,7.2,16.1,270,3
1000.6,0.34,2.9,-1.4,7.2,5.36,193,1
1000.6,0.34,2.9,-1.4,7.2,11.27,90,1
1000.6,0.32,-0.6,-3.8,0.9,16.1,270,3
1000.6,0.32,-0.6,-3.8,0.9,5.36,193,1
1000.6,0.32,-0.6,-3.8,0.9,11.27,90,1
1000.6,0.8,10.1,5.3,14.5,16.1,270,3
1000.6,0.8,10.1,5.3,14.5,5.36,193,1
1000.6,0.8,10.1,5.3,14.5,11.27,90,1
1000.6,0.25,6.7,0.7,12.7,16.1,270,3
1000.6,0.25,6.7,0.7,12.7,5.36,193,1
1000.6,0.25,6.7,0.7,12.7,11.27,90,1
1000.6,0.34,7.8,5.3,11.0,16.1,270,3
1000.6,0.34,7.8,5.3,11.0,5.36,193,1
1000.6,0.34,7.8,5.3,11.0,11.27,90,1
1000.6,0.21,6.2,3.9,7.9,16.1,270,2
1000.6,0.21,6.2,3.9,7.9,5.36,193,0
1000.6,0.21,6.2,3.9,7.9,11.27,90,0
1000.6,1.24,13.3,9.0,17.8,16.1,270,2
1000.6,1.24,13.3,9.0,17.8,5.36,193,0
1000.6,1.24,13.3,9.0,17.8,11.27,90,0
1000.6,0.14,5.1,4.5,6.3,16.1,270,2
1000.6,0.14,5.1,4.5,6.3,5.36,193,0
1000.6,0.14,5.1,4.5,6.3,11.27,90,0
1000.6,0.65,1.0,-0.2,3.9,16.1,270,2
1000.6,0.65,1.0,-0.2,3.9,5.36,193,0
1000.6,0.65,1.0,-0.2,3.9,11.27,90,0
1000.6,0.64,5.7,3.4,9.1,16.1,270,2
1000.6,0.64,5.7,3.4,9.1,5.36,193,0
1000.6,0.64,5.7,3.4,9.1,11.27,90,0
1000.6,0.5,4.2,1.2,7.4,16.1,270,2
1000.6,0.5,4.2,1.2,7.4,5.36,193,0
1000.6,0.5,4.2,1.2,7.4,11.27,90,0
1000.6,0.69,5.7,3.4,9.3,16.1,270,2
1000.6,0.69,5.7,3.4,9.3,5.36,193,0
1000.6,0.69,5.7,3.4,9.3,11.27,90,0
1000.6,0.57,10.1,9.0,12.3,16.1,270,2
1000.6,0.57,10.1,9.0,12.3,5.36,193,0
1000.6,0.57,10.1,9.0,12.3,11.27,90,0
1000.6,0.18,6.5,5.4,8.4,16.1,270,2
1000.6,0.18,6.5,5.4,8.4,5.36,193,0
1000.6,0.18,6.5,5.4,8.4,11.27,90,0
1000.6,0.12,14.0,10.6,16.3,16.1,270,2
1000.6,0.12,14.0,10.6,16.3,5.36,193,0
1000.6,0.12,14.0,10.6,16.3,11.27,90,0
1000.6,0.16,9.4,7.6,4.8,16.1,270,2
1000.6,0.16,9.4,7.6,4.8,5.36,193,0
1000.6,0.16,9.4,7.6,4.8,11.27,90,0
1000.6,0.52,6.4,4.0,8.8,16.1,270,2
1000.6,0.52,6.4,4.0,8.8,5.36,193,0
1000.6,0.52,6.4,4.0,8.8,11.27,90,0
1000.6,0.49,16.9,16.5,19.4,16.1,270,2
1000.6,0.49,16.9,16.5,19.4,5.36,193,0
1000.6,0.49,16.9,16.5,19.4,11.27,90,0
1000.6,0.35,8.4,5.5,10.4,16.1,270,2
1000.6,0.35,8.4,5.5,10.4,5.36,193,0
1000.6,0.35,8.4,5.5,10.4,11.27,90,0
1000.6,0.45,6.7,4.4,10.1,16.1,270,2
1000.6,0.45,6.7,4.4,10.1,5.36,193,0
1000.6,0.45,6.7,4.4,10.1,11.27,90,0
1000.6,0.68,16.1,12.7,19.3,16.1,270,2
1000.6,0.68,16.1,12.7,19.3,5.36,193,0
1000.6,0.68,16.1,12.7,19.3,11.27,90,0
1000.6,0.22,3.2,0.1,6.4,16.1,270,2
1000.6,0.22,3.2,0.1,6.4,5.36,193,0
1000.6,0.22,3.2,0.1,6.4,11.27,90,0
1000.6,0.24,0.7,0.1,1.0,16.1,270,2
1000.6,0.24,0.7,0.1,1.0,5.36,193,0
1000.6,0.24,0.7,0.1,1.0,11.27,90,0
1000.6,0.42,7.0,5.4,8.8,16.1,270,2
1000.6,0.42,7.0,5.4,8.8,5.36,193,0
1000.6,0.42,7.0,5.4,8.8,11.27,90,0
1000.7,2.28,12.5,7.3,19.6,11.01,151,1
1000.7,2.28,12.5,7.3,19.6,22.54,170,3
1000.7,2.28,12.5,7.3,19.6,14.49,250,1
1000.7,2.28,12.5,7.3,19.6,16.1,150,3
1000.7,2.28,12.5,7.3,19.6,7.97,20,1
1000.7,2.28,12.5,7.3,19.6,14.15,273,1
1000.7,2.28,12.5,7.3,19.6,8.13,57,1
1000.7,2.28,12.5,7.3,19.6,20.93,250,3
1000.7,2.28,12.5,7.3,19.6,28.98,260,3
1000.7,2.28,12.5,7.3,19.6,9.72,121,1
1000.7,2.28,12.5,7.3,19.6,13.51,138,1
1000.7,2.28,12.5,7.3,19.6,13.7,246,1
1000.7,0.5,3.8,-1.3,8.9,11.01,151,1
1000.7,0.5,3.8,-1.3,8.9,22.54,170,3
1000.7,0.5,3.8,-1.3,8.9,14.49,250,1
1000.7,0.5,3.8,-1.3,8.9,16.1,150,3
1000.7,0.5,3.8,-1.3,8.9,7.97,20,1
1000.7,0.5,3.8,-1.3,8.9,14.15,273,1
1000.7,0.5,3.8,-1.3,8.9,8.13,57,1
1000.7,0.5,3.8,-1.3,8.9,20.93,250,3
1000.7,0.5,3.8,-1.3,8.9,28.98,260,3
1000.7,0.5,3.8,-1.3,8.9,9.72,121,1
1000.7,0.5,3.8,-1.3,8.9,13.51,138,1
1000.7,0.5,3.8,-1.3,8.9,13.7,246,1
1000.7,0.26,8.1,6.2,11.9,11.01,151,1
1000.7,0.26,8.1,6.2,11.9,22.54,170,3
1000.7,0.26,8.1,6.2,11.9,14.49,250,1
1000.7,0.26,8.1,6.2,11.9,16.1,150,3
1000.7,0.26,8.1,6.2,11.9,7.97,20,1
1000.7,0.26,8.1,6.2,11.9,14.15,273,1
1000.7,0.26,8.1,6.2,11.9,8.13,57,1
1000.7,0.26,8.1,6.2,11.9,20.93,250,3
1000.7,0.26,8.1,6.2,11.9,28.98,260,3
1000.7,0.26,8.1,6.2,11.9,9.72,121,1
1000.7,0.26,8.1,6.2,11.9,13.51,138,1
1000.7,0.26,8.1,6.2,11.9,13.7,246,1
1000.7,1.25,10.5,5.2,16.1,11.01,151,0
1000.7,1.25,10.5,5.2,16.1,22.54,170,2
1000.7,1.25,10.5,5.2,16.1,14.49,250,0
1000.7,1.25,10.5,5.2,16.1,16.1,150,2
1000.7,1.25,10.5,5.2,16.1,7.97,20,0
1000.7,1.25,10.5,5.2,16.1,14.15,273,0
1000.7,1.25,10.5,5.2,16.1,8.13,57,0
1000.7,1.25,10.5,5.2,16.1,20.93,250,2
1000.7,1.25,10.5,5.2,16.1,28.98,260,2
1000.7,1.25,10.5,5.2,16.1,9.72,121,0
1000.7,1.25,10.5,5.2,16.1,13.51,138,0
1000.7,1.25,10.5,5.2,16.1,13.7,246,0
1000.7,1.03,9.4,6.9,12.9,11.01,151,0
1000.7,1.03,9.4,6.9,12.9,22.54,170,2
1000.7,1.03,9.4,6.9,12.9,14.49,250,0
1000.7,1.03,9.4,6.9,12.9,16.1,150,2
1000.7,1.03,9.4,6.9,12.9,7.97,20,0
1000.7,1.03,9.4,6.9,12.9,14.15,273,0
1000.7,1.03,9.4,6.9,12.9,8.13,57,0
1000.7,1.03,9.4,6.9,12.9,20.93,250,2
1000.7,1.03,9.4,6.9,12.9,28.98,260,2
1000.7,1.03,9.4,6.9,12.9,9.72,121,0
1000.7,1.03,9.4,6.9,12.9,13.51,138,0
1000.7,1.03,9.4,6.9,12.9,13.7,246,0
1000.7,1.97,17.9,14.8,22.3,11.01,151,0
1000.7,1.97,17.9,14.8,22.3,22.54,170,2
1000.7,1.97,17.9,14.8,22.3,14.49,250,0
1000.7,1.97,17.9,14.8,22.3,16.1,150,2
1000.7,1.97,17.9,14.8,22.3,7.97,20,0
1000.7,1.97,17.9,14.8,22.3,14.15,273,0
1000.7,1.97,17.9,14.8,22.3,8.13,57,0
1000.7,1.97,17.9,14.8,22.3,20.93,250,2
1000.7,1.97,17.9,14.8,22.3,28.98,260,2
1000.7,1.97,17.9,14.8,22.3,9.72,121,0
1000.7,1.97,17.9,14.8,22.3,13.51,138,0
1000.7,1.97,17.9,14.8,22.3,13.7,246,0
1000.7,0.14,6.0,3.5,9.0,11.01,151,0
1000.7,0.14,6.0,3.5,9.0,22.54,170,2
1000.7,0.14,6.0,3.5,9.0,14.49,250,0
1000.7,0.14,6.0,3.5,9.0,16.1,150,2
1000.7,0.14,6.0,3.5,9.0,7.97,20,0
1000.7,0.14,6.0,3.5,9.0,14.15,273,0
1000.7,0.14,6.0,3.5,9.0,8.13,57,0
1000.7,0.14,6.0,3.5,9.0,20.93,250,2
1000.7,0.14,6.0,3.5,9.0,28.98,260,2
1000.7,0.14,6.0,3.5,9.0,9.72,121,0
1000.7,0.14,6.0,3.5,9.0,13.51,138,0
1000.7,0.14,6.0,3.5,9.0,13.7,246,0
1000.7,0.23,8.3,5.4,13.4,11.01,151,0
1000.7,0.23,8.3,5.4,13.4,22.54,170,2
1000.7,0.23,8.3,5.4,13.4,14.49,250,0
1000.7,0.23,8.3,5.4,13.4,16.1,150,2
1000.7,0.23,8.3,5.4,13.4,7.97,20,0
1000.7,0.23,8.3,5.4,13.4,14.15,273,0
1000.7,0.23,8.3,5.4,13.4,8.13,57,0
1000.7,0.23,8.3,5.4,13.4,20.93,250,2
1000.7,0.23,8.3,5.4,13.4,28.98,260,2
1000.7,0.23,8.3,5.4,13.4,9.72,121,0
1000.7,0.23,8.3,5.4,13.4,13.51,138,0
1000.7,0.23,8.3,5.4,13.4,13.7,246,0
1000.7,0.36,10.1,8.7,10.5,11.01,151,0
1000.7,0.36,10.1,8.7,10.5,22.54,170,2
1000.7,0.36,10.1,8.7,10.5,14.49,250,0
1000.7,0.36,10.1,8.7,10.5,16.1,150,2
1000.7,0.36,10.1,8.7,10.5,7.97,20,0
1000.7,0.36,10.1,8.7,10.5,14.15,273,0
1000.7,0.36,10.1,8.7,10.5,8.13,57,0
1000.7,0.36,10.1,8.7,10.5,20.93,250,2
1000.7,0.36,10.1,8.7,10.5,28.98,260,2
1000.7,0.36,10.1,8.7,10.5,9.72,121,0
1000.7,0.36,10.1,8.7,10.5,13.51,138,0
1000.7,0.36,10.1,8.7,10.5,13.7,246,0
1000.7,0.48,8.4,5.6,11.5,11.01,151,0
1000.7,0.48,8.4,5.6,11.5,22.54,170,2
1000.7,0.48,8.4,5.6,11.5,14.49,250,0
1000.7,0.48,8.4,5.6,11.5,16.1,150,2
1000.7,0.48,8.4,5.6,11.5,7.97,20,0
1000.7,0.48,8.4,5.6,11.5,14.15,273,0
1000.7,0.48,8.4,5.6,11.5,8.13,57,0
1000.7,0.48,8.4,5.6,11.5,20.93,250,2
1000.7,0.48,8.4,5.6,11.5,28.98,260,2
1000.7,0.48,8.4,5.6,11.5,9.72,121,0
1000.7,0.48,8.4,5.6,11.5,13.51,138,0
1000.7,0.48,8.4,5.6,11.5,13.7,246,0
1000.7,0.48,-1.5,-2.9,0.9,11.01,151,0
1000.7,0.48,-1.5,-2.9,0.9,22.54,170,2
1000.7,0.48,-1.5,-2.9,0.9,14.49,250,0
1000.7,0.48,-1.5,-2.9,0.9,16.1,150,2
1000.7,0.48,-1.5,-2.9,0.9,7.97,20,0
1000.7,0.48,-1.5,-2.9,0.9,14.15,273,0
1000.7,0.48,-1.5,-2.9,0.9,8.13,57,0
1000.7,0.48,-1.5,-2.9,0.9,20.93,250,2
1000.7,0.48,-1.5,-2.9,0.9,28.98,260,2
1000.7,0.48,-1.5,-2.9,0.9,9.72,121,0
1000.7,0.48,-1.5,-2.9,0.9,13.51,138,0
1000.7,0.48,-1.5,-2.9,0.9,13.7,246,0
1000.7,0.76,14.4,12.2,17.2,11.01,151,0
1000.7,0.76,14.4,12.2,17.2,22.54,170,2
1000.7,0.76,14.4,12.2,17.2,14.49,250,0
1000.7,0.76,14.4,12.2,17.2,16.1,150,2
1000.7,0.76,14.4,12.2,17.2,7.97,20,0
1000.7,0.76,14.4,12.2,17.2,14.15,273,0
1000.7,0.76,14.4,12.2,17.2,8.13,57,0
1000.7,0.76,14.4,12.2,17.2,20.93,250,2
1000.7,0.76,14.4,12.2,17.2,28.98,260,2
1000.7,0.76,14.4,12.2,17.2,9.72,121,0
1000.7,0.76,14.4,12.2,17.2,13.51,138,0
1000.7,0.76,14.4,12.2,17.2,13.7,246,0
1000.7,1.19,1.4,-1.9,3.5,11.01,151,0
1000.7,1.19,1.4,-1.9,3.5,22.54,170,2
1000.7,1.19,1.4,-1.9,3.5,14.49,250,0
1000.7,1.19,1.4,-1.9,3.5,16.1,150,2
1000.7,1.19,1.4,-1.9,3.5,7.97,20,0
1000.7,1.19,1.4,-1.9,3.5,14.15,273,0
1000.7,1.19,1.4,-1.9,3.5,8.13,57,0
1000.7,1.19,1.4,-1.9,3.5,20.93,250,2
1000.7,1.19,1.4,-1.9,3.5,28.98,260,2
1000.7,1.19,1.4,-1.9,3.5,9.72,121,0
1000.7,1.19,1.4,-1.9,3.5,13.51,138,0
1000.7,1.19,1.4,-1.9,3.5,13.7,246,0
1000.7,0.12,3.6,0.3,5.0,11.01,151,0
1000.7,0.12,3.6,0.3,5.0,22.54,170,2
1000.7,0.12,3.6,0.3,5.0,14.49,250,0
1000.7,0.12,3.6,0.3,5.0,16.1,150,2
1000.7,0.12,3.6,0.3,5.0,7.97,20,0
1000.7,0.12,3.6,0.3,5.0,14.15,273,0
1000.7,0.12,3.6,0.3,5.0,8.13,57,0
1000.7,0.12,3.6,0.3,5.0,20.93,250,2
1000.7,0.12,3.6,0.3,5.0,28.98,260,2
1000.7,0.12,3.6,0.3,5.0,9.72,121,0
1000.7,0.12,3.6,0.3,5.0,13.51,138,0
1000.7,0.12,3.6,0.3,5.0,13.7,246,0
1000.7,2.01,12.9,7.8,18.0,11.01,151,0
1000.7,2.01,12.9,7.8,18.0,22.54,170,2
1000.7,2.01,12.9,7.8,18.0,14.49,250,0
1000.7,2.01,12.9,7.8,18.0,16.1,150,2
1000.7,2.01,12.9,7.8,18.0,7.97,20,0
1000.7,2.01,12.9,7.8,18.0,14.15,273,0
1000.7,2.01,12.9,7.8,18.0,8.13,57,0
1000.7,2.01,12.9,7.8,18.0,20.93,250,2
1000.7,2.01,12.9,7.8,18.0,28.98,260,2
1000.7,2.01,12.9,7.8,18.0,9.72,121,0
1000.7,2.01,12.9,7.8,18.0,13.51,138,0
1000.7,2.01,12.9,7.8,18.0,13.7,246,0
1000.7,0.71,0.4,-3.7,3.9,11.01,151,0
1000.7,0.71,0.4,-3.7,3.9,22.54,170,2
1000.7,0.71,0.4,-3.7,3.9,14.49,250,0
1000.7,0.71,0.4,-3.7,3.9,16.1,150,2
1000.7,0.71,0.4,-3.7,3.9,7.97,20,0
1000.7,0.71,0.4,-3.7,3.9,14.15,273,0
1000.7,0.71,0.4,-3.7,3.9,8.13,57,0
1000.7,0.71,0.4,-3.7,3.9,20.93,250,2
1000.7,0.71,0.4,-3.7,3.9,28.98,260,2
1000.7,0.71,0.4,-3.7,3.9,9.72,121,0
1000.7,0.71,0.4,-3.7,3.9,13.51,138,0
1000.7,0.71,0.4,-3.7,3.9,13.7,246,0
1000.7,0.09,4.2,2.6,6.0,11.01,151,0
1000.7,0.09,4.2,2.6,6.0,22.54,170,2
1000.7,0.09,4.2,2.6,6.0,14.49,250,0
1000.7,0.09,4.2,2.6,6.0,16.1,150,2
1000.7,0.09,4.2,2.6,6.0,7.97,20,0
1000.7,0.09,4.2,2.6,6.0,14.15,273,0
1000.7,0.09,4.2,2.6,6.0,8.13,57,0
1000.7,0.09,4.2,2.6,6.0,20.93,250,2
1000.7,0.09,4.2,2.6,6.0,28.98,260,2
1000.7,0.09,4.2,2.6,6.0,9.72,121,0
1000.7,0.09,4.2,2.6,6.0,13.51,138,0
1000.7,0.09,4.2,2.6,6.0,13.7,246,0
1000.7,0.41,8.0,5.6,10.1,11.01,151,0
1000.7,0.41,8.0,5.6,10.1,22.54,170,2
1000.7,0.41,8.0,5.6,10.1,14.49,250,0
1000.7,0.41,8.0,5.6,10.1,16.1,150,2
1000.7,0.41,8.0,5.6,10.1,7.97,20,0
1000.7,0.41,8.0,5.6,10.1,14.15,273,0
1000.7,0.41,8.0,5.6,10.1,8.13,57,0
1000.7,0.41,8.0,5.6,10.1,20.93,250,2
1000.7,0.41,8.0,5.6,10.1,28.98,260,2
1000.7,0.41,8.0,5.6,10.1,9.72,121,0
1000.7,0.41,8.0,5.6,10.1,13.51,138,0
1000.7,0.41,8.0,5.6,10.1,13.7,246,0
1000.7,0.55,7.4,5.9,10.8,11.01,151,0
1000.7,0.55,7.4,5.9,10.8,22.54,170,2
1000.7,0.55,7.4,5.9,10.8,14.49,250,0
1000.7,0.55,7.4,5.9,10.8,16.1,150,2
1000.7,0.55,7.4,5.9,10.8,7.97,20,0
1000.7,0.55,7.4,5.9,10.8,14.15,273,0
1000.7,0.55,7.4,5.9,10.8,8.13,57,0
1000.7,0.55,7.4,5.9,10.8,20.93,250,2
1000.7,0.55,7.4,5.9,10.8,28.98,260,2
1000.7,0.55,7.4,5.9,10.8,9.72,121,0
1000.7,0.55,7.4,5.9,10.8,13.51,138,0
1000.7,0.55,7.4,5.9,10.8,13.7,246,0
1000.7,0.14,0.9,-0.4,2.3,11.01,151,0
1000.7,0.14,0.9,-0.4,2.3,22.54,170,2
1000.7,0.14,0.9,-0.4,2.3,14.49,250,0
1000.7,0.14,0.9,-0.4,2.3,16.1,150,2
1000.7,0.14,0.9,-0.4,2.3,7.97,20,0
1000.7,0.14,0.9,-0.4,2.3,14.15,273,0
1000.7,0.14,0.9,-0.4,2.3,8.13,57,0
1000.7,0.14,0.9,-0.4,2.3,20.93,250,2
1000.7,0.14,0.9,-0.4,2.3,28.98,260,2
1000.7,0.14,0.9,-0.4,2.3,9.72,121,0
1000.7,0.14,0.9,-0.4,2.3,13.51,138,0
1000.7,0.14,0.9,-0.4,2.3,13.7,246,0
1000.8,0.38,6.3,4.4,8.9,17.71,140,3
1000.8,0.38,6.3,4.4,8.9,17.71,300,3
1000.8,0.38,6.3,4.4,8.9,32.2,330,3
1000.8,0.38,6.3,4.4,8.9,40.25,340,3
1000.8,0.38,6.3,4.4,8.9,11.17,107,1
1000.8,0.38,6.3,4.4,8.9,25.9,232,3
1000.8,0.38,6.3,4.4,8.9,14.49,100,1
1000.8,0.38,6.3,4.4,8.9,7.89,123,1
1000.8,0.38,6.3,4.4,8.9,6.2,149,1
1000.8,0.34,14.0,11.0,16.6,17.71,140,2
1000.8,0.34,14.0,11.0,16.6,17.71,300,2
1000.8,0.34,14.0,11.0,16.6,32.2,330,2
1000.8,0.34,14.0,11.0,16.6,40.25,340,2
1000.8,0.34,14.0,11.0,16.6,11.17,107,0
1000.8,0.34,14.0,11.0,16.6,25.9,232,2
1000.8,0.34,14.0,11.0,16.6,14.49,100,0
1000.8,0.34,14.0,11.0,16.6,7.89,123,0
1000.8,0.34,14.0,11.0,16.6,6.2,149,0
1000.8,0.55,16.0,14.0,14.4,17.71,140,2
1000.8,0.55,16.0,14.0,14.4,17.71,300,2
1000.8,0.55,16.0,14.0,14.4,32.2,330,2
1000.8,0.55,16.0,14.0,14.4,40.25,340,2
1000.8,0.55,16.0,14.0,14.4,11.17,107,0
1000.8,0.55,16.0,14.0,14.4,25.9,232,2
1000.8,0.55,16.0,14.0,14.4,14.49,100,0
1000.8,0.55,16.0,14.0,14.4,7.89,123,0
1000.8,0.55,16.0,14.0,14.4,6.2,149,0
1000.8,0.46,11.5,8.7,13.8,17.71,140,2
1000.8,0.46,11.5,8.7,13.8,17.71,300,2
1000.8,0.46,11.5,8.7,13.8,32.2,330,2
1000.8,0.46,11.5,8.7,13.8,40.25,340,2
1000.8,0.46,11.5,8.7,13.8,11.17,107,0
1000.8,0.46,11.5,8.7,13.8,25.9,232,2
1000.8,0.46,11.5,8.7,13.8,14.49,100,0
1000.8,0.46,11.5,8.7,13.8,7.89,123,0
1000.8,0.46,11.5,8.7,13.8,6.2,149,0
1000.8,1.43,12.7,9.8,15.3,17.71,140,2
1000.8,1.43,12.7,9.8,15.3,17.71,300,2
1000.8,1.43,12.7,9.8,15.3,32.2,330,2
1000.8,1.43,12.7,9.8,15.3,40.25,340,2
1000.8,1.43,12.7,9.8,15.3,11.17,107,0
1000.8,1.43,12.7,9.8,15.3,25.9,232,2
1000.8,1.43,12.7,9.8,15.3,14.49,100,0
1000.8,1.43,12.7,9.8,15.3,7.89,123,0
1000.8,1.43,12.7,9.8,15.3,6.2,149,0
1000.8,0.67,4.5,-1.6,8.8,17.71,140,2
1000.8,0.67,4.5,-1.6,8.8,17.71,300,2
1000.8,0.67,4.5,-1.6,8.8,32.2,330,2
1000.8,0.67,4.5,-1.6,8.8,40.25,340,2
1000.8,0.67,4.5,-1.6,8.8,11.17,107,0
1000.8,0.67,4.5,-1.6,8.8,25.9,232,2
1000.8,0.67,4.5,-1.6,8.8,14.49,100,0
1000.8,0.67,4.5,-1.6,8.8,7.89,123,0
1000.8,0.67,4.5,-1.6,8.8,6.2,149,0
1000.8,0.84,8.9,5.9,12.9,17.71,140,2
1000.8,0.84,8.9,5.9,12.9,17.71,300,2
1000.8,0.84,8.9,5.9,12.9,32.2,330,2
1000.8,0.84,8.9,5.9,12.9,40.25,340,2
1000.8,0.84,8.9,5.9,12.9,11.17,107,0
1000.8,0.84,8.9,5.9,12.9,25.9,232,2
1000.8,0.84,8.9,5.9,12.9,14.49,100,0
1000.8,0.84,8.9,5.9,12.9,7.89,123,0
1000.8,0.84,8.9,5.9,12.9,6.2,149,0
1000.8,0.35,7.8,5.5,9.3,17.71,140,2
1000.8,0.35,7.8,5.5,9.3,17.71,300,2
1000.8,0.35,7.8,5.5,9.3,32.2,330,2
1000.8,0.35,7.8,5.5,9.3,40.25,340,2
1000.8,0.35,7.8,5.5,9.3,11.17,107,0
1000.8,0.35,7.8,5.5,9.3,25.9,232,2
1000.8,0.35,7.8,5.5,9.3,14.49,100,0
1000.8,0.35,7.8,5.5,9.3,7.89,123,0
1000.8,0.35,7.8,5.5,9.3,6.2,149,0
1000.8,1.11,11.6,9.0,14.2,17.71,140,2
1000.8,1.11,11.6,9.0,14.2,17.71,300,2
1000.8,1.11,11.6,9.0,14.2,32.2,330,2
1000.8,1.11,11.6,9.0,14.2,40.25,340,2
1000.8,1.11,11.6,9.0,14.2,11.17,107,0
1000.8,1.11,11.6,9.0,14.2,25.9,232,2
1000.8,1.11,11.6,9.0,14.2,14.49,100,0
1000.8,1.11,11.6,9.0,14.2,7.89,123,0
1000.8,1.11,11.6,9.0,14.2,6.2,149,0
1000.8,0.78,3.0,0.5,5.5,17.71,140,2
1000.8,0.78,3.0,0.5,5.5,17.71,300,2
1000.8,0.78,3.0,0.5,5.5,32.2,330,2
1000.8,0.78,3.0,0.5,5.5,40.25,340,2
1000.8,0.78,3.0,0.5,5.5,11.17,107,0
1000.8,0.78,3.0,0.5,5.5,25.9,232,2
1000.8,0.78,3.0,0.5,5.5,14.49,100,0
1000.8,0.78,3.0,0.5,5.5,7.89,123,0
1000.8,0.78,3.0,0.5,5.5,6.2,149,0
1000.8,0.04,-2.0,-6.1,-1.1,17.71,140,2
1000.8,0.04,-2.0,-6.1,-1.1,17.71,300,2
1000.8,0.04,-2.0,-6.1,-1.1,32.2,330,2
1000.8,0.04,-2.0,-6.1,-1.1,40.25,340,2
1000.8,0.04,-2.0,-6.1,-1.1,11.17,107,0
1000.8,0.04,-2.0,-6.1,-1.1,25.9,232,2
1000.8,0.04,-2.0,-6.1,-1.1,14.49,100,0
1000.8,0.04,-2.0,-6.1,-1.1,7.89,123,0
1000.8,0.04,-2.0,-6.1,-1.1,6.2,149,0
1000.8,1.73,7.3,5.3,11.3,17.71,140,2
1000.8,1.73,7.3,5.3,11.3,17.71,300,2
1000.8,1.73,7.3,5.3,11.3,32.2,330,2
1000.8,1.73,7.3,5.3,11.3,40.25,340,2
1000.8,1.73,7.3,5.3,11.3,11.17,107,0
1000.8,1.73,7.3,5.3,11.3,25.9,232,2
1000.8,1.73,7.3,5.3,11.3,14.49,100,0
1000.8,1.73,7.3,5.3,11.3,7.89,123,0
1000.8,1.73,7.3,5.3,11.3,6.2,149,0
1000.8,0.26,4.9,0.8,8.4,17.71,140,2
1000.8,0.26,4.9,0.8,8.4,17.71,300,2
1000.8,0.26,4.9,0.8,8.4,32.2,330,2
1000.8,0.26,4.9,0.8,8.4,40.25,340,2
1000.8,0.26,4.9,0.8,8.4,11.17,107,0
1000.8,0.26,4.9,0.8,8.4,25.9,232,2
1000.8,0.26,4.9,0.8,8.4,14.49,100,0
1000.8,0.26,4.9,0.8,8.4,7.89,123,0
1000.8,0.26,4.9,0.8,8.4,6.2,149,0
1000.8,0.36,4.3,1.7,7.3,17.71,140,2
1000.8,0.36,4.3,1.7,7.3,17.71,300,2
1000.8,0.36,4.3,1.7,7.3,32.2,330,2
1000.8,0.36,4.3,1.7,7.3,40.25,340,2
1000.8,0.36,4.3,1.7,7.3,11.17,107,0
1000.8,0.36,4.3,1.7,7.3,25.9,232,2
1000.8,0.36,4.3,1.7,7.3,14.49,100,0
1000.8,0.36,4.3,1.7,7.3,7.89,123,0
1000.8,0.36,4.3,1.7,7.3,6.2,149,0
1000.8,0.62,2.9,-0.6,5.7,17.71,140,2
1000.8,0.62,2.9,-0.6,5.7,17.71,300,2
1000.8,0.62,2.9,-0.6,5.7,32.2,330,2
1000.8,0.62,2.9,-0.6,5.7,40.25,340,2
1000.8,0.62,2.9,-0.6,5.7,11.17,107,0
1000.8,0.62,2.9,-0.6,5.7,25.9,232,2
1000.8,0.62,2.9,-0.6,5.7,14.49,100,0
1000.8,0.62,2.9,-0.6,5.7,7.89,123,0
1000.8,0.62,2.9,-0.6,5.7,6.2,149,0
1000.8,0.51,12.3,10.7,15.3,17.71,140,2
1000.8,0.51,12.3,10.7,15.3,17.71,300,2
1000.8,0.51,12.3,10.7,15.3,32.2,330,2
1000.8,0.51,12.3,10.7,15.3,40.25,340,2
1000.8,0.51,12.3,10.7,15.3,11.17,107,0
1000.8,0.51,12.3,10.7,15.3,25.9,232,2
1000.8,0.51,12.3,10.7,15.3,14.49,100,0
1000.8,0.51,12.3,10.7,15.3,7.89,123,0
1000.8,0.51,12.3,10.7,15.3,6.2,149,0
1000.8,0.48,4.5,2.1,6.9,17.71,140,2
1000.8,0.48,4.5,2.1,6.9,17.71,300,2
1000.8,0.48,4.5,2.1,6.9,32.2,330,2
1000.8,0.48,4.5,2.1,6.9,40.25,340,2
1000.8,0.48,4.5,2.1,6.9,11.17,107,0
1000.8,0.48,4.5,2.1,6.9,25.9,232,2
1000.8,0.48,4.5,2.1,6.9,14.49,100,0
1000.8,0.48,4.5,2.1,6.9,7.89,123,0
1000.8,0.48,4.5,2.1,6.9,6.2,149,0
1000.8,0.74,6.2,4.7,9.9,17.71,140,2
1000.8,0.74,6.2,4.7,9.9,17.71,300,2
1000.8,0.74,6.2,4.7,9.9,32.2,330,2
1000.8,0.74,6.2,4.7,9.9,40.25,340,2
1000.8,0.74,6.2,4.7,9.9,11.17,107,0
1000.8,0.74,6.2,4.7,9.9,25.9,232,2
1000.8,0.74,6.2,4.7,9.9,14.49,100,0
1000.8,0.74,6.2,4.7,9.9,7.89,123,0
1000.8,0.74,6.2,4.7,9.9,6.2,149,0
1000.9,0.33,9.4,8.2,10.6,6.01,179,1
1000.9,0.33,9.4,8.2,10.6,10.98,179,1
1000.9,0.33,9.4,8.2,10.6,11.27,10,1
1000.9,0.33,9.4,8.2,10.6,35.42,280,3
1000.9,0.33,9.4,8.2,10.6,22.54,330,3
1000.9,0.33,9.4,8.2,10.6,10.96,233,1
1000.9,0.33,9.4,8.2,10.6,31.09,315,3
1000.9,0.49,9.1,7.1,8.6,6.01,179,1
1000.9,0.49,9.1,7.1,8.6,10.98,179,1
1000.9,0.49,9.1,7.1,8.6,11.27,10,1
1000.9,0.49,9.1,7.1,8.6,35.42,280,3
1000.9,0.49,9.1,7.1,8.6,22.54,330,3
1000.9,0.49,9.1,7.1,8.6,10.96,233,1
1000.9,0.49,9.1,7.1,8.6,31.09,315,3
1000.9,1.64,10.4,7.9,13.8,6.01,179,1
1000.9,1.64,10.4,7.9,13.8,10.98,179,1
1000.9,1.64,10.4,7.9,13.8,11.27,10,1
1000.9,1.64,10.4,7.9,13.8,35.42,280,3
1000.9,1.64,10.4,7.9,13.8,22.54,330,3
1000.9,1.64,10.4,7.9,13.8,10.96,233,1
1000.9,1.64,10.4,7.9,13.8,31.09,315,3
1000.9,1.3,17.4,14.6,20.6,6.01,179,1
1000.9,1.3,17.4,14.6,20.6,10.98,179,1
1000.9,1.3,17.4,14.6,20.6,11.27,10,1
1000.9,1.3,17.4,14.6,20.6,35.42,280,3
1000.9,1.3,17.4,14.6,20.6,22.54,330,3
1000.9,1.3,17.4,14.6,20.6,10.96,233,1
1000.9,1.3,17.4,14.6,20.6,31.09,315,3
1000.9,0.5,0.0,-4.8,3.2,6.01,179,1
1000.9,0.5,0.0,-4.8,3.2,10.98,179,1
1000.9,0.5,0.0,-4.8,3.2,11.27,10,1
1000.9,0.5,0.0,-4.8,3.2,35.42,280,3
1000.9,0.5,0.0,-4.8,3.2,22.54,330,3
1000.9,0.5,0.0,-4.8,3.2,10.96,233,1
1000.9,0.5,0.0,-4.8,3.2,31.09,315,3
1000.9,0.42,6.7,4.5,9.9,6.01,179,0
1000.9,0.42,6.7,4.5,9.9,10.98,179,0
1000.9,0.42,6.7,4.5,9.9,11.27,10,0
1000.9,0.42,6.7,4.5,9.9,35.42,280,2
1000.9,0.42,6.7,4.5,9.9,22.54,330,2
1000.9,0.42,6.7,4.5,9.9,10.96,233,0
1000.9,0.42,6.7,4.5,9.9,31.09,315,2
1000.9,0.33,6.6,4.0,9.9,6.01,179,0
1000.9,0.33,6.6,4.0,9.9,10.98,179,0
1000.9,0.33,6.6,4.0,9.9,11.27,10,0
1000.9,0.33,6.6,4.0,9.9,35.42,280,2
1000.9,0.33,6.6,4.0,9.9,22.54,330,2
1000.9,0.33,6.6,4.0,9.9,10.96,233,0
1000.9,0.33,6.6,4.0,9.9,31.09,315,2
1000.9,0.25,8.8,3.9,12.4,6.01,179,0
1000.9,0.25,8.8,3.9,12.4,10.98,179,0
1000.9,0.25,8.8,3.9,12.4,11.27,10,0
1000.9,0.25,8.8,3.9,12.4,35.42,280,2
1000.9,0.25,8.8,3.9,12.4,22.54,330,2
1000.9,0.25,8.8,3.9,12.4,10.96,233,0
1000.9,0.25,8.8,3.9,12.4,31.09,315,2
1000.9,1.15,6.8,1.7,13.7,6.01,179,0
1000.9,1.15,6.8,1.7,13.7,10.98,179,0
1000.9,1.15,6.8,1.7,13.7,11.27,10,0
1000.9,1.15,6.8,1.7,13.7,35.42,280,2
1000.9,1.15,6.8,1.7,13.7,22.54,330,2
1000.9,1.15,6.8,1.7,13.7,10.96,233,0
1000.9,1.15,6.8,1.7,13.7,31.09,315,2
1000.9,0.12,6.4,4.2,9.7,6.01,179,0
1000.9,0.12,6.4,4.2,9.7,10.98,179,0
1000.9,0.12,6.4,4.2,9.7,11.27,10,0
1000.9,0.12,6.4,4.2,9.7,35.42,280,2
1000.9,0.12,6.4,4.2,9.7,22.54,330,2
1000.9,0.12,6.4,4.2,9.7,10.96,233,0
1000.9,0.12,6.4,4.2,9.7,31.09,315,2
1000.9,0.33,3.2,0.5,5.9,6.01,179,0
1000.9,0.33,3.2,0.5,5.9,10.98,179,0
1000.9,0.33,3.2,0.5,5.9,11.27,10,0
1000.9,0.33,3.2,0.5,5.9,35.42,280,2
1000.9,0.33,3.2,0.5,5.9,22.54,330,2
1000.9,0.33,3.2,0.5,5.9,10.96,233,0
1000.9,0.33,3.2,0.5,5.9,31.09,315,2
1000.9,0.23,7.6,6.0,9.4,6.01,179,0
1000.9,0.23,7.6,6.0,9.4,10.98,179,0
1000.9,0.23,7.6,6.0,9.4,11.27,10,0
1000.9,0.23,7.6,6.0,9.4,35.42,280,2
1000.9,0.23,7.6,6.0,9.4,22.54,330,2
1000.9,0.23,7.6,6.0,9.4,10.96,233,0
1000.9,0.23,7.6,6.0,9.4,31.09,315,2
1000.9,0.44,9.8,8.4,11.4,6.01,179,0
1000.9,0.44,9.8,8.4,11.4,10.98,179,0
1000.9,0.44,9.8,8.4,11.4,11.27,10,0
1000.9,0.44,9.8,8.4,11.4,35.42,280,2
1000.9,0.44,9.8,8.4,11.4,22.54,330,2
1000.9,0.44,9.8,8.4,11.4,10.96,233,0
1000.9,0.44,9.8,8.4,11.4,31.09,315,2
1000.9,0.35,2.7,1.4,4.0,6.01,179,0
1000.9,0.35,2.7,1.4,4.0,10.98,179,0
1000.9,0.35,2.7,1.4,4.0,11.27,10,0
1000.9,0.35,2.7,1.4,4.0,35.42,280,2
1000.9,0.35,2.7,1.4,4.0,22.54,330,2
1000.9,0.35,2.7,1.4,4.0,10.96,233,0
1000.9,0.35,2.7,1.4,4.0,31.09,315,2
1000.9,0.21,3.0,1.1,7.1,6.01,179,0
1000.9,0.21,3.0,1.1,7.1,10.98,179,0
1000.9,0.21,3.0,1.1,7.1,11.27,10,0
1000.9,0.21,3.0,1.1,7.1,35.42,280,2
1000.9,0.21,3.0,1.1,7.1,22.54,330,2
1000.9,0.21,3.0,1.1,7.1,10.96,233,0
1000.9,0.21,3.0,1.1,7.1,31.09,315,2
1000.9,0.19,1.5,0.5,2.9,6.01,179,0
1000.9,0.19,1.5,0.5,2.9,10.98,179,0
1000.9,0.19,1.5,0.5,2.9,11.27,10,0
1000.9,0.19,1.5,0.5,2.9,35.42,280,2
1000.9,0.19,1.5,0.5,2.9,22.54,330,2
1000.9,0.19,1.5,0.5,2.9,10.96,233,0
1000.9,0.19,1.5,0.5,2.9,31.09,315,2
1001.0,1.0,0.3,-3.6,6.1,11.27,10,1
1001.0,1.0,0.3,-3.6,6.1,28.98,150,3
1001.0,1.0,0.3,-3.6,6.1,1.61,20,1
1001.0,1.0,0.3,-3.6,6.1,3.43,17,1
1001.0,1.0,0.3,-3.6,6.1,14.49,170,1
1001.0,1.0,0.3,-3.6,6.1,14.49,250,1
1001.0,1.0,0.3,-3.6,6.1,23.43,298,3
1001.0,1.0,0.3,-3.6,6.1,24.47,358,3
1001.0,1.0,0.3,-3.6,6.1,10.75,130,1
1001.0,1.0,0.3,-3.6,6.1,34.57,300,3
1001.0,1.0,0.3,-3.6,6.1,30.3,150,3
1001.0,1.0,0.3,-3.6,6.1,19.96,339,3
1001.0,2.0,17.4,13.5,23.0,11.27,10,1
1001.0,2.0,17.4,13.5,23.0,28.98,150,3
1001.0,2.0,17.4,13.5,23.0,1.61,20,1
1001.0,2.0,17.4,13.5,23.0,3.43,17,1
1001.0,2.0,17.4,13.5,23.0,14.49,170,1
1001.0,2.0,17.4,13.5,23.0,14.49,250,1
1001.0,2.0,17.4,13.5,23.0,23.43,298,3
1001.0,2.0,17.4,13.5,23.0,24.47,358,3
1001.0,2.0,17.4,13.5,23.0,10.75,130,1
1001.0,2.0,17.4,13.5,23.0,34.57,300,3
1001.0,2.0,17.4,13.5,23.0,30.3,150,3
1001.0,2.0,17.4,13.5,23.0,19.96,339,3
1001.0,0.7,1.4,-2.4,5.2,11.27,10,1
1001.0,0.7,1.4,-2.4,5.2,28.98,150,3
1001.0,0.7,1.4,-2.4,5.2,1.61,20,1
1001.0,0.7,1.4,-2.4,5.2,3.43,17,1
1001.0,0.7,1.4,-2.4,5.2,14.49,170,1
1001.0,0.7,1.4,-2.4,5.2,14.49,250,1
1001.0,0.7,1.4,-2.4,5.2,23.43,298,3
1001.0,0.7,1.4,-2.4,5.2,24.47,358,3
1001.0,0.7,1.4,-2.4,5.2,10.75,130,1
1001.0,0.7,1.4,-2.4,5.2,34.57,300,3
1001.0,0.7,1.4,-2.4,5.2,30.3,150,3
1001.0,0.7,1.4,-2.4,5.2,19.96,339,3
1001.0,1.53,6.8,1.6,12.0,11.27,10,1
1001.0,1.53,6.8,1.6,12.0,28.98,150,3
1001.0,1.53,6.8,1.6,12.0,1.61,20,1
1001.0,1.53,6.8,1.6,12.0,3.43,17,1
1001.0,1.53,6.8,1.6,12.0,14.49,170,1
1001.0,1.53,6.8,1.6,12.0,14.49,250,1
1001.0,1.53,6.8,1.6,12.0,23.43,298,3
1001.0,1.53,6.8,1.6,12.0,24.47,358,3
1001.0,1.53,6.8,1.6,12.0,10.75,130,1
1001.0,1.53,6.8,1.6,12.0,34.57,300,3
1001.0,1.53,6.8,1.6,12.0,30.3,150,3
1001.0,1.53,6.8,1.6,12.0,19.96,339,3
1001.0,0.28,3.1,1.1,5.0,11.27,10,1
1001.0,0.28,3.1,1.1,5.0,28.98,150,3
1001.0,0.28,3.1,1.1,5.0,1.61,20,1
1001.0,0.28,3.1,1.1,5.0,3.43,17,1
1001.0,0.28,3.1,1.1,5.0,14.49,170,1
1001.0,0.28,3.1,1.1,5.0,14.49,250,1
1001.0,0.28,3.1,1.1,5.0,23.43,298,3
1001.0,0.28,3.1,1.1,5.0,24.47,358,3
1001.0,0.28,3.1,1.1,5.0,10.75,130,1
1001.0,0.28,3.1,1.1,5.0,34.57,300,3
1001.0,0.28,3.1,1.1,5.0,30.3,150,3
1001.0,0.28,3.1,1.1,5.0,19.96,339,3
1001.0,0.52,5.5,4.0,7.7,11.27,10,0
1001.0,0.52,5.5,4.0,7.7,28.98,150,2
1001.0,0.52,5.5,4.0,7.7,1.61,20,0
1001.0,0.52,5.5,4.0,7.7,3.43,17,0
1001.0,0.52,5.5,4.0,7.7,14.49,170,0
1001.0,0.52,5.5,4.0,7.7,14.49,250,0
1001.0,0.52,5.5,4.0,7.7,23.43,298,2
1001.0,0.52,5.5,4.0,7.7,24.47,358,2
1001.0,0.52,5.5,4.0,7.7,10.75,130,0
1001.0,0.52,5.5,4.0,7.7,34.57,300,2
1001.0,0.52,5.5,4.0,7.7,30.3,150,2
1001.0,0.52,5.5,4.0,7.7,19.96,339,2
1001.0,0.97,0.8,-4.0,6.1,11.27,10,0
1001.0,0.97,0.8,-4.0,6.1,28.98,150,2
1001.0,0.97,0.8,-4.0,6.1,1.61,20,0
1001.0,0.97,0.8,-4.0,6.1,3.43,17,0
1001.0,0.97,0.8,-4.0,6.1,14.49,170,0
1001.0,0.97,0.8,-4.0,6.1,14.49,250,0
1001.0,0.97,0.8,-4.0,6.1,23.43,298,2
1001.0,0.97,0.8,-4.0,6.1,24.47,358,2
1001.0,0.97,0.8,-4.0,6.1,10.75,130,0
1001.0,0.97,0.8,-4.0,6.1,34.57,300,2
1001.0,0.97,0.8,-4.0,6.1,30.3,150,2
1001.0,0.97,0.8,-4.0,6.1,19.96,339,2
1001.0,0.42,9.0,7.4,10.8,11.27,10,0
1001.0,0.42,9.0,7.4,10.8,28.98,150,2
1001.0,0.42,9.0,7.4,10.8,1.61,20,0
1001.0,0.42,9.0,7.4,10.8,3.43,17,0
1001.0,0.42,9.0,7.4,10.8,14.49,170,0
1001.0,0.42,9.0,7.4,10.8,14.49,250,0
1001.0,0.42,9.0,7.4,10.8,23.43,298,2
1001.0,0.42,9.0,7.4,10.8,24.47,358,2
1001.0,0.42,9.0,7.4,10.8,10.75,130,0
1001.0,0.42,9.0,7.4,10.8,34.57,300,2
1001.0,0.42,9.0,7.4,10.8,30.3,150,2
1001.0,0.42,9.0,7.4,10.8,19.96,339,2
1001.0,0.71,11.0,6.2,15.4,11.27,10,0
1001.0,0.71,11.0,6.2,15.4,28.98,150,2
1001.0,0.71,11.0,6.2,15.4,1.61,20,0
1001.0,0.71,11.0,6.2,15.4,3.43,17,0
1001.0,0.71,11.0,6.2,15.4,14.49,170,0
1001.0,0.71,11.0,6.2,15.4,14.49,250,0
1001.0,0.71,11.0,6.2,15.4,23.43,298,2
1001.0,0.71,11.0,6.2,15.4,24.47,358,2
1001.0,0.71,11.0,6.2,15.4,10.75,130,0
1001.0,0.71,11.0,6.2,15.4,34.57,300,2
1001.0,0.71,11.0,6.2,15.4,30.3,150,2
1001.0,0.71,11.0,6.2,15.4,19.96,339,2
1001.0,0.75,10.7,7.4,12.1,11.27,10,0
1001.0,0.75,10.7,7.4,12.1,28.98,150,2
1001.0,0.75,10.7,7.4,12.1,1.61,20,0
1001.0,0.75,10.7,7.4,12.1,3.43,17,0
1001.0,0.75,10.7,7.4,12.1,14.49,170,0
1001.0,0.75,10.7,7.4,12.1,14.49,250,0
1001.0,0.75,10.7,7.4,12.1,23.43,298,2
1001.0,0.75,10.7,7.4,12.1,24.47,358,2
1001.0,0.75,10.7,7.4,12.1,10.75,130,0
1001.0,0.75,10.7,7.4,12.1,34.57,300,2
1001.0,0.75,10.7,7.4,12.1,30.3,150,2
1001.0,0.75,10.7,7.4,12.1,19.96,339,2
1001.0,0.11,5.2,2.2,8.1,11.27,10,0
1001.0,0.11,5.2,2.2,8.1,28.98,150,2
1001.0,0.11,5.2,2.2,8.1,1.61,20,0
1001.0,0.11,5.2,2.2,8.1,3.43,17,0
1001.0,0.11,5.2,2.2,8.1,14.49,170,0
1001.0,0.11,5.2,2.2,8.1,14.49,250,0
1001.0,0.11,5.2,2.2,8.1,23.43,298,2
1001.0,0.11,5.2,2.2,8.1,24.47,358,2
1001.0,0.11,5.2,2.2,8.1,10.75,130,0
1001.0,0.11,5.2,2.2,8.1,34.57,300,2
1001.0,0.11,5.2,2.2,8.1,30.3,150,2
1001.0,0.11,5.2,2.2,8.1,19.96,339,2
1001.0,1.23,14.4,11.3,19.0,11.27,10,0
1001.0,1.23,14.4,11.3,19.0,28.98,150,2
1001.0,1.23,14.4,11.3,19.0,1.61,20,0
1001.0,1.23,14.4,11.3,19.0,3.43,17,0
1001.0,1.23,14.4,11.3,19.0,14.49,170,0
1001.0,1.23,14.4,11.3,19.0,14.49,250,0
1001.0,1.23,14.4,11.3,19.0,23.43,298,2
1001.0,1.23,14.4,11.3,19.0,24.47,358,2
1001.0,1.23,14.4,11.3,19.0,10.75,130,0
1001.0,1.23,14.4,11.3,19.0,34.57,300,2
1001.0,1.23,14.4,11.3,19.0,30.3,150,2
1001.0,1.23,14.4,11.3,19.0,19.96,339,2
1001.0,1.25,8.0,5.2,12.0,11.27,10,0
1001.0,1.25,8.0,5.2,12.0,28.98,150,2
1001.0,1.25,8.0,5.2,12.0,1.61,20,0
1001.0,1.25,8.0,5.2,12.0,3.43,17,0
1001.0,1.25,8.0,5.2,12.0,14.49,170,0
1001.0,1.25,8.0,5.2,12.0,14.49,250,0
1001.0,1.25,8.0,5.2,12.0,23.43,298,2
1001.0,1.25,8.0,5.2,12.0,24.47,358,2
1001.0,1.25,8.0,5.2,12.0,10.75,130,0
1001.0,1.25,8.0,5.2,12.0,34.57,300,2
1001.0,1.25,8.0,5.2,12.0,30.3,150,2
1001.0,1.25,8.0,5.2,12.0,19.96,339,2
1001.0,1.21,10.0,4.7,14.3,11.27,10,0
1001.0,1.21,10.0,4.7,14.3,28.98,150,2
1001.0,1.21,10.0,4.7,14.3,1.61,20,0
1001.0,1.21,10.0,4.7,14.3,3.43,17,0
1001.0,1.21,10.0,4.7,14.3,14.49,170,0
1001.0,1.21,10.0,4.7,14.3,14.49,250,0
1001.0,1.21,10.0,4.7,14.3,23.43,298,2
1001.0,1.21,10.0,4.7,14.3,24.47,358,2
1001.0,1.21,10.0,4.7,14.3,10.75,130,0
1001.0,1.21,10.0,4.7,14.3,34.57,300,2
1001.0,1.21,10.0,4.7,14.3,30.3,150,2
1001.0,1.21,10.0,4.7,14.3,19.96,339,2
1001.0,0.91,9.4,7.0,13.3,11.27,10,0
1001.0,0.91,9.4,7.0,13.3,28.98,150,2
1001.0,0.91,9.4,7.0,13.3,1.61,20,0
1001.0,0.91,9.4,7.0,13.3,3.43,17,0
1001.0,0.91,9.4,7.0,13.3,14.49,170,0
1001.0,0.91,9.4,7.0,13.3,14.49,250,0
1001.0,0.91,9.4,7.0,13.3,23.43,298,2
1001.0,0.91,9.4,7.0,13.3,24.47,358,2
1001.0,0.91,9.4,7.0,13.3,10.75,130,0
1001.0,0.91,9.4,7.0,13.3,34.57,300,2
1001.0,0.91,9.4,7.0,13.3,30.3,150,2
1001.0,0.91,9.4,7.0,13.3,19.96,339,2
1001.0,1.44,8.9,5.1,12.0,11.27,10,0
1001.0,1.44,8.9,5.1,12.0,28.98,150,2
1001.0,1.44,8.9,5.1,12.0,1.61,20,0
1001.0,1.44,8.9,5.1,12.0,3.43,17,0
1001.0,1.44,8.9,5.1,12.0,14.49,170,0
1001.0,1.44,8.9,5.1,12.0,14.49,250,0
1001.0,1.44,8.9,5.1,12.0,23.43,298,2
1001.0,1.44,8.9,5.1,12.0,24.47,358,2
1001.0,1.44,8.9,5.1,12.0,10.75,130,0
1001.0,1.44,8.9,5.1,12.0,34.57,300,2
1001.0,1.44,8.9,5.1,12.0,30.3,150,2
1001.0,1.44,8.9,5.1,12.0,19.96,339,2
1001.0,0.32,8.6,4.6,10.1,11.27,10,0
1001.0,0.32,8.6,4.6,10.1,28.98,150,2
1001.0,0.32,8.6,4.6,10.1,1.61,20,0
1001.0,0.32,8.6,4.6,10.1,3.43,17,0
1001.0,0.32,8.6,4.6,10.1,14.49,170,0
1001.0,0.32,8.6,4.6,10.1,14.49,250,0
1001.0,0.32,8.6,4.6,10.1,23.43,298,2
1001.0,0.32,8.6,4.6,10.1,24.47,358,2
1001.0,0.32,8.6,4.6,10.1,10.75,130,0
1001.0,0.32,8.6,4.6,10.1,34.57,300,2
1001.0,0.32,8.6,4.6,10.1,30.3,150,2
1001.0,0.32,8.6,4.6,10.1,19.96,339,2
1001.0,0.79,8.3,5.5,10.9,11.27,10,0
1001.0,0.79,8.3,5.5,10.9,28.98,150,2
1001.0,0.79,8.3,5.5,10.9,1.61,20,0
1001.0,0.79,8.3,5.5,10.9,3.43,17,0
1001.0,0.79,8.3,5.5,10.9,14.49,170,0
1001.0,0.79,8.3,5.5,10.9,14.49,250,0
1001.0,0.79,8.3,5.5,10.9,23.43,298,2
1001.0,0.79,8.3,5.5,10.9,24.47,358,2
1001.0,0.79,8.3,5.5,10.9,10.75,130,0
1001.0,0.79,8.3,5.5,10.9,34.57,300,2
1001.0,0.79,8.3,5.5,10.9,30.3,150,2
1001.0,0.79,8.3,5.5,10.9,19.96,339,2
1001.0,0.21,8.8,5.6,11.3,11.27,10,0
1001.0,0.21,8.8,5.6,11.3,28.98,150,2
1001.0,0.21,8.8,5.6,11.3,1.61,20,0
1001.0,0.21,8.8,5.6,11.3,3.43,17,0
1001.0,0.21,8.8,5.6,11.3,14.49,170,0
1001.0,0.21,8.8,5.6,11.3,14.49,250,0
1001.0,0.21,8.8,5.6,11.3,23.43,298,2
1001.0,0.21,8.8,5.6,11.3,24.47,358,2
1001.0,0.21,8.8,5.6,11.3,10.75,130,0
1001.0,0.21,8.8,5.6,11.3,34.57,300,2
1001.0,0.21,8.8,5.6,11.3,30.3,150,2
1001.0,0.21,8.8,5.6,11.3,19.96,339,2
1001.0,0.92,9.8,7.5,13.1,11.27,10,0
1001.0,0.92,9.8,7.5,13.1,28.98,150,2
1001.0,0.92,9.8,7.5,13.1,1.61,20,0
1001.0,0.92,9.8,7.5,13.1,3.43,17,0
1001.0,0.92,9.8,7.5,13.1,14.49,170,0
1001.0,0.92,9.8,7.5,13.1,14.49,250,0
1001.0,0.92,9.8,7.5,13.1,23.43,298,2
1001.0,0.92,9.8,7.5,13.1,24.47,358,2
1001.0,0.92,9.8,7.5,13.1,10.75,130,0
1001.0,0.92,9.8,7.5,13.1,34.57,300,2
1001.0,0.92,9.8,7.5,13.1,30.3,150,2
1001.0,0.92,9.8,7.5,13.1,19.96,339,2
1001.0,0.77,8.1,5.3,11.0,11.27,10,0
1001.0,0.77,8.1,5.3,11.0,28.98,150,2
1001.0,0.77,8.1,5.3,11.0,1.61,20,0
1001.0,0.77,8.1,5.3,11.0,3.43,17,0
1001.0,0.77,8.1,5.3,11.0,14.49,170,0
1001.0,0.77,8.1,5.3,11.0,14.49,250,0
1001.0,0.77,8.1,5.3,11.0,23.43,298,2
1001.0,0.77,8.1,5.3,11.0,24.47,358,2
1001.0,0.77,8.1,5.3,11.0,10.75,130,0
1001.0,0.77,8.1,5.3,11.0,34.57,300,2
1001.0,0.77,8.1,5.3,11.0,30.3,150,2
1001.0,0.77,8.1,5.3,11.0,19.96,339,2
1001.0,0.37,9.9,8.7,11.7,11.27,10,0
1001.0,0.37,9.9,8.7,11.7,28.98,150,2
1001.0,0.37,9.9,8.7,11.7,1.61,20,0
1001.0,0.37,9.9,8.7,11.7,3.43,17,0
1001.0,0.37,9.9,8.7,11.7,14.49,170,0
1001.0,0.37,9.9,8.7,11.7,14.49,250,0
1001.0,0.37,9.9,8.7,11.7,23.43,298,2
1001.0,0.37,9.9,8.7,11.7,24.47,358,2
1001.0,0.37,9.9,8.7,11.7,10.75,130,0
1001.0,0.37,9.9,8.7,11.7,34.57,300,2
1001.0,0.37,9.9,8.7,11.7,30.3,150,2
1001.0,0.37,9.9,8.7,11.7,19.96,339,2
1001.0,1.19,13.8,10.6,17.6,11.27,10,0
1001.0,1.19,13.8,10.6,17.6,28.98,150,2
1001.0,1.19,13.8,10.6,17.6,1.61,20,0
1001.0,1.19,13.8,10.6,17.6,3.43,17,0
1001.0,1.19,13.8,10.6,17.6,14.49,170,0
1001.0,1.19,13.8,10.6,17.6,14.49,250,0
1001.0,1.19,13.8,10.6,17.6,23.43,298,2
1001.0,1.19,13.8,10.6,17.6,24.47,358,2
1001.0,1.19,13.8,10.6,17.6,10.75,130,0
1001.0,1.19,13.8,10.6,17.6,34.57,300,2
1001.0,1.19,13.8,10.6,17.6,30.3,150,2
1001.0,1.19,13.8,10.6,17.6,19.96,339,2
1001.0,0.2,8.4,4.8,13.9,11.27,10,0
1001.0,0.2,8.4,4.8,13.9,28.98,150,2
1001.0,0.2,8.4,4.8,13.9,1.61,20,0
1001.0,0.2,8.4,4.8,13.9,3.43,17,0
1001.0,0.2,8.4,4.8,13.9,14.49,170,0
1001.0,0.2,8.4,4.8,13.9,14.49,250,0
1001.0,0.2,8.4,4.8,13.9,23.43,298,2
1001.0,0.2,8.4,4.8,13.9,24.47,358,2
1001.0,0.2,8.4,4.8,13.9,10.75,130,0
1001.0,0.2,8.4,4.8,13.9,34.57,300,2
1001.0,0.2,8.4,4.8,13.9,30.3,150,2
1001.0,0.2,8.4,4.8,13.9,19.96,339,2
1001.0,0.06,5.9,3.7,6.8,11.27,10,0
1001.0,0.06,5.9,3.7,6.8,28.98,150,2
1001.0,0.06,5.9,3.7,6.8,1.61,20,0
1001.0,0.06,5.9,3.7,6.8,3.43,17,0
1001.0,0.06,5.9,3.7,6.8,14.49,170,0
1001.0,0.06,5.9,3.7,6.8,14.49,250,0
1001.0,0.06,5.9,3.7,6.8,23.43,298,2
1001.0,0.06,5.9,3.7,6.8,24.47,358,2
1001.0,0.06,5.9,3.7,6.8,10.75,130,0
1001.0,0.06,5.9,3.7,6.8,34.57,300,2
1001.0,0.06,5.9,3.7,6.8,30.3,150,2
1001.0,0.06,5.9,3.7,6.8,19.96,339,2
1001.0,0.12,2.9,1.5,4.7,11.27,10,0
1001.0,0.12,2.9,1.5,4.7,28.98,150,2
1001.0,0.12,2.9,1.5,4.7,1.61,20,0
1001.0,0.12,2.9,1.5,4.7,3.43,17,0
1001.0,0.12,2.9,1.5,4.7,14.49,170,0
1001.0,0.12,2.9,1.5,4.7,14.49,250,0
1001.0,0.12,2.9,1.5,4.7,23.43,298,2
1001.0,0.12,2.9,1.5,4.7,24.47,358,2
1001.0,0.12,2.9,1.5,4.7,10.75,130,0
1001.0,0.12,2.9,1.5,4.7,34.57,300,2
1001.0,0.12,2.9,1.5,4.7,30.3,150,2
1001.0,0.12,2.9,1.5,4.7,19.96,339,2
1001.0,0.23,6.2,3.6,8.9,11.27,10,0
1001.0,0.23,6.2,3.6,8.9,28.98,150,2
1001.0,0.23,6.2,3.6,8.9,1.61,20,0
1001.0,0.23,6.2,3.6,8.9,3.43,17,0
1001.0,0.23,6.2,3.6,8.9,14.49,170,0
1001.0,0.23,6.2,3.6,8.9,14.49,250,0
1001.0,0.23,6.2,3.6,8.9,23.43,298,2
1001.0,0.23,6.2,3.6,8.9,24.47,358,2
1001.0,0.23,6.2,3.6,8.9,10.75,130,0
1001.0,0.23,6.2,3.6,8.9,34.57,300,2
1001.0,0.23,6.2,3.6,8.9,30.3,150,2
1001.0,0.23,6.2,3.6,8.9,19.96,339,2
1001.0,0.05,6.3,4.8,7.4,11.27,10,0
1001.0,0.05,6.3,4.8,7.4,28.98,150,2
1001.0,0.05,6.3,4.8,7.4,1.61,20,0
1001.0,0.05,6.3,4.8,7.4,3.43,17,0
1001.0,0.05,6.3,4.8,7.4,14.49,170,0
1001.0,0.05,6.3,4.8,7.4,14.49,250,0
1001.0,0.05,6.3,4.8,7.4,23.43,298,2
1001.0,0.05,6.3,4.8,7.4,24.47,358,2
1001.0,0.05,6.3,4.8,7.4,10.75,130,0
1001.0,0.05,6.3,4.8,7.4,34.57,300,2
1001.0,0.05,6.3,4.8,7.4,30.3,150,2
1001.0,0.05,6.3,4.8,7.4,19.96,339,2
1001.0,0.29,3.2,0.3,5.5,11.27,10,0
1001.0,0.29,3.2,0.3,5.5,28.98,150,2
1001.0,0.29,3.2,0.3,5.5,1.61,20,0
1001.0,0.29,3.2,0.3,5.5,3.43,17,0
1001.0,0.29,3.2,0.3,5.5,14.49,170,0
1001.0,0.29,3.2,0.3,5.5,14.49,250,0
1001.0,0.29,3.2,0.3,5.5,23.43,298,2
1001.0,0.29,3.2,0.3,5.5,24.47,358,2
1001.0,0.29,3.2,0.3,5.5,10.75,130,0
1001.0,0.29,3.2,0.3,5.5,34.57,300,2
1001.0,0.29,3.2,0.3,5.5,30.3,150,2
1001.0,0.29,3.2,0.3,5.5,19.96,339,2
1001.1,0.46,5.5,1.9,11.0,12.2,68,1
1001.1,0.46,5.5,1.9,11.0,8.05,10,1
1001.1,0.46,5.5,1.9,11.0,6.44,170,1
1001.1,0.46,5.5,1.9,11.0,14.49,140,1
1001.1,0.46,5.5,1.9,11.0,41.86,330,3
1001.1,0.46,5.5,1.9,11.0,13.85,151,1
1001.1,0.46,5.5,1.9,11.0,20.93,320,3
1001.1,0.42,10.0,8.4,11.7,12.2,68,1
1001.1,0.42,10.0,8.4,11.7,8.05,10,1
1001.1,0.42,10.0,8.4,11.7,6.44,170,1
1001.1,0.42,10.0,8.4,11.7,14.49,140,1
1001.1,0.42,10.0,8.4,11.7,41.86,330,3
1001.1,0.42,10.0,8.4,11.7,13.85,151,1
1001.1,0.42,10.0,8.4,11.7,20.93,320,3
1001.1,0.57,8.6,6.8,10.6,12.2,68,1
1001.1,0.57,8.6,6.8,10.6,8.05,10,1
1001.1,0.57,8.6,6.8,10.6,6.44,170,1
1001.1,0.57,8.6,6.8,10.6,14.49,140,1
1001.1,0.57,8.6,6.8,10.6,41.86,330,3
1001.1,0.57,8.6,6.8,10.6,13.85,151,1
1001.1,0.57,8.6,6.8,10.6,20.93,320,3
1001.1,1.49,7.5,1.6,13.4,12.2,68,1
1001.1,1.49,7.5,1.6,13.4,8.05,10,1
1001.1,1.49,7.5,1.6,13.4,6.44,170,1
1001.1,1.49,7.5,1.6,13.4,14.49,140,1
1001.1,1.49,7.5,1.6,13.4,41.86,330,3
1001.1,1.49,7.5,1.6,13.4,13.85,151,1
1001.1,1.49,7.5,1.6,13.4,20.93,320,3
1001.1,0.39,5.2,1.1,8.4,12.2,68,1
1001.1,0.39,5.2,1.1,8.4,8.05,10,1
1001.1,0.39,5.2,1.1,8.4,6.44,170,1
1001.1,0.39,5.2,1.1,8.4,14.49,140,1
1001.1,0.39,5.2,1.1,8.4,41.86,330,3
1001.1,0.39,5.2,1.1,8.4,13.85,151,1
1001.1,0.39,5.2,1.1,8.4,20.93,320,3
1001.1,0.39,5.0,1.3,8.8,12.2,68,1
1001.1,0.39,5.0,1.3,8.8,8.05,10,1
1001.1,0.39,5.0,1.3,8.8,6.44,170,1
1001.1,0.39,5.0,1.3,8.8,14.49,140,1
1001.1,0.39,5.0,1.3,8.8,41.86,330,3
1001.1,0.39,5.0,1.3,8.8,13.85,151,1
1001.1,0.39,5.0,1.3,8.8,20.93,320,3
1001.1,0.36,-0.5,-1.8,0.8,12.2,68,1
1001.1,0.36,-0.5,-1.8,0.8,8.05,10,1
1001.1,0.36,-0.5,-1.8,0.8,6.44,170,1
1001.1,0.36,-0.5,-1.8,0.8,14.49,140,1
1001.1,0.36,-0.5,-1.8,0.8,41.86,330,3
1001.1,0.36,-0.5,-1.8,0.8,13.85,151,1
1001.1,0.36,-0.5,-1.8,0.8,20.93,320,3
1001.1,0.17,1.7,-0.7,3.5,12.2,68,0
1001.1,0.17,1.7,-0.7,3.5,8.05,10,0
1001.1,0.17,1.7,-0.7,3.5,6.44,170,0
1001.1,0.17,1.7,-0.7,3.5,14.49,140,0
1001.1,0.17,1.7,-0.7,3.5,41.86,330,2
1001.1,0.17,1.7,-0.7,3.5,13.85,151,0
1001.1,0.17,1.7,-0.7,3.5,20.93,320,2
1001.1,0.16,8.6,6.9,11.2,12.2,68,0
1001.1,0.16,8.6,6.9,11.2,8.05,10,0
1001.1,0.16,8.6,6.9,11.2,6.44,170,0
1001.1,0.16,8.6,6.9,11.2,14.49,140,0
1001.1,0.16,8.6,6.9,11.2,41.86,330,2
1001.1,0.16,8.6,6.9,11.2,13.85,151,0
1001.1,0.16,8.6,6.9,11.2,20.93,320,2
1001.1,0.49,5.7,3.2,8.3,12.2,68,0
1001.1,0.49,5.7,3.2,8.3,8.05,10,0
1001.1,0.49,5.7,3.2,8.3,6.44,170,0
1001.1,0.49,5.7,3.2,8.3,14.49,140,0
1001.1,0.49,5.7,3.2,8.3,41.86,330,2
1001.1,0.49,5.7,3.2,8.3,13.85,151,0
1001.1,0.49,5.7,3.2,8.3,20.93,320,2
1001.1,0.47,9.0,5.6,13.3,12.2,68,0
1001.1,0.47,9.0,5.6,13.3,8.05,10,0
1001.1,0.47,9.0,5.6,13.3,6.44,170,0
1001.1,0.47,9.0,5.6,13.3,14.49,140,0
1001.1,0.47,9.0,5.6,13.3,41.86,330,2
1001.1,0.47,9.0,5.6,13.3,13.85,151,0
1001.1,0.47,9.0,5.6,13.3,20.93,320,2
1001.1,0.26,5.9,2.9,8.9,12.2,68,0
1001.1,0.26,5.9,2.9,8.9,8.05,10,0
1001.1,0.26,5.9,2.9,8.9,6.44,170,0
1001.1,0.26,5.9,2.9,8.9,14.49,140,0
1001.1,0.26,5.9,2.9,8.9,41.86,330,2
1001.1,0.26,5.9,2.9,8.9,13.85,151,0
1001.1,0.26,5.9,2.9,8.9,20.93,320,2
1001.1,0.75,16.0,13.8,19.0,12.2,68,0
1001.1,0.75,16.0,13.8,19.0,8.05,10,0
1001.1,0.75,16.0,13.8,19.0,6.44,170,0
1001.1,0.75,16.0,13.8,19.0,14.49,140,0
1001.1,0.75,16.0,13.8,19.0,41.86,330,2
1001.1,0.75,16.0,13.8,19.0,13.85,151,0
1001.1,0.75,16.0,13.8,19.0,20.93,320,2
1001.1,0.18,4.7,0.5,6.6,12.2,68,0
1001.1,0.18,4.7,0.5,6.6,8.05,10,0
1001.1,0.18,4.7,0.5,6.6,6.44,170,0
1001.1,0.18,4.7,0.5,6.6,14.49,140,0
1001.1,0.18,4.7,0.5,6.6,41.86,330,2
1001.1,0.18,4.7,0.5,6.6,13.85,151,0
1001.1,0.18,4.7,0.5,6.6,20.93,320,2
1001.1,0.32,12.1,6.3,16.4,12.2,68,0
1001.1,0.32,12.1,6.3,16.4,8.05,10,0
1001.1,0.32,12.1,6.3,16.4,6.44,170,0
1001.1,0.32,12.1,6.3,16.4,14.49,140,0
1001.1,0.32,12.1,6.3,16.4,41.86,330,2
1001.1,0.32,12.1,6.3,16.4,13.85,151,0
1001.1,0.32,12.1,6.3,16.4,20.93,320,2
1001.1,1.73,15.2,11.3,20.7,12.2,68,0
1001.1,1.73,15.2,11.3,20.7,8.05,10,0
1001.1,1.73,15.2,11.3,20.7,6.44,170,0
1001.1,1.73,15.2,11.3,20.7,14.49,140,0
1001.1,1.73,15.2,11.3,20.7,41.86,330,2
1001.1,1.73,15.2,11.3,20.7,13.85,151,0
1001.1,1.73,15.2,11.3,20.7,20.93,320,2
1001.1,1.22,9.2,6.7,11.8,12.2,68,0
1001.1,1.22,9.2,6.7,11.8,8.05,10,0
1001.1,1.22,9.2,6.7,11.8,6.44,170,0
1001.1,1.22,9.2,6.7,11.8,14.49,140,0
1001.1,1.22,9.2,6.7,11.8,41.86,330,2
1001.1,1.22,9.2,6.7,11.8,13.85,151,0
1001.1,1.22,9.2,6.7,11.8,20.93,320,2
1001.1,1.52,10.7,8.2,14.5,12.2,68,0
1001.1,1.52,10.7,8.2,14.5,8.05,10,0
1001.1,1.52,10.7,8.2,14.5,6.44,170,0
1001.1,1.52,10.7,8.2,14.5,14.49,140,0
1001.1,1.52,10.7,8.2,14.5,41.86,330,2
1001.1,1.52,10.7,8.2,14.5,13.85,151,0
1001.1,1.52,10.7,8.2,14.5,20.93,320,2
1001.1,0.99,16.1,13.9,17.9,12.2,68,0
1001.1,0.99,16.1,13.9,17.9,8.05,10,0
1001.1,0.99,16.1,13.9,17.9,6.44,170,0
1001.1,0.99,16.1,13.9,17.9,14.49,140,0
1001.1,0.99,16.1,13.9,17.9,41.86,330,2
1001.1,0.99,16.1,13.9,17.9,13.85,151,0
1001.1,0.99,16.1,13.9,17.9,20.93,320,2
1001.1,0.36,8.8,6.3,10.8,12.2,68,0
1001.1,0.36,8.8,6.3,10.8,8.05,10,0
1001.1,0.36,8.8,6.3,10.8,6.44,170,0
1001.1,0.36,8.8,6.3,10.8,14.49,140,0
1001.1,0.36,8.8,6.3,10.8,41.86,330,2
1001.1,0.36,8.8,6.3,10.8,13.85,151,0
1001.1,0.36,8.8,6.3,10.8,20.93,320,2
1001.1,0.46,2.9,1.9,3.8,12.2,68,0
1001.1,0.46,2.9,1.9,3.8,8.05,10,0
1001.1,0.46,2.9,1.9,3.8,6.44,170,0
1001.1,0.46,2.9,1.9,3.8,14.49,140,0
1001.1,0.46,2.9,1.9,3.8,41.86,330,2
1001.1,0.46,2.9,1.9,3.8,13.85,151,0
1001.1,0.46,2.9,1.9,3.8,20.93,320,2
1001.1,0.11,1.3,0.0,2.1,12.2,68,0
1001.1,0.11,1.3,0.0,2.1,8.05,10,0
1001.1,0.11,1.3,0.0,2.1,6.44,170,0
1001.1,0.11,1.3,0.0,2.1,14.49,140,0
1001.1,0.11,1.3,0.0,2.1,41.86,330,2
1001.1,0.11,1.3,0.0,2.1,13.85,151,0
1001.1,0.11,1.3,0.0,2.1,20.93,320,2
1001.1,0.12,5.2,4.0,4.3,12.2,68,0
1001.1,0.12,5.2,4.0,4.3,8.05,10,0
1001.1,0.12,5.2,4.0,4.3,6.44,170,0
1001.1,0.12,5.2,4.0,4.3,14.49,140,0
1001.1,0.12,5.2,4.0,4.3,41.86,330,2
1001.1,0.12,5.2,4.0,4.3,13.85,151,0
1001.1,0.12,5.2,4.0,4.3,20.93,320,2
1001.1,0.19,-0.7,-2.6,0.5,12.2,68,0
1001.1,0.19,-0.7,-2.6,0.5,8.05,10,0
1001.1,0.19,-0.7,-2.6,0.5,6.44,170,0
1001.1,0.19,-0.7,-2.6,0.5,14.49,140,0
1001.1,0.19,-0.7,-2.6,0.5,41.86,330,2
1001.1,0.19,-0.7,-2.6,0.5,13.85,151,0
1001.1,0.19,-0.7,-2.6,0.5,20.93,320,2
1001.2,0.79,11.6,8.9,15.0,11.69,279,1
1001.2,0.79,11.6,8.9,15.0,10.4,316,1
1001.2,0.79,11.6,8.9,15.0,8.13,66,1
1001.2,0.79,11.6,8.9,15.0,3.22,170,1
1001.2,0.79,11.6,8.9,15.0,17.71,140,3
1001.2,0.79,11.6,8.9,15.0,15.83,303,3
1001.2,0.79,11.6,8.9,15.0,16.97,330,3
1001.2,0.39,8.6,6.1,11.1,11.69,279,1
1001.2,0.39,8.6,6.1,11.1,10.4,316,1
1001.2,0.39,8.6,6.1,11.1,8.13,66,1
1001.2,0.39,8.6,6.1,11.1,3.22,170,1
1001.2,0.39,8.6,6.1,11.1,17.71,140,3
1001.2,0.39,8.6,6.1,11.1,15.83,303,3
1001.2,0.39,8.6,6.1,11.1,16.97,330,3
1001.2,0.12,8.9,6.3,11.5,11.69,279,1
1001.2,0.12,8.9,6.3,11.5,10.4,316,1
1001.2,0.12,8.9,6.3,11.5,8.13,66,1
1001.2,0.12,8.9,6.3,11.5,3.22,170,1
1001.2,0.12,8.9,6.3,11.5,17.71,140,3
1001.2,0.12,8.9,6.3,11.5,15.83,303,3
1001.2,0.12,8.9,6.3,11.5,16.97,330,3
1001.2,2.01,16.3,12.8,22.2,11.69,279,1
1001.2,2.01,16.3,12.8,22.2,10.4,316,1
1001.2,2.01,16.3,12.8,22.2,8.13,66,1
1001.2,2.01,16.3,12.8,22.2,3.22,170,1
1001.2,2.01,16.3,12.8,22.2,17.71,140,3
1001.2,2.01,16.3,12.8,22.2,15.83,303,3
1001.2,2.01,16.3,12.8,22.2,16.97,330,3
1001.2,0.67,5.2,1.4,10.2,11.69,279,1
1001.2,0.67,5.2,1.4,10.2,10.4,316,1
1001.2,0.67,5.2,1.4,10.2,8.13,66,1
1001.2,0.67,5.2,1.4,10.2,3.22,170,1
1001.2,0.67,5.2,1.4,10.2,17.71,140,3
1001.2,0.67,5.2,1.4,10.2,15.83,303,3
1001.2,0.67,5.2,1.4,10.2,16.97,330,3
1001.2,1.17,13.5,10.4,18.0,11.69,279,0
1001.2,1.17,13.5,10.4,18.0,10.4,316,0
1001.2,1.17,13.5,10.4,18.0,8.13,66,0
1001.2,1.17,13.5,10.4,18.0,3.22,170,0
1001.2,1.17,13.5,10.4,18.0,17.71,140,2
1001.2,1.17,13.5,10.4,18.0,15.83,303,2
1001.2,1.17,13.5,10.4,18.0,16.97,330,2
1001.2,1.83,11.7,8.3,16.4,11.69,279,0
1001.2,1.83,11.7,8.3,16.4,10.4,316,0
1001.2,1.83,11.7,8.3,16.4,8.13,66,0
1001.2,1.83,11.7,8.3,16.4,3.22,170,0
1001.2,1.83,11.7,8.3,16.4,17.71,140,2
1001.2,1.83,11.7,8.3,16.4,15.83,303,2
1001.2,1.83,11.7,8.3,16.4,16.97,330,2
1001.2,1.15,13.3,10.2,16.7,11.69,279,0
1001.2,1.15,13.3,10.2,16.7,10.4,316,0
1001.2,1.15,13.3,10.2,16.7,8.13,66,0
1001.2,1.15,13.3,10.2,16.7,3.22,170,0
1001.2,1.15,13.3,10.2,16.7,17.71,140,2
1001.2,1.15,13.3,10.2,16.7,15.83,303,2
1001.2,1.15,13.3,10.2,16.7,16.97,330,2
1001.2,1.91,16.5,13.5,19.5,11.69,279,0
1001.2,1.91,16.5,13.5,19.5,10.4,316,0
1001.2,1.91,16.5,13.5,19.5,8.13,66,0
1001.2,1.91,16.5,13.5,19.5,3.22,170,0
1001.2,1.91,16.5,13.5,19.5,17.71,140,2
1001.2,1.91,16.5,13.5,19.5,15.83,303,2
1001.2,1.91,16.5,13.5,19.5,16.97,330,2
1001.2,0.17,6.1,4.4,7.2,11.69,279,0
1001.2,0.17,6.1,4.4,7.2,10.4,316,0
1001.2,0.17,6.1,4.4,7.2,8.13,66,0
1001.2,0.17,6.1,4.4,7.2,3.22,170,0
1001.2,0.17,6.1,4.4,7.2,17.71,140,2
1001.2,0.17,6.1,4.4,7.2,15.83,303,2
1001.2,0.17,6.1,4.4,7.2,16.97,330,2
1001.2,1.58,15.4,13.6,18.8,11.69,279,0
1001.2,1.58,15.4,13.6,18.8,10.4,316,0
1001.2,1.58,15.4,13.6,18.8,8.13,66,0
1001.2,1.58,15.4,13.6,18.8,3.22,170,0
1001.2,1.58,15.4,13.6,18.8,17.71,140,2
1001.2,1.58,15.4,13.6,18.8,15.83,303,2
1001.2,1.58,15.4,13.6,18.8,16.97,330,2
1001.2,0.32,0.7,-3.9,2.6,11.69,279,0
1001.2,0.32,0.7,-3.9,2.6,10.4,316,0
1001.2,0.32,0.7,-3.9,2.6,8.13,66,0
1001.2,0.32,0.7,-3.9,2.6,3.22,170,0
1001.2,0.32,0.7,-3.9,2.6,17.71,140,2
1001.2,0.32,0.7,-3.9,2.6,15.83,303,2
1001.2,0.32,0.7,-3.9,2.6,16.97,330,2
1001.2,0.97,12.6,9.9,17.4,11.69,279,0
1001.2,0.97,12.6,9.9,17.4,10.4,316,0
1001.2,0.97,12.6,9.9,17.4,8.13,66,0
1001.2,0.97,12.6,9.9,17.4,3.22,170,0
1001.2,0.97,12.6,9.9,17.4,17.71,140,2
1001.2,0.97,12.6,9.9,17.4,15.83,303,2
1001.2,0.97,12.6,9.9,17.4,16.97,330,2
1001.2,0.58,5.5,2.9,9.1,11.69,279,0
1001.2,0.58,5.5,2.9,9.1,10.4,316,0
1001.2,0.58,5.5,2.9,9.1,8.13,66,0
1001.2,0.58,5.5,2.9,9.1,3.22,170,0
1001.2,0.58,5.5,2.9,9.1,17.71,140,2
1001.2,0.58,5.5,2.9,9.1,15.83,303,2
1001.2,0.58,5.5,2.9,9.1,16.97,330,2
1001.2,1.7,10.2,6.1,14.6,11.69,279,0
1001.2,1.7,10.2,6.1,14.6,10.4,316,0
1001.2,1.7,10.2,6.1,14.6,8.13,66,0
1001.2,1.7,10.2,6.1,14.6,3.22,170,0
1001.2,1.7,10.2,6.1,14.6,17.71,140,2
1001.2,1.7,10.2,6.1,14.6,15.83,303,2
1001.2,1.7,10.2,6.1,14.6,16.97,330,2
1001.2,0.25,7.8,5.6,9.7,11.69,279,0
1001.2,0.25,7.8,5.6,9.7,10.4,316,0
1001.2,0.25,7.8,5.6,9.7,8.13,66,0
1001.2,0.25,7.8,5.6,9.7,3.22,170,0
1001.2,0.25,7.8,5.6,9.7,17.71,140,2
1001.2,0.25,7.8,5.6,9.7,15.83,303,2
1001.2,0.25,7.8,5.6,9.7,16.97,330,2
1001.2,0.49,8.0,4.5,13.3,11.69,279,0
1001.2,0.49,8.0,4.5,13.3,10.4,316,0
1001.2,0.49,8.0,4.5,13.3,8.13,66,0
1001.2,0.49,8.0,4.5,13.3,3.22,170,0
1001.2,0.49,8.0,4.5,13.3,17.71,140,2
1001.2,0.49,8.0,4.5,13.3,15.83,303,2
1001.2,0.49,8.0,4.5,13.3,16.97,330,2
1001.2,0.33,11.3,9.3,12.4,11.69,279,0
1001.2,0.33,11.3,9.3,12.4,10.4,316,0
1001.2,0.33,11.3,9.3,12.4,8.13,66,0
1001.2,0.33,11.3,9.3,12.4,3.22,170,0
1001.2,0.33,11.3,9.3,12.4,17.71,140,2
1001.2,0.33,11.3,9.3,12.4,15.83,303,2
1001.2,0.33,11.3,9.3,12.4,16.97,330,2
1001.2,0.4,7.2,5.5,10.3,11.69,279,0
1001.2,0.4,7.2,5.5,10.3,10.4,316,0
1001.2,0.4,7.2,5.5,10.3,8.13,66,0
1001.2,0.4,7.2,5.5,10.3,3.22,170,0
1001.2,0.4,7.2,5.5,10.3,17.71,140,2
1001.2,0.4,7.2,5.5,10.3,15.83,303,2
1001.2,0.4,7.2,5.5,10.3,16.97,330,2
1001.2,0.05,7.7,4.3,9.9,11.69,279,0
1001.2,0.05,7.7,4.3,9.9,10.4,316,0
1001.2,0.05,7.7,4.3,9.9,8.13,66,0
1001.2,0.05,7.7,4.3,9.9,3.22,170,0
1001.2,0.05,7.7,4.3,9.9,17.71,140,2
1001.2,0.05,7.7,4.3,9.9,15.83,303,2
1001.2,0.05,7.7,4.3,9.9,16.97,330,2
1001.2,0.24,2.0,0.4,4.7,11.69,279,0
1001.2,0.24,2.0,0.4,4.7,10.4,316,0
1001.2,0.24,2.0,0.4,4.7,8.13,66,0
1001.2,0.24,2.0,0.4,4.7,3.22,170,0
1001.2,0.24,2.0,0.4,4.7,17.71,140,2
1001.2,0.24,2.0,0.4,4.7,15.83,303,2
1001.2,0.24,2.0,0.4,4.7,16.97,330,2
1001.3,2.98,11.2,2.9,17.4,14.44,270,1
1001.3,2.98,11.2,2.9,17.4,14.49,160,1
1001.3,2.98,11.2,2.9,17.4,9.66,190,1
1001.3,2.98,11.2,2.9,17.4,24.15,320,3
1001.3,2.98,11.2,2.9,17.4,24.15,250,3
1001.3,2.98,11.2,2.9,17.4,11.27,100,1
1001.3,2.98,11.2,2.9,17.4,28.98,330,3
1001.3,2.98,11.2,2.9,17.4,3.32,8,1
1001.3,2.98,11.2,2.9,17.4,6.3,130,1
1001.3,2.98,11.2,2.9,17.4,14.02,330,1
1001.3,0.59,8.0,1.3,11.2,14.44,270,1
1001.3,0.59,8.0,1.3,11.2,14.49,160,1
1001.3,0.59,8.0,1.3,11.2,9.66,190,1
1001.3,0.59,8.0,1.3,11.2,24.15,320,3
1001.3,0.59,8.0,1.3,11.2,24.15,250,3
1001.3,0.59,8.0,1.3,11.2,11.27,100,1
1001.3,0.59,8.0,1.3,11.2,28.98,330,3
1001.3,0.59,8.0,1.3,11.2,3.32,8,1
1001.3,0.59,8.0,1.3,11.2,6.3,130,1
1001.3,0.59,8.0,1.3,11.2,14.02,330,1
1001.3,1.61,8.6,3.4,13.9,14.44,270,1
1001.3,1.61,8.6,3.4,13.9,14.49,160,1
1001.3,1.61,8.6,3.4,13.9,9.66,190,1
1001.3,1.61,8.6,3.4,13.9,24.15,320,3
1001.3,1.61,8.6,3.4,13.9,24.15,250,3
1001.3,1.61,8.6,3.4,13.9,11.27,100,1
1001.3,1.61,8.6,3.4,13.9,28.98,330,3
1001.3,1.61,8.6,3.4,13.9,3.32,8,1
1001.3,1.61,8.6,3.4,13.9,6.3,130,1
1001.3,1.61,8.6,3.4,13.9,14.02,330,1
1001.3,1.64,15.8,11.6,20.0,14.44,270,1
1001.3,1.64,15.8,11.6,20.0,14.49,160,1
1001.3,1.64,15.8,11.6,20.0,9.66,190,1
1001.3,1.64,15.8,11.6,20.0,24.15,320,3
1001.3,1.64,15.8,11.6,20.0,24.15,250,3
1001.3,1.64,15.8,11.6,20.0,11.27,100,1
1001.3,1.64,15.8,11.6,20.0,28.98,330,3
1001.3,1.64,15.8,11.6,20.0,3.32,8,1
1001.3,1.64,15.8,11.6,20.0,6.3,130,1
1001.3,1.64,15.8,11.6,20.0,14.02,330,1
1001.3,0.81,1.2,-2.4,5.4,14.44,270,1
1001.3,0.81,1.2,-2.4,5.4,14.49,160,1
1001.3,0.81,1.2,-2.4,5.4,9.66,190,1
1001.3,0.81,1.2,-2.4,5.4,24.15,320,3
1001.3,0.81,1.2,-2.4,5.4,24.15,250,3
1001.3,0.81,1.2,-2.4,5.4,11.27,100,1
1001.3,0.81,1.2,-2.4,5.4,28.98,330,3
1001.3,0.81,1.2,-2.4,5.4,3.32,8,1
1001.3,0.81,1.2,-2.4,5.4,6.3,130,1
1001.3,0.81,1.2,-2.4,5.4,14.02,330,1
1001.3,0.34,10.6,8.9,14.0,14.44,270,1
1001.3,0.34,10.6,8.9,14.0,14.49,160,1
1001.3,0.34,10.6,8.9,14.0,9.66,190,1
1001.3,0.34,10.6,8.9,14.0,24.15,320,3
1001.3,0.34,10.6,8.9,14.0,24.15,250,3
1001.3,0.34,10.6,8.9,14.0,11.27,100,1
1001.3,0.34,10.6,8.9,14.0,28.98,330,3
1001.3,0.34,10.6,8.9,14.0,3.32,8,1
1001.3,0.34,10.6,8.9,14.0,6.3,130,1
1001.3,0.34,10.6,8.9,14.0,14.02,330,1
1001.3,0.3,5.0,2.7,6.6,14.44,270,1
1001.3,0.3,5.0,2.7,6.6,14.49,160,1
1001.3,0.3,5.0,2.7,6.6,9.66,190,1
1001.3,0.3,5.0,2.7,6.6,24.15,320,3
1001.3,0.3,5.0,2.7,6.6,24.15,250,3
1001.3,0.3,5.0,2.7,6.6,11.27,100,1
1001.3,0.3,5.0,2.7,6.6,28.98,330,3
1001.3,0.3,5.0,2.7,6.6,3.32,8,1
1001.3,0.3,5.0,2.7,6.6,6.3,130,1
1001.3,0.3,5.0,2.7,6.6,14.02,330,1
1001.3,0.72,15.3,11.5,18.8,14.44,270,1
1001.3,0.72,15.3,11.5,18.8,14.49,160,1
1001.3,0.72,15.3,11.5,18.8,9.66,190,1
1001.3,0.72,15.3,11.5,18.8,24.15,320,3
1001.3,0.72,15.3,11.5,18.8,24.15,250,3
1001.3,0.72,15.3,11.5,18.8,11.27,100,1
1001.3,0.72,15.3,11.5,18.8,28.98,330,3
1001.3,0.72,15.3,11.5,18.8,3.32,8,1
1001.3,0.72,15.3,11.5,18.8,6.3,130,1
1001.3,0.72,15.3,11.5,18.8,14.02,330,1
1001.3,0.81,11.2,7.6,15.8,14.44,270,1
1001.3,0.81,11.2,7.6,15.8,14.49,160,1
1001.3,0.81,11.2,7.6,15.8,9.66,190,1
1001.3,0.81,11.2,7.6,15.8,24.15,320,3
1001.3,0.81,11.2,7.6,15.8,24.15,250,3
1001.3,0.81,11.2,7.6,15.8,11.27,100,1
1001.3,0.81,11.2,7.6,15.8,28.98,330,3
1001.3,0.81,11.2,7.6,15.8,3.32,8,1
1001.3,0.81,11.2,7.6,15.8,6.3,130,1
1001.3,0.81,11.2,7.6,15.8,14.02,330,1
1001.3,0.44,5.3,2.2,8.0,14.44,270,0
1001.3,0.44,5.3,2.2,8.0,14.49,160,0
1001.3,0.44,5.3,2.2,8.0,9.66,190,0
1001.3,0.44,5.3,2.2,8.0,24.15,320,2
1001.3,0.44,5.3,2.2,8.0,24.15,250,2
1001.3,0.44,5.3,2.2,8.0,11.27,100,0
1001.3,0.44,5.3,2.2,8.0,28.98,330,2
1001.3,0.44,5.3,2.2,8.0,3.32,8,0
1001.3,0.44,5.3,2.2,8.0,6.3,130,0
1001.3,0.44,5.3,2.2,8.0,14.02,330,0
1001.3,0.27,7.1,5.3,9.5,14.44,270,0
1001.3,0.27,7.1,5.3,9.5,14.49,160,0
1001.3,0.27,7.1,5.3,9.5,9.66,190,0
1001.3,0.27,7.1,5.3,9.5,24.15,320,2
1001.3,0.27,7.1,5.3,9.5,24.15,250,2
1001.3,0.27,7.1,5.3,9.5,11.27,100,0
1001.3,0.27,7.1,5.3,9.5,28.98,330,2
1001.3,0.27,7.1,5.3,9.5,3.32,8,0
1001.3,0.27,7.1,5.3,9.5,6.3,130,0
1001.3,0.27,7.1,5.3,9.5,14.02,330,0
1001.3,1.64,3.5,-0.6,9.0,14.44,270,0
1001.3,1.64,3.5,-0.6,9.0,14.49,160,0
1001.3,1.64,3.5,-0.6,9.0,9.66,190,0
1001.3,1.64,3.5,-0.6,9.0,24.15,320,2
1001.3,1.64,3.5,-0.6,9.0,24.15,250,2
1001.3,1.64,3.5,-0.6,9.0,11.27,100,0
1001.3,1.64,3.5,-0.6,9.0,28.98,330,2
1001.3,1.64,3.5,-0.6,9.0,3.32,8,0
1001.3,1.64,3.5,-0.6,9.0,6.3,130,0
1001.3,1.64,3.5,-0.6,9.0,14.02,330,0
1001.3,0.36,4.2,1.8,6.4,14.44,270,0
1001.3,0.36,4.2,1.8,6.4,14.49,160,0
1001.3,0.36,4.2,1.8,6.4,9.66,190,0
1001.3,0.36,4.2,1.8,6.4,24.15,320,2
1001.3,0.36,4.2,1.8,6.4,24.15,250,2
1001.3,0.36,4.2,1.8,6.4,11.27,100,0
1001.3,0.36,4.2,1.8,6.4,28.98,330,2
1001.3,0.36,4.2,1.8,6.4,3.32,8,0
1001.3,0.36,4.2,1.8,6.4,6.3,130,0
1001.3,0.36,4.2,1.8,6.4,14.02,330,0
1001.3,0.73,9.0,5.6,14.4,14.44,270,0
1001.3,0.73,9.0,5.6,14.4,14.49,160,0
1001.3,0.73,9.0,5.6,14.4,9.66,190,0
1001.3,0.73,9.0,5.6,14.4,24.15,320,2
1001.3,0.73,9.0,5.6,14.4,24.15,250,2
1001.3,0.73,9.0,5.6,14.4,11.27,100,0
1001.3,0.73,9.0,5.6,14.4,28.98,330,2
1001.3,0.73,9.0,5.6,14.4,3.32,8,0
1001.3,0.73,9.0,5.6,14.4,6.3,130,0
1001.3,0.73,9.0,5.6,14.4,14.02,330,0
1001.3,0.39,8.8,7.5,11.7,14.44,270,0
1001.3,0.39,8.8,7.5,11.7,14.49,160,0
1001.3,0.39,8.8,7.5,11.7,9.66,190,0
1001.3,0.39,8.8,7.5,11.7,24.15,320,2
1001.3,0.39,8.8,7.5,11.7,24.15,250,2
1001.3,0.39,8.8,7.5,11.7,11.27,100,0
1001.3,0.39,8.8,7.5,11.7,28.98,330,2
1001.3,0.39,8.8,7.5,11.7,3.32,8,0
1001.3,0.39,8.8,7.5,11.7,6.3,130,0
1001.3,0.39,8.8,7.5,11.7,14.02,330,0
1001.3,0.14,8.7,7.4,10.4,14.44,270,0
1001.3,0.14,8.7,7.4,10.4,14.49,160,0
1001.3,0.14,8.7,7.4,10.4,9.66,190,0
1001.3,0.14,8.7,7.4,10.4,24.15,320,2
1001.3,0.14,8.7,7.4,10.4,24.15,250,2
1001.3,0.14,8.7,7.4,10.4,11.27,100,0
1001.3,0.14,8.7,7.4,10.4,28.98,330,2
1001.3,0.14,8.7,7.4,10.4,3.32,8,0
1001.3,0.14,8.7,7.4,10.4,6.3,130,0
1001.3,0.14,8.7,7.4,10.4,14.02,330,0
1001.3,0.66,3.8,0.2,6.6,14.44,270,0
1001.3,0.66,3.8,0.2,6.6,14.49,160,0
1001.3,0.66,3.8,0.2,6.6,9.66,190,0
1001.3,0.66,3.8,0.2,6.6,24.15,320,2
1001.3,0.66,3.8,0.2,6.6,24.15,250,2
1001.3,0.66,3.8,0.2,6.6,11.27,100,0
1001.3,0.66,3.8,0.2,6.6,28.98,330,2
1001.3,0.66,3.8,0.2,6.6,3.32,8,0
1001.3,0.66,3.8,0.2,6.6,6.3,130,0
1001.3,0.66,3.8,0.2,6.6,14.02,330,0
1001.3,1.41,11.7,8.0,16.5,14.44,270,0
1001.3,1.41,11.7,8.0,16.5,14.49,160,0
1001.3,1.41,11.7,8.0,16.5,9.66,190,0
1001.3,1.41,11.7,8.0,16.5,24.15,320,2
1001.3,1.41,11.7,8.0,16.5,24.15,250,2
1001.3,1.41,11.7,8.0,16.5,11.27,100,0
1001.3,1.41,11.7,8.0,16.5,28.98,330,2
1001.3,1.41,11.7,8.0,16.5,3.32,8,0
1001.3,1.41,11.7,8.0,16.5,6.3,130,0
1001.3,1.41,11.7,8.0,16.5,14.02,330,0
1001.3,0.74,-3.4,-4.6,-1.7,14.44,270,0
1001.3,0.74,-3.4,-4.6,-1.7,14.49,160,0
1001.3,0.74,-3.4,-4.6,-1.7,9.66,190,0
1001.3,0.74,-3.4,-4.6,-1.7,24.15,320,2
1001.3,0.74,-3.4,-4.6,-1.7,24.15,250,2
1001.3,0.74,-3.4,-4.6,-1.7,11.27,100,0
1001.3,0.74,-3.4,-4.6,-1.7,28.98,330,2
1001.3,0.74,-3.4,-4.6,-1.7,3.32,8,0
1001.3,0.74,-3.4,-4.6,-1.7,6.3,130,0
1001.3,0.74,-3.4,-4.6,-1.7,14.02,330,0
1001.3,1.03,10.1,8.3,12.4,14.44,270,0
1001.3,1.03,10.1,8.3,12.4,14.49,160,0
1001.3,1.03,10.1,8.3,12.4,9.66,190,0
1001.3,1.03,10.1,8.3,12.4,24.15,320,2
1001.3,1.03,10.1,8.3,12.4,24.15,250,2
1001.3,1.03,10.1,8.3,12.4,11.27,100,0
1001.3,1.03,10.1,8.3,12.4,28.98,330,2
1001.3,1.03,10.1,8.3,12.4,3.32,8,0
1001.3,1.03,10.1,8.3,12.4,6.3,130,0
1001.3,1.03,10.1,8.3,12.4,14.02,330,0
1001.3,0.38,2.3,1.3,3.0,14.44,270,0
1001.3,0.38,2.3,1.3,3.0,14.49,160,0
1001.3,0.38,2.3,1.3,3.0,9.66,190,0
1001.3,0.38,2.3,1.3,3.0,24.15,320,2
1001.3,0.38,2.3,1.3,3.0,24.15,250,2
1001.3,0.38,2.3,1.3,3.0,11.27,100,0
1001.3,0.38,2.3,1.3,3.0,28.98,330,2
1001.3,0.38,2.3,1.3,3.0,3.32,8,0
1001.3,0.38,2.3,1.3,3.0,6.3,130,0
1001.3,0.38,2.3,1.3,3.0,14.02,330,0
1001.3,0.11,7.5,6.1,10.0,14.44,270,0
1001.3,0.11,7.5,6.1,10.0,14.49,160,0
1001.3,0.11,7.5,6.1,10.0,9.66,190,0
1001.3,0.11,7.5,6.1,10.0,24.15,320,2
1001.3,0.11,7.5,6.1,10.0,24.15,250,2
1001.3,0.11,7.5,6.1,10.0,11.27,100,0
1001.3,0.11,7.5,6.1,10.0,28.98,330,2
1001.3,0.11,7.5,6.1,10.0,3.32,8,0
1001.3,0.11,7.5,6.1,10.0,6.3,130,0
1001.3,0.11,7.5,6.1,10.0,14.02,330,0
1001.3,0.56,11.6,9.4,14.6,14.44,270,0
1001.3,0.56,11.6,9.4,14.6,14.49,160,0
1001.3,0.56,11.6,9.4,14.6,9.66,190,0
1001.3,0.56,11.6,9.4,14.6,24.15,320,2
1001.3,0.56,11.6,9.4,14.6,24.15,250,2
1001.3,0.56,11.6,9.4,14.6,11.27,100,0
1001.3,0.56,11.6,9.4,14.6,28.98,330,2
1001.3,0.56,11.6,9.4,14.6,3.32,8,0
1001.3,0.56,11.6,9.4,14.6,6.3,130,0
1001.3,0.56,11.6,9.4,14.6,14.02,330,0
1001.3,0.22,10.9,9.5,12.8,14.44,270,0
1001.3,0.22,10.9,9.5,12.8,14.49,160,0
1001.3,0.22,10.9,9.5,12.8,9.66,190,0
1001.3,0.22,10.9,9.5,12.8,24.15,320,2
1001.3,0.22,10.9,9.5,12.8,24.15,250,2
1001.3,0.22,10.9,9.5,12.8,11.27,100,0
1001.3,0.22,10.9,9.5,12.8,28.98,330,2
1001.3,0.22,10.9,9.5,12.8,3.32,8,0
1001.3,0.22,10.9,9.5,12.8,6.3,130,0
1001.3,0.22,10.9,9.5,12.8,14.02,330,0
1001.4,1.56,2.7,-0.5,7.9,7.89,115,1
1001.4,1.56,2.7,-0.5,7.9,33.05,162,3
1001.4,1.56,2.7,-0.5,7.9,14.49,140,1
1001.4,1.56,2.7,-0.5,7.9,43.47,330,3
1001.4,1.56,2.7,-0.5,7.9,28.98,320,3
1001.4,1.56,2.7,-0.5,7.9,3.22,230,1
1001.4,0.15,5.5,3.0,8.1,7.89,115,1
1001.4,0.15,5.5,3.0,8.1,33.05,162,3
1001.4,0.15,5.5,3.0,8.1,14.49,140,1
1001.4,0.15,5.5,3.0,8.1,43.47,330,3
1001.4,0.15,5.5,3.0,8.1,28.98,320,3
1001.4,0.15,5.5,3.0,8.1,3.22,230,1
1001.4,0.49,-0.6,-3.1,1.7,7.89,115,1
1001.4,0.49,-0.6,-3.1,1.7,33.05,162,3
1001.4,0.49,-0.6,-3.1,1.7,14.49,140,1
1001.4,0.49,-0.6,-3.1,1.7,43.47,330,3
1001.4,0.49,-0.6,-3.1,1.7,28.98,320,3
1001.4,0.49,-0.6,-3.1,1.7,3.22,230,1
1001.4,1.18,15.5,9.1,20.2,7.89,115,0
1001.4,1.18,15.5,9.1,20.2,33.05,162,2
1001.4,1.18,15.5,9.1,20.2,14.49,140,0
1001.4,1.18,15.5,9.1,20.2,43.47,330,2
1001.4,1.18,15.5,9.1,20.2,28.98,320,2
1001.4,1.18,15.5,9.1,20.2,3.22,230,0
1001.4,0.69,2.2,-0.4,5.9,7.89,115,0
1001.4,0.69,2.2,-0.4,5.9,33.05,162,2
1001.4,0.69,2.2,-0.4,5.9,14.49,140,0
1001.4,0.69,2.2,-0.4,5.9,43.47,330,2
1001.4,0.69,2.2,-0.4,5.9,28.98,320,2
1001.4,0.69,2.2,-0.4,5.9,3.22,230,0
1001.4,1.17,16.0,13.0,19.9,7.89,115,0
1001.4,1.17,16.0,13.0,19.9,33.05,162,2
1001.4,1.17,16.0,13.0,19.9,14.49,140,0
1001.4,1.17,16.0,13.0,19.9,43.47,330,2
1001.4,1.17,16.0,13.0,19.9,28.98,320,2
1001.4,1.17,16.0,13.0,19.9,3.22,230,0
1001.4,1.57,11.1,8.2,16.2,7.89,115,0
1001.4,1.57,11.1,8.2,16.2,33.05,162,2
1001.4,1.57,11.1,8.2,16.2,14.49,140,0
1001.4,1.57,11.1,8.2,16.2,43.47,330,2
1001.4,1.57,11.1,8.2,16.2,28.98,320,2
1001.4,1.57,11.1,8.2,16.2,3.22,230,0
1001.4,0.39,4.3,2.4,5.7,7.89,115,0
1001.4,0.39,4.3,2.4,5.7,33.05,162,2
1001.4,0.39,4.3,2.4,5.7,14.49,140,0
1001.4,0.39,4.3,2.4,5.7,43.47,330,2
1001.4,0.39,4.3,2.4,5.7,28.98,320,2
1001.4,0.39,4.3,2.4,5.7,3.22,230,0
1001.4,0.29,9.4,8.1,11.9,7.89,115,0
1001.4,0.29,9.4,8.1,11.9,33.05,162,2
1001.4,0.29,9.4,8.1,11.9,14.49,140,0
1001.4,0.29,9.4,8.1,11.9,43.47,330,2
1001.4,0.29,9.4,8.1,11.9,28.98,320,2
1001.4,0.29,9.4,8.1,11.9,3.22,230,0
1001.4,1.69,11.1,8.6,14.9,7.89,115,0
1001.4,1.69,11.1,8.6,14.9,33.05,162,2
1001.4,1.69,11.1,8.6,14.9,14.49,140,0
1001.4,1.69,11.1,8.6,14.9,43.47,330,2
1001.4,1.69,11.1,8.6,14.9,28.98,320,2
1001.4,1.69,11.1,8.6,14.9,3.22,230,0
1001.4,0.71,6.9,3.9,9.7,7.89,115,0
1001.4,0.71,6.9,3.9,9.7,33.05,162,2
1001.4,0.71,6.9,3.9,9.7,14.49,140,0
1001.4,0.71,6.9,3.9,9.7,43.47,330,2
1001.4,0.71,6.9,3.9,9.7,28.98,320,2
1001.4,0.71,6.9,3.9,9.7,3.22,230,0
1001.4,1.93,15.0,11.7,19.0,7.89,115,0
1001.4,1.93,15.0,11.7,19.0,33.05,162,2
1001.4,1.93,15.0,11.7,19.0,14.49,140,0
1001.4,1.93,15.0,11.7,19.0,43.47,330,2
1001.4,1.93,15.0,11.7,19.0,28.98,320,2
1001.4,1.93,15.0,11.7,19.0,3.22,230,0
1001.4,0.26,10.6,9.0,12.5,7.89,115,0
1001.4,0.26,10.6,9.0,12.5,33.05,162,2
1001.4,0.26,10.6,9.0,12.5,14.49,140,0
1001.4,0.26,10.6,9.0,12.5,43.47,330,2
1001.4,0.26,10.6,9.0,12.5,28.98,320,2
1001.4,0.26,10.6,9.0,12.5,3.22,230,0
1001.4,0.24,9.3,6.1,12.4,7.89,115,0
1001.4,0.24,9.3,6.1,12.4,33.05,162,2
1001.4,0.24,9.3,6.1,12.4,14.49,140,0
1001.4,0.24,9.3,6.1,12.4,43.47,330,2
1001.4,0.24,9.3,6.1,12.4,28.98,320,2
1001.4,0.24,9.3,6.1,12.4,3.22,230,0
1001.4,0.12,8.6,4.1,11.1,7.89,115,0
1001.4,0.12,8.6,4.1,11.1,33.05,162,2
1001.4,0.12,8.6,4.1,11.1,14.49,140,0
1001.4,0.12,8.6,4.1,11.1,43.47,330,2
1001.4,0.12,8.6,4.1,11.1,28.98,320,2
1001.4,0.12,8.6,4.1,11.1,3.22,230,0
1001.4,0.22,4.9,3.5,7.5,7.89,115,0
1001.4,0.22,4.9,3.5,7.5,33.05,162,2
1001.4,0.22,4.9,3.5,7.5,14.49,140,0
1001.4,0.22,4.9,3.5,7.5,43.47,330,2
1001.4,0.22,4.9,3.5,7.5,28.98,320,2
1001.4,0.22,4.9,3.5,7.5,3.22,230,0
1001.4,0.24,-2.9,-6.4,-0.8,7.89,115,0
1001.4,0.24,-2.9,-6.4,-0.8,33.05,162,2
1001.4,0.24,-2.9,-6.4,-0.8,14.49,140,0
1001.4,0.24,-2.9,-6.4,-0.8,43.47,330,2
1001.4,0.24,-2.9,-6.4,-0.8,28.98,320,2
1001.4,0.24,-2.9,-6.4,-0.8,3.22,230,0
1001.4,0.44,0.9,-0.1,1.8,7.89,115,0
1001.4,0.44,0.9,-0.1,1.8,33.05,162,2
1001.4,0.44,0.9,-0.1,1.8,14.49,140,0
1001.4,0.44,0.9,-0.1,1.8,43.47,330,2
1001.4,0.44,0.9,-0.1,1.8,28.98,320,2
1001.4,0.44,0.9,-0.1,1.8,3.22,230,0
1001.4,0.54,8.6,7.5,6.6,7.89,115,0
1001.4,0.54,8.6,7.5,6.6,33.05,162,2
1001.4,0.54,8.6,7.5,6.6,14.49,140,0
1001.4,0.54,8.6,7.5,6.6,43.47,330,2
1001.4,0.54,8.6,7.5,6.6,28.98,320,2
1001.4,0.54,8.6,7.5,6.6,3.22,230,0
1001.4,0.23,10.8,7.8,14.4,7.89,115,0
1001.4,0.23,10.8,7.8,14.4,33.05,162,2
1001.4,0.23,10.8,7.8,14.4,14.49,140,0
1001.4,0.23,10.8,7.8,14.4,43.47,330,2
1001.4,0.23,10.8,7.8,14.4,28.98,320,2
1001.4,0.23,10.8,7.8,14.4,3.22,230,0
1001.4,1.07,14.4,12.6,18.3,7.89,115,0
1001.4,1.07,14.4,12.6,18.3,33.05,162,2
1001.4,1.07,14.4,12.6,18.3,14.49,140,0
1001.4,1.07,14.4,12.6,18.3,43.47,330,2
1001.4,1.07,14.4,12.6,18.3,28.98,320,2
1001.4,1.07,14.4,12.6,18.3,3.22,230,0
1001.4,0.91,14.8,12.4,18.6,7.89,115,0
1001.4,0.91,14.8,12.4,18.6,33.05,162,2
1001.4,0.91,14.8,12.4,18.6,14.49,140,0
1001.4,0.91,14.8,12.4,18.6,43.47,330,2
1001.4,0.91,14.8,12.4,18.6,28.98,320,2
1001.4,0.91,14.8,12.4,18.6,3.22,230,0
1001.5,1.62,-1.6,-4.7,2.4,32.2,150,3
1001.5,1.62,-1.6,-4.7,2.4,12.88,30,1
1001.5,1.62,-1.6,-4.7,2.4,25.82,311,3
1001.5,1.62,-1.6,-4.7,2.4,16.1,130,3
1001.5,1.62,-1.6,-4.7,2.4,7.18,356,1
1001.5,1.62,-1.6,-4.7,2.4,12.43,182,1
1001.5,0.53,9.4,5.0,11.7,32.2,150,3
1001.5,0.53,9.4,5.0,11.7,12.88,30,1
1001.5,0.53,9.4,5.0,11.7,25.82,311,3
1001.5,0.53,9.4,5.0,11.7,16.1,130,3
1001.5,0.53,9.4,5.0,11.7,7.18,356,1
1001.5,0.53,9.4,5.0,11.7,12.43,182,1
1001.5,0.24,7.3,6.2,8.8,32.2,150,3
1001.5,0.24,7.3,6.2,8.8,12.88,30,1
1001.5,0.24,7.3,6.2,8.8,25.82,311,3
1001.5,0.24,7.3,6.2,8.8,16.1,130,3
1001.5,0.24,7.3,6.2,8.8,7.18,356,1
1001.5,0.24,7.3,6.2,8.8,12.43,182,1
1001.5,0.64,15.6,14.1,17.9,32.2,150,2
1001.5,0.64,15.6,14.1,17.9,12.88,30,0
1001.5,0.64,15.6,14.1,17.9,25.82,311,2
1001.5,0.64,15.6,14.1,17.9,16.1,130,2
1001.5,0.64,15.6,14.1,17.9,7.18,356,0
1001.5,0.64,15.6,14.1,17.9,12.43,182,0
1001.5,0.45,8.0,5.5,10.7,32.2,150,2
1001.5,0.45,8.0,5.5,10.7,12.88,30,0
1001.5,0.45,8.0,5.5,10.7,25.82,311,2
1001.5,0.45,8.0,5.5,10.7,16.1,130,2
1001.5,0.45,8.0,5.5,10.7,7.18,356,0
1001.5,0.45,8.0,5.5,10.7,12.43,182,0
1001.5,2.26,11.2,6.5,11.3,32.2,150,2
1001.5,2.26,11.2,6.5,11.3,12.88,30,0
1001.5,2.26,11.2,6.5,11.3,25.82,311,2
1001.5,2.26,11.2,6.5,11.3,16.1,130,2
1001.5,2.26,11.2,6.5,11.3,7.18,356,0
1001.5,2.26,11.2,6.5,11.3,12.43,182,0
1001.5,0.17,7.3,5.3,9.8,32.2,150,2
1001.5,0.17,7.3,5.3,9.8,12.88,30,0
1001.5,0.17,7.3,5.3,9.8,25.82,311,2
1001.5,0.17,7.3,5.3,9.8,16.1,130,2
1001.5,0.17,7.3,5.3,9.8,7.18,356,0
1001.5,0.17,7.3,5.3,9.8,12.43,182,0
1001.5,0.62,16.0,11.8,18.5,32.2,150,2
1001.5,0.62,16.0,11.8,18.5,12.88,30,0
1001.5,0.62,16.0,11.8,18.5,25.82,311,2
1001.5,0.62,16.0,11.8,18.5,16.1,130,2
1001.5,0.62,16.0,11.8,18.5,7.18,356,0
1001.5,0.62,16.0,11.8,18.5,12.43,182,0
1001.5,0.59,4.2,1.2,7.7,32.2,150,2
1001.5,0.59,4.2,1.2,7.7,12.88,30,0
1001.5,0.59,4.2,1.2,7.7,25.82,311,2
1001.5,0.59,4.2,1.2,7.7,16.1,130,2
1001.5,0.59,4.2,1.2,7.7,7.18,356,0
1001.5,0.59,4.2,1.2,7.7,12.43,182,0
1001.5,1.85,15.9,13.1,19.6,32.2,150,2
1001.5,1.85,15.9,13.1,19.6,12.88,30,0
1001.5,1.85,15.9,13.1,19.6,25.82,311,2
1001.5,1.85,15.9,13.1,19.6,16.1,130,2
1001.5,1.85,15.9,13.1,19.6,7.18,356,0
1001.5,1.85,15.9,13.1,19.6,12.43,182,0
1001.5,0.19,2.7,0.0,4.9,32.2,150,2
1001.5,0.19,2.7,0.0,4.9,12.88,30,0
1001.5,0.19,2.7,0.0,4.9,25.82,311,2
1001.5,0.19,2.7,0.0,4.9,16.1,130,2
1001.5,0.19,2.7,0.0,4.9,7.18,356,0
1001.5,0.19,2.7,0.0,4.9,12.43,182,0
1001.5,1.39,6.4,3.3,12.1,32.2,150,2
1001.5,1.39,6.4,3.3,12.1,12.88,30,0
1001.5,1.39,6.4,3.3,12.1,25.82,311,2
1001.5,1.39,6.4,3.3,12.1,16.1,130,2
1001.5,1.39,6.4,3.3,12.1,7.18,356,0
1001.5,1.39,6.4,3.3,12.1,12.43,182,0
1001.5,0.53,9.1,6.8,11.0,32.2,150,2
1001.5,0.53,9.1,6.8,11.0,12.88,30,0
1001.5,0.53,9.1,6.8,11.0,25.82,311,2
1001.5,0.53,9.1,6.8,11.0,16.1,130,2
1001.5,0.53,9.1,6.8,11.0,7.18,356,0
1001.5,0.53,9.1,6.8,11.0,12.43,182,0
1001.5,0.37,10.4,5.7,13.3,32.2,150,2
1001.5,0.37,10.4,5.7,13.3,12.88,30,0
1001.5,0.37,10.4,5.7,13.3,25.82,311,2
1001.5,0.37,10.4,5.7,13.3,16.1,130,2
1001.5,0.37,10.4,5.7,13.3,7.18,356,0
1001.5,0.37,10.4,5.7,13.3,12.43,182,0
1001.5,1.79,14.1,12.1,18.6,32.2,150,2
1001.5,1.79,14.1,12.1,18.6,12.88,30,0
1001.5,1.79,14.1,12.1,18.6,25.82,311,2
1001.5,1.79,14.1,12.1,18.6,16.1,130,2
1001.5,1.79,14.1,12.1,18.6,7.18,356,0
1001.5,1.79,14.1,12.1,18.6,12.43,182,0
1001.5,0.54,14.6,13.8,15.9,32.2,150,2
1001.5,0.54,14.6,13.8,15.9,12.88,30,0
1001.5,0.54,14.6,13.8,15.9,25.82,311,2
1001.5,0.54,14.6,13.8,15.9,16.1,130,2
1001.5,0.54,14.6,13.8,15.9,7.18,356,0
1001.5,0.54,14.6,13.8,15.9,12.43,182,0
1001.5,0.46,15.2,13.6,15.6,32.2,150,2
1001.5,0.46,15.2,13.6,15.6,12.88,30,0
1001.5,0.46,15.2,13.6,15.6,25.82,311,2
1001.5,0.46,15.2,13.6,15.6,16.1,130,2
1001.5,0.46,15.2,13.6,15.6,7.18,356,0
1001.5,0.46,15.2,13.6,15.6,12.43,182,0
1001.5,0.11,7.0,4.2,10.4,32.2,150,2
1001.5,0.11,7.0,4.2,10.4,12.88,30,0
1001.5,0.11,7.0,4.2,10.4,25.82,311,2
1001.5,0.11,7.0,4.2,10.4,16.1,130,2
1001.5,0.11,7.0,4.2,10.4,7.18,356,0
1001.5,0.11,7.0,4.2,10.4,12.43,182,0
1001.5,0.16,15.5,11.9,18.9,32.2,150,2
1001.5,0.16,15.5,11.9,18.9,12.88,30,0
1001.5,0.16,15.5,11.9,18.9,25.82,311,2
1001.5,0.16,15.5,11.9,18.9,16.1,130,2
1001.5,0.16,15.5,11.9,18.9,7.18,356,0
1001.5,0.16,15.5,11.9,18.9,12.43,182,0
1001.6,0.85,-0.4,-5.2,4.5,9.68,121,1
1001.6,0.85,-0.4,-5.2,4.5,14.39,251,1
1001.6,0.85,-0.4,-5.2,4.5,25.76,330,3
1001.6,0.85,-0.4,-5.2,4.5,14.49,310,1
1001.6,0.85,-0.4,-5.2,4.5,10.82,151,1
1001.6,0.85,-0.4,-5.2,4.5,17.71,200,3
1001.6,0.85,-0.4,-5.2,4.5,33.81,320,3
1001.6,0.85,-0.4,-5.2,4.5,11.27,320,1
1001.6,0.85,-0.4,-5.2,4.5,24.83,20,3
1001.6,0.85,-0.4,-5.2,4.5,3.22,150,1
1001.6,0.85,-0.4,-5.2,4.5,7.91,351,1
1001.6,0.85,-0.4,-5.2,4.5,17.1,10,3
1001.6,0.85,-0.4,-5.2,4.5,19.74,359,3
1001.6,1.9,11.6,7.5,17.6,9.68,121,1
1001.6,1.9,11.6,7.5,17.6,14.39,251,1
1001.6,1.9,11.6,7.5,17.6,25.76,330,3
1001.6,1.9,11.6,7.5,17.6,14.49,310,1
1001.6,1.9,11.6,7.5,17.6,10.82,151,1
1001.6,1.9,11.6,7.5,17.6,17.71,200,3
1001.6,1.9,11.6,7.5,17.6,33.81,320,3
1001.6,1.9,11.6,7.5,17.6,11.27,320,1
1001.6,1.9,11.6,7.5,17.6,24.83,20,3
1001.6,1.9,11.6,7.5,17.6,3.22,150,1
1001.6,1.9,11.6,7.5,17.6,7.91,351,1
1001.6,1.9,11.6,7.5,17.6,17.1,10,3
1001.6,1.9,11.6,7.5,17.6,19.74,359,3
1001.6,0.29,15.4,14.5,16.2,9.68,121,1
1001.6,0.29,15.4,14.5,16.2,14.39,251,1
1001.6,0.29,15.4,14.5,16.2,25.76,330,3
1001.6,0.29,15.4,14.5,16.2,14.49,310,1
1001.6,0.29,15.4,14.5,16.2,10.82,151,1
1001.6,0.29,15.4,14.5,16.2,17.71,200,3
1001.6,0.29,15.4,14.5,16.2,33.81,320,3
1001.6,0.29,15.4,14.5,16.2,11.27,320,1
1001.6,0.29,15.4,14.5,16.2,24.83,20,3
1001.6,0.29,15.4,14.5,16.2,3.22,150,1
1001.6,0.29,15.4,14.5,16.2,7.91,351,1
1001.6,0.29,15.4,14.5,16.2,17.1,10,3
1001.6,0.29,15.4,14.5,16.2,19.74,359,3
1001.6,1.39,9.0,3.0,13.7,9.68,121,1
1001.6,1.39,9.0,3.0,13.7,14.39,251,1
1001.6,1.39,9.0,3.0,13.7,25.76,330,3
1001.6,1.39,9.0,3.0,13.7,14.49,310,1
1001.6,1.39,9.0,3.0,13.7,10.82,151,1
1001.6,1.39,9.0,3.0,13.7,17.71,200,3
1001.6,1.39,9.0,3.0,13.7,33.81,320,3
1001.6,1.39,9.0,3.0,13.7,11.27,320,1
1001.6,1.39,9.0,3.0,13.7,24.83,20,3
1001.6,1.39,9.0,3.0,13.7,3.22,150,1
1001.6,1.39,9.0,3.0,13.7,7.91,351,1
1001.6,1.39,9.0,3.0,13.7,17.1,10,3
1001.6,1.39,9.0,3.0,13.7,19.74,359,3
1001.6,1.44,1.3,-2.4,5.4,9.68,121,0
1001.6,1.44,1.3,-2.4,5.4,14.39,251,0
1001.6,1.44,1.3,-2.4,5.4,25.76,330,2
1001.6,1.44,1.3,-2.4,5.4,14.49,310,0
1001.6,1.44,1.3,-2.4,5.4,10.82,151,0
1001.6,1.44,1.3,-2.4,5.4,17.71,200,2
1001.6,1.44,1.3,-2.4,5.4,33.81,320,2
1001.6,1.44,1.3,-2.4,5.4,11.27,320,0
1001.6,1.44,1.3,-2.4,5.4,24.83,20,2
1001.6,1.44,1.3,-2.4,5.4,3.22,150,0
1001.6,1.44,1.3,-2.4,5.4,7.91,351,0
1001.6,1.44,1.3,-2.4,5.4,17.1,10,2
1001.6,1.44,1.3,-2.4,5.4,19.74,359,2
1001.6,0.45,13.0,11.6,14.4,9.68,121,0
1001.6,0.45,13.0,11.6,14.4,14.39,251,0
1001.6,0.45,13.0,11.6,14.4,25.76,330,2
1001.6,0.45,13.0,11.6,14.4,14.49,310,0
1001.6,0.45,13.0,11.6,14.4,10.82,151,0
1001.6,0.45,13.0,11.6,14.4,17.71,200,2
1001.6,0.45,13.0,11.6,14.4,33.81,320,2
1001.6,0.45,13.0,11.6,14.4,11.27,320,0
1001.6,0.45,13.0,11.6,14.4,24.83,20,2
1001.6,0.45,13.0,11.6,14.4,3.22,150,0
1001.6,0.45,13.0,11.6,14.4,7.91,351,0
1001.6,0.45,13.0,11.6,14.4,17.1,10,2
1001.6,0.45,13.0,11.6,14.4,19.74,359,2
1001.6,0.3,1.2,-2.5,7.5,9.68,121,0
1001.6,0.3,1.2,-2.5,7.5,14.39,251,0
1001.6,0.3,1.2,-2.5,7.5,25.76,330,2
1001.6,0.3,1.2,-2.5,7.5,14.49,310,0
1001.6,0.3,1.2,-2.5,7.5,10.82,151,0
1001.6,0.3,1.2,-2.5,7.5,17.71,200,2
1001.6,0.3,1.2,-2.5,7.5,33.81,320,2
1001.6,0.3,1.2,-2.5,7.5,11.27,320,0
1001.6,0.3,1.2,-2.5,7.5,24.83,20,2
1001.6,0.3,1.2,-2.5,7.5,3.22,150,0
1001.6,0.3,1.2,-2.5,7.5,7.91,351,0
1001.6,0.3,1.2,-2.5,7.5,17.1,10,2
1001.6,0.3,1.2,-2.5,7.5,19.74,359,2
1001.6,0.49,1.6,0.3,4.7,9.68,121,0
1001.6,0.49,1.6,0.3,4.7,14.39,251,0
1001.6,0.49,1.6,0.3,4.7,25.76,330,2
1001.6,0.49,1.6,0.3,4.7,14.49,310,0
1001.6,0.49,1.6,0.3,4.7,10.82,151,0
1001.6,0.49,1.6,0.3,4.7,17.71,200,2
1001.6,0.49,1.6,0.3,4.7,33.81,320,2
1001.6,0.49,1.6,0.3,4.7,11.27,320,0
1001.6,0.49,1.6,0.3,4.7,24.83,20,2
1001.6,0.49,1.6,0.3,4.7,3.22,150,0
1001.6,0.49,1.6,0.3,4.7,7.91,351,0
1001.6,0.49,1.6,0.3,4.7,17.1,10,2
1001.6,0.49,1.6,0.3,4.7,19.74,359,2
1001.6,0.19,7.7,5.6,10.8,9.68,121,0
1001.6,0.19,7.7,5.6,10.8,14.39,251,0
1001.6,0.19,7.7,5.6,10.8,25.76,330,2
1001.6,0.19,7.7,5.6,10.8,14.49,310,0
1001.6,0.19,7.7,5.6,10.8,10.82,151,0
1001.6,0.19,7.7,5.6,10.8,17.71,200,2
1001.6,0.19,7.7,5.6,10.8,33.81,320,2
1001.6,0.19,7.7,5.6,10.8,11.27,320,0
1001.6,0.19,7.7,5.6,10.8,24.83,20,2
1001.6,0.19,7.7,5.6,10.8,3.22,150,0
1001.6,0.19,7.7,5.6,10.8,7.91,351,0
1001.6,0.19,7.7,5.6,10.8,17.1,10,2
1001.6,0.19,7.7,5.6,10.8,19.74,359,2
1001.6,0.31,7.3,2.6,12.9,9.68,121,0
1001.6,0.31,7.3,2.6,12.9,14.39,251,0
1001.6,0.31,7.3,2.6,12.9,25.76,330,2
1001.6,0.31,7.3,2.6,12.9,14.49,310,0
1001.6,0.31,7.3,2.6,12.9,10.82,151,0
1001.6,0.31,7.3,2.6,12.9,17.71,200,2
1001.6,0.31,7.3,2.6,12.9,33.81,320,2
1001.6,0.31,7.3,2.6,12.9,11.27,320,0
1001.6,0.31,7.3,2.6,12.9,24.83,20,2
1001.6,0.31,7.3,2.6,12.9,3.22,150,0
1001.6,0.31,7.3,2.6,12.9,7.91,351,0
1001.6,0.31,7.3,2.6,12.9,17.1,10,2
1001.6,0.31,7.3,2.6,12.9,19.74,359,2
1001.6,0.58,8.3,5.1,11.2,9.68,121,0
1001.6,0.58,8.3,5.1,11.2,14.39,251,0
1001.6,0.58,8.3,5.1,11.2,25.76,330,2
1001.6,0.58,8.3,5.1,11.2,14.49,310,0
1001.6,0.58,8.3,5.1,11.2,10.82,151,0
1001.6,0.58,8.3,5.1,11.2,17.71,200,2
1001.6,0.58,8.3,5.1,11.2,33.81,320,2
1001.6,0.58,8.3,5.1,11.2,11.27,320,0
1001.6,0.58,8.3,5.1,11.2,24.83,20,2
1001.6,0.58,8.3,5.1,11.2,3.22,150,0
1001.6,0.58,8.3,5.1,11.2,7.91,351,0
1001.6,0.58,8.3,5.1,11.2,17.1,10,2
1001.6,0.58,8.3,5.1,11.2,19.74,359,2
1001.6,0.27,6.9,5.1,8.8,9.68,121,0
1001.6,0.27,6.9,5.1,8.8,14.39,251,0
1001.6,0.27,6.9,5.1,8.8,25.76,330,2
1001.6,0.27,6.9,5.1,8.8,14.49,310,0
1001.6,0.27,6.9,5.1,8.8,10.82,151,0
1001.6,0.27,6.9,5.1,8.8,17.71,200,2
1001.6,0.27,6.9,5.1,8.8,33.81,320,2
1001.6,0.27,6.9,5.1,8.8,11.27,320,0
1001.6,0.27,6.9,5.1,8.8,24.83,20,2
1001.6,0.27,6.9,5.1,8.8,3.22,150,0
1001.6,0.27,6.9,5.1,8.8,7.91,351,0
1001.6,0.27,6.9,5.1,8.8,17.1,10,2
1001.6,0.27,6.9,5.1,8.8,19.74,359,2
1001.6,0.19,12.3,9.9,14.2,9.68,121,0
1001.6,0.19,12.3,9.9,14.2,14.39,251,0
1001.6,0.19,12.3,9.9,14.2,25.76,330,2
1001.6,0.19,12.3,9.9,14.2,14.49,310,0
1001.6,0.19,12.3,9.9,14.2,10.82,151,0
1001.6,0.19,12.3,9.9,14.2,17.71,200,2
1001.6,0.19,12.3,9.9,14.2,33.81,320,2
1001.6,0.19,12.3,9.9,14.2,11.27,320,0
1001.6,0.19,12.3,9.9,14.2,24.83,20,2
1001.6,0.19,12.3,9.9,14.2,3.22,150,0
1001.6,0.19,12.3,9.9,14.2,7.91,351,0
1001.6,0.19,12.3,9.9,14.2,17.1,10,2
1001.6,0.19,12.3,9.9,14.2,19.74,359,2
1001.6,0.68,4.5,-0.4,7.9,9.68,121,0
1001.6,0.68,4.5,-0.4,7.9,14.39,251,0
1001.6,0.68,4.5,-0.4,7.9,25.76,330,2
1001.6,0.68,4.5,-0.4,7.9,14.49,310,0
1001.6,0.68,4.5,-0.4,7.9,10.82,151,0
1001.6,0.68,4.5,-0.4,7.9,17.71,200,2
1001.6,0.68,4.5,-0.4,7.9,33.81,320,2
1001.6,0.68,4.5,-0.4,7.9,11.27,320,0
1001.6,0.68,4.5,-0.4,7.9,24.83,20,2
1001.6,0.68,4.5,-0.4,7.9,3.22,150,0
1001.6,0.68,4.5,-0.4,7.9,7.91,351,0
1001.6,0.68,4.5,-0.4,7.9,17.1,10,2
1001.6,0.68,4.5,-0.4,7.9,19.74,359,2
1001.6,0.87,9.0,5.8,16.1,9.68,121,0
1001.6,0.87,9.0,5.8,16.1,14.39,251,0
1001.6,0.87,9.0,5.8,16.1,25.76,330,2
1001.6,0.87,9.0,5.8,16.1,14.49,310,0
1001.6,0.87,9.0,5.8,16.1,10.82,151,0
1001.6,0.87,9.0,5.8,16.1,17.71,200,2
1001.6,0.87,9.0,5.8,16.1,33.81,320,2
1001.6,0.87,9.0,5.8,16.1,11.27,320,0
1001.6,0.87,9.0,5.8,16.1,24.83,20,2
1001.6,0.87,9.0,5.8,16.1,3.22,150,0
1001.6,0.87,9.0,5.8,16.1,7.91,351,0
1001.6,0.87,9.0,5.8,16.1,17.1,10,2
1001.6,0.87,9.0,5.8,16.1,19.74,359,2
1001.6,0.51,11.8,9.8,11.4,9.68,121,0
1001.6,0.51,11.8,9.8,11.4,14.39,251,0
1001.6,0.51,11.8,9.8,11.4,25.76,330,2
1001.6,0.51,11.8,9.8,11.4,14.49,310,0
1001.6,0.51,11.8,9.8,11.4,10.82,151,0
1001.6,0.51,11.8,9.8,11.4,17.71,200,2
1001.6,0.51,11.8,9.8,11.4,33.81,320,2
1001.6,0.51,11.8,9.8,11.4,11.27,320,0
1001.6,0.51,11.8,9.8,11.4,24.83,20,2
1001.6,0.51,11.8,9.8,11.4,3.22,150,0
1001.6,0.51,11.8,9.8,11.4,7.91,351,0
1001.6,0.51,11.8,9.8,11.4,17.1,10,2
1001.6,0.51,11.8,9.8,11.4,19.74,359,2
1001.6,0.28,11.7,11.3,16.4,9.68,121,0
1001.6,0.28,11.7,11.3,16.4,14.39,251,0
1001.6,0.28,11.7,11.3,16.4,25.76,330,2
1001.6,0.28,11.7,11.3,16.4,14.49,310,0
1001.6,0.28,11.7,11.3,16.4,10.82,151,0
1001.6,0.28,11.7,11.3,16.4,17.71,200,2
1001.6,0.28,11.7,11.3,16.4,33.81,320,2
1001.6,0.28,11.7,11.3,16.4,11.27,320,0
1001.6,0.28,11.7,11.3,16.4,24.83,20,2
1001.6,0.28,11.7,11.3,16.4,3.22,150,0
1001.6,0.28,11.7,11.3,16.4,7.91,351,0
1001.6,0.28,11.7,11.3,16.4,17.1,10,2
1001.6,0.28,11.7,11.3,16.4,19.74,359,2
1001.6,0.21,2.2,-1.7,5.8,9.68,121,0
1001.6,0.21,2.2,-1.7,5.8,14.39,251,0
1001.6,0.21,2.2,-1.7,5.8,25.76,330,2
1001.6,0.21,2.2,-1.7,5.8,14.49,310,0
1001.6,0.21,2.2,-1.7,5.8,10.82,151,0
1001.6,0.21,2.2,-1.7,5.8,17.71,200,2
1001.6,0.21,2.2,-1.7,5.8,33.81,320,2
1001.6,0.21,2.2,-1.7,5.8,11.27,320,0
1001.6,0.21,2.2,-1.7,5.8,24.83,20,2
1001.6,0.21,2.2,-1.7,5.8,3.22,150,0
1001.6,0.21,2.2,-1.7,5.8,7.91,351,0
1001.6,0.21,2.2,-1.7,5.8,17.1,10,2
1001.6,0.21,2.2,-1.7,5.8,19.74,359,2
1001.6,0.81,15.2,13.9,17.3,9.68,121,0
1001.6,0.81,15.2,13.9,17.3,14.39,251,0
1001.6,0.81,15.2,13.9,17.3,25.76,330,2
1001.6,0.81,15.2,13.9,17.3,14.49,310,0
1001.6,0.81,15.2,13.9,17.3,10.82,151,0
1001.6,0.81,15.2,13.9,17.3,17.71,200,2
1001.6,0.81,15.2,13.9,17.3,33.81,320,2
1001.6,0.81,15.2,13.9,17.3,11.27,320,0
1001.6,0.81,15.2,13.9,17.3,24.83,20,2
1001.6,0.81,15.2,13.9,17.3,3.22,150,0
1001.6,0.81,15.2,13.9,17.3,7.91,351,0
1001.6,0.81,15.2,13.9,17.3,17.1,10,2
1001.6,0.81,15.2,13.9,17.3,19.74,359,2
1001.6,0.83,10.1,8.1,20.1,9.68,121,0
1001.6,0.83,10.1,8.1,20.1,14.39,251,0
1001.6,0.83,10.1,8.1,20.1,25.76,330,2
1001.6,0.83,10.1,8.1,20.1,14.49,310,0
1001.6,0.83,10.1,8.1,20.1,10.82,151,0
1001.6,0.83,10.1,8.1,20.1,17.71,200,2
1001.6,0.83,10.1,8.1,20.1,33.81,320,2
1001.6,0.83,10.1,8.1,20.1,11.27,320,0
1001.6,0.83,10.1,8.1,20.1,24.83,20,2
1001.6,0.83,10.1,8.1,20.1,3.22,150,0
1001.6,0.83,10.1,8.1,20.1,7.91,351,0
1001.6,0.83,10.1,8.1,20.1,17.1,10,2
1001.6,0.83,10.1,8.1,20.1,19.74,359,2
1001.6,0.09,9.2,6.0,13.6,9.68,121,0
1001.6,0.09,9.2,6.0,13.6,14.39,251,0
1001.6,0.09,9.2,6.0,13.6,25.76,330,2
1001.6,0.09,9.2,6.0,13.6,14.49,310,0
1001.6,0.09,9.2,6.0,13.6,10.82,151,0
1001.6,0.09,9.2,6.0,13.6,17.71,200,2
1001.6,0.09,9.2,6.0,13.6,33.81,320,2
1001.6,0.09,9.2,6.0,13.6,11.27,320,0
1001.6,0.09,9.2,6.0,13.6,24.83,20,2
1001.6,0.09,9.2,6.0,13.6,3.22,150,0
1001.6,0.09,9.2,6.0,13.6,7.91,351,0
1001.6,0.09,9.2,6.0,13.6,17.1,10,2
1001.6,0.09,9.2,6.0,13.6,19.74,359,2
1001.6,0.33,8.2,6.2,10.3,9.68,121,0
1001.6,0.33,8.2,6.2,10.3,14.39,251,0
1001.6,0.33,8.2,6.2,10.3,25.76,330,2
1001.6,0.33,8.2,6.2,10.3,14.49,310,0
1001.6,0.33,8.2,6.2,10.3,10.82,151,0
1001.6,0.33,8.2,6.2,10.3,17.71,200,2
1001.6,0.33,8.2,6.2,10.3,33.81,320,2
1001.6,0.33,8.2,6.2,10.3,11.27,320,0
1001.6,0.33,8.2,6.2,10.3,24.83,20,2
1001.6,0.33,8.2,6.2,10.3,3.22,150,0
1001.6,0.33,8.2,6.2,10.3,7.91,351,0
1001.6,0.33,8.2,6.2,10.3,17.1,10,2
1001.6,0.33,8.2,6.2,10.3,19.74,359,2
1001.6,0.28,-0.8,-2.5,0.9,9.68,121,0
1001.6,0.28,-0.8,-2.5,0.9,14.39,251,0
1001.6,0.28,-0.8,-2.5,0.9,25.76,330,2
1001.6,0.28,-0.8,-2.5,0.9,14.49,310,0
1001.6,0.28,-0.8,-2.5,0.9,10.82,151,0
1001.6,0.28,-0.8,-2.5,0.9,17.71,200,2
1001.6,0.28,-0.8,-2.5,0.9,33.81,320,2
1001.6,0.28,-0.8,-2.5,0.9,11.27,320,0
1001.6,0.28,-0.8,-2.5,0.9,24.83,20,2
1001.6,0.28,-0.8,-2.5,0.9,3.22,150,0
1001.6,0.28,-0.8,-2.5,0.9,7.91,351,0
1001.6,0.28,-0.8,-2.5,0.9,17.1,10,2
1001.6,0.28,-0.8,-2.5,0.9,19.74,359,2
1001.7,0.4,8.1,5.7,10.5,11.27,330,1
1001.7,0.4,8.1,5.7,10.5,14.49,150,1
1001.7,0.4,8.1,5.7,10.5,45.08,330,3
1001.7,0.4,8.1,5.7,10.5,16.79,53,3
1001.7,0.4,8.1,5.7,10.5,20.72,51,3
1001.7,0.4,8.1,5.7,10.5,32.73,324,3
1001.7,0.4,8.1,5.7,10.5,23.91,161,3
1001.7,0.4,8.1,5.7,10.5,12.54,57,1
1001.7,1.02,15.8,13.5,15.7,11.27,330,1
1001.7,1.02,15.8,13.5,15.7,14.49,150,1
1001.7,1.02,15.8,13.5,15.7,45.08,330,3
1001.7,1.02,15.8,13.5,15.7,16.79,53,3
1001.7,1.02,15.8,13.5,15.7,20.72,51,3
1001.7,1.02,15.8,13.5,15.7,32.73,324,3
1001.7,1.02,15.8,13.5,15.7,23.91,161,3
1001.7,1.02,15.8,13.5,15.7,12.54,57,1
1001.7,1.98,8.1,4.2,12.3,11.27,330,1
1001.7,1.98,8.1,4.2,12.3,14.49,150,1
1001.7,1.98,8.1,4.2,12.3,45.08,330,3
1001.7,1.98,8.1,4.2,12.3,16.79,53,3
1001.7,1.98,8.1,4.2,12.3,20.72,51,3
1001.7,1.98,8.1,4.2,12.3,32.73,324,3
1001.7,1.98,8.1,4.2,12.3,23.91,161,3
1001.7,1.98,8.1,4.2,12.3,12.54,57,1
1001.7,1.24,7.6,3.9,10.0,11.27,330,1
1001.7,1.24,7.6,3.9,10.0,14.49,150,1
1001.7,1.24,7.6,3.9,10.0,45.08,330,3
1001.7,1.24,7.6,3.9,10.0,16.79,53,3
1001.7,1.24,7.6,3.9,10.0,20.72,51,3
1001.7,1.24,7.6,3.9,10.0,32.73,324,3
1001.7,1.24,7.6,3.9,10.0,23.91,161,3
1001.7,1.24,7.6,3.9,10.0,12.54,57,1
1001.7,0.11,9.6,6.7,11.3,11.27,330,1
1001.7,0.11,9.6,6.7,11.3,14.49,150,1
1001.7,0.11,9.6,6.7,11.3,45.08,330,3
1001.7,0.11,9.6,6.7,11.3,16.79,53,3
1001.7,0.11,9.6,6.7,11.3,20.72,51,3
1001.7,0.11,9.6,6.7,11.3,32.73,324,3
1001.7,0.11,9.6,6.7,11.3,23.91,161,3
1001.7,0.11,9.6,6.7,11.3,12.54,57,1
1001.7,1.69,8.9,6.3,12.7,11.27,330,0
1001.7,1.69,8.9,6.3,12.7,14.49,150,0
1001.7,1.69,8.9,6.3,12.7,45.08,330,2
1001.7,1.69,8.9,6.3,12.7,16.79,53,2
1001.7,1.69,8.9,6.3,12.7,20.72,51,2
1001.7,1.69,8.9,6.3,12.7,32.73,324,2
1001.7,1.69,8.9,6.3,12.7,23.91,161,2
1001.7,1.69,8.9,6.3,12.7,12.54,57,0
1001.7,1.26,15.3,12.5,18.1,11.27,330,0
1001.7,1.26,15.3,12.5,18.1,14.49,150,0
1001.7,1.26,15.3,12.5,18.1,45.08,330,2
1001.7,1.26,15.3,12.5,18.1,16.79,53,2
1001.7,1.26,15.3,12.5,18.1,20.72,51,2
1001.7,1.26,15.3,12.5,18.1,32.73,324,2
1001.7,1.26,15.3,12.5,18.1,23.91,161,2
1001.7,1.26,15.3,12.5,18.1,12.54,57,0
1001.7,0.45,0.0,-4.6,3.1,11.27,330,0
1001.7,0.45,0.0,-4.6,3.1,14.49,150,0
1001.7,0.45,0.0,-4.6,3.1,45.08,330,2
1001.7,0.45,0.0,-4.6,3.1,16.79,53,2
1001.7,0.45,0.0,-4.6,3.1,20.72,51,2
1001.7,0.45,0.0,-4.6,3.1,32.73,324,2
1001.7,0.45,0.0,-4.6,3.1,23.91,161,2
1001.7,0.45,0.0,-4.6,3.1,12.54,57,0
1001.7,0.14,5.1,2.3,7.3,11.27,330,0
1001.7,0.14,5.1,2.3,7.3,14.49,150,0
1001.7,0.14,5.1,2.3,7.3,45.08,330,2
1001.7,0.14,5.1,2.3,7.3,16.79,53,2
1001.7,0.14,5.1,2.3,7.3,20.72,51,2
1001.7,0.14,5.1,2.3,7.3,32.73,324,2
1001.7,0.14,5.1,2.3,7.3,23.91,161,2
1001.7,0.14,5.1,2.3,7.3,12.54,57,0
1001.7,0.28,10.0,7.6,10.9,11.27,330,0
1001.7,0.28,10.0,7.6,10.9,14.49,150,0
1001.7,0.28,10.0,7.6,10.9,45.08,330,2
1001.7,0.28,10.0,7.6,10.9,16.79,53,2
1001.7,0.28,10.0,7.6,10.9,20.72,51,2
1001.7,0.28,10.0,7.6,10.9,32.73,324,2
1001.7,0.28,10.0,7.6,10.9,23.91,161,2
1001.7,0.28,10.0,7.6,10.9,12.54,57,0
1001.7,1.52,16.7,15.3,24.3,11.27,330,0
1001.7,1.52,16.7,15.3,24.3,14.49,150,0
1001.7,1.52,16.7,15.3,24.3,45.08,330,2
1001.7,1.52,16.7,15.3,24.3,16.79,53,2
1001.7,1.52,16.7,15.3,24.3,20.72,51,2
1001.7,1.52,16.7,15.3,24.3,32.73,324,2
1001.7,1.52,16.7,15.3,24.3,23.91,161,2
1001.7,1.52,16.7,15.3,24.3,12.54,57,0
1001.7,0.46,5.3,3.8,7.9,11.27,330,0
1001.7,0.46,5.3,3.8,7.9,14.49,150,0
1001.7,0.46,5.3,3.8,7.9,45.08,330,2
1001.7,0.46,5.3,3.8,7.9,16.79,53,2
1001.7,0.46,5.3,3.8,7.9,20.72,51,2
1001.7,0.46,5.3,3.8,7.9,32.73,324,2
1001.7,0.46,5.3,3.8,7.9,23.91,161,2
1001.7,0.46,5.3,3.8,7.9,12.54,57,0
1001.7,0.27,4.0,0.7,6.7,11.27,330,0
1001.7,0.27,4.0,0.7,6.7,14.49,150,0
1001.7,0.27,4.0,0.7,6.7,45.08,330,2
1001.7,0.27,4.0,0.7,6.7,16.79,53,2
1001.7,0.27,4.0,0.7,6.7,20.72,51,2
1001.7,0.27,4.0,0.7,6.7,32.73,324,2
1001.7,0.27,4.0,0.7,6.7,23.91,161,2
1001.7,0.27,4.0,0.7,6.7,12.54,57,0
1001.7,1.37,9.6,5.0,15.0,11.27,330,0
1001.7,1.37,9.6,5.0,15.0,14.49,150,0
1001.7,1.37,9.6,5.0,15.0,45.08,330,2
1001.7,1.37,9.6,5.0,15.0,16.79,53,2
1001.7,1.37,9.6,5.0,15.0,20.72,51,2
1001.7,1.37,9.6,5.0,15.0,32.73,324,2
1001.7,1.37,9.6,5.0,15.0,23.91,161,2
1001.7,1.37,9.6,5.0,15.0,12.54,57,0
1001.7,0.85,11.8,6.5,19.4,11.27,330,0
1001.7,0.85,11.8,6.5,19.4,14.49,150,0
1001.7,0.85,11.8,6.5,19.4,45.08,330,2
1001.7,0.85,11.8,6.5,19.4,16.79,53,2
1001.7,0.85,11.8,6.5,19.4,20.72,51,2
1001.7,0.85,11.8,6.5,19.4,32.73,324,2
1001.7,0.85,11.8,6.5,19.4,23.91,161,2
1001.7,0.85,11.8,6.5,19.4,12.54,57,0
1001.7,2.0,8.9,6.4,20.2,11.27,330,0
1001.7,2.0,8.9,6.4,20.2,14.49,150,0
1001.7,2.0,8.9,6.4,20.2,45.08,330,2
1001.7,2.0,8.9,6.4,20.2,16.79,53,2
1001.7,2.0,8.9,6.4,20.2,20.72,51,2
1001.7,2.0,8.9,6.4,20.2,32.73,324,2
1001.7,2.0,8.9,6.4,20.2,23.91,161,2
1001.7,2.0,8.9,6.4,20.2,12.54,57,0
1001.7,2.22,14.8,8.8,20.3,11.27,330,0
1001.7,2.22,14.8,8.8,20.3,14.49,150,0
1001.7,2.22,14.8,8.8,20.3,45.08,330,2
1001.7,2.22,14.8,8.8,20.3,16.79,53,2
1001.7,2.22,14.8,8.8,20.3,20.72,51,2
1001.7,2.22,14.8,8.8,20.3,32.73,324,2
1001.7,2.22,14.8,8.8,20.3,23.91,161,2
1001.7,2.22,14.8,8.8,20.3,12.54,57,0
1001.7,1.18,15.6,9.5,22.6,11.27,330,0
1001.7,1.18,15.6,9.5,22.6,14.49,150,0
1001.7,1.18,15.6,9.5,22.6,45.08,330,2
1001.7,1.18,15.6,9.5,22.6,16.79,53,2
1001.7,1.18,15.6,9.5,22.6,20.72,51,2
1001.7,1.18,15.6,9.5,22.6,32.73,324,2
1001.7,1.18,15.6,9.5,22.6,23.91,161,2
1001.7,1.18,15.6,9.5,22.6,12.54,57,0
1001.7,0.46,12.3,10.7,14.4,11.27,330,0
1001.7,0.46,12.3,10.7,14.4,14.49,150,0
1001.7,0.46,12.3,10.7,14.4,45.08,330,2
1001.7,0.46,12.3,10.7,14.4,16.79,53,2
1001.7,0.46,12.3,10.7,14.4,20.72,51,2
1001.7,0.46,12.3,10.7,14.4,32.73,324,2
1001.7,0.46,12.3,10.7,14.4,23.91,161,2
1001.7,0.46,12.3,10.7,14.4,12.54,57,0
1001.7,1.69,15.8,13.8,19.4,11.27,330,0
1001.7,1.69,15.8,13.8,19.4,14.49,150,0
1001.7,1.69,15.8,13.8,19.4,45.08,330,2
1001.7,1.69,15.8,13.8,19.4,16.79,53,2
1001.7,1.69,15.8,13.8,19.4,20.72,51,2
1001.7,1.69,15.8,13.8,19.4,32.73,324,2
1001.7,1.69,15.8,13.8,19.4,23.91,161,2
1001.7,1.69,15.8,13.8,19.4,12.54,57,0
1001.7,1.14,10.1,7.2,13.8,11.27,330,0
1001.7,1.14,10.1,7.2,13.8,14.49,150,0
1001.7,1.14,10.1,7.2,13.8,45.08,330,2
1001.7,1.14,10.1,7.2,13.8,16.79,53,2
1001.7,1.14,10.1,7.2,13.8,20.72,51,2
1001.7,1.14,10.1,7.2,13.8,32.73,324,2
1001.7,1.14,10.1,7.2,13.8,23.91,161,2
1001.7,1.14,10.1,7.2,13.8,12.54,57,0
1001.7,0.26,12.4,8.1,16.7,11.27,330,0
1001.7,0.26,12.4,8.1,16.7,14.49,150,0
1001.7,0.26,12.4,8.1,16.7,45.08,330,2
1001.7,0.26,12.4,8.1,16.7,16.79,53,2
1001.7,0.26,12.4,8.1,16.7,20.72,51,2
1001.7,0.26,12.4,8.1,16.7,32.73,324,2
1001.7,0.26,12.4,8.1,16.7,23.91,161,2
1001.7,0.26,12.4,8.1,16.7,12.54,57,0
1001.7,0.43,6.5,1.4,9.2,11.27,330,0
1001.7,0.43,6.5,1.4,9.2,14.49,150,0
1001.7,0.43,6.5,1.4,9.2,45.08,330,2
1001.7,0.43,6.5,1.4,9.2,16.79,53,2
1001.7,0.43,6.5,1.4,9.2,20.72,51,2
1001.7,0.43,6.5,1.4,9.2,32.73,324,2
1001.7,0.43,6.5,1.4,9.2,23.91,161,2
1001.7,0.43,6.5,1.4,9.2,12.54,57,0
1001.7,0.08,9.3,4.6,14.7,11.27,330,0
1001.7,0.08,9.3,4.6,14.7,14.49,150,0
1001.7,0.08,9.3,4.6,14.7,45.08,330,2
1001.7,0.08,9.3,4.6,14.7,16.79,53,2
1001.7,0.08,9.3,4.6,14.7,20.72,51,2
1001.7,0.08,9.3,4.6,14.7,32.73,324,2
1001.7,0.08,9.3,4.6,14.7,23.91,161,2
1001.7,0.08,9.3,4.6,14.7,12.54,57,0
1001.7,0.57,8.7,7.2,11.4,11.27,330,0
1001.7,0.57,8.7,7.2,11.4,14.49,150,0
1001.7,0.57,8.7,7.2,11.4,45.08,330,2
1001.7,0.57,8.7,7.2,11.4,16.79,53,2
1001.7,0.57,8.7,7.2,11.4,20.72,51,2
1001.7,0.57,8.7,7.2,11.4,32.73,324,2
1001.7,0.57,8.7,7.2,11.4,23.91,161,2
1001.7,0.57,8.7,7.2,11.4,12.54,57,0
1001.8,1.28,1.3,-4.2,6.8,14.25,109,1
1001.8,1.28,1.3,-4.2,6.8,7.45,123,1
1001.8,1.28,1.3,-4.2,6.8,25.41,250,3
1001.8,1.28,1.3,-4.2,6.8,6.44,150,1
1001.8,1.28,1.3,-4.2,6.8,25.76,320,3
1001.8,1.28,1.3,-4.2,6.8,20.93,250,3
1001.8,1.28,1.3,-4.2,6.8,9.84,7,1
1001.8,1.28,1.3,-4.2,6.8,20.88,271,3
1001.8,1.28,1.3,-4.2,6.8,24.15,330,3
1001.8,2.68,11.0,6.6,15.5,14.25,109,1
1001.8,2.68,11.0,6.6,15.5,7.45,123,1
1001.8,2.68,11.0,6.6,15.5,25.41,250,3
1001.8,2.68,11.0,6.6,15.5,6.44,150,1
1001.8,2.68,11.0,6.6,15.5,25.76,320,3
1001.8,2.68,11.0,6.6,15.5,20.93,250,3
1001.8,2.68,11.0,6.6,15.5,9.84,7,1
1001.8,2.68,11.0,6.6,15.5,20.88,271,3
1001.8,2.68,11.0,6.6,15.5,24.15,330,3
1001.8,2.27,13.9,8.7,19.7,14.25,109,1
1001.8,2.27,13.9,8.7,19.7,7.45,123,1
1001.8,2.27,13.9,8.7,19.7,25.41,250,3
1001.8,2.27,13.9,8.7,19.7,6.44,150,1
1001.8,2.27,13.9,8.7,19.7,25.76,320,3
1001.8,2.27,13.9,8.7,19.7,20.93,250,3
1001.8,2.27,13.9,8.7,19.7,9.84,7,1
1001.8,2.27,13.9,8.7,19.7,20.88,271,3
1001.8,2.27,13.9,8.7,19.7,24.15,330,3
1001.8,1.42,8.8,5.0,12.9,14.25,109,1
1001.8,1.42,8.8,5.0,12.9,7.45,123,1
1001.8,1.42,8.8,5.0,12.9,25.41,250,3
1001.8,1.42,8.8,5.0,12.9,6.44,150,1
1001.8,1.42,8.8,5.0,12.9,25.76,320,3
1001.8,1.42,8.8,5.0,12.9,20.93,250,3
1001.8,1.42,8.8,5.0,12.9,9.84,7,1
1001.8,1.42,8.8,5.0,12.9,20.88,271,3
1001.8,1.42,8.8,5.0,12.9,24.15,330,3
1001.8,0.68,5.7,3.9,9.1,14.25,109,1
1001.8,0.68,5.7,3.9,9.1,7.45,123,1
1001.8,0.68,5.7,3.9,9.1,25.41,250,3
1001.8,0.68,5.7,3.9,9.1,6.44,150,1
1001.8,0.68,5.7,3.9,9.1,25.76,320,3
1001.8,0.68,5.7,3.9,9.1,20.93,250,3
1001.8,0.68,5.7,3.9,9.1,9.84,7,1
1001.8,0.68,5.7,3.9,9.1,20.88,271,3
1001.8,0.68,5.7,3.9,9.1,24.15,330,3
1001.8,0.68,6.9,0.9,9.8,14.25,109,0
1001.8,0.68,6.9,0.9,9.8,7.45,123,0
1001.8,0.68,6.9,0.9,9.8,25.41,250,2
1001.8,0.68,6.9,0.9,9.8,6.44,150,0
1001.8,0.68,6.9,0.9,9.8,25.76,320,2
1001.8,0.68,6.9,0.9,9.8,20.93,250,2
1001.8,0.68,6.9,0.9,9.8,9.84,7,0
1001.8,0.68,6.9,0.9,9.8,20.88,271,2
1001.8,0.68,6.9,0.9,9.8,24.15,330,2
1001.8,0.48,-1.2,-4.2,2.8,14.25,109,0
1001.8,0.48,-1.2,-4.2,2.8,7.45,123,0
1001.8,0.48,-1.2,-4.2,2.8,25.41,250,2
1001.8,0.48,-1.2,-4.2,2.8,6.44,150,0
1001.8,0.48,-1.2,-4.2,2.8,25.76,320,2
1001.8,0.48,-1.2,-4.2,2.8,20.93,250,2
1001.8,0.48,-1.2,-4.2,2.8,9.84,7,0
1001.8,0.48,-1.2,-4.2,2.8,20.88,271,2
1001.8,0.48,-1.2,-4.2,2.8,24.15,330,2
1001.8,0.71,12.1,9.5,14.9,14.25,109,0
1001.8,0.71,12.1,9.5,14.9,7.45,123,0
1001.8,0.71,12.1,9.5,14.9,25.41,250,2
1001.8,0.71,12.1,9.5,14.9,6.44,150,0
1001.8,0.71,12.1,9.5,14.9,25.76,320,2
1001.8,0.71,12.1,9.5,14.9,20.93,250,2
1001.8,0.71,12.1,9.5,14.9,9.84,7,0
1001.8,0.71,12.1,9.5,14.9,20.88,271,2
1001.8,0.71,12.1,9.5,14.9,24.15,330,2
1001.8,1.14,12.8,8.6,17.6,14.25,109,0
1001.8,1.14,12.8,8.6,17.6,7.45,123,0
1001.8,1.14,12.8,8.6,17.6,25.41,250,2
1001.8,1.14,12.8,8.6,17.6,6.44,150,0
1001.8,1.14,12.8,8.6,17.6,25.76,320,2
1001.8,1.14,12.8,8.6,17.6,20.93,250,2
1001.8,1.14,12.8,8.6,17.6,9.84,7,0
1001.8,1.14,12.8,8.6,17.6,20.88,271,2
1001.8,1.14,12.8,8.6,17.6,24.15,330,2
1001.8,1.14,9.3,7.5,13.5,14.25,109,0
1001.8,1.14,9.3,7.5,13.5,7.45,123,0
1001.8,1.14,9.3,7.5,13.5,25.41,250,2
1001.8,1.14,9.3,7.5,13.5,6.44,150,0
1001.8,1.14,9.3,7.5,13.5,25.76,320,2
1001.8,1.14,9.3,7.5,13.5,20.93,250,2
1001.8,1.14,9.3,7.5,13.5,9.84,7,0
1001.8,1.14,9.3,7.5,13.5,20.88,271,2
1001.8,1.14,9.3,7.5,13.5,24.15,330,2
1001.8,0.42,14.4,12.3,16.0,14.25,109,0
1001.8,0.42,14.4,12.3,16.0,7.45,123,0
1001.8,0.42,14.4,12.3,16.0,25.41,250,2
1001.8,0.42,14.4,12.3,16.0,6.44,150,0
1001.8,0.42,14.4,12.3,16.0,25.76,320,2
1001.8,0.42,14.4,12.3,16.0,20.93,250,2
1001.8,0.42,14.4,12.3,16.0,9.84,7,0
1001.8,0.42,14.4,12.3,16.0,20.88,271,2
1001.8,0.42,14.4,12.3,16.0,24.15,330,2
1001.8,2.21,10.8,5.9,17.4,14.25,109,0
1001.8,2.21,10.8,5.9,17.4,7.45,123,0
1001.8,2.21,10.8,5.9,17.4,25.41,250,2
1001.8,2.21,10.8,5.9,17.4,6.44,150,0
1001.8,2.21,10.8,5.9,17.4,25.76,320,2
1001.8,2.21,10.8,5.9,17.4,20.93,250,2
1001.8,2.21,10.8,5.9,17.4,9.84,7,0
1001.8,2.21,10.8,5.9,17.4,20.88,271,2
1001.8,2.21,10.8,5.9,17.4,24.15,330,2
1001.8,1.56,12.4,8.2,16.7,14.25,109,0
1001.8,1.56,12.4,8.2,16.7,7.45,123,0
1001.8,1.56,12.4,8.2,16.7,25.41,250,2
1001.8,1.56,12.4,8.2,16.7,6.44,150,0
1001.8,1.56,12.4,8.2,16.7,25.76,320,2
1001.8,1.56,12.4,8.2,16.7,20.93,250,2
1001.8,1.56,12.4,8.2,16.7,9.84,7,0
1001.8,1.56,12.4,8.2,16.7,20.88,271,2
1001.8,1.56,12.4,8.2,16.7,24.15,330,2
1001.8,0.35,-0.4,-1.1,1.8,14.25,109,0
1001.8,0.35,-0.4,-1.1,1.8,7.45,123,0
1001.8,0.35,-0.4,-1.1,1.8,25.41,250,2
1001.8,0.35,-0.4,-1.1,1.8,6.44,150,0
1001.8,0.35,-0.4,-1.1,1.8,25.76,320,2
1001.8,0.35,-0.4,-1.1,1.8,20.93,250,2
1001.8,0.35,-0.4,-1.1,1.8,9.84,7,0
1001.8,0.35,-0.4,-1.1,1.8,20.88,271,2
1001.8,0.35,-0.4,-1.1,1.8,24.15,330,2
1001.8,0.4,10.2,6.6,14.3,14.25,109,0
1001.8,0.4,10.2,6.6,14.3,7.45,123,0
1001.8,0.4,10.2,6.6,14.3,25.41,250,2
1001.8,0.4,10.2,6.6,14.3,6.44,150,0
1001.8,0.4,10.2,6.6,14.3,25.76,320,2
1001.8,0.4,10.2,6.6,14.3,20.93,250,2
1001.8,0.4,10.2,6.6,14.3,9.84,7,0
1001.8,0.4,10.2,6.6,14.3,20.88,271,2
1001.8,0.4,10.2,6.6,14.3,24.15,330,2
1001.8,0.37,9.1,4.6,12.3,14.25,109,0
1001.8,0.37,9.1,4.6,12.3,7.45,123,0
1001.8,0.37,9.1,4.6,12.3,25.41,250,2
1001.8,0.37,9.1,4.6,12.3,6.44,150,0
1001.8,0.37,9.1,4.6,12.3,25.76,320,2
1001.8,0.37,9.1,4.6,12.3,20.93,250,2
1001.8,0.37,9.1,4.6,12.3,9.84,7,0
1001.8,0.37,9.1,4.6,12.3,20.88,271,2
1001.8,0.37,9.1,4.6,12.3,24.15,330,2
1001.8,0.94,9.0,7.1,14.3,14.25,109,0
1001.8,0.94,9.0,7.1,14.3,7.45,123,0
1001.8,0.94,9.0,7.1,14.3,25.41,250,2
1001.8,0.94,9.0,7.1,14.3,6.44,150,0
1001.8,0.94,9.0,7.1,14.3,25.76,320,2
1001.8,0.94,9.0,7.1,14.3,20.93,250,2
1001.8,0.94,9.0,7.1,14.3,9.84,7,0
1001.8,0.94,9.0,7.1,14.3,20.88,271,2
1001.8,0.94,9.0,7.1,14.3,24.15,330,2
1001.8,0.39,5.5,2.0,7.4,14.25,109,0
1001.8,0.39,5.5,2.0,7.4,7.45,123,0
1001.8,0.39,5.5,2.0,7.4,25.41,250,2
1001.8,0.39,5.5,2.0,7.4,6.44,150,0
1001.8,0.39,5.5,2.0,7.4,25.76,320,2
1001.8,0.39,5.5,2.0,7.4,20.93,250,2
1001.8,0.39,5.5,2.0,7.4,9.84,7,0
1001.8,0.39,5.5,2.0,7.4,20.88,271,2
1001.8,0.39,5.5,2.0,7.4,24.15,330,2
1001.8,0.29,1.2,-0.6,2.4,14.25,109,0
1001.8,0.29,1.2,-0.6,2.4,7.45,123,0
1001.8,0.29,1.2,-0.6,2.4,25.41,250,2
1001.8,0.29,1.2,-0.6,2.4,6.44,150,0
1001.8,0.29,1.2,-0.6,2.4,25.76,320,2
1001.8,0.29,1.2,-0.6,2.4,20.93,250,2
1001.8,0.29,1.2,-0.6,2.4,9.84,7,0
1001.8,0.29,1.2,-0.6,2.4,20.88,271,2
1001.8,0.29,1.2,-0.6,2.4,24.15,330,2
1001.8,0.28,1.1,-0.3,3.1,14.25,109,0
1001.8,0.28,1.1,-0.3,3.1,7.45,123,0
1001.8,0.28,1.1,-0.3,3.1,25.41,250,2
1001.8,0.28,1.1,-0.3,3.1,6.44,150,0
1001.8,0.28,1.1,-0.3,3.1,25.76,320,2
1001.8,0.28,1.1,-0.3,3.1,20.93,250,2
1001.8,0.28,1.1,-0.3,3.1,9.84,7,0
1001.8,0.28,1.1,-0.3,3.1,20.88,271,2
1001.8,0.28,1.1,-0.3,3.1,24.15,330,2
1001.8,0.16,8.4,8.1,7.5,14.25,109,0
1001.8,0.16,8.4,8.1,7.5,7.45,123,0
1001.8,0.16,8.4,8.1,7.5,25.41,250,2
1001.8,0.16,8.4,8.1,7.5,6.44,150,0
1001.8,0.16,8.4,8.1,7.5,25.76,320,2
1001.8,0.16,8.4,8.1,7.5,20.93,250,2
1001.8,0.16,8.4,8.1,7.5,9.84,7,0
1001.8,0.16,8.4,8.1,7.5,20.88,271,2
1001.8,0.16,8.4,8.1,7.5,24.15,330,2
1001.8,0.28,0.1,-2.4,1.4,14.25,109,0
1001.8,0.28,0.1,-2.4,1.4,7.45,123,0
1001.8,0.28,0.1,-2.4,1.4,25.41,250,2
1001.8,0.28,0.1,-2.4,1.4,6.44,150,0
1001.8,0.28,0.1,-2.4,1.4,25.76,320,2
1001.8,0.28,0.1,-2.4,1.4,20.93,250,2
1001.8,0.28,0.1,-2.4,1.4,9.84,7,0
1001.8,0.28,0.1,-2.4,1.4,20.88,271,2
1001.8,0.28,0.1,-2.4,1.4,24.15,330,2
1001.8,0.3,9.6,7.5,12.5,14.25,109,0
1001.8,0.3,9.6,7.5,12.5,7.45,123,0
1001.8,0.3,9.6,7.5,12.5,25.41,250,2
1001.8,0.3,9.6,7.5,12.5,6.44,150,0
1001.8,0.3,9.6,7.5,12.5,25.76,320,2
1001.8,0.3,9.6,7.5,12.5,20.93,250,2
1001.8,0.3,9.6,7.5,12.5,9.84,7,0
1001.8,0.3,9.6,7.5,12.5,20.88,271,2
1001.8,0.3,9.6,7.5,12.5,24.15,330,2
1001.9,2.25,19.2,15.0,23.8,10.96,278,1
1001.9,2.25,19.2,15.0,23.8,16.1,170,3
1001.9,2.25,19.2,15.0,23.8,17.71,160,3
1001.9,2.25,19.2,15.0,23.8,14.49,50,1
1001.9,2.25,19.2,15.0,23.8,8.05,90,1
1001.9,2.25,19.2,15.0,23.8,28.98,330,3
1001.9,2.25,19.2,15.0,23.8,17.1,289,3
1001.9,2.25,19.2,15.0,23.8,9.29,141,1
1001.9,2.25,19.2,15.0,23.8,11.27,200,1
1001.9,2.25,19.2,15.0,23.8,15.49,22,3
1001.9,2.25,19.2,15.0,23.8,8.44,261,1
1001.9,2.25,19.2,15.0,23.8,14.26,134,1
1001.9,2.25,19.2,15.0,23.8,20.88,227,3
1001.9,1.49,16.7,13.9,21.0,10.96,278,0
1001.9,1.49,16.7,13.9,21.0,16.1,170,2
1001.9,1.49,16.7,13.9,21.0,17.71,160,2
1001.9,1.49,16.7,13.9,21.0,14.49,50,0
1001.9,1.49,16.7,13.9,21.0,8.05,90,0
1001.9,1.49,16.7,13.9,21.0,28.98,330,2
1001.9,1.49,16.7,13.9,21.0,17.1,289,2
1001.9,1.49,16.7,13.9,21.0,9.29,141,0
1001.9,1.49,16.7,13.9,21.0,11.27,200,0
1001.9,1.49,16.7,13.9,21.0,15.49,22,2
1001.9,1.49,16.7,13.9,21.0,8.44,261,0
1001.9,1.49,16.7,13.9,21.0,14.26,134,0
1001.9,1.49,16.7,13.9,21.0,20.88,227,2
1001.9,0.24,6.5,1.6,9.0,10.96,278,0
1001.9,0.24,6.5,1.6,9.0,16.1,170,2
1001.9,0.24,6.5,1.6,9.0,17.71,160,2
1001.9,0.24,6.5,1.6,9.0,14.49,50,0
1001.9,0.24,6.5,1.6,9.0,8.05,90,0
1001.9,0.24,6.5,1.6,9.0,28.98,330,2
1001.9,0.24,6.5,1.6,9.0,17.1,289,2
1001.9,0.24,6.5,1.6,9.0,9.29,141,0
1001.9,0.24,6.5,1.6,9.0,11.27,200,0
1001.9,0.24,6.5,1.6,9.0,15.49,22,2
1001.9,0.24,6.5,1.6,9.0,8.44,261,0
1001.9,0.24,6.5,1.6,9.0,14.26,134,0
1001.9,0.24,6.5,1.6,9.0,20.88,227,2
1001.9,0.5,-0.9,-5.2,1.5,10.96,278,0
1001.9,0.5,-0.9,-5.2,1.5,16.1,170,2
1001.9,0.5,-0.9,-5.2,1.5,17.71,160,2
1001.9,0.5,-0.9,-5.2,1.5,14.49,50,0
1001.9,0.5,-0.9,-5.2,1.5,8.05,90,0
1001.9,0.5,-0.9,-5.2,1.5,28.98,330,2
1001.9,0.5,-0.9,-5.2,1.5,17.1,289,2
1001.9,0.5,-0.9,-5.2,1.5,9.29,141,0
1001.9,0.5,-0.9,-5.2,1.5,11.27,200,0
1001.9,0.5,-0.9,-5.2,1.5,15.49,22,2
1001.9,0.5,-0.9,-5.2,1.5,8.44,261,0
1001.9,0.5,-0.9,-5.2,1.5,14.26,134,0
1001.9,0.5,-0.9,-5.2,1.5,20.88,227,2
1001.9,0.77,9.5,5.9,12.9,10.96,278,0
1001.9,0.77,9.5,5.9,12.9,16.1,170,2
1001.9,0.77,9.5,5.9,12.9,17.71,160,2
1001.9,0.77,9.5,5.9,12.9,14.49,50,0
1001.9,0.77,9.5,5.9,12.9,8.05,90,0
1001.9,0.77,9.5,5.9,12.9,28.98,330,2
1001.9,0.77,9.5,5.9,12.9,17.1,289,2
1001.9,0.77,9.5,5.9,12.9,9.29,141,0
1001.9,0.77,9.5,5.9,12.9,11.27,200,0
1001.9,0.77,9.5,5.9,12.9,15.49,22,2
1001.9,0.77,9.5,5.9,12.9,8.44,261,0
1001.9,0.77,9.5,5.9,12.9,14.26,134,0
1001.9,0.77,9.5,5.9,12.9,20.88,227,2
1001.9,2.77,17.6,10.1,24.6,10.96,278,0
1001.9,2.77,17.6,10.1,24.6,16.1,170,2
1001.9,2.77,17.6,10.1,24.6,17.71,160,2
1001.9,2.77,17.6,10.1,24.6,14.49,50,0
1001.9,2.77,17.6,10.1,24.6,8.05,90,0
1001.9,2.77,17.6,10.1,24.6,28.98,330,2
1001.9,2.77,17.6,10.1,24.6,17.1,289,2
1001.9,2.77,17.6,10.1,24.6,9.29,141,0
1001.9,2.77,17.6,10.1,24.6,11.27,200,0
1001.9,2.77,17.6,10.1,24.6,15.49,22,2
1001.9,2.77,17.6,10.1,24.6,8.44,261,0
1001.9,2.77,17.6,10.1,24.6,14.26,134,0
1001.9,2.77,17.6,10.1,24.6,20.88,227,2
1001.9,0.13,11.3,8.9,12.9,10.96,278,0
1001.9,0.13,11.3,8.9,12.9,16.1,170,2
1001.9,0.13,11.3,8.9,12.9,17.71,160,2
1001.9,0.13,11.3,8.9,12.9,14.49,50,0
1001.9,0.13,11.3,8.9,12.9,8.05,90,0
1001.9,0.13,11.3,8.9,12.9,28.98,330,2
1001.9,0.13,11.3,8.9,12.9,17.1,289,2
1001.9,0.13,11.3,8.9,12.9,9.29,141,0
1001.9,0.13,11.3,8.9,12.9,11.27,200,0
1001.9,0.13,11.3,8.9,12.9,15.49,22,2
1001.9,0.13,11.3,8.9,12.9,8.44,261,0
1001.9,0.13,11.3,8.9,12.9,14.26,134,0
1001.9,0.13,11.3,8.9,12.9,20.88,227,2
1001.9,0.17,7.6,5.1,10.2,10.96,278,0
1001.9,0.17,7.6,5.1,10.2,16.1,170,2
1001.9,0.17,7.6,5.1,10.2,17.71,160,2
1001.9,0.17,7.6,5.1,10.2,14.49,50,0
1001.9,0.17,7.6,5.1,10.2,8.05,90,0
1001.9,0.17,7.6,5.1,10.2,28.98,330,2
1001.9,0.17,7.6,5.1,10.2,17.1,289,2
1001.9,0.17,7.6,5.1,10.2,9.29,141,0
1001.9,0.17,7.6,5.1,10.2,11.27,200,0
1001.9,0.17,7.6,5.1,10.2,15.49,22,2
1001.9,0.17,7.6,5.1,10.2,8.44,261,0
1001.9,0.17,7.6,5.1,10.2,14.26,134,0
1001.9,0.17,7.6,5.1,10.2,20.88,227,2
1001.9,1.41,8.1,3.3,14.3,10.96,278,0
1001.9,1.41,8.1,3.3,14.3,16.1,170,2
1001.9,1.41,8.1,3.3,14.3,17.71,160,2
1001.9,1.41,8.1,3.3,14.3,14.49,50,0
1001.9,1.41,8.1,3.3,14.3,8.05,90,0
1001.9,1.41,8.1,3.3,14.3,28.98,330,2
1001.9,1.41,8.1,3.3,14.3,17.1,289,2
1001.9,1.41,8.1,3.3,14.3,9.29,141,0
1001.9,1.41,8.1,3.3,14.3,11.27,200,0
1001.9,1.41,8.1,3.3,14.3,15.49,22,2
1001.9,1.41,8.1,3.3,14.3,8.44,261,0
1001.9,1.41,8.1,3.3,14.3,14.26,134,0
1001.9,1.41,8.1,3.3,14.3,20.88,227,2
1001.9,1.13,4.9,2.5,8.2,10.96,278,0
1001.9,1.13,4.9,2.5,8.2,16.1,170,2
1001.9,1.13,4.9,2.5,8.2,17.71,160,2
1001.9,1.13,4.9,2.5,8.2,14.49,50,0
1001.9,1.13,4.9,2.5,8.2,8.05,90,0
1001.9,1.13,4.9,2.5,8.2,28.98,330,2
1001.9,1.13,4.9,2.5,8.2,17.1,289,2
1001.9,1.13,4.9,2.5,8.2,9.29,141,0
1001.9,1.13,4.9,2.5,8.2,11.27,200,0
1001.9,1.13,4.9,2.5,8.2,15.49,22,2
1001.9,1.13,4.9,2.5,8.2,8.44,261,0
1001.9,1.13,4.9,2.5,8.2,14.26,134,0
1001.9,1.13,4.9,2.5,8.2,20.88,227,2
1001.9,0.47,4.9,0.8,8.1,10.96,278,0
1001.9,0.47,4.9,0.8,8.1,16.1,170,2
1001.9,0.47,4.9,0.8,8.1,17.71,160,2
1001.9,0.47,4.9,0.8,8.1,14.49,50,0
1001.9,0.47,4.9,0.8,8.1,8.05,90,0
1001.9,0.47,4.9,0.8,8.1,28.98,330,2
1001.9,0.47,4.9,0.8,8.1,17.1,289,2
1001.9,0.47,4.9,0.8,8.1,9.29,141,0
1001.9,0.47,4.9,0.8,8.1,11.27,200,0
1001.9,0.47,4.9,0.8,8.1,15.49,22,2
1001.9,0.47,4.9,0.8,8.1,8.44,261,0
1001.9,0.47,4.9,0.8,8.1,14.26,134,0
1001.9,0.47,4.9,0.8,8.1,20.88,227,2
1001.9,0.96,15.1,13.0,18.3,10.96,278,0
1001.9,0.96,15.1,13.0,18.3,16.1,170,2
1001.9,0.96,15.1,13.0,18.3,17.71,160,2
1001.9,0.96,15.1,13.0,18.3,14.49,50,0
1001.9,0.96,15.1,13.0,18.3,8.05,90,0
1001.9,0.96,15.1,13.0,18.3,28.98,330,2
1001.9,0.96,15.1,13.0,18.3,17.1,289,2
1001.9,0.96,15.1,13.0,18.3,9.29,141,0
1001.9,0.96,15.1,13.0,18.3,11.27,200,0
1001.9,0.96,15.1,13.0,18.3,15.49,22,2
1001.9,0.96,15.1,13.0,18.3,8.44,261,0
1001.9,0.96,15.1,13.0,18.3,14.26,134,0
1001.9,0.96,15.1,13.0,18.3,20.88,227,2
1001.9,0.12,6.8,3.3,8.5,10.96,278,0
1001.9,0.12,6.8,3.3,8.5,16.1,170,2
1001.9,0.12,6.8,3.3,8.5,17.71,160,2
1001.9,0.12,6.8,3.3,8.5,14.49,50,0
1001.9,0.12,6.8,3.3,8.5,8.05,90,0
1001.9,0.12,6.8,3.3,8.5,28.98,330,2
1001.9,0.12,6.8,3.3,8.5,17.1,289,2
1001.9,0.12,6.8,3.3,8.5,9.29,141,0
1001.9,0.12,6.8,3.3,8.5,11.27,200,0
1001.9,0.12,6.8,3.3,8.5,15.49,22,2
1001.9,0.12,6.8,3.3,8.5,8.44,261,0
1001.9,0.12,6.8,3.3,8.5,14.26,134,0
1001.9,0.12,6.8,3.3,8.5,20.88,227,2
1001.9,0.26,-1.3,-2.5,-0.1,10.96,278,0
1001.9,0.26,-1.3,-2.5,-0.1,16.1,170,2
1001.9,0.26,-1.3,-2.5,-0.1,17.71,160,2
1001.9,0.26,-1.3,-2.5,-0.1,14.49,50,0
1001.9,0.26,-1.3,-2.5,-0.1,8.05,90,0
1001.9,0.26,-1.3,-2.5,-0.1,28.98,330,2
1001.9,0.26,-1.3,-2.5,-0.1,17.1,289,2
1001.9,0.26,-1.3,-2.5,-0.1,9.29,141,0
1001.9,0.26,-1.3,-2.5,-0.1,11.27,200,0
1001.9,0.26,-1.3,-2.5,-0.1,15.49,22,2
1001.9,0.26,-1.3,-2.5,-0.1,8.44,261,0
1001.9,0.26,-1.3,-2.5,-0.1,14.26,134,0
1001.9,0.26,-1.3,-2.5,-0.1,20.88,227,2
1001.9,0.39,9.0,7.3,10.6,10.96,278,0
1001.9,0.39,9.0,7.3,10.6,16.1,170,2
1001.9,0.39,9.0,7.3,10.6,17.71,160,2
1001.9,0.39,9.0,7.3,10.6,14.49,50,0
1001.9,0.39,9.0,7.3,10.6,8.05,90,0
1001.9,0.39,9.0,7.3,10.6,28.98,330,2
1001.9,0.39,9.0,7.3,10.6,17.1,289,2
1001.9,0.39,9.0,7.3,10.6,9.29,141,0
1001.9,0.39,9.0,7.3,10.6,11.27,200,0
1001.9,0.39,9.0,7.3,10.6,15.49,22,2
1001.9,0.39,9.0,7.3,10.6,8.44,261,0
1001.9,0.39,9.0,7.3,10.6,14.26,134,0
1001.9,0.39,9.0,7.3,10.6,20.88,227,2
1001.9,0.65,16.9,13.7,19.6,10.96,278,0
1001.9,0.65,16.9,13.7,19.6,16.1,170,2
1001.9,0.65,16.9,13.7,19.6,17.71,160,2
1001.9,0.65,16.9,13.7,19.6,14.49,50,0
1001.9,0.65,16.9,13.7,19.6,8.05,90,0
1001.9,0.65,16.9,13.7,19.6,28.98,330,2
1001.9,0.65,16.9,13.7,19.6,17.1,289,2
1001.9,0.65,16.9,13.7,19.6,9.29,141,0
1001.9,0.65,16.9,13.7,19.6,11.27,200,0
1001.9,0.65,16.9,13.7,19.6,15.49,22,2
1001.9,0.65,16.9,13.7,19.6,8.44,261,0
1001.9,0.65,16.9,13.7,19.6,14.26,134,0
1001.9,0.65,16.9,13.7,19.6,20.88,227,2
1001.9,0.75,9.4,8.2,12.0,10.96,278,0
1001.9,0.75,9.4,8.2,12.0,16.1,170,2
1001.9,0.75,9.4,8.2,12.0,17.71,160,2
1001.9,0.75,9.4,8.2,12.0,14.49,50,0
1001.9,0.75,9.4,8.2,12.0,8.05,90,0
1001.9,0.75,9.4,8.2,12.0,28.98,330,2
1001.9,0.75,9.4,8.2,12.0,17.1,289,2
1001.9,0.75,9.4,8.2,12.0,9.29,141,0
1001.9,0.75,9.4,8.2,12.0,11.27,200,0
1001.9,0.75,9.4,8.2,12.0,15.49,22,2
1001.9,0.75,9.4,8.2,12.0,8.44,261,0
1001.9,0.75,9.4,8.2,12.0,14.26,134,0
1001.9,0.75,9.4,8.2,12.0,20.88,227,2
1002.0,1.06,16.0,13.3,18.6,21.54,161,3
1002.0,1.06,16.0,13.3,18.6,14.49,260,1
1002.0,1.06,16.0,13.3,18.6,33.81,140,3
1002.0,1.06,16.0,13.3,18.6,28.98,160,3
1002.0,1.06,16.0,13.3,18.6,24.15,150,3
1002.0,1.06,16.0,13.3,18.6,17.71,50,3
1002.0,1.06,16.0,13.3,18.6,10.72,110,1
1002.0,1.06,16.0,13.3,18.6,11.27,160,1
1002.0,1.06,16.0,13.3,18.6,22.54,190,3
1002.0,1.06,16.0,13.3,18.6,4.6,228,1
1002.0,2.52,13.6,5.9,19.0,21.54,161,3
1002.0,2.52,13.6,5.9,19.0,14.49,260,1
1002.0,2.52,13.6,5.9,19.0,33.81,140,3
1002.0,2.52,13.6,5.9,19.0,28.98,160,3
1002.0,2.52,13.6,5.9,19.0,24.15,150,3
1002.0,2.52,13.6,5.9,19.0,17.71,50,3
1002.0,2.52,13.6,5.9,19.0,10.72,110,1
1002.0,2.52,13.6,5.9,19.0,11.27,160,1
1002.0,2.52,13.6,5.9,19.0,22.54,190,3
1002.0,2.52,13.6,5.9,19.0,4.6,228,1
1002.0,1.26,8.5,5.2,11.4,21.54,161,3
1002.0,1.26,8.5,5.2,11.4,14.49,260,1
1002.0,1.26,8.5,5.2,11.4,33.81,140,3
1002.0,1.26,8.5,5.2,11.4,28.98,160,3
1002.0,1.26,8.5,5.2,11.4,24.15,150,3
1002.0,1.26,8.5,5.2,11.4,17.71,50,3
1002.0,1.26,8.5,5.2,11.4,10.72,110,1
1002.0,1.26,8.5,5.2,11.4,11.27,160,1
1002.0,1.26,8.5,5.2,11.4,22.54,190,3
1002.0,1.26,8.5,5.2,11.4,4.6,228,1
1002.0,0.32,14.1,8.9,17.3,21.54,161,2
1002.0,0.32,14.1,8.9,17.3,14.49,260,0
1002.0,0.32,14.1,8.9,17.3,33.81,140,2
1002.0,0.32,14.1,8.9,17.3,28.98,160,2
1002.0,0.32,14.1,8.9,17.3,24.15,150,2
1002.0,0.32,14.1,8.9,17.3,17.71,50,2
1002.0,0.32,14.1,8.9,17.3,10.72,110,0
1002.0,0.32,14.1,8.9,17.3,11.27,160,0
1002.0,0.32,14.1,8.9,17.3,22.54,190,2
1002.0,0.32,14.1,8.9,17.3,4.6,228,0
1002.0,1.07,1.4,-0.3,5.6,21.54,161,2
1002.0,1.07,1.4,-0.3,5.6,14.49,260,0
1002.0,1.07,1.4,-0.3,5.6,33.81,140,2
1002.0,1.07,1.4,-0.3,5.6,28.98,160,2
1002.0,1.07,1.4,-0.3,5.6,24.15,150,2
1002.0,1.07,1.4,-0.3,5.6,17.71,50,2
1002.0,1.07,1.4,-0.3,5.6,10.72,110,0
1002.0,1.07,1.4,-0.3,5.6,11.27,160,0
1002.0,1.07,1.4,-0.3,5.6,22.54,190,2
1002.0,1.07,1.4,-0.3,5.6,4.6,228,0
1002.0,1.43,18.0,15.0,20.9,21.54,161,2
1002.0,1.43,18.0,15.0,20.9,14.49,260,0
1002.0,1.43,18.0,15.0,20.9,33.81,140,2
1002.0,1.43,18.0,15.0,20.9,28.98,160,2
1002.0,1.43,18.0,15.0,20.9,24.15,150,2
1002.0,1.43,18.0,15.0,20.9,17.71,50,2
1002.0,1.43,18.0,15.0,20.9,10.72,110,0
1002.0,1.43,18.0,15.0,20.9,11.27,160,0
1002.0,1.43,18.0,15.0,20.9,22.54,190,2
1002.0,1.43,18.0,15.0,20.9,4.6,228,0
1002.0,0.11,6.5,5.0,7.3,21.54,161,2
1002.0,0.11,6.5,5.0,7.3,14.49,260,0
1002.0,0.11,6.5,5.0,7.3,33.81,140,2
1002.0,0.11,6.5,5.0,7.3,28.98,160,2
1002.0,0.11,6.5,5.0,7.3,24.15,150,2
1002.0,0.11,6.5,5.0,7.3,17.71,50,2
1002.0,0.11,6.5,5.0,7.3,10.72,110,0
1002.0,0.11,6.5,5.0,7.3,11.27,160,0
1002.0,0.11,6.5,5.0,7.3,22.54,190,2
1002.0,0.11,6.5,5.0,7.3,4.6,228,0
1002.0,0.36,8.2,6.7,10.4,21.54,161,2
1002.0,0.36,8.2,6.7,10.4,14.49,260,0
1002.0,0.36,8.2,6.7,10.4,33.81,140,2
1002.0,0.36,8.2,6.7,10.4,28.98,160,2
1002.0,0.36,8.2,6.7,10.4,24.15,150,2
1002.0,0.36,8.2,6.7,10.4,17.71,50,2
1002.0,0.36,8.2,6.7,10.4,10.72,110,0
1002.0,0.36,8.2,6.7,10.4,11.27,160,0
1002.0,0.36,8.2,6.7,10.4,22.54,190,2
1002.0,0.36,8.2,6.7,10.4,4.6,228,0
1002.0,0.34,9.7,3.8,16.0,21.54,161,2
1002.0,0.34,9.7,3.8,16.0,14.49,260,0
1002.0,0.34,9.7,3.8,16.0,33.81,140,2
1002.0,0.34,9.7,3.8,16.0,28.98,160,2
1002.0,0.34,9.7,3.8,16.0,24.15,150,2
1002.0,0.34,9.7,3.8,16.0,17.71,50,2
1002.0,0.34,9.7,3.8,16.0,10.72,110,0
1002.0,0.34,9.7,3.8,16.0,11.27,160,0
1002.0,0.34,9.7,3.8,16.0,22.54,190,2
1002.0,0.34,9.7,3.8,16.0,4.6,228,0
1002.0,0.27,5.1,2.3,6.4,21.54,161,2
1002.0,0.27,5.1,2.3,6.4,14.49,260,0
1002.0,0.27,5.1,2.3,6.4,33.81,140,2
1002.0,0.27,5.1,2.3,6.4,28.98,160,2
1002.0,0.27,5.1,2.3,6.4,24.15,150,2
1002.0,0.27,5.1,2.3,6.4,17.71,50,2
1002.0,0.27,5.1,2.3,6.4,10.72,110,0
1002.0,0.27,5.1,2.3,6.4,11.27,160,0
1002.0,0.27,5.1,2.3,6.4,22.54,190,2
1002.0,0.27,5.1,2.3,6.4,4.6,228,0
1002.0,0.66,4.5,0.8,8.8,21.54,161,2
1002.0,0.66,4.5,0.8,8.8,14.49,260,0
1002.0,0.66,4.5,0.8,8.8,33.81,140,2
1002.0,0.66,4.5,0.8,8.8,28.98,160,2
1002.0,0.66,4.5,0.8,8.8,24.15,150,2
1002.0,0.66,4.5,0.8,8.8,17.71,50,2
1002.0,0.66,4.5,0.8,8.8,10.72,110,0
1002.0,0.66,4.5,0.8,8.8,11.27,160,0
1002.0,0.66,4.5,0.8,8.8,22.54,190,2
1002.0,0.66,4.5,0.8,8.8,4.6,228,0
1002.0,1.43,12.3,10.3,15.5,21.54,161,2
1002.0,1.43,12.3,10.3,15.5,14.49,260,0
1002.0,1.43,12.3,10.3,15.5,33.81,140,2
1002.0,1.43,12.3,10.3,15.5,28.98,160,2
1002.0,1.43,12.3,10.3,15.5,24.15,150,2
1002.0,1.43,12.3,10.3,15.5,17.71,50,2
1002.0,1.43,12.3,10.3,15.5,10.72,110,0
1002.0,1.43,12.3,10.3,15.5,11.27,160,0
1002.0,1.43,12.3,10.3,15.5,22.54,190,2
1002.0,1.43,12.3,10.3,15.5,4.6,228,0
1002.0,0.38,8.7,6.7,10.1,21.54,161,2
1002.0,0.38,8.7,6.7,10.1,14.49,260,0
1002.0,0.38,8.7,6.7,10.1,33.81,140,2
1002.0,0.38,8.7,6.7,10.1,28.98,160,2
1002.0,0.38,8.7,6.7,10.1,24.15,150,2
1002.0,0.38,8.7,6.7,10.1,17.71,50,2
1002.0,0.38,8.7,6.7,10.1,10.72,110,0
1002.0,0.38,8.7,6.7,10.1,11.27,160,0
1002.0,0.38,8.7,6.7,10.1,22.54,190,2
1002.0,0.38,8.7,6.7,10.1,4.6,228,0
1002.0,0.84,6.2,2.8,10.2,21.54,161,2
1002.0,0.84,6.2,2.8,10.2,14.49,260,0
1002.0,0.84,6.2,2.8,10.2,33.81,140,2
1002.0,0.84,6.2,2.8,10.2,28.98,160,2
1002.0,0.84,6.2,2.8,10.2,24.15,150,2
1002.0,0.84,6.2,2.8,10.2,17.71,50,2
1002.0,0.84,6.2,2.8,10.2,10.72,110,0
1002.0,0.84,6.2,2.8,10.2,11.27,160,0
1002.0,0.84,6.2,2.8,10.2,22.54,190,2
1002.0,0.84,6.2,2.8,10.2,4.6,228,0
1002.0,0.62,9.6,6.3,13.7,21.54,161,2
1002.0,0.62,9.6,6.3,13.7,14.49,260,0
1002.0,0.62,9.6,6.3,13.7,33.81,140,2
1002.0,0.62,9.6,6.3,13.7,28.98,160,2
1002.0,0.62,9.6,6.3,13.7,24.15,150,2
1002.0,0.62,9.6,6.3,13.7,17.71,50,2
1002.0,0.62,9.6,6.3,13.7,10.72,110,0
1002.0,0.62,9.6,6.3,13.7,11.27,160,0
1002.0,0.62,9.6,6.3,13.7,22.54,190,2
1002.0,0.62,9.6,6.3,13.7,4.6,228,0
1002.0,0.18,7.8,7.1,9.0,21.54,161,2
1002.0,0.18,7.8,7.1,9.0,14.49,260,0
1002.0,0.18,7.8,7.1,9.0,33.81,140,2
1002.0,0.18,7.8,7.1,9.0,28.98,160,2
1002.0,0.18,7.8,7.1,9.0,24.15,150,2
1002.0,0.18,7.8,7.1,9.0,17.71,50,2
1002.0,0.18,7.8,7.1,9.0,10.72,110,0
1002.0,0.18,7.8,7.1,9.0,11.27,160,0
1002.0,0.18,7.8,7.1,9.0,22.54,190,2
1002.0,0.18,7.8,7.1,9.0,4.6,228,0
1002.0,0.97,11.3,9.1,14.5,21.54,161,2
1002.0,0.97,11.3,9.1,14.5,14.49,260,0
1002.0,0.97,11.3,9.1,14.5,33.81,140,2
1002.0,0.97,11.3,9.1,14.5,28.98,160,2
1002.0,0.97,11.3,9.1,14.5,24.15,150,2
1002.0,0.97,11.3,9.1,14.5,17.71,50,2
1002.0,0.97,11.3,9.1,14.5,10.72,110,0
1002.0,0.97,11.3,9.1,14.5,11.27,160,0
1002.0,0.97,11.3,9.1,14.5,22.54,190,2
1002.0,0.97,11.3,9.1,14.5,4.6,228,0
1002.0,0.42,11.2,10.1,12.0,21.54,161,2
1002.0,0.42,11.2,10.1,12.0,14.49,260,0
1002.0,0.42,11.2,10.1,12.0,33.81,140,2
1002.0,0.42,11.2,10.1,12.0,28.98,160,2
1002.0,0.42,11.2,10.1,12.0,24.15,150,2
1002.0,0.42,11.2,10.1,12.0,17.71,50,2
1002.0,0.42,11.2,10.1,12.0,10.72,110,0
1002.0,0.42,11.2,10.1,12.0,11.27,160,0
1002.0,0.42,11.2,10.1,12.0,22.54,190,2
1002.0,0.42,11.2,10.1,12.0,4.6,228,0
1002.0,1.32,14.4,11.1,17.6,21.54,161,2
1002.0,1.32,14.4,11.1,17.6,14.49,260,0
1002.0,1.32,14.4,11.1,17.6,33.81,140,2
1002.0,1.32,14.4,11.1,17.6,28.98,160,2
1002.0,1.32,14.4,11.1,17.6,24.15,150,2
1002.0,1.32,14.4,11.1,17.6,17.71,50,2
1002.0,1.32,14.4,11.1,17.6,10.72,110,0
1002.0,1.32,14.4,11.1,17.6,11.27,160,0
1002.0,1.32,14.4,11.1,17.6,22.54,190,2
1002.0,1.32,14.4,11.1,17.6,4.6,228,0
1002.0,0.14,8.4,5.4,11.4,21.54,161,2
1002.0,0.14,8.4,5.4,11.4,14.49,260,0
1002.0,0.14,8.4,5.4,11.4,33.81,140,2
1002.0,0.14,8.4,5.4,11.4,28.98,160,2
1002.0,0.14,8.4,5.4,11.4,24.15,150,2
1002.0,0.14,8.4,5.4,11.4,17.71,50,2
1002.0,0.14,8.4,5.4,11.4,10.72,110,0
1002.0,0.14,8.4,5.4,11.4,11.27,160,0
1002.0,0.14,8.4,5.4,11.4,22.54,190,2
1002.0,0.14,8.4,5.4,11.4,4.6,228,0
1002.0,0.11,5.9,2.7,7.3,21.54,161,2
1002.0,0.11,5.9,2.7,7.3,14.49,260,0
1002.0,0.11,5.9,2.7,7.3,33.81,140,2
1002.0,0.11,5.9,2.7,7.3,28.98,160,2
1002.0,0.11,5.9,2.7,7.3,24.15,150,2
1002.0,0.11,5.9,2.7,7.3,17.71,50,2
1002.0,0.11,5.9,2.7,7.3,10.72,110,0
1002.0,0.11,5.9,2.7,7.3,11.27,160,0
1002.0,0.11,5.9,2.7,7.3,22.54,190,2
1002.0,0.11,5.9,2.7,7.3,4.6,228,0
1002.0,0.1,6.0,1.1,11.4,21.54,161,2
1002.0,0.1,6.0,1.1,11.4,14.49,260,0
1002.0,0.1,6.0,1.1,11.4,33.81,140,2
1002.0,0.1,6.0,1.1,11.4,28.98,160,2
1002.0,0.1,6.0,1.1,11.4,24.15,150,2
1002.0,0.1,6.0,1.1,11.4,17.71,50,2
1002.0,0.1,6.0,1.1,11.4,10.72,110,0
1002.0,0.1,6.0,1.1,11.4,11.27,160,0
1002.0,0.1,6.0,1.1,11.4,22.54,190,2
1002.0,0.1,6.0,1.1,11.4,4.6,228,0
1002.0,0.56,3.7,1.2,6.7,21.54,161,2
1002.0,0.56,3.7,1.2,6.7,14.49,260,0
1002.0,0.56,3.7,1.2,6.7,33.81,140,2
1002.0,0.56,3.7,1.2,6.7,28.98,160,2
1002.0,0.56,3.7,1.2,6.7,24.15,150,2
1002.0,0.56,3.7,1.2,6.7,17.71,50,2
1002.0,0.56,3.7,1.2,6.7,10.72,110,0
1002.0,0.56,3.7,1.2,6.7,11.27,160,0
1002.0,0.56,3.7,1.2,6.7,22.54,190,2
1002.0,0.56,3.7,1.2,6.7,4.6,228,0
1002.1,1.38,8.4,4.4,11.7,2.3,142,1
1002.1,1.38,8.4,4.4,11.7,24.41,70,3
1002.1,1.38,8.4,4.4,11.7,20.93,330,3
1002.1,1.38,8.4,4.4,11.7,25.76,230,3
1002.1,1.38,8.4,4.4,11.7,17.71,150,3
1002.1,1.38,8.4,4.4,11.7,11.27,330,1
1002.1,1.38,8.4,4.4,11.7,11.27,250,1
1002.1,1.38,8.4,4.4,11.7,3.22,130,1
1002.1,1.38,8.4,4.4,11.7,12.08,41,1
1002.1,1.38,8.4,4.4,11.7,11.27,140,1
1002.1,1.38,8.4,4.4,11.7,24.91,311,3
1002.1,1.38,8.4,4.4,11.7,15.55,281,3
1002.1,1.38,8.4,4.4,11.7,13.96,190,1
1002.1,1.38,8.4,4.4,11.7,11.27,170,1
1002.1,1.38,8.4,4.4,11.7,9.37,160,1
1002.1,1.38,8.4,4.4,11.7,14.49,181,1
1002.1,1.38,8.4,4.4,11.7,4.75,181,1
1002.1,1.06,17.3,15.1,19.5,2.3,142,1
1002.1,1.06,17.3,15.1,19.5,24.41,70,3
1002.1,1.06,17.3,15.1,19.5,20.93,330,3
1002.1,1.06,17.3,15.1,19.5,25.76,230,3
1002.1,1.06,17.3,15.1,19.5,17.71,150,3
1002.1,1.06,17.3,15.1,19.5,11.27,330,1
1002.1,1.06,17.3,15.1,19.5,11.27,250,1
1002.1,1.06,17.3,15.1,19.5,3.22,130,1
1002.1,1.06,17.3,15.1,19.5,12.08,41,1
1002.1,1.06,17.3,15.1,19.5,11.27,140,1
1002.1,1.06,17.3,15.1,19.5,24.91,311,3
1002.1,1.06,17.3,15.1,19.5,15.55,281,3
1002.1,1.06,17.3,15.1,19.5,13.96,190,1
1002.1,1.06,17.3,15.1,19.5,11.27,170,1
1002.1,1.06,17.3,15.1,19.5,9.37,160,1
1002.1,1.06,17.3,15.1,19.5,14.49,181,1
1002.1,1.06,17.3,15.1,19.5,4.75,181,1
1002.1,0.74,5.0,2.1,7.3,2.3,142,0
1002.1,0.74,5.0,2.1,7.3,24.41,70,2
1002.1,0.74,5.0,2.1,7.3,20.93,330,2
1002.1,0.74,5.0,2.1,7.3,25.76,230,2
1002.1,0.74,5.0,2.1,7.3,17.71,150,2
1002.1,0.74,5.0,2.1,7.3,11.27,330,0
1002.1,0.74,5.0,2.1,7.3,11.27,250,0
1002.1,0.74,5.0,2.1,7.3,3.22,130,0
1002.1,0.74,5.0,2.1,7.3,12.08,41,0
1002.1,0.74,5.0,2.1,7.3,11.27,140,0
1002.1,0.74,5.0,2.1,7.3,24.91,311,2
1002.1,0.74,5.0,2.1,7.3,15.55,281,2
1002.1,0.74,5.0,2.1,7.3,13.96,190,0
1002.1,0.74,5.0,2.1,7.3,11.27,170,0
1002.1,0.74,5.0,2.1,7.3,9.37,160,0
1002.1,0.74,5.0,2.1,7.3,14.49,181,0
1002.1,0.74,5.0,2.1,7.3,4.75,181,0
1002.1,0.72,10.8,7.1,14.7,2.3,142,0
1002.1,0.72,10.8,7.1,14.7,24.41,70,2
1002.1,0.72,10.8,7.1,14.7,20.93,330,2
1002.1,0.72,10.8,7.1,14.7,25.76,230,2
1002.1,0.72,10.8,7.1,14.7,17.71,150,2
1002.1,0.72,10.8,7.1,14.7,11.27,330,0
1002.1,0.72,10.8,7.1,14.7,11.27,250,0
1002.1,0.72,10.8,7.1,14.7,3.22,130,0
1002.1,0.72,10.8,7.1,14.7,12.08,41,0
1002.1,0.72,10.8,7.1,14.7,11.27,140,0
1002.1,0.72,10.8,7.1,14.7,24.91,311,2
1002.1,0.72,10.8,7.1,14.7,15.55,281,2
1002.1,0.72,10.8,7.1,14.7,13.96,190,0
1002.1,0.72,10.8,7.1,14.7,11.27,170,0
1002.1,0.72,10.8,7.1,14.7,9.37,160,0
1002.1,0.72,10.8,7.1,14.7,14.49,181,0
1002.1,0.72,10.8,7.1,14.7,4.75,181,0
1002.1,0.16,9.9,8.3,13.0,2.3,142,0
1002.1,0.16,9.9,8.3,13.0,24.41,70,2
1002.1,0.16,9.9,8.3,13.0,20.93,330,2
1002.1,0.16,9.9,8.3,13.0,25.76,230,2
1002.1,0.16,9.9,8.3,13.0,17.71,150,2
1002.1,0.16,9.9,8.3,13.0,11.27,330,0
1002.1,0.16,9.9,8.3,13.0,11.27,250,0
1002.1,0.16,9.9,8.3,13.0,3.22,130,0
1002.1,0.16,9.9,8.3,13.0,12.08,41,0
1002.1,0.16,9.9,8.3,13.0,11.27,140,0
1002.1,0.16,9.9,8.3,13.0,24.91,311,2
1002.1,0.16,9.9,8.3,13.0,15.55,281,2
1002.1,0.16,9.9,8.3,13.0,13.96,190,0
1002.1,0.16,9.9,8.3,13.0,11.27,170,0
1002.1,0.16,9.9,8.3,13.0,9.37,160,0
1002.1,0.16,9.9,8.3,13.0,14.49,181,0
1002.1,0.16,9.9,8.3,13.0,4.75,181,0
1002.1,1.3,13.0,10.3,16.7,2.3,142,0
1002.1,1.3,13.0,10.3,16.7,24.41,70,2
1002.1,1.3,13.0,10.3,16.7,20.93,330,2
1002.1,1.3,13.0,10.3,16.7,25.76,230,2
1002.1,1.3,13.0,10.3,16.7,17.71,150,2
1002.1,1.3,13.0,10.3,16.7,11.27,330,0
1002.1,1.3,13.0,10.3,16.7,11.27,250,0
1002.1,1.3,13.0,10.3,16.7,3.22,130,0
1002.1,1.3,13.0,10.3,16.7,12.08,41,0
1002.1,1.3,13.0,10.3,16.7,11.27,140,0
1002.1,1.3,13.0,10.3,16.7,24.91,311,2
1002.1,1.3,13.0,10.3,16.7,15.55,281,2
1002.1,1.3,13.0,10.3,16.7,13.96,190,0
1002.1,1.3,13.0,10.3,16.7,11.27,170,0
1002.1,1.3,13.0,10.3,16.7,9.37,160,0
1002.1,1.3,13.0,10.3,16.7,14.49,181,0
1002.1,1.3,13.0,10.3,16.7,4.75,181,0
1002.1,1.68,16.7,12.3,19.8,2.3,142,0
1002.1,1.68,16.7,12.3,19.8,24.41,70,2
1002.1,1.68,16.7,12.3,19.8,20.93,330,2
1002.1,1.68,16.7,12.3,19.8,25.76,230,2
1002.1,1.68,16.7,12.3,19.8,17.71,150,2
1002.1,1.68,16.7,12.3,19.8,11.27,330,0
1002.1,1.68,16.7,12.3,19.8,11.27,250,0
1002.1,1.68,16.7,12.3,19.8,3.22,130,0
1002.1,1.68,16.7,12.3,19.8,12.08,41,0
1002.1,1.68,16.7,12.3,19.8,11.27,140,0
1002.1,1.68,16.7,12.3,19.8,24.91,311,2
1002.1,1.68,16.7,12.3,19.8,15.55,281,2
1002.1,1.68,16.7,12.3,19.8,13.96,190,0
1002.1,1.68,16.7,12.3,19.8,11.27,170,0
1002.1,1.68,16.7,12.3,19.8,9.37,160,0
1002.1,1.68,16.7,12.3,19.8,14.49,181,0
1002.1,1.68,16.7,12.3,19.8,4.75,181,0
1002.1,1.16,9.2,6.4,12.8,2.3,142,0
1002.1,1.16,9.2,6.4,12.8,24.41,70,2
1002.1,1.16,9.2,6.4,12.8,20.93,330,2
1002.1,1.16,9.2,6.4,12.8,25.76,230,2
1002.1,1.16,9.2,6.4,12.8,17.71,150,2
1002.1,1.16,9.2,6.4,12.8,11.27,330,0
1002.1,1.16,9.2,6.4,12.8,11.27,250,0
1002.1,1.16,9.2,6.4,12.8,3.22,130,0
1002.1,1.16,9.2,6.4,12.8,12.08,41,0
1002.1,1.16,9.2,6.4,12.8,11.27,140,0
1002.1,1.16,9.2,6.4,12.8,24.91,311,2
1002.1,1.16,9.2,6.4,12.8,15.55,281,2
1002.1,1.16,9.2,6.4,12.8,13.96,190,0
1002.1,1.16,9.2,6.4,12.8,11.27,170,0
1002.1,1.16,9.2,6.4,12.8,9.37,160,0
1002.1,1.16,9.2,6.4,12.8,14.49,181,0
1002.1,1.16,9.2,6.4,12.8,4.75,181,0
1002.1,0.28,7.2,4.1,9.6,2.3,142,0
1002.1,0.28,7.2,4.1,9.6,24.41,70,2
1002.1,0.28,7.2,4.1,9.6,20.93,330,2
1002.1,0.28,7.2,4.1,9.6,25.76,230,2
1002.1,0.28,7.2,4.1,9.6,17.71,150,2
1002.1,0.28,7.2,4.1,9.6,11.27,330,0
1002.1,0.28,7.2,4.1,9.6,11.27,250,0
1002.1,0.28,7.2,4.1,9.6,3.22,130,0
1002.1,0.28,7.2,4.1,9.6,12.08,41,0
1002.1,0.28,7.2,4.1,9.6,11.27,140,0
1002.1,0.28,7.2,4.1,9.6,24.91,311,2
1002.1,0.28,7.2,4.1,9.6,15.55,281,2
1002.1,0.28,7.2,4.1,9.6,13.96,190,0
1002.1,0.28,7.2,4.1,9.6,11.27,170,0
1002.1,0.28,7.2,4.1,9.6,9.37,160,0
1002.1,0.28,7.2,4.1,9.6,14.49,181,0
1002.1,0.28,7.2,4.1,9.6,4.75,181,0
1002.1,0.12,6.9,5.5,8.1,2.3,142,0
1002.1,0.12,6.9,5.5,8.1,24.41,70,2
1002.1,0.12,6.9,5.5,8.1,20.93,330,2
1002.1,0.12,6.9,5.5,8.1,25.76,230,2
1002.1,0.12,6.9,5.5,8.1,17.71,150,2
1002.1,0.12,6.9,5.5,8.1,11.27,330,0
1002.1,0.12,6.9,5.5,8.1,11.27,250,0
1002.1,0.12,6.9,5.5,8.1,3.22,130,0
1002.1,0.12,6.9,5.5,8.1,12.08,41,0
1002.1,0.12,6.9,5.5,8.1,11.27,140,0
1002.1,0.12,6.9,5.5,8.1,24.91,311,2
1002.1,0.12,6.9,5.5,8.1,15.55,281,2
1002.1,0.12,6.9,5.5,8.1,13.96,190,0
1002.1,0.12,6.9,5.5,8.1,11.27,170,0
1002.1,0.12,6.9,5.5,8.1,9.37,160,0
1002.1,0.12,6.9,5.5,8.1,14.49,181,0
1002.1,0.12,6.9,5.5,8.1,4.75,181,0
1002.1,0.36,8.6,5.5,10.0,2.3,142,0
1002.1,0.36,8.6,5.5,10.0,24.41,70,2
1002.1,0.36,8.6,5.5,10.0,20.93,330,2
1002.1,0.36,8.6,5.5,10.0,25.76,230,2
1002.1,0.36,8.6,5.5,10.0,17.71,150,2
1002.1,0.36,8.6,5.5,10.0,11.27,330,0
1002.1,0.36,8.6,5.5,10.0,11.27,250,0
1002.1,0.36,8.6,5.5,10.0,3.22,130,0
1002.1,0.36,8.6,5.5,10.0,12.08,41,0
1002.1,0.36,8.6,5.5,10.0,11.27,140,0
1002.1,0.36,8.6,5.5,10.0,24.91,311,2
1002.1,0.36,8.6,5.5,10.0,15.55,281,2
1002.1,0.36,8.6,5.5,10.0,13.96,190,0
1002.1,0.36,8.6,5.5,10.0,11.27,170,0
1002.1,0.36,8.6,5.5,10.0,9.37,160,0
1002.1,0.36,8.6,5.5,10.0,14.49,181,0
1002.1,0.36,8.6,5.5,10.0,4.75,181,0
1002.1,0.13,12.4,11.3,12.7,2.3,142,0
1002.1,0.13,12.4,11.3,12.7,24.41,70,2
1002.1,0.13,12.4,11.3,12.7,20.93,330,2
1002.1,0.13,12.4,11.3,12.7,25.76,230,2
1002.1,0.13,12.4,11.3,12.7,17.71,150,2
1002.1,0.13,12.4,11.3,12.7,11.27,330,0
1002.1,0.13,12.4,11.3,12.7,11.27,250,0
1002.1,0.13,12.4,11.3,12.7,3.22,130,0
1002.1,0.13,12.4,11.3,12.7,12.08,41,0
1002.1,0.13,12.4,11.3,12.7,11.27,140,0
1002.1,0.13,12.4,11.3,12.7,24.91,311,2
1002.1,0.13,12.4,11.3,12.7,15.55,281,2
1002.1,0.13,12.4,11.3,12.7,13.96,190,0
1002.1,0.13,12.4,11.3,12.7,11.27,170,0
1002.1,0.13,12.4,11.3,12.7,9.37,160,0
1002.1,0.13,12.4,11.3,12.7,14.49,181,0
1002.1,0.13,12.4,11.3,12.7,4.75,181,0
1002.1,0.49,9.4,5.1,11.7,2.3,142,0
1002.1,0.49,9.4,5.1,11.7,24.41,70,2
1002.1,0.49,9.4,5.1,11.7,20.93,330,2
1002.1,0.49,9.4,5.1,11.7,25.76,230,2
1002.1,0.49,9.4,5.1,11.7,17.71,150,2
1002.1,0.49,9.4,5.1,11.7,11.27,330,0
1002.1,0.49,9.4,5.1,11.7,11.27,250,0
1002.1,0.49,9.4,5.1,11.7,3.22,130,0
1002.1,0.49,9.4,5.1,11.7,12.08,41,0
1002.1,0.49,9.4,5.1,11.7,11.27,140,0
1002.1,0.49,9.4,5.1,11.7,24.91,311,2
1002.1,0.49,9.4,5.1,11.7,15.55,281,2
1002.1,0.49,9.4,5.1,11.7,13.96,190,0
1002.1,0.49,9.4,5.1,11.7,11.27,170,0
1002.1,0.49,9.4,5.1,11.7,9.37,160,0
1002.1,0.49,9.4,5.1,11.7,14.49,181,0
1002.1,0.49,9.4,5.1,11.7,4.75,181,0
1002.1,0.69,4.8,1.9,8.8,2.3,142,0
1002.1,0.69,4.8,1.9,8.8,24.41,70,2
1002.1,0.69,4.8,1.9,8.8,20.93,330,2
1002.1,0.69,4.8,1.9,8.8,25.76,230,2
1002.1,0.69,4.8,1.9,8.8,17.71,150,2
1002.1,0.69,4.8,1.9,8.8,11.27,330,0
1002.1,0.69,4.8,1.9,8.8,11.27,250,0
1002.1,0.69,4.8,1.9,8.8,3.22,130,0
1002.1,0.69,4.8,1.9,8.8,12.08,41,0
1002.1,0.69,4.8,1.9,8.8,11.27,140,0
1002.1,0.69,4.8,1.9,8.8,24.91,311,2
1002.1,0.69,4.8,1.9,8.8,15.55,281,2
1002.1,0.69,4.8,1.9,8.8,13.96,190,0
1002.1,0.69,4.8,1.9,8.8,11.27,170,0
1002.1,0.69,4.8,1.9,8.8,9.37,160,0
1002.1,0.69,4.8,1.9,8.8,14.49,181,0
1002.1,0.69,4.8,1.9,8.8,4.75,181,0
1002.1,0.16,1.1,-0.8,2.6,2.3,142,0
1002.1,0.16,1.1,-0.8,2.6,24.41,70,2
1002.1,0.16,1.1,-0.8,2.6,20.93,330,2
1002.1,0.16,1.1,-0.8,2.6,25.76,230,2
1002.1,0.16,1.1,-0.8,2.6,17.71,150,2
1002.1,0.16,1.1,-0.8,2.6,11.27,330,0
1002.1,0.16,1.1,-0.8,2.6,11.27,250,0
1002.1,0.16,1.1,-0.8,2.6,3.22,130,0
1002.1,0.16,1.1,-0.8,2.6,12.08,41,0
1002.1,0.16,1.1,-0.8,2.6,11.27,140,0
1002.1,0.16,1.1,-0.8,2.6,24.91,311,2
1002.1,0.16,1.1,-0.8,2.6,15.55,281,2
1002.1,0.16,1.1,-0.8,2.6,13.96,190,0
1002.1,0.16,1.1,-0.8,2.6,11.27,170,0
1002.1,0.16,1.1,-0.8,2.6,9.37,160,0
1002.1,0.16,1.1,-0.8,2.6,14.49,181,0
1002.1,0.16,1.1,-0.8,2.6,4.75,181,0
1002.1,0.26,0.7,-0.8,2.0,2.3,142,0
1002.1,0.26,0.7,-0.8,2.0,24.41,70,2
1002.1,0.26,0.7,-0.8,2.0,20.93,330,2
1002.1,0.26,0.7,-0.8,2.0,25.76,230,2
1002.1,0.26,0.7,-0.8,2.0,17.71,150,2
1002.1,0.26,0.7,-0.8,2.0,11.27,330,0
1002.1,0.26,0.7,-0.8,2.0,11.27,250,0
1002.1,0.26,0.7,-0.8,2.0,3.22,130,0
1002.1,0.26,0.7,-0.8,2.0,12.08,41,0
1002.1,0.26,0.7,-0.8,2.0,11.27,140,0
1002.1,0.26,0.7,-0.8,2.0,24.91,311,2
1002.1,0.26,0.7,-0.8,2.0,15.55,281,2
1002.1,0.26,0.7,-0.8,2.0,13.96,190,0
1002.1,0.26,0.7,-0.8,2.0,11.27,170,0
1002.1,0.26,0.7,-0.8,2.0,9.37,160,0
1002.1,0.26,0.7,-0.8,2.0,14.49,181,0
1002.1,0.26,0.7,-0.8,2.0,4.75,181,0
1002.1,0.26,6.2,2.4,7.8,2.3,142,0
1002.1,0.26,6.2,2.4,7.8,24.41,70,2
1002.1,0.26,6.2,2.4,7.8,20.93,330,2
1002.1,0.26,6.2,2.4,7.8,25.76,230,2
1002.1,0.26,6.2,2.4,7.8,17.71,150,2
1002.1,0.26,6.2,2.4,7.8,11.27,330,0
1002.1,0.26,6.2,2.4,7.8,11.27,250,0
1002.1,0.26,6.2,2.4,7.8,3.22,130,0
1002.1,0.26,6.2,2.4,7.8,12.08,41,0
1002.1,0.26,6.2,2.4,7.8,11.27,140,0
1002.1,0.26,6.2,2.4,7.8,24.91,311,2
1002.1,0.26,6.2,2.4,7.8,15.55,281,2
1002.1,0.26,6.2,2.4,7.8,13.96,190,0
1002.1,0.26,6.2,2.4,7.8,11.27,170,0
1002.1,0.26,6.2,2.4,7.8,9.37,160,0
1002.1,0.26,6.2,2.4,7.8,14.49,181,0
1002.1,0.26,6.2,2.4,7.8,4.75,181,0
1002.1,0.41,3.4,2.2,5.1,2.3,142,0
1002.1,0.41,3.4,2.2,5.1,24.41,70,2
1002.1,0.41,3.4,2.2,5.1,20.93,330,2
1002.1,0.41,3.4,2.2,5.1,25.76,230,2
1002.1,0.41,3.4,2.2,5.1,17.71,150,2
1002.1,0.41,3.4,2.2,5.1,11.27,330,0
1002.1,0.41,3.4,2.2,5.1,11.27,250,0
1002.1,0.41,3.4,2.2,5.1,3.22,130,0
1002.1,0.41,3.4,2.2,5.1,12.08,41,0
1002.1,0.41,3.4,2.2,5.1,11.27,140,0
1002.1,0.41,3.4,2.2,5.1,24.91,311,2
1002.1,0.41,3.4,2.2,5.1,15.55,281,2
1002.1,0.41,3.4,2.2,5.1,13.96,190,0
1002.1,0.41,3.4,2.2,5.1,11.27,170,0
1002.1,0.41,3.4,2.2,5.1,9.37,160,0
1002.1,0.41,3.4,2.2,5.1,14.49,181,0
1002.1,0.41,3.4,2.2,5.1,4.75,181,0
1002.1,0.14,9.6,6.6,10.9,2.3,142,0
1002.1,0.14,9.6,6.6,10.9,24.41,70,2
1002.1,0.14,9.6,6.6,10.9,20.93,330,2
1002.1,0.14,9.6,6.6,10.9,25.76,230,2
1002.1,0.14,9.6,6.6,10.9,17.71,150,2
1002.1,0.14,9.6,6.6,10.9,11.27,330,0
1002.1,0.14,9.6,6.6,10.9,11.27,250,0
1002.1,0.14,9.6,6.6,10.9,3.22,130,0
1002.1,0.14,9.6,6.6,10.9,12.08,41,0
1002.1,0.14,9.6,6.6,10.9,11.27,140,0
1002.1,0.14,9.6,6.6,10.9,24.91,311,2
1002.1,0.14,9.6,6.6,10.9,15.55,281,2
1002.1,0.14,9.6,6.6,10.9,13.96,190,0
1002.1,0.14,9.6,6.6,10.9,11.27,170,0
1002.1,0.14,9.6,6.6,10.9,9.37,160,0
1002.1,0.14,9.6,6.6,10.9,14.49,181,0
1002.1,0.14,9.6,6.6,10.9,4.75,181,0
1002.1,0.19,7.4,4.2,10.0,2.3,142,0
1002.1,0.19,7.4,4.2,10.0,24.41,70,2
1002.1,0.19,7.4,4.2,10.0,20.93,330,2
1002.1,0.19,7.4,4.2,10.0,25.76,230,2
1002.1,0.19,7.4,4.2,10.0,17.71,150,2
1002.1,0.19,7.4,4.2,10.0,11.27,330,0
1002.1,0.19,7.4,4.2,10.0,11.27,250,0
1002.1,0.19,7.4,4.2,10.0,3.22,130,0
1002.1,0.19,7.4,4.2,10.0,12.08,41,0
1002.1,0.19,7.4,4.2,10.0,11.27,140,0
1002.1,0.19,7.4,4.2,10.0,24.91,311,2
1002.1,0.19,7.4,4.2,10.0,15.55,281,2
1002.1,0.19,7.4,4.2,10.0,13.96,190,0
1002.1,0.19,7.4,4.2,10.0,11.27,170,0
1002.1,0.19,7.4,4.2,10.0,9.37,160,0
1002.1,0.19,7.4,4.2,10.0,14.49,181,0
1002.1,0.19,7.4,4.2,10.0,4.75,181,0
1002.1,0.14,15.3,12.6,18.1,2.3,142,0
1002.1,0.14,15.3,12.6,18.1,24.41,70,2
1002.1,0.14,15.3,12.6,18.1,20.93,330,2
1002.1,0.14,15.3,12.6,18.1,25.76,230,2
1002.1,0.14,15.3,12.6,18.1,17.71,150,2
1002.1,0.14,15.3,12.6,18.1,11.27,330,0
1002.1,0.14,15.3,12.6,18.1,11.27,250,0
1002.1,0.14,15.3,12.6,18.1,3.22,130,0
1002.1,0.14,15.3,12.6,18.1,12.08,41,0
1002.1,0.14,15.3,12.6,18.1,11.27,140,0
1002.1,0.14,15.3,12.6,18.1,24.91,311,2
1002.1,0.14,15.3,12.6,18.1,15.55,281,2
1002.1,0.14,15.3,12.6,18.1,13.96,190,0
1002.1,0.14,15.3,12.6,18.1,11.27,170,0
1002.1,0.14,15.3,12.6,18.1,9.37,160,0
1002.1,0.14,15.3,12.6,18.1,14.49,181,0
1002.1,0.14,15.3,12.6,18.1,4.75,181,0
1002.1,0.67,16.3,12.9,19.4,2.3,142,0
1002.1,0.67,16.3,12.9,19.4,24.41,70,2
1002.1,0.67,16.3,12.9,19.4,20.93,330,2
1002.1,0.67,16.3,12.9,19.4,25.76,230,2
1002.1,0.67,16.3,12.9,19.4,17.71,150,2
1002.1,0.67,16.3,12.9,19.4,11.27,330,0
1002.1,0.67,16.3,12.9,19.4,11.27,250,0
1002.1,0.67,16.3,12.9,19.4,3.22,130,0
1002.1,0.67,16.3,12.9,19.4,12.08,41,0
1002.1,0.67,16.3,12.9,19.4,11.27,140,0
1002.1,0.67,16.3,12.9,19.4,24.91,311,2
1002.1,0.67,16.3,12.9,19.4,15.55,281,2
1002.1,0.67,16.3,12.9,19.4,13.96,190,0
1002.1,0.67,16.3,12.9,19.4,11.27,170,0
1002.1,0.67,16.3,12.9,19.4,9.37,160,0
1002.1,0.67,16.3,12.9,19.4,14.49,181,0
1002.1,0.67,16.3,12.9,19.4,4.75,181,0
1002.1,0.13,8.8,4.1,11.6,2.3,142,0
1002.1,0.13,8.8,4.1,11.6,24.41,70,2
1002.1,0.13,8.8,4.1,11.6,20.93,330,2
1002.1,0.13,8.8,4.1,11.6,25.76,230,2
1002.1,0.13,8.8,4.1,11.6,17.71,150,2
1002.1,0.13,8.8,4.1,11.6,11.27,330,0
1002.1,0.13,8.8,4.1,11.6,11.27,250,0
1002.1,0.13,8.8,4.1,11.6,3.22,130,0
1002.1,0.13,8.8,4.1,11.6,12.08,41,0
1002.1,0.13,8.8,4.1,11.6,11.27,140,0
1002.1,0.13,8.8,4.1,11.6,24.91,311,2
1002.1,0.13,8.8,4.1,11.6,15.55,281,2
1002.1,0.13,8.8,4.1,11.6,13.96,190,0
1002.1,0.13,8.8,4.1,11.6,11.27,170,0
1002.1,0.13,8.8,4.1,11.6,9.37,160,0
1002.1,0.13,8.8,4.1,11.6,14.49,181,0
1002.1,0.13,8.8,4.1,11.6,4.75,181,0
1002.1,0.5,8.9,6.4,12.2,2.3,142,0
1002.1,0.5,8.9,6.4,12.2,24.41,70,2
1002.1,0.5,8.9,6.4,12.2,20.93,330,2
1002.1,0.5,8.9,6.4,12.2,25.76,230,2
1002.1,0.5,8.9,6.4,12.2,17.71,150,2
1002.1,0.5,8.9,6.4,12.2,11.27,330,0
1002.1,0.5,8.9,6.4,12.2,11.27,250,0
1002.1,0.5,8.9,6.4,12.2,3.22,130,0
1002.1,0.5,8.9,6.4,12.2,12.08,41,0
1002.1,0.5,8.9,6.4,12.2,11.27,140,0
1002.1,0.5,8.9,6.4,12.2,24.91,311,2
1002.1,0.5,8.9,6.4,12.2,15.55,281,2
1002.1,0.5,8.9,6.4,12.2,13.96,190,0
1002.1,0.5,8.9,6.4,12.2,11.27,170,0
1002.1,0.5,8.9,6.4,12.2,9.37,160,0
1002.1,0.5,8.9,6.4,12.2,14.49,181,0
1002.1,0.5,8.9,6.4,12.2,4.75,181,0
1002.2,0.53,0.2,-2.6,5.2,14.6,223,1
1002.2,0.53,0.2,-2.6,5.2,11.27,230,1
1002.2,0.53,0.2,-2.6,5.2,8.05,30,1
1002.2,0.53,0.2,-2.6,5.2,17.63,197,3
1002.2,0.53,0.2,-2.6,5.2,28.98,200,3
1002.2,0.53,0.2,-2.6,5.2,3.22,290,1
1002.2,1.92,12.3,9.5,18.5,14.6,223,1
1002.2,1.92,12.3,9.5,18.5,11.27,230,1
1002.2,1.92,12.3,9.5,18.5,8.05,30,1
1002.2,1.92,12.3,9.5,18.5,17.63,197,3
1002.2,1.92,12.3,9.5,18.5,28.98,200,3
1002.2,1.92,12.3,9.5,18.5,3.22,290,1
1002.2,1.9,17.7,11.2,23.3,14.6,223,1
1002.2,1.9,17.7,11.2,23.3,11.27,230,1
1002.2,1.9,17.7,11.2,23.3,8.05,30,1
1002.2,1.9,17.7,11.2,23.3,17.63,197,3
1002.2,1.9,17.7,11.2,23.3,28.98,200,3
1002.2,1.9,17.7,11.2,23.3,3.22,290,1
1002.2,0.91,-0.8,-4.8,5.9,14.6,223,1
1002.2,0.91,-0.8,-4.8,5.9,11.27,230,1
1002.2,0.91,-0.8,-4.8,5.9,8.05,30,1
1002.2,0.91,-0.8,-4.8,5.9,17.63,197,3
1002.2,0.91,-0.8,-4.8,5.9,28.98,200,3
1002.2,0.91,-0.8,-4.8,5.9,3.22,290,1
1002.2,1.19,1.3,-0.7,4.3,14.6,223,1
1002.2,1.19,1.3,-0.7,4.3,11.27,230,1
1002.2,1.19,1.3,-0.7,4.3,8.05,30,1
1002.2,1.19,1.3,-0.7,4.3,17.63,197,3
1002.2,1.19,1.3,-0.7,4.3,28.98,200,3
1002.2,1.19,1.3,-0.7,4.3,3.22,290,1
1002.2,0.25,5.6,1.5,7.8,14.6,223,1
1002.2,0.25,5.6,1.5,7.8,11.27,230,1
1002.2,0.25,5.6,1.5,7.8,8.05,30,1
1002.2,0.25,5.6,1.5,7.8,17.63,197,3
1002.2,0.25,5.6,1.5,7.8,28.98,200,3
1002.2,0.25,5.6,1.5,7.8,3.22,290,1
1002.2,0.15,2.1,1.1,4.8,14.6,223,1
1002.2,0.15,2.1,1.1,4.8,11.27,230,1
1002.2,0.15,2.1,1.1,4.8,8.05,30,1
1002.2,0.15,2.1,1.1,4.8,17.63,197,3
1002.2,0.15,2.1,1.1,4.8,28.98,200,3
1002.2,0.15,2.1,1.1,4.8,3.22,290,1
1002.2,0.79,4.3,2.4,9.4,14.6,223,1
1002.2,0.79,4.3,2.4,9.4,11.27,230,1
1002.2,0.79,4.3,2.4,9.4,8.05,30,1
1002.2,0.79,4.3,2.4,9.4,17.63,197,3
1002.2,0.79,4.3,2.4,9.4,28.98,200,3
1002.2,0.79,4.3,2.4,9.4,3.22,290,1
1002.2,0.64,9.6,4.1,17.0,14.6,223,1
1002.2,0.64,9.6,4.1,17.0,11.27,230,1
1002.2,0.64,9.6,4.1,17.0,8.05,30,1
1002.2,0.64,9.6,4.1,17.0,17.63,197,3
1002.2,0.64,9.6,4.1,17.0,28.98,200,3
1002.2,0.64,9.6,4.1,17.0,3.22,290,1
1002.2,1.67,19.2,16.0,22.1,14.6,223,0
1002.2,1.67,19.2,16.0,22.1,11.27,230,0
1002.2,1.67,19.2,16.0,22.1,8.05,30,0
1002.2,1.67,19.2,16.0,22.1,17.63,197,2
1002.2,1.67,19.2,16.0,22.1,28.98,200,2
1002.2,1.67,19.2,16.0,22.1,3.22,290,0
1002.2,1.32,16.0,12.5,18.7,14.6,223,0
1002.2,1.32,16.0,12.5,18.7,11.27,230,0
1002.2,1.32,16.0,12.5,18.7,8.05,30,0
1002.2,1.32,16.0,12.5,18.7,17.63,197,2
1002.2,1.32,16.0,12.5,18.7,28.98,200,2
1002.2,1.32,16.0,12.5,18.7,3.22,290,0
1002.2,1.47,4.1,0.0,8.2,14.6,223,0
1002.2,1.47,4.1,0.0,8.2,11.27,230,0
1002.2,1.47,4.1,0.0,8.2,8.05,30,0
1002.2,1.47,4.1,0.0,8.2,17.63,197,2
1002.2,1.47,4.1,0.0,8.2,28.98,200,2
1002.2,1.47,4.1,0.0,8.2,3.22,290,0
1002.2,0.85,3.6,1.3,5.2,14.6,223,0
1002.2,0.85,3.6,1.3,5.2,11.27,230,0
1002.2,0.85,3.6,1.3,5.2,8.05,30,0
1002.2,0.85,3.6,1.3,5.2,17.63,197,2
1002.2,0.85,3.6,1.3,5.2,28.98,200,2
1002.2,0.85,3.6,1.3,5.2,3.22,290,0
1002.2,1.48,19.4,16.2,22.7,14.6,223,0
1002.2,1.48,19.4,16.2,22.7,11.27,230,0
1002.2,1.48,19.4,16.2,22.7,8.05,30,0
1002.2,1.48,19.4,16.2,22.7,17.63,197,2
1002.2,1.48,19.4,16.2,22.7,28.98,200,2
1002.2,1.48,19.4,16.2,22.7,3.22,290,0
1002.2,1.33,17.0,14.2,19.7,14.6,223,0
1002.2,1.33,17.0,14.2,19.7,11.27,230,0
1002.2,1.33,17.0,14.2,19.7,8.05,30,0
1002.2,1.33,17.0,14.2,19.7,17.63,197,2
1002.2,1.33,17.0,14.2,19.7,28.98,200,2
1002.2,1.33,17.0,14.2,19.7,3.22,290,0
1002.2,1.23,17.2,14.6,19.9,14.6,223,0
1002.2,1.23,17.2,14.6,19.9,11.27,230,0
1002.2,1.23,17.2,14.6,19.9,8.05,30,0
1002.2,1.23,17.2,14.6,19.9,17.63,197,2
1002.2,1.23,17.2,14.6,19.9,28.98,200,2
1002.2,1.23,17.2,14.6,19.9,3.22,290,0
1002.2,0.26,10.8,7.8,13.6,14.6,223,0
1002.2,0.26,10.8,7.8,13.6,11.27,230,0
1002.2,0.26,10.8,7.8,13.6,8.05,30,0
1002.2,0.26,10.8,7.8,13.6,17.63,197,2
1002.2,0.26,10.8,7.8,13.6,28.98,200,2
1002.2,0.26,10.8,7.8,13.6,3.22,290,0
1002.2,0.8,14.9,14.3,17.8,14.6,223,0
1002.2,0.8,14.9,14.3,17.8,11.27,230,0
1002.2,0.8,14.9,14.3,17.8,8.05,30,0
1002.2,0.8,14.9,14.3,17.8,17.63,197,2
1002.2,0.8,14.9,14.3,17.8,28.98,200,2
1002.2,0.8,14.9,14.3,17.8,3.22,290,0
1002.2,1.16,14.2,12.3,16.0,14.6,223,0
1002.2,1.16,14.2,12.3,16.0,11.27,230,0
1002.2,1.16,14.2,12.3,16.0,8.05,30,0
1002.2,1.16,14.2,12.3,16.0,17.63,197,2
1002.2,1.16,14.2,12.3,16.0,28.98,200,2
1002.2,1.16,14.2,12.3,16.0,3.22,290,0
1002.2,0.11,4.2,1.4,6.4,14.6,223,0
1002.2,0.11,4.2,1.4,6.4,11.27,230,0
1002.2,0.11,4.2,1.4,6.4,8.05,30,0
1002.2,0.11,4.2,1.4,6.4,17.63,197,2
1002.2,0.11,4.2,1.4,6.4,28.98,200,2
1002.2,0.11,4.2,1.4,6.4,3.22,290,0
1002.2,0.04,4.7,0.6,5.3,14.6,223,0
1002.2,0.04,4.7,0.6,5.3,11.27,230,0
1002.2,0.04,4.7,0.6,5.3,8.05,30,0
1002.2,0.04,4.7,0.6,5.3,17.63,197,2
1002.2,0.04,4.7,0.6,5.3,28.98,200,2
1002.2,0.04,4.7,0.6,5.3,3.22,290,0
1002.2,0.39,4.4,2.7,6.5,14.6,223,0
1002.2,0.39,4.4,2.7,6.5,11.27,230,0
1002.2,0.39,4.4,2.7,6.5,8.05,30,0
1002.2,0.39,4.4,2.7,6.5,17.63,197,2
1002.2,0.39,4.4,2.7,6.5,28.98,200,2
1002.2,0.39,4.4,2.7,6.5,3.22,290,0
1002.2,0.39,13.8,11.2,16.2,14.6,223,0
1002.2,0.39,13.8,11.2,16.2,11.27,230,0
1002.2,0.39,13.8,11.2,16.2,8.05,30,0
1002.2,0.39,13.8,11.2,16.2,17.63,197,2
1002.2,0.39,13.8,11.2,16.2,28.98,200,2
1002.2,0.39,13.8,11.2,16.2,3.22,290,0
1002.2,0.14,10.1,8.2,13.3,14.6,223,0
1002.2,0.14,10.1,8.2,13.3,11.27,230,0
1002.2,0.14,10.1,8.2,13.3,8.05,30,0
1002.2,0.14,10.1,8.2,13.3,17.63,197,2
1002.2,0.14,10.1,8.2,13.3,28.98,200,2
1002.2,0.14,10.1,8.2,13.3,3.22,290,0
1002.3,1.11,12.2,8.3,16.2,21.88,170,3
1002.3,1.11,12.2,8.3,16.2,20.11,349,3
1002.3,1.11,12.2,8.3,16.2,10.96,184,1
1002.3,1.11,12.2,8.3,16.2,14.31,191,1
1002.3,1.11,12.2,8.3,16.2,17.71,240,3
1002.3,1.11,12.2,8.3,16.2,33.81,150,3
1002.3,1.11,12.2,8.3,16.2,25.76,310,3
1002.3,1.11,12.2,8.3,16.2,25.76,260,3
1002.3,1.11,12.2,8.3,16.2,25.76,260,3
1002.3,1.11,12.2,8.3,16.2,11.27,160,1
1002.3,1.11,12.2,8.3,16.2,14.01,170,1
1002.3,1.11,12.2,8.3,16.2,4.65,16,1
1002.3,1.11,12.2,8.3,16.2,11.27,180,1
1002.3,1.11,12.2,8.3,16.2,3.96,263,1
1002.3,1.11,12.2,8.3,16.2,9.84,78,1
1002.3,1.11,12.2,8.3,16.2,28.77,301,3
1002.3,1.11,12.2,8.3,16.2,16.16,202,3
1002.3,0.59,11.6,10.0,16.5,21.88,170,3
1002.3,0.59,11.6,10.0,16.5,20.11,349,3
1002.3,0.59,11.6,10.0,16.5,10.96,184,1
1002.3,0.59,11.6,10.0,16.5,14.31,191,1
1002.3,0.59,11.6,10.0,16.5,17.71,240,3
1002.3,0.59,11.6,10.0,16.5,33.81,150,3
1002.3,0.59,11.6,10.0,16.5,25.76,310,3
1002.3,0.59,11.6,10.0,16.5,25.76,260,3
1002.3,0.59,11.6,10.0,16.5,25.76,260,3
1002.3,0.59,11.6,10.0,16.5,11.27,160,1
1002.3,0.59,11.6,10.0,16.5,14.01,170,1
1002.3,0.59,11.6,10.0,16.5,4.65,16,1
1002.3,0.59,11.6,10.0,16.5,11.27,180,1
1002.3,0.59,11.6,10.0,16.5,3.96,263,1
1002.3,0.59,11.6,10.0,16.5,9.84,78,1
1002.3,0.59,11.6,10.0,16.5,28.77,301,3
1002.3,0.59,11.6,10.0,16.5,16.16,202,3
1002.3,2.02,11.9,6.4,17.1,21.88,170,3
1002.3,2.02,11.9,6.4,17.1,20.11,349,3
1002.3,2.02,11.9,6.4,17.1,10.96,184,1
1002.3,2.02,11.9,6.4,17.1,14.31,191,1
1002.3,2.02,11.9,6.4,17.1,17.71,240,3
1002.3,2.02,11.9,6.4,17.1,33.81,150,3
1002.3,2.02,11.9,6.4,17.1,25.76,310,3
1002.3,2.02,11.9,6.4,17.1,25.76,260,3
1002.3,2.02,11.9,6.4,17.1,25.76,260,3
1002.3,2.02,11.9,6.4,17.1,11.27,160,1
1002.3,2.02,11.9,6.4,17.1,14.01,170,1
1002.3,2.02,11.9,6.4,17.1,4.65,16,1
1002.3,2.02,11.9,6.4,17.1,11.27,180,1
1002.3,2.02,11.9,6.4,17.1,3.96,263,1
1002.3,2.02,11.9,6.4,17.1,9.84,78,1
1002.3,2.02,11.9,6.4,17.1,28.77,301,3
1002.3,2.02,11.9,6.4,17.1,16.16,202,3
1002.3,1.77,17.4,13.0,22.1,21.88,170,3
1002.3,1.77,17.4,13.0,22.1,20.11,349,3
1002.3,1.77,17.4,13.0,22.1,10.96,184,1
1002.3,1.77,17.4,13.0,22.1,14.31,191,1
1002.3,1.77,17.4,13.0,22.1,17.71,240,3
1002.3,1.77,17.4,13.0,22.1,33.81,150,3
1002.3,1.77,17.4,13.0,22.1,25.76,310,3
1002.3,1.77,17.4,13.0,22.1,25.76,260,3
1002.3,1.77,17.4,13.0,22.1,25.76,260,3
1002.3,1.77,17.4,13.0,22.1,11.27,160,1
1002.3,1.77,17.4,13.0,22.1,14.01,170,1
1002.3,1.77,17.4,13.0,22.1,4.65,16,1
1002.3,1.77,17.4,13.0,22.1,11.27,180,1
1002.3,1.77,17.4,13.0,22.1,3.96,263,1
1002.3,1.77,17.4,13.0,22.1,9.84,78,1
1002.3,1.77,17.4,13.0,22.1,28.77,301,3
1002.3,1.77,17.4,13.0,22.1,16.16,202,3
1002.3,0.35,5.9,3.3,8.3,21.88,170,3
1002.3,0.35,5.9,3.3,8.3,20.11,349,3
1002.3,0.35,5.9,3.3,8.3,10.96,184,1
1002.3,0.35,5.9,3.3,8.3,14.31,191,1
1002.3,0.35,5.9,3.3,8.3,17.71,240,3
1002.3,0.35,5.9,3.3,8.3,33.81,150,3
1002.3,0.35,5.9,3.3,8.3,25.76,310,3
1002.3,0.35,5.9,3.3,8.3,25.76,260,3
1002.3,0.35,5.9,3.3,8.3,25.76,260,3
1002.3,0.35,5.9,3.3,8.3,11.27,160,1
1002.3,0.35,5.9,3.3,8.3,14.01,170,1
1002.3,0.35,5.9,3.3,8.3,4.65,16,1
1002.3,0.35,5.9,3.3,8.3,11.27,180,1
1002.3,0.35,5.9,3.3,8.3,3.96,263,1
1002.3,0.35,5.9,3.3,8.3,9.84,78,1
1002.3,0.35,5.9,3.3,8.3,28.77,301,3
1002.3,0.35,5.9,3.3,8.3,16.16,202,3
1002.3,0.35,3.5,0.6,9.0,21.88,170,3
1002.3,0.35,3.5,0.6,9.0,20.11,349,3
1002.3,0.35,3.5,0.6,9.0,10.96,184,1
1002.3,0.35,3.5,0.6,9.0,14.31,191,1
1002.3,0.35,3.5,0.6,9.0,17.71,240,3
1002.3,0.35,3.5,0.6,9.0,33.81,150,3
1002.3,0.35,3.5,0.6,9.0,25.76,310,3
1002.3,0.35,3.5,0.6,9.0,25.76,260,3
1002.3,0.35,3.5,0.6,9.0,25.76,260,3
1002.3,0.35,3.5,0.6,9.0,11.27,160,1
1002.3,0.35,3.5,0.6,9.0,14.01,170,1
1002.3,0.35,3.5,0.6,9.0,4.65,16,1
1002.3,0.35,3.5,0.6,9.0,11.27,180,1
1002.3,0.35,3.5,0.6,9.0,3.96,263,1
1002.3,0.35,3.5,0.6,9.0,9.84,78,1
1002.3,0.35,3.5,0.6,9.0,28.77,301,3
1002.3,0.35,3.5,0.6,9.0,16.16,202,3
1002.3,0.37,10.6,9.3,12.8,21.88,170,2
1002.3,0.37,10.6,9.3,12.8,20.11,349,2
1002.3,0.37,10.6,9.3,12.8,10.96,184,0
1002.3,0.37,10.6,9.3,12.8,14.31,191,0
1002.3,0.37,10.6,9.3,12.8,17.71,240,2
1002.3,0.37,10.6,9.3,12.8,33.81,150,2
1002.3,0.37,10.6,9.3,12.8,25.76,310,2
1002.3,0.37,10.6,9.3,12.8,25.76,260,2
1002.3,0.37,10.6,9.3,12.8,25.76,260,2
1002.3,0.37,10.6,9.3,12.8,11.27,160,0
1002.3,0.37,10.6,9.3,12.8,14.01,170,0
1002.3,0.37,10.6,9.3,12.8,4.65,16,0
1002.3,0.37,10.6,9.3,12.8,11.27,180,0
1002.3,0.37,10.6,9.3,12.8,3.96,263,0
1002.3,0.37,10.6,9.3,12.8,9.84,78,0
1002.3,0.37,10.6,9.3,12.8,28.77,301,2
1002.3,0.37,10.6,9.3,12.8,16.16,202,2
1002.3,0.14,10.2,7.6,12.1,21.88,170,2
1002.3,0.14,10.2,7.6,12.1,20.11,349,2
1002.3,0.14,10.2,7.6,12.1,10.96,184,0
1002.3,0.14,10.2,7.6,12.1,14.31,191,0
1002.3,0.14,10.2,7.6,12.1,17.71,240,2
1002.3,0.14,10.2,7.6,12.1,33.81,150,2
1002.3,0.14,10.2,7.6,12.1,25.76,310,2
1002.3,0.14,10.2,7.6,12.1,25.76,260,2
1002.3,0.14,10.2,7.6,12.1,25.76,260,2
1002.3,0.14,10.2,7.6,12.1,11.27,160,0
1002.3,0.14,10.2,7.6,12.1,14.01,170,0
1002.3,0.14,10.2,7.6,12.1,4.65,16,0
1002.3,0.14,10.2,7.6,12.1,11.27,180,0
1002.3,0.14,10.2,7.6,12.1,3.96,263,0
1002.3,0.14,10.2,7.6,12.1,9.84,78,0
1002.3,0.14,10.2,7.6,12.1,28.77,301,2
1002.3,0.14,10.2,7.6,12.1,16.16,202,2
1002.3,1.57,10.1,7.3,13.7,21.88,170,2
1002.3,1.57,10.1,7.3,13.7,20.11,349,2
1002.3,1.57,10.1,7.3,13.7,10.96,184,0
1002.3,1.57,10.1,7.3,13.7,14.31,191,0
1002.3,1.57,10.1,7.3,13.7,17.71,240,2
1002.3,1.57,10.1,7.3,13.7,33.81,150,2
1002.3,1.57,10.1,7.3,13.7,25.76,310,2
1002.3,1.57,10.1,7.3,13.7,25.76,260,2
1002.3,1.57,10.1,7.3,13.7,25.76,260,2
1002.3,1.57,10.1,7.3,13.7,11.27,160,0
1002.3,1.57,10.1,7.3,13.7,14.01,170,0
1002.3,1.57,10.1,7.3,13.7,4.65,16,0
1002.3,1.57,10.1,7.3,13.7,11.27,180,0
1002.3,1.57,10.1,7.3,13.7,3.96,263,0
1002.3,1.57,10.1,7.3,13.7,9.84,78,0
1002.3,1.57,10.1,7.3,13.7,28.77,301,2
1002.3,1.57,10.1,7.3,13.7,16.16,202,2
1002.3,0.11,1.4,0.3,3.1,21.88,170,2
1002.3,0.11,1.4,0.3,3.1,20.11,349,2
1002.3,0.11,1.4,0.3,3.1,10.96,184,0
1002.3,0.11,1.4,0.3,3.1,14.31,191,0
1002.3,0.11,1.4,0.3,3.1,17.71,240,2
1002.3,0.11,1.4,0.3,3.1,33.81,150,2
1002.3,0.11,1.4,0.3,3.1,25.76,310,2
1002.3,0.11,1.4,0.3,3.1,25.76,260,2
1002.3,0.11,1.4,0.3,3.1,25.76,260,2
1002.3,0.11,1.4,0.3,3.1,11.27,160,0
1002.3,0.11,1.4,0.3,3.1,14.01,170,0
1002.3,0.11,1.4,0.3,3.1,4.65,16,0
1002.3,0.11,1.4,0.3,3.1,11.27,180,0
1002.3,0.11,1.4,0.3,3.1,3.96,263,0
1002.3,0.11,1.4,0.3,3.1,9.84,78,0
1002.3,0.11,1.4,0.3,3.1,28.77,301,2
1002.3,0.11,1.4,0.3,3.1,16.16,202,2
1002.3,0.51,-0.1,-1.2,1.1,21.88,170,2
1002.3,0.51,-0.1,-1.2,1.1,20.11,349,2
1002.3,0.51,-0.1,-1.2,1.1,10.96,184,0
1002.3,0.51,-0.1,-1.2,1.1,14.31,191,0
1002.3,0.51,-0.1,-1.2,1.1,17.71,240,2
1002.3,0.51,-0.1,-1.2,1.1,33.81,150,2
1002.3,0.51,-0.1,-1.2,1.1,25.76,310,2
1002.3,0.51,-0.1,-1.2,1.1,25.76,260,2
1002.3,0.51,-0.1,-1.2,1.1,25.76,260,2
1002.3,0.51,-0.1,-1.2,1.1,11.27,160,0
1002.3,0.51,-0.1,-1.2,1.1,14.01,170,0
1002.3,0.51,-0.1,-1.2,1.1,4.65,16,0
1002.3,0.51,-0.1,-1.2,1.1,11.27,180,0
1002.3,0.51,-0.1,-1.2,1.1,3.96,263,0
1002.3,0.51,-0.1,-1.2,1.1,9.84,78,0
1002.3,0.51,-0.1,-1.2,1.1,28.77,301,2
1002.3,0.51,-0.1,-1.2,1.1,16.16,202,2
1002.3,0.69,15.5,11.8,18.4,21.88,170,2
1002.3,0.69,15.5,11.8,18.4,20.11,349,2
1002.3,0.69,15.5,11.8,18.4,10.96,184,0
1002.3,0.69,15.5,11.8,18.4,14.31,191,0
1002.3,0.69,15.5,11.8,18.4,17.71,240,2
1002.3,0.69,15.5,11.8,18.4,33.81,150,2
1002.3,0.69,15.5,11.8,18.4,25.76,310,2
1002.3,0.69,15.5,11.8,18.4,25.76,260,2
1002.3,0.69,15.5,11.8,18.4,25.76,260,2
1002.3,0.69,15.5,11.8,18.4,11.27,160,0
1002.3,0.69,15.5,11.8,18.4,14.01,170,0
1002.3,0.69,15.5,11.8,18.4,4.65,16,0
1002.3,0.69,15.5,11.8,18.4,11.27,180,0
1002.3,0.69,15.5,11.8,18.4,3.96,263,0
1002.3,0.69,15.5,11.8,18.4,9.84,78,0
1002.3,0.69,15.5,11.8,18.4,28.77,301,2
1002.3,0.69,15.5,11.8,18.4,16.16,202,2
1002.3,0.44,3.8,2.3,8.3,21.88,170,2
1002.3,0.44,3.8,2.3,8.3,20.11,349,2
1002.3,0.44,3.8,2.3,8.3,10.96,184,0
1002.3,0.44,3.8,2.3,8.3,14.31,191,0
1002.3,0.44,3.8,2.3,8.3,17.71,240,2
1002.3,0.44,3.8,2.3,8.3,33.81,150,2
1002.3,0.44,3.8,2.3,8.3,25.76,310,2
1002.3,0.44,3.8,2.3,8.3,25.76,260,2
1002.3,0.44,3.8,2.3,8.3,25.76,260,2
1002.3,0.44,3.8,2.3,8.3,11.27,160,0
1002.3,0.44,3.8,2.3,8.3,14.01,170,0
1002.3,0.44,3.8,2.3,8.3,4.65,16,0
1002.3,0.44,3.8,2.3,8.3,11.27,180,0
1002.3,0.44,3.8,2.3,8.3,3.96,263,0
1002.3,0.44,3.8,2.3,8.3,9.84,78,0
1002.3,0.44,3.8,2.3,8.3,28.77,301,2
1002.3,0.44,3.8,2.3,8.3,16.16,202,2
1002.3,0.94,8.6,4.6,14.3,21.88,170,2
1002.3,0.94,8.6,4.6,14.3,20.11,349,2
1002.3,0.94,8.6,4.6,14.3,10.96,184,0
1002.3,0.94,8.6,4.6,14.3,14.31,191,0
1002.3,0.94,8.6,4.6,14.3,17.71,240,2
1002.3,0.94,8.6,4.6,14.3,33.81,150,2
1002.3,0.94,8.6,4.6,14.3,25.76,310,2
1002.3,0.94,8.6,4.6,14.3,25.76,260,2
1002.3,0.94,8.6,4.6,14.3,25.76,260,2
1002.3,0.94,8.6,4.6,14.3,11.27,160,0
1002.3,0.94,8.6,4.6,14.3,14.01,170,0
1002.3,0.94,8.6,4.6,14.3,4.65,16,0
1002.3,0.94,8.6,4.6,14.3,11.27,180,0
1002.3,0.94,8.6,4.6,14.3,3.96,263,0
1002.3,0.94,8.6,4.6,14.3,9.84,78,0
1002.3,0.94,8.6,4.6,14.3,28.77,301,2
1002.3,0.94,8.6,4.6,14.3,16.16,202,2
1002.3,2.02,21.7,16.1,27.0,21.88,170,2
1002.3,2.02,21.7,16.1,27.0,20.11,349,2
1002.3,2.02,21.7,16.1,27.0,10.96,184,0
1002.3,2.02,21.7,16.1,27.0,14.31,191,0
1002.3,2.02,21.7,16.1,27.0,17.71,240,2
1002.3,2.02,21.7,16.1,27.0,33.81,150,2
1002.3,2.02,21.7,16.1,27.0,25.76,310,2
1002.3,2.02,21.7,16.1,27.0,25.76,260,2
1002.3,2.02,21.7,16.1,27.0,25.76,260,2
1002.3,2.02,21.7,16.1,27.0,11.27,160,0
1002.3,2.02,21.7,16.1,27.0,14.01,170,0
1002.3,2.02,21.7,16.1,27.0,4.65,16,0
1002.3,2.02,21.7,16.1,27.0,11.27,180,0
1002.3,2.02,21.7,16.1,27.0,3.96,263,0
1002.3,2.02,21.7,16.1,27.0,9.84,78,0
1002.3,2.02,21.7,16.1,27.0,28.77,301,2
1002.3,2.02,21.7,16.1,27.0,16.16,202,2
1002.3,0.3,13.9,12.2,15.5,21.88,170,2
1002.3,0.3,13.9,12.2,15.5,20.11,349,2
1002.3,0.3,13.9,12.2,15.5,10.96,184,0
1002.3,0.3,13.9,12.2,15.5,14.31,191,0
1002.3,0.3,13.9,12.2,15.5,17.71,240,2
1002.3,0.3,13.9,12.2,15.5,33.81,150,2
1002.3,0.3,13.9,12.2,15.5,25.76,310,2
1002.3,0.3,13.9,12.2,15.5,25.76,260,2
1002.3,0.3,13.9,12.2,15.5,25.76,260,2
1002.3,0.3,13.9,12.2,15.5,11.27,160,0
1002.3,0.3,13.9,12.2,15.5,14.01,170,0
1002.3,0.3,13.9,12.2,15.5,4.65,16,0
1002.3,0.3,13.9,12.2,15.5,11.27,180,0
1002.3,0.3,13.9,12.2,15.5,3.96,263,0
1002.3,0.3,13.9,12.2,15.5,9.84,78,0
1002.3,0.3,13.9,12.2,15.5,28.77,301,2
1002.3,0.3,13.9,12.2,15.5,16.16,202,2
1002.3,1.26,6.4,4.4,8.9,21.88,170,2
1002.3,1.26,6.4,4.4,8.9,20.11,349,2
1002.3,1.26,6.4,4.4,8.9,10.96,184,0
1002.3,1.26,6.4,4.4,8.9,14.31,191,0
1002.3,1.26,6.4,4.4,8.9,17.71,240,2
1002.3,1.26,6.4,4.4,8.9,33.81,150,2
1002.3,1.26,6.4,4.4,8.9,25.76,310,2
1002.3,1.26,6.4,4.4,8.9,25.76,260,2
1002.3,1.26,6.4,4.4,8.9,25.76,260,2
1002.3,1.26,6.4,4.4,8.9,11.27,160,0
1002.3,1.26,6.4,4.4,8.9,14.01,170,0
1002.3,1.26,6.4,4.4,8.9,4.65,16,0
1002.3,1.26,6.4,4.4,8.9,11.27,180,0
1002.3,1.26,6.4,4.4,8.9,3.96,263,0
1002.3,1.26,6.4,4.4,8.9,9.84,78,0
1002.3,1.26,6.4,4.4,8.9,28.77,301,2
1002.3,1.26,6.4,4.4,8.9,16.16,202,2
1002.3,0.57,9.7,4.7,14.1,21.88,170,2
1002.3,0.57,9.7,4.7,14.1,20.11,349,2
1002.3,0.57,9.7,4.7,14.1,10.96,184,0
1002.3,0.57,9.7,4.7,14.1,14.31,191,0
1002.3,0.57,9.7,4.7,14.1,17.71,240,2
1002.3,0.57,9.7,4.7,14.1,33.81,150,2
1002.3,0.57,9.7,4.7,14.1,25.76,310,2
1002.3,0.57,9.7,4.7,14.1,25.76,260,2
1002.3,0.57,9.7,4.7,14.1,25.76,260,2
1002.3,0.57,9.7,4.7,14.1,11.27,160,0
1002.3,0.57,9.7,4.7,14.1,14.01,170,0
1002.3,0.57,9.7,4.7,14.1,4.65,16,0
1002.3,0.57,9.7,4.7,14.1,11.27,180,0
1002.3,0.57,9.7,4.7,14.1,3.96,263,0
1002.3,0.57,9.7,4.7,14.1,9.84,78,0
1002.3,0.57,9.7,4.7,14.1,28.77,301,2
1002.3,0.57,9.7,4.7,14.1,16.16,202,2
1002.3,0.89,18.8,14.9,22.6,21.88,170,2
1002.3,0.89,18.8,14.9,22.6,20.11,349,2
1002.3,0.89,18.8,14.9,22.6,10.96,184,0
1002.3,0.89,18.8,14.9,22.6,14.31,191,0
1002.3,0.89,18.8,14.9,22.6,17.71,240,2
1002.3,0.89,18.8,14.9,22.6,33.81,150,2
1002.3,0.89,18.8,14.9,22.6,25.76,310,2
1002.3,0.89,18.8,14.9,22.6,25.76,260,2
1002.3,0.89,18.8,14.9,22.6,25.76,260,2
1002.3,0.89,18.8,14.9,22.6,11.27,160,0
1002.3,0.89,18.8,14.9,22.6,14.01,170,0
1002.3,0.89,18.8,14.9,22.6,4.65,16,0
1002.3,0.89,18.8,14.9,22.6,11.27,180,0
1002.3,0.89,18.8,14.9,22.6,3.96,263,0
1002.3,0.89,18.8,14.9,22.6,9.84,78,0
1002.3,0.89,18.8,14.9,22.6,28.77,301,2
1002.3,0.89,18.8,14.9,22.6,16.16,202,2
1002.3,1.48,17.4,14.2,20.6,21.88,170,2
1002.3,1.48,17.4,14.2,20.6,20.11,349,2
1002.3,1.48,17.4,14.2,20.6,10.96,184,0
1002.3,1.48,17.4,14.2,20.6,14.31,191,0
1002.3,1.48,17.4,14.2,20.6,17.71,240,2
1002.3,1.48,17.4,14.2,20.6,33.81,150,2
1002.3,1.48,17.4,14.2,20.6,25.76,310,2
1002.3,1.48,17.4,14.2,20.6,25.76,260,2
1002.3,1.48,17.4,14.2,20.6,25.76,260,2
1002.3,1.48,17.4,14.2,20.6,11.27,160,0
1002.3,1.48,17.4,14.2,20.6,14.01,170,0
1002.3,1.48,17.4,14.2,20.6,4.65,16,0
1002.3,1.48,17.4,14.2,20.6,11.27,180,0
1002.3,1.48,17.4,14.2,20.6,3.96,263,0
1002.3,1.48,17.4,14.2,20.6,9.84,78,0
1002.3,1.48,17.4,14.2,20.6,28.77,301,2
1002.3,1.48,17.4,14.2,20.6,16.16,202,2
1002.3,0.89,11.2,8.5,15.1,21.88,170,2
1002.3,0.89,11.2,8.5,15.1,20.11,349,2
1002.3,0.89,11.2,8.5,15.1,10.96,184,0
1002.3,0.89,11.2,8.5,15.1,14.31,191,0
1002.3,0.89,11.2,8.5,15.1,17.71,240,2
1002.3,0.89,11.2,8.5,15.1,33.81,150,2
1002.3,0.89,11.2,8.5,15.1,25.76,310,2
1002.3,0.89,11.2,8.5,15.1,25.76,260,2
1002.3,0.89,11.2,8.5,15.1,25.76,260,2
1002.3,0.89,11.2,8.5,15.1,11.27,160,0
1002.3,0.89,11.2,8.5,15.1,14.01,170,0
1002.3,0.89,11.2,8.5,15.1,4.65,16,0
1002.3,0.89,11.2,8.5,15.1,11.27,180,0
1002.3,0.89,11.2,8.5,15.1,3.96,263,0
1002.3,0.89,11.2,8.5,15.1,9.84,78,0
1002.3,0.89,11.2,8.5,15.1,28.77,301,2
1002.3,0.89,11.2,8.5,15.1,16.16,202,2
1002.3,1.33,17.5,13.6,21.9,21.88,170,2
1002.3,1.33,17.5,13.6,21.9,20.11,349,2
1002.3,1.33,17.5,13.6,21.9,10.96,184,0
1002.3,1.33,17.5,13.6,21.9,14.31,191,0
1002.3,1.33,17.5,13.6,21.9,17.71,240,2
1002.3,1.33,17.5,13.6,21.9,33.81,150,2
1002.3,1.33,17.5,13.6,21.9,25.76,310,2
1002.3,1.33,17.5,13.6,21.9,25.76,260,2
1002.3,1.33,17.5,13.6,21.9,25.76,260,2
1002.3,1.33,17.5,13.6,21.9,11.27,160,0
1002.3,1.33,17.5,13.6,21.9,14.01,170,0
1002.3,1.33,17.5,13.6,21.9,4.65,16,0
1002.3,1.33,17.5,13.6,21.9,11.27,180,0
1002.3,1.33,17.5,13.6,21.9,3.96,263,0
1002.3,1.33,17.5,13.6,21.9,9.84,78,0
1002.3,1.33,17.5,13.6,21.9,28.77,301,2
1002.3,1.33,17.5,13.6,21.9,16.16,202,2
1002.3,0.13,3.7,3.2,5.0,21.88,170,2
1002.3,0.13,3.7,3.2,5.0,20.11,349,2
1002.3,0.13,3.7,3.2,5.0,10.96,184,0
1002.3,0.13,3.7,3.2,5.0,14.31,191,0
1002.3,0.13,3.7,3.2,5.0,17.71,240,2
1002.3,0.13,3.7,3.2,5.0,33.81,150,2
1002.3,0.13,3.7,3.2,5.0,25.76,310,2
1002.3,0.13,3.7,3.2,5.0,25.76,260,2
1002.3,0.13,3.7,3.2,5.0,25.76,260,2
1002.3,0.13,3.7,3.2,5.0,11.27,160,0
1002.3,0.13,3.7,3.2,5.0,14.01,170,0
1002.3,0.13,3.7,3.2,5.0,4.65,16,0
1002.3,0.13,3.7,3.2,5.0,11.27,180,0
1002.3,0.13,3.7,3.2,5.0,3.96,263,0
1002.3,0.13,3.7,3.2,5.0,9.84,78,0
1002.3,0.13,3.7,3.2,5.0,28.77,301,2
1002.3,0.13,3.7,3.2,5.0,16.16,202,2
1002.3,0.46,2.3,0.3,3.7,21.88,170,2
1002.3,0.46,2.3,0.3,3.7,20.11,349,2
1002.3,0.46,2.3,0.3,3.7,10.96,184,0
1002.3,0.46,2.3,0.3,3.7,14.31,191,0
1002.3,0.46,2.3,0.3,3.7,17.71,240,2
1002.3,0.46,2.3,0.3,3.7,33.81,150,2
1002.3,0.46,2.3,0.3,3.7,25.76,310,2
1002.3,0.46,2.3,0.3,3.7,25.76,260,2
1002.3,0.46,2.3,0.3,3.7,25.76,260,2
1002.3,0.46,2.3,0.3,3.7,11.27,160,0
1002.3,0.46,2.3,0.3,3.7,14.01,170,0
1002.3,0.46,2.3,0.3,3.7,4.65,16,0
1002.3,0.46,2.3,0.3,3.7,11.27,180,0
1002.3,0.46,2.3,0.3,3.7,3.96,263,0
1002.3,0.46,2.3,0.3,3.7,9.84,78,0
1002.3,0.46,2.3,0.3,3.7,28.77,301,2
1002.3,0.46,2.3,0.3,3.7,16.16,202,2
1002.3,0.71,10.0,7.5,13.3,21.88,170,2
1002.3,0.71,10.0,7.5,13.3,20.11,349,2
1002.3,0.71,10.0,7.5,13.3,10.96,184,0
1002.3,0.71,10.0,7.5,13.3,14.31,191,0
1002.3,0.71,10.0,7.5,13.3,17.71,240,2
1002.3,0.71,10.0,7.5,13.3,33.81,150,2
1002.3,0.71,10.0,7.5,13.3,25.76,310,2
1002.3,0.71,10.0,7.5,13.3,25.76,260,2
1002.3,0.71,10.0,7.5,13.3,25.76,260,2
1002.3,0.71,10.0,7.5,13.3,11.27,160,0
1002.3,0.71,10.0,7.5,13.3,14.01,170,0
1002.3,0.71,10.0,7.5,13.3,4.65,16,0
1002.3,0.71,10.0,7.5,13.3,11.27,180,0
1002.3,0.71,10.0,7.5,13.3,3.96,263,0
1002.3,0.71,10.0,7.5,13.3,9.84,78,0
1002.3,0.71,10.0,7.5,13.3,28.77,301,2
1002.3,0.71,10.0,7.5,13.3,16.16,202,2
1002.3,0.8,12.0,9.6,14.5,21.88,170,2
1002.3,0.8,12.0,9.6,14.5,20.11,349,2
1002.3,0.8,12.0,9.6,14.5,10.96,184,0
1002.3,0.8,12.0,9.6,14.5,14.31,191,0
1002.3,0.8,12.0,9.6,14.5,17.71,240,2
1002.3,0.8,12.0,9.6,14.5,33.81,150,2
1002.3,0.8,12.0,9.6,14.5,25.76,310,2
1002.3,0.8,12.0,9.6,14.5,25.76,260,2
1002.3,0.8,12.0,9.6,14.5,25.76,260,2
1002.3,0.8,12.0,9.6,14.5,11.27,160,0
1002.3,0.8,12.0,9.6,14.5,14.01,170,0
1002.3,0.8,12.0,9.6,14.5,4.65,16,0
1002.3,0.8,12.0,9.6,14.5,11.27,180,0
1002.3,0.8,12.0,9.6,14.5,3.96,263,0
1002.3,0.8,12.0,9.6,14.5,9.84,78,0
1002.3,0.8,12.0,9.6,14.5,28.77,301,2
1002.3,0.8,12.0,9.6,14.5,16.16,202,2
1002.3,0.15,3.9,2.5,5.3,21.88,170,2
1002.3,0.15,3.9,2.5,5.3,20.11,349,2
1002.3,0.15,3.9,2.5,5.3,10.96,184,0
1002.3,0.15,3.9,2.5,5.3,14.31,191,0
1002.3,0.15,3.9,2.5,5.3,17.71,240,2
1002.3,0.15,3.9,2.5,5.3,33.81,150,2
1002.3,0.15,3.9,2.5,5.3,25.76,310,2
1002.3,0.15,3.9,2.5,5.3,25.76,260,2
1002.3,0.15,3.9,2.5,5.3,25.76,260,2
1002.3,0.15,3.9,2.5,5.3,11.27,160,0
1002.3,0.15,3.9,2.5,5.3,14.01,170,0
1002.3,0.15,3.9,2.5,5.3,4.65,16,0
1002.3,0.15,3.9,2.5,5.3,11.27,180,0
1002.3,0.15,3.9,2.5,5.3,3.96,263,0
1002.3,0.15,3.9,2.5,5.3,9.84,78,0
1002.3,0.15,3.9,2.5,5.3,28.77,301,2
1002.3,0.15,3.9,2.5,5.3,16.16,202,2
1002.3,0.35,3.6,1.6,4.4,21.88,170,2
1002.3,0.35,3.6,1.6,4.4,20.11,349,2
1002.3,0.35,3.6,1.6,4.4,10.96,184,0
1002.3,0.35,3.6,1.6,4.4,14.31,191,0
1002.3,0.35,3.6,1.6,4.4,17.71,240,2
1002.3,0.35,3.6,1.6,4.4,33.81,150,2
1002.3,0.35,3.6,1.6,4.4,25.76,310,2
1002.3,0.35,3.6,1.6,4.4,25.76,260,2
1002.3,0.35,3.6,1.6,4.4,25.76,260,2
1002.3,0.35,3.6,1.6,4.4,11.27,160,0
1002.3,0.35,3.6,1.6,4.4,14.01,170,0
1002.3,0.35,3.6,1.6,4.4,4.65,16,0
1002.3,0.35,3.6,1.6,4.4,11.27,180,0
1002.3,0.35,3.6,1.6,4.4,3.96,263,0
1002.3,0.35,3.6,1.6,4.4,9.84,78,0
1002.3,0.35,3.6,1.6,4.4,28.77,301,2
1002.3,0.35,3.6,1.6,4.4,16.16,202,2
1002.3,0.36,3.4,1.7,5.6,21.88,170,2
1002.3,0.36,3.4,1.7,5.6,20.11,349,2
1002.3,0.36,3.4,1.7,5.6,10.96,184,0
1002.3,0.36,3.4,1.7,5.6,14.31,191,0
1002.3,0.36,3.4,1.7,5.6,17.71,240,2
1002.3,0.36,3.4,1.7,5.6,33.81,150,2
1002.3,0.36,3.4,1.7,5.6,25.76,310,2
1002.3,0.36,3.4,1.7,5.6,25.76,260,2
1002.3,0.36,3.4,1.7,5.6,25.76,260,2
1002.3,0.36,3.4,1.7,5.6,11.27,160,0
1002.3,0.36,3.4,1.7,5.6,14.01,170,0
1002.3,0.36,3.4,1.7,5.6,4.65,16,0
1002.3,0.36,3.4,1.7,5.6,11.27,180,0
1002.3,0.36,3.4,1.7,5.6,3.96,263,0
1002.3,0.36,3.4,1.7,5.6,9.84,78,0
1002.3,0.36,3.4,1.7,5.6,28.77,301,2
1002.3,0.36,3.4,1.7,5.6,16.16,202,2
1002.3,0.82,13.5,11.8,15.3,21.88,170,2
1002.3,0.82,13.5,11.8,15.3,20.11,349,2
1002.3,0.82,13.5,11.8,15.3,10.96,184,0
1002.3,0.82,13.5,11.8,15.3,14.31,191,0
1002.3,0.82,13.5,11.8,15.3,17.71,240,2
1002.3,0.82,13.5,11.8,15.3,33.81,150,2
1002.3,0.82,13.5,11.8,15.3,25.76,310,2
1002.3,0.82,13.5,11.8,15.3,25.76,260,2
1002.3,0.82,13.5,11.8,15.3,25.76,260,2
1002.3,0.82,13.5,11.8,15.3,11.27,160,0
1002.3,0.82,13.5,11.8,15.3,14.01,170,0
1002.3,0.82,13.5,11.8,15.3,4.65,16,0
1002.3,0.82,13.5,11.8,15.3,11.27,180,0
1002.3,0.82,13.5,11.8,15.3,3.96,263,0
1002.3,0.82,13.5,11.8,15.3,9.84,78,0
1002.3,0.82,13.5,11.8,15.3,28.77,301,2
1002.3,0.82,13.5,11.8,15.3,16.16,202,2
1002.3,0.22,5.3,1.2,9.4,21.88,170,2
1002.3,0.22,5.3,1.2,9.4,20.11,349,2
1002.3,0.22,5.3,1.2,9.4,10.96,184,0
1002.3,0.22,5.3,1.2,9.4,14.31,191,0
1002.3,0.22,5.3,1.2,9.4,17.71,240,2
1002.3,0.22,5.3,1.2,9.4,33.81,150,2
1002.3,0.22,5.3,1.2,9.4,25.76,310,2
1002.3,0.22,5.3,1.2,9.4,25.76,260,2
1002.3,0.22,5.3,1.2,9.4,25.76,260,2
1002.3,0.22,5.3,1.2,9.4,11.27,160,0
1002.3,0.22,5.3,1.2,9.4,14.01,170,0
1002.3,0.22,5.3,1.2,9.4,4.65,16,0
1002.3,0.22,5.3,1.2,9.4,11.27,180,0
1002.3,0.22,5.3,1.2,9.4,3.96,263,0
1002.3,0.22,5.3,1.2,9.4,9.84,78,0
1002.3,0.22,5.3,1.2,9.4,28.77,301,2
1002.3,0.22,5.3,1.2,9.4,16.16,202,2
1002.3,0.72,15.6,13.7,18.0,21.88,170,2
1002.3,0.72,15.6,13.7,18.0,20.11,349,2
1002.3,0.72,15.6,13.7,18.0,10.96,184,0
1002.3,0.72,15.6,13.7,18.0,14.31,191,0
1002.3,0.72,15.6,13.7,18.0,17.71,240,2
1002.3,0.72,15.6,13.7,18.0,33.81,150,2
1002.3,0.72,15.6,13.7,18.0,25.76,310,2
1002.3,0.72,15.6,13.7,18.0,25.76,260,2
1002.3,0.72,15.6,13.7,18.0,25.76,260,2
1002.3,0.72,15.6,13.7,18.0,11.27,160,0
1002.3,0.72,15.6,13.7,18.0,14.01,170,0
1002.3,0.72,15.6,13.7,18.0,4.65,16,0
1002.3,0.72,15.6,13.7,18.0,11.27,180,0
1002.3,0.72,15.6,13.7,18.0,3.96,263,0
1002.3,0.72,15.6,13.7,18.0,9.84,78,0
1002.3,0.72,15.6,13.7,18.0,28.77,301,2
1002.3,0.72,15.6,13.7,18.0,16.16,202,2
1002.4,2.03,13.0,7.3,20.6,20.01,172,3
1002.4,2.03,13.0,7.3,20.6,22.83,299,3
1002.4,2.03,13.0,7.3,20.6,12.8,109,1
1002.4,2.03,13.0,7.3,20.6,17.05,159,3
1002.4,2.03,13.0,7.3,20.6,8.36,207,1
1002.4,2.03,13.0,7.3,20.6,11.27,170,1
1002.4,2.03,13.0,7.3,20.6,4.83,260,1
1002.4,2.03,13.0,7.3,20.6,28.98,150,3
1002.4,2.03,13.0,7.3,20.6,16.87,141,3
1002.4,2.03,13.0,7.3,20.6,9.39,160,1
1002.4,2.03,13.0,7.3,20.6,14.88,163,1
1002.4,2.03,13.0,7.3,20.6,11.27,0,1
1002.4,2.03,13.0,7.3,20.6,37.03,300,3
1002.4,2.03,13.0,7.3,20.6,13.8,123,1
1002.4,2.03,13.0,7.3,20.6,31.06,320,3
1002.4,2.03,13.0,7.3,20.6,15.47,24,3
1002.4,2.03,13.0,7.3,20.6,10.92,121,1
1002.4,0.98,3.3,-2.7,8.8,20.01,172,3
1002.4,0.98,3.3,-2.7,8.8,22.83,299,3
1002.4,0.98,3.3,-2.7,8.8,12.8,109,1
1002.4,0.98,3.3,-2.7,8.8,17.05,159,3
1002.4,0.98,3.3,-2.7,8.8,8.36,207,1
1002.4,0.98,3.3,-2.7,8.8,11.27,170,1
1002.4,0.98,3.3,-2.7,8.8,4.83,260,1
1002.4,0.98,3.3,-2.7,8.8,28.98,150,3
1002.4,0.98,3.3,-2.7,8.8,16.87,141,3
1002.4,0.98,3.3,-2.7,8.8,9.39,160,1
1002.4,0.98,3.3,-2.7,8.8,14.88,163,1
1002.4,0.98,3.3,-2.7,8.8,11.27,0,1
1002.4,0.98,3.3,-2.7,8.8,37.03,300,3
1002.4,0.98,3.3,-2.7,8.8,13.8,123,1
1002.4,0.98,3.3,-2.7,8.8,31.06,320,3
1002.4,0.98,3.3,-2.7,8.8,15.47,24,3
1002.4,0.98,3.3,-2.7,8.8,10.92,121,1
1002.4,0.6,15.9,12.3,19.5,20.01,172,3
1002.4,0.6,15.9,12.3,19.5,22.83,299,3
1002.4,0.6,15.9,12.3,19.5,12.8,109,1
1002.4,0.6,15.9,12.3,19.5,17.05,159,3
1002.4,0.6,15.9,12.3,19.5,8.36,207,1
1002.4,0.6,15.9,12.3,19.5,11.27,170,1
1002.4,0.6,15.9,12.3,19.5,4.83,260,1
1002.4,0.6,15.9,12.3,19.5,28.98,150,3
1002.4,0.6,15.9,12.3,19.5,16.87,141,3
1002.4,0.6,15.9,12.3,19.5,9.39,160,1
1002.4,0.6,15.9,12.3,19.5,14.88,163,1
1002.4,0.6,15.9,12.3,19.5,11.27,0,1
1002.4,0.6,15.9,12.3,19.5,37.03,300,3
1002.4,0.6,15.9,12.3,19.5,13.8,123,1
1002.4,0.6,15.9,12.3,19.5,31.06,320,3
1002.4,0.6,15.9,12.3,19.5,15.47,24,3
1002.4,0.6,15.9,12.3,19.5,10.92,121,1
1002.4,0.4,11.0,8.0,15.8,20.01,172,3
1002.4,0.4,11.0,8.0,15.8,22.83,299,3
1002.4,0.4,11.0,8.0,15.8,12.8,109,1
1002.4,0.4,11.0,8.0,15.8,17.05,159,3
1002.4,0.4,11.0,8.0,15.8,8.36,207,1
1002.4,0.4,11.0,8.0,15.8,11.27,170,1
1002.4,0.4,11.0,8.0,15.8,4.83,260,1
1002.4,0.4,11.0,8.0,15.8,28.98,150,3
1002.4,0.4,11.0,8.0,15.8,16.87,141,3
1002.4,0.4,11.0,8.0,15.8,9.39,160,1
1002.4,0.4,11.0,8.0,15.8,14.88,163,1
1002.4,0.4,11.0,8.0,15.8,11.27,0,1
1002.4,0.4,11.0,8.0,15.8,37.03,300,3
1002.4,0.4,11.0,8.0,15.8,13.8,123,1
1002.4,0.4,11.0,8.0,15.8,31.06,320,3
1002.4,0.4,11.0,8.0,15.8,15.47,24,3
1002.4,0.4,11.0,8.0,15.8,10.92,121,1
1002.4,1.21,7.4,2.8,10.3,20.01,172,2
1002.4,1.21,7.4,2.8,10.3,22.83,299,2
1002.4,1.21,7.4,2.8,10.3,12.8,109,0
1002.4,1.21,7.4,2.8,10.3,17.05,159,2
1002.4,1.21,7.4,2.8,10.3,8.36,207,0
1002.4,1.21,7.4,2.8,10.3,11.27,170,0
1002.4,1.21,7.4,2.8,10.3,4.83,260,0
1002.4,1.21,7.4,2.8,10.3,28.98,150,2
1002.4,1.21,7.4,2.8,10.3,16.87,141,2
1002.4,1.21,7.4,2.8,10.3,9.39,160,0
1002.4,1.21,7.4,2.8,10.3,14.88,163,0
1002.4,1.21,7.4,2.8,10.3,11.27,0,0
1002.4,1.21,7.4,2.8,10.3,37.03,300,2
1002.4,1.21,7.4,2.8,10.3,13.8,123,0
1002.4,1.21,7.4,2.8,10.3,31.06,320,2
1002.4,1.21,7.4,2.8,10.3,15.47,24,2
1002.4,1.21,7.4,2.8,10.3,10.92,121,0
1002.4,0.4,10.0,6.2,12.7,20.01,172,2
1002.4,0.4,10.0,6.2,12.7,22.83,299,2
1002.4,0.4,10.0,6.2,12.7,12.8,109,0
1002.4,0.4,10.0,6.2,12.7,17.05,159,2
1002.4,0.4,10.0,6.2,12.7,8.36,207,0
1002.4,0.4,10.0,6.2,12.7,11.27,170,0
1002.4,0.4,10.0,6.2,12.7,4.83,260,0
1002.4,0.4,10.0,6.2,12.7,28.98,150,2
1002.4,0.4,10.0,6.2,12.7,16.87,141,2
1002.4,0.4,10.0,6.2,12.7,9.39,160,0
1002.4,0.4,10.0,6.2,12.7,14.88,163,0
1002.4,0.4,10.0,6.2,12.7,11.27,0,0
1002.4,0.4,10.0,6.2,12.7,37.03,300,2
1002.4,0.4,10.0,6.2,12.7,13.8,123,0
1002.4,0.4,10.0,6.2,12.7,31.06,320,2
1002.4,0.4,10.0,6.2,12.7,15.47,24,2
1002.4,0.4,10.0,6.2,12.7,10.92,121,0
1002.4,0.18,12.1,10.0,12.2,20.01,172,2
1002.4,0.18,12.1,10.0,12.2,22.83,299,2
1002.4,0.18,12.1,10.0,12.2,12.8,109,0
1002.4,0.18,12.1,10.0,12.2,17.05,159,2
1002.4,0.18,12.1,10.0,12.2,8.36,207,0
1002.4,0.18,12.1,10.0,12.2,11.27,170,0
1002.4,0.18,12.1,10.0,12.2,4.83,260,0
1002.4,0.18,12.1,10.0,12.2,28.98,150,2
1002.4,0.18,12.1,10.0,12.2,16.87,141,2
1002.4,0.18,12.1,10.0,12.2,9.39,160,0
1002.4,0.18,12.1,10.0,12.2,14.88,163,0
1002.4,0.18,12.1,10.0,12.2,11.27,0,0
1002.4,0.18,12.1,10.0,12.2,37.03,300,2
1002.4,0.18,12.1,10.0,12.2,13.8,123,0
1002.4,0.18,12.1,10.0,12.2,31.06,320,2
1002.4,0.18,12.1,10.0,12.2,15.47,24,2
1002.4,0.18,12.1,10.0,12.2,10.92,121,0
1002.4,1.41,16.8,13.9,22.1,20.01,172,2
1002.4,1.41,16.8,13.9,22.1,22.83,299,2
1002.4,1.41,16.8,13.9,22.1,12.8,109,0
1002.4,1.41,16.8,13.9,22.1,17.05,159,2
1002.4,1.41,16.8,13.9,22.1,8.36,207,0
1002.4,1.41,16.8,13.9,22.1,11.27,170,0
1002.4,1.41,16.8,13.9,22.1,4.83,260,0
1002.4,1.41,16.8,13.9,22.1,28.98,150,2
1002.4,1.41,16.8,13.9,22.1,16.87,141,2
1002.4,1.41,16.8,13.9,22.1,9.39,160,0
1002.4,1.41,16.8,13.9,22.1,14.88,163,0
1002.4,1.41,16.8,13.9,22.1,11.27,0,0
1002.4,1.41,16.8,13.9,22.1,37.03,300,2
1002.4,1.41,16.8,13.9,22.1,13.8,123,0
1002.4,1.41,16.8,13.9,22.1,31.06,320,2
1002.4,1.41,16.8,13.9,22.1,15.47,24,2
1002.4,1.41,16.8,13.9,22.1,10.92,121,0
1002.4,0.21,5.9,2.2,8.3,20.01,172,2
1002.4,0.21,5.9,2.2,8.3,22.83,299,2
1002.4,0.21,5.9,2.2,8.3,12.8,109,0
1002.4,0.21,5.9,2.2,8.3,17.05,159,2
1002.4,0.21,5.9,2.2,8.3,8.36,207,0
1002.4,0.21,5.9,2.2,8.3,11.27,170,0
1002.4,0.21,5.9,2.2,8.3,4.83,260,0
1002.4,0.21,5.9,2.2,8.3,28.98,150,2
1002.4,0.21,5.9,2.2,8.3,16.87,141,2
1002.4,0.21,5.9,2.2,8.3,9.39,160,0
1002.4,0.21,5.9,2.2,8.3,14.88,163,0
1002.4,0.21,5.9,2.2,8.3,11.27,0,0
1002.4,0.21,5.9,2.2,8.3,37.03,300,2
1002.4,0.21,5.9,2.2,8.3,13.8,123,0
1002.4,0.21,5.9,2.2,8.3,31.06,320,2
1002.4,0.21,5.9,2.2,8.3,15.47,24,2
1002.4,0.21,5.9,2.2,8.3,10.92,121,0
1002.4,0.63,11.0,8.9,14.4,20.01,172,2
1002.4,0.63,11.0,8.9,14.4,22.83,299,2
1002.4,0.63,11.0,8.9,14.4,12.8,109,0
1002.4,0.63,11.0,8.9,14.4,17.05,159,2
1002.4,0.63,11.0,8.9,14.4,8.36,207,0
1002.4,0.63,11.0,8.9,14.4,11.27,170,0
1002.4,0.63,11.0,8.9,14.4,4.83,260,0
1002.4,0.63,11.0,8.9,14.4,28.98,150,2
1002.4,0.63,11.0,8.9,14.4,16.87,141,2
1002.4,0.63,11.0,8.9,14.4,9.39,160,0
1002.4,0.63,11.0,8.9,14.4,14.88,163,0
1002.4,0.63,11.0,8.9,14.4,11.27,0,0
1002.4,0.63,11.0,8.9,14.4,37.03,300,2
1002.4,0.63,11.0,8.9,14.4,13.8,123,0
1002.4,0.63,11.0,8.9,14.4,31.06,320,2
1002.4,0.63,11.0,8.9,14.4,15.47,24,2
1002.4,0.63,11.0,8.9,14.4,10.92,121,0
1002.4,0.7,4.6,1.1,7.2,20.01,172,2
1002.4,0.7,4.6,1.1,7.2,22.83,299,2
1002.4,0.7,4.6,1.1,7.2,12.8,109,0
1002.4,0.7,4.6,1.1,7.2,17.05,159,2
1002.4,0.7,4.6,1.1,7.2,8.36,207,0
1002.4,0.7,4.6,1.1,7.2,11.27,170,0
1002.4,0.7,4.6,1.1,7.2,4.83,260,0
1002.4,0.7,4.6,1.1,7.2,28.98,150,2
1002.4,0.7,4.6,1.1,7.2,16.87,141,2
1002.4,0.7,4.6,1.1,7.2,9.39,160,0
1002.4,0.7,4.6,1.1,7.2,14.88,163,0
1002.4,0.7,4.6,1.1,7.2,11.27,0,0
1002.4,0.7,4.6,1.1,7.2,37.03,300,2
1002.4,0.7,4.6,1.1,7.2,13.8,123,0
1002.4,0.7,4.6,1.1,7.2,31.06,320,2
1002.4,0.7,4.6,1.1,7.2,15.47,24,2
1002.4,0.7,4.6,1.1,7.2,10.92,121,0
1002.4,0.36,7.4,5.8,8.9,20.01,172,2
1002.4,0.36,7.4,5.8,8.9,22.83,299,2
1002.4,0.36,7.4,5.8,8.9,12.8,109,0
1002.4,0.36,7.4,5.8,8.9,17.05,159,2
1002.4,0.36,7.4,5.8,8.9,8.36,207,0
1002.4,0.36,7.4,5.8,8.9,11.27,170,0
1002.4,0.36,7.4,5.8,8.9,4.83,260,0
1002.4,0.36,7.4,5.8,8.9,28.98,150,2
1002.4,0.36,7.4,5.8,8.9,16.87,141,2
1002.4,0.36,7.4,5.8,8.9,9.39,160,0
1002.4,0.36,7.4,5.8,8.9,14.88,163,0
1002.4,0.36,7.4,5.8,8.9,11.27,0,0
1002.4,0.36,7.4,5.8,8.9,37.03,300,2
1002.4,0.36,7.4,5.8,8.9,13.8,123,0
1002.4,0.36,7.4,5.8,8.9,31.06,320,2
1002.4,0.36,7.4,5.8,8.9,15.47,24,2
1002.4,0.36,7.4,5.8,8.9,10.92,121,0
1002.4,0.39,1.4,-2.8,4.1,20.01,172,2
1002.4,0.39,1.4,-2.8,4.1,22.83,299,2
1002.4,0.39,1.4,-2.8,4.1,12.8,109,0
1002.4,0.39,1.4,-2.8,4.1,17.05,159,2
1002.4,0.39,1.4,-2.8,4.1,8.36,207,0
1002.4,0.39,1.4,-2.8,4.1,11.27,170,0
1002.4,0.39,1.4,-2.8,4.1,4.83,260,0
1002.4,0.39,1.4,-2.8,4.1,28.98,150,2
1002.4,0.39,1.4,-2.8,4.1,16.87,141,2
1002.4,0.39,1.4,-2.8,4.1,9.39,160,0
1002.4,0.39,1.4,-2.8,4.1,14.88,163,0
1002.4,0.39,1.4,-2.8,4.1,11.27,0,0
1002.4,0.39,1.4,-2.8,4.1,37.03,300,2
1002.4,0.39,1.4,-2.8,4.1,13.8,123,0
1002.4,0.39,1.4,-2.8,4.1,31.06,320,2
1002.4,0.39,1.4,-2.8,4.1,15.47,24,2
1002.4,0.39,1.4,-2.8,4.1,10.92,121,0
1002.4,0.36,10.3,7.0,12.2,20.01,172,2
1002.4,0.36,10.3,7.0,12.2,22.83,299,2
1002.4,0.36,10.3,7.0,12.2,12.8,109,0
1002.4,0.36,10.3,7.0,12.2,17.05,159,2
1002.4,0.36,10.3,7.0,12.2,8.36,207,0
1002.4,0.36,10.3,7.0,12.2,11.27,170,0
1002.4,0.36,10.3,7.0,12.2,4.83,260,0
1002.4,0.36,10.3,7.0,12.2,28.98,150,2
1002.4,0.36,10.3,7.0,12.2,16.87,141,2
1002.4,0.36,10.3,7.0,12.2,9.39,160,0
1002.4,0.36,10.3,7.0,12.2,14.88,163,0
1002.4,0.36,10.3,7.0,12.2,11.27,0,0
1002.4,0.36,10.3,7.0,12.2,37.03,300,2
1002.4,0.36,10.3,7.0,12.2,13.8,123,0
1002.4,0.36,10.3,7.0,12.2,31.06,320,2
1002.4,0.36,10.3,7.0,12.2,15.47,24,2
1002.4,0.36,10.3,7.0,12.2,10.92,121,0
1002.4,0.99,18.4,13.9,21.6,20.01,172,2
1002.4,0.99,18.4,13.9,21.6,22.83,299,2
1002.4,0.99,18.4,13.9,21.6,12.8,109,0
1002.4,0.99,18.4,13.9,21.6,17.05,159,2
1002.4,0.99,18.4,13.9,21.6,8.36,207,0
1002.4,0.99,18.4,13.9,21.6,11.27,170,0
1002.4,0.99,18.4,13.9,21.6,4.83,260,0
1002.4,0.99,18.4,13.9,21.6,28.98,150,2
1002.4,0.99,18.4,13.9,21.6,16.87,141,2
1002.4,0.99,18.4,13.9,21.6,9.39,160,0
1002.4,0.99,18.4,13.9,21.6,14.88,163,0
1002.4,0.99,18.4,13.9,21.6,11.27,0,0
1002.4,0.99,18.4,13.9,21.6,37.03,300,2
1002.4,0.99,18.4,13.9,21.6,13.8,123,0
1002.4,0.99,18.4,13.9,21.6,31.06,320,2
1002.4,0.99,18.4,13.9,21.6,15.47,24,2
1002.4,0.99,18.4,13.9,21.6,10.92,121,0
1002.4,0.24,8.0,6.0,9.8,20.01,172,2
1002.4,0.24,8.0,6.0,9.8,22.83,299,2
1002.4,0.24,8.0,6.0,9.8,12.8,109,0
1002.4,0.24,8.0,6.0,9.8,17.05,159,2
1002.4,0.24,8.0,6.0,9.8,8.36,207,0
1002.4,0.24,8.0,6.0,9.8,11.27,170,0
1002.4,0.24,8.0,6.0,9.8,4.83,260,0
1002.4,0.24,8.0,6.0,9.8,28.98,150,2
1002.4,0.24,8.0,6.0,9.8,16.87,141,2
1002.4,0.24,8.0,6.0,9.8,9.39,160,0
1002.4,0.24,8.0,6.0,9.8,14.88,163,0
1002.4,0.24,8.0,6.0,9.8,11.27,0,0
1002.4,0.24,8.0,6.0,9.8,37.03,300,2
1002.4,0.24,8.0,6.0,9.8,13.8,123,0
1002.4,0.24,8.0,6.0,9.8,31.06,320,2
1002.4,0.24,8.0,6.0,9.8,15.47,24,2
1002.4,0.24,8.0,6.0,9.8,10.92,121,0
1002.4,0.12,6.0,4.9,7.5,20.01,172,2
1002.4,0.12,6.0,4.9,7.5,22.83,299,2
1002.4,0.12,6.0,4.9,7.5,12.8,109,0
1002.4,0.12,6.0,4.9,7.5,17.05,159,2
1002.4,0.12,6.0,4.9,7.5,8.36,207,0
1002.4,0.12,6.0,4.9,7.5,11.27,170,0
1002.4,0.12,6.0,4.9,7.5,4.83,260,0
1002.4,0.12,6.0,4.9,7.5,28.98,150,2
1002.4,0.12,6.0,4.9,7.5,16.87,141,2
1002.4,0.12,6.0,4.9,7.5,9.39,160,0
1002.4,0.12,6.0,4.9,7.5,14.88,163,0
1002.4,0.12,6.0,4.9,7.5,11.27,0,0
1002.4,0.12,6.0,4.9,7.5,37.03,300,2
1002.4,0.12,6.0,4.9,7.5,13.8,123,0
1002.4,0.12,6.0,4.9,7.5,31.06,320,2
1002.4,0.12,6.0,4.9,7.5,15.47,24,2
1002.4,0.12,6.0,4.9,7.5,10.92,121,0
1002.4,0.32,0.1,-4.8,2.1,20.01,172,2
1002.4,0.32,0.1,-4.8,2.1,22.83,299,2
1002.4,0.32,0.1,-4.8,2.1,12.8,109,0
1002.4,0.32,0.1,-4.8,2.1,17.05,159,2
1002.4,0.32,0.1,-4.8,2.1,8.36,207,0
1002.4,0.32,0.1,-4.8,2.1,11.27,170,0
1002.4,0.32,0.1,-4.8,2.1,4.83,260,0
1002.4,0.32,0.1,-4.8,2.1,28.98,150,2
1002.4,0.32,0.1,-4.8,2.1,16.87,141,2
1002.4,0.32,0.1,-4.8,2.1,9.39,160,0
1002.4,0.32,0.1,-4.8,2.1,14.88,163,0
1002.4,0.32,0.1,-4.8,2.1,11.27,0,0
1002.4,0.32,0.1,-4.8,2.1,37.03,300,2
1002.4,0.32,0.1,-4.8,2.1,13.8,123,0
1002.4,0.32,0.1,-4.8,2.1,31.06,320,2
1002.4,0.32,0.1,-4.8,2.1,15.47,24,2
1002.4,0.32,0.1,-4.8,2.1,10.92,121,0
1002.4,2.03,12.2,7.4,12.7,20.01,172,2
1002.4,2.03,12.2,7.4,12.7,22.83,299,2
1002.4,2.03,12.2,7.4,12.7,12.8,109,0
1002.4,2.03,12.2,7.4,12.7,17.05,159,2
1002.4,2.03,12.2,7.4,12.7,8.36,207,0
1002.4,2.03,12.2,7.4,12.7,11.27,170,0
1002.4,2.03,12.2,7.4,12.7,4.83,260,0
1002.4,2.03,12.2,7.4,12.7,28.98,150,2
1002.4,2.03,12.2,7.4,12.7,16.87,141,2
1002.4,2.03,12.2,7.4,12.7,9.39,160,0
1002.4,2.03,12.2,7.4,12.7,14.88,163,0
1002.4,2.03,12.2,7.4,12.7,11.27,0,0
1002.4,2.03,12.2,7.4,12.7,37.03,300,2
1002.4,2.03,12.2,7.4,12.7,13.8,123,0
1002.4,2.03,12.2,7.4,12.7,31.06,320,2
1002.4,2.03,12.2,7.4,12.7,15.47,24,2
1002.4,2.03,12.2,7.4,12.7,10.92,121,0
1002.4,1.29,11.0,7.8,15.3,20.01,172,2
1002.4,1.29,11.0,7.8,15.3,22.83,299,2
1002.4,1.29,11.0,7.8,15.3,12.8,109,0
1002.4,1.29,11.0,7.8,15.3,17.05,159,2
1002.4,1.29,11.0,7.8,15.3,8.36,207,0
1002.4,1.29,11.0,7.8,15.3,11.27,170,0
1002.4,1.29,11.0,7.8,15.3,4.83,260,0
1002.4,1.29,11.0,7.8,15.3,28.98,150,2
1002.4,1.29,11.0,7.8,15.3,16.87,141,2
1002.4,1.29,11.0,7.8,15.3,9.39,160,0
1002.4,1.29,11.0,7.8,15.3,14.88,163,0
1002.4,1.29,11.0,7.8,15.3,11.27,0,0
1002.4,1.29,11.0,7.8,15.3,37.03,300,2
1002.4,1.29,11.0,7.8,15.3,13.8,123,0
1002.4,1.29,11.0,7.8,15.3,31.06,320,2
1002.4,1.29,11.0,7.8,15.3,15.47,24,2
1002.4,1.29,11.0,7.8,15.3,10.92,121,0
1002.4,0.43,11.3,5.7,13.7,20.01,172,2
1002.4,0.43,11.3,5.7,13.7,22.83,299,2
1002.4,0.43,11.3,5.7,13.7,12.8,109,0
1002.4,0.43,11.3,5.7,13.7,17.05,159,2
1002.4,0.43,11.3,5.7,13.7,8.36,207,0
1002.4,0.43,11.3,5.7,13.7,11.27,170,0
1002.4,0.43,11.3,5.7,13.7,4.83,260,0
1002.4,0.43,11.3,5.7,13.7,28.98,150,2
1002.4,0.43,11.3,5.7,13.7,16.87,141,2
1002.4,0.43,11.3,5.7,13.7,9.39,160,0
1002.4,0.43,11.3,5.7,13.7,14.88,163,0
1002.4,0.43,11.3,5.7,13.7,11.27,0,0
1002.4,0.43,11.3,5.7,13.7,37.03,300,2
1002.4,0.43,11.3,5.7,13.7,13.8,123,0
1002.4,0.43,11.3,5.7,13.7,31.06,320,2
1002.4,0.43,11.3,5.7,13.7,15.47,24,2
1002.4,0.43,11.3,5.7,13.7,10.92,121,0
1002.4,1.01,20.4,17.3,24.1,20.01,172,2
1002.4,1.01,20.4,17.3,24.1,22.83,299,2
1002.4,1.01,20.4,17.3,24.1,12.8,109,0
1002.4,1.01,20.4,17.3,24.1,17.05,159,2
1002.4,1.01,20.4,17.3,24.1,8.36,207,0
1002.4,1.01,20.4,17.3,24.1,11.27,170,0
1002.4,1.01,20.4,17.3,24.1,4.83,260,0
1002.4,1.01,20.4,17.3,24.1,28.98,150,2
1002.4,1.01,20.4,17.3,24.1,16.87,141,2
1002.4,1.01,20.4,17.3,24.1,9.39,160,0
1002.4,1.01,20.4,17.3,24.1,14.88,163,0
1002.4,1.01,20.4,17.3,24.1,11.27,0,0
1002.4,1.01,20.4,17.3,24.1,37.03,300,2
1002.4,1.01,20.4,17.3,24.1,13.8,123,0
1002.4,1.01,20.4,17.3,24.1,31.06,320,2
1002.4,1.01,20.4,17.3,24.1,15.47,24,2
1002.4,1.01,20.4,17.3,24.1,10.92,121,0
1002.4,2.08,12.3,9.0,15.6,20.01,172,2
1002.4,2.08,12.3,9.0,15.6,22.83,299,2
1002.4,2.08,12.3,9.0,15.6,12.8,109,0
1002.4,2.08,12.3,9.0,15.6,17.05,159,2
1002.4,2.08,12.3,9.0,15.6,8.36,207,0
1002.4,2.08,12.3,9.0,15.6,11.27,170,0
1002.4,2.08,12.3,9.0,15.6,4.83,260,0
1002.4,2.08,12.3,9.0,15.6,28.98,150,2
1002.4,2.08,12.3,9.0,15.6,16.87,141,2
1002.4,2.08,12.3,9.0,15.6,9.39,160,0
1002.4,2.08,12.3,9.0,15.6,14.88,163,0
1002.4,2.08,12.3,9.0,15.6,11.27,0,0
1002.4,2.08,12.3,9.0,15.6,37.03,300,2
1002.4,2.08,12.3,9.0,15.6,13.8,123,0
1002.4,2.08,12.3,9.0,15.6,31.06,320,2
1002.4,2.08,12.3,9.0,15.6,15.47,24,2
1002.4,2.08,12.3,9.0,15.6,10.92,121,0
1002.4,0.08,3.3,1.7,4.8,20.01,172,2
1002.4,0.08,3.3,1.7,4.8,22.83,299,2
1002.4,0.08,3.3,1.7,4.8,12.8,109,0
1002.4,0.08,3.3,1.7,4.8,17.05,159,2
1002.4,0.08,3.3,1.7,4.8,8.36,207,0
1002.4,0.08,3.3,1.7,4.8,11.27,170,0
1002.4,0.08,3.3,1.7,4.8,4.83,260,0
1002.4,0.08,3.3,1.7,4.8,28.98,150,2
1002.4,0.08,3.3,1.7,4.8,16.87,141,2
1002.4,0.08,3.3,1.7,4.8,9.39,160,0
1002.4,0.08,3.3,1.7,4.8,14.88,163,0
1002.4,0.08,3.3,1.7,4.8,11.27,0,0
1002.4,0.08,3.3,1.7,4.8,37.03,300,2
1002.4,0.08,3.3,1.7,4.8,13.8,123,0
1002.4,0.08,3.3,1.7,4.8,31.06,320,2
1002.4,0.08,3.3,1.7,4.8,15.47,24,2
1002.4,0.08,3.3,1.7,4.8,10.92,121,0
1002.4,0.64,4.5,-0.3,8.8,20.01,172,2
1002.4,0.64,4.5,-0.3,8.8,22.83,299,2
1002.4,0.64,4.5,-0.3,8.8,12.8,109,0
1002.4,0.64,4.5,-0.3,8.8,17.05,159,2
1002.4,0.64,4.5,-0.3,8.8,8.36,207,0
1002.4,0.64,4.5,-0.3,8.8,11.27,170,0
1002.4,0.64,4.5,-0.3,8.8,4.83,260,0
1002.4,0.64,4.5,-0.3,8.8,28.98,150,2
1002.4,0.64,4.5,-0.3,8.8,16.87,141,2
1002.4,0.64,4.5,-0.3,8.8,9.39,160,0
1002.4,0.64,4.5,-0.3,8.8,14.88,163,0
1002.4,0.64,4.5,-0.3,8.8,11.27,0,0
1002.4,0.64,4.5,-0.3,8.8,37.03,300,2
1002.4,0.64,4.5,-0.3,8.8,13.8,123,0
1002.4,0.64,4.5,-0.3,8.8,31.06,320,2
1002.4,0.64,4.5,-0.3,8.8,15.47,24,2
1002.4,0.64,4.5,-0.3,8.8,10.92,121,0
1002.4,0.22,5.3,1.5,10.9,20.01,172,2
1002.4,0.22,5.3,1.5,10.9,22.83,299,2
1002.4,0.22,5.3,1.5,10.9,12.8,109,0
1002.4,0.22,5.3,1.5,10.9,17.05,159,2
1002.4,0.22,5.3,1.5,10.9,8.36,207,0
1002.4,0.22,5.3,1.5,10.9,11.27,170,0
1002.4,0.22,5.3,1.5,10.9,4.83,260,0
1002.4,0.22,5.3,1.5,10.9,28.98,150,2
1002.4,0.22,5.3,1.5,10.9,16.87,141,2
1002.4,0.22,5.3,1.5,10.9,9.39,160,0
1002.4,0.22,5.3,1.5,10.9,14.88,163,0
1002.4,0.22,5.3,1.5,10.9,11.27,0,0
1002.4,0.22,5.3,1.5,10.9,37.03,300,2
1002.4,0.22,5.3,1.5,10.9,13.8,123,0
1002.4,0.22,5.3,1.5,10.9,31.06,320,2
1002.4,0.22,5.3,1.5,10.9,15.47,24,2
1002.4,0.22,5.3,1.5,10.9,10.92,121,0
1002.4,0.24,2.9,2.1,4.2,20.01,172,2
1002.4,0.24,2.9,2.1,4.2,22.83,299,2
1002.4,0.24,2.9,2.1,4.2,12.8,109,0
1002.4,0.24,2.9,2.1,4.2,17.05,159,2
1002.4,0.24,2.9,2.1,4.2,8.36,207,0
1002.4,0.24,2.9,2.1,4.2,11.27,170,0
1002.4,0.24,2.9,2.1,4.2,4.83,260,0
1002.4,0.24,2.9,2.1,4.2,28.98,150,2
1002.4,0.24,2.9,2.1,4.2,16.87,141,2
1002.4,0.24,2.9,2.1,4.2,9.39,160,0
1002.4,0.24,2.9,2.1,4.2,14.88,163,0
1002.4,0.24,2.9,2.1,4.2,11.27,0,0
1002.4,0.24,2.9,2.1,4.2,37.03,300,2
1002.4,0.24,2.9,2.1,4.2,13.8,123,0
1002.4,0.24,2.9,2.1,4.2,31.06,320,2
1002.4,0.24,2.9,2.1,4.2,15.47,24,2
1002.4,0.24,2.9,2.1,4.2,10.92,121,0
1002.4,0.11,10.6,8.0,13.6,20.01,172,2
1002.4,0.11,10.6,8.0,13.6,22.83,299,2
1002.4,0.11,10.6,8.0,13.6,12.8,109,0
1002.4,0.11,10.6,8.0,13.6,17.05,159,2
1002.4,0.11,10.6,8.0,13.6,8.36,207,0
1002.4,0.11,10.6,8.0,13.6,11.27,170,0
1002.4,0.11,10.6,8.0,13.6,4.83,260,0
1002.4,0.11,10.6,8.0,13.6,28.98,150,2
1002.4,0.11,10.6,8.0,13.6,16.87,141,2
1002.4,0.11,10.6,8.0,13.6,9.39,160,0
1002.4,0.11,10.6,8.0,13.6,14.88,163,0
1002.4,0.11,10.6,8.0,13.6,11.27,0,0
1002.4,0.11,10.6,8.0,13.6,37.03,300,2
1002.4,0.11,10.6,8.0,13.6,13.8,123,0
1002.4,0.11,10.6,8.0,13.6,31.06,320,2
1002.4,0.11,10.6,8.0,13.6,15.47,24,2
1002.4,0.11,10.6,8.0,13.6,10.92,121,0
1002.4,0.48,9.8,8.3,11.4,20.01,172,2
1002.4,0.48,9.8,8.3,11.4,22.83,299,2
1002.4,0.48,9.8,8.3,11.4,12.8,109,0
1002.4,0.48,9.8,8.3,11.4,17.05,159,2
1002.4,0.48,9.8,8.3,11.4,8.36,207,0
1002.4,0.48,9.8,8.3,11.4,11.27,170,0
1002.4,0.48,9.8,8.3,11.4,4.83,260,0
1002.4,0.48,9.8,8.3,11.4,28.98,150,2
1002.4,0.48,9.8,8.3,11.4,16.87,141,2
1002.4,0.48,9.8,8.3,11.4,9.39,160,0
1002.4,0.48,9.8,8.3,11.4,14.88,163,0
1002.4,0.48,9.8,8.3,11.4,11.27,0,0
1002.4,0.48,9.8,8.3,11.4,37.03,300,2
1002.4,0.48,9.8,8.3,11.4,13.8,123,0
1002.4,0.48,9.8,8.3,11.4,31.06,320,2
1002.4,0.48,9.8,8.3,11.4,15.47,24,2
1002.4,0.48,9.8,8.3,11.4,10.92,121,0
1002.4,0.22,0.7,-0.9,2.6,20.01,172,2
1002.4,0.22,0.7,-0.9,2.6,22.83,299,2
1002.4,0.22,0.7,-0.9,2.6,12.8,109,0
1002.4,0.22,0.7,-0.9,2.6,17.05,159,2
1002.4,0.22,0.7,-0.9,2.6,8.36,207,0
1002.4,0.22,0.7,-0.9,2.6,11.27,170,0
1002.4,0.22,0.7,-0.9,2.6,4.83,260,0
1002.4,0.22,0.7,-0.9,2.6,28.98,150,2
1002.4,0.22,0.7,-0.9,2.6,16.87,141,2
1002.4,0.22,0.7,-0.9,2.6,9.39,160,0
1002.4,0.22,0.7,-0.9,2.6,14.88,163,0
1002.4,0.22,0.7,-0.9,2.6,11.27,0,0
1002.4,0.22,0.7,-0.9,2.6,37.03,300,2
1002.4,0.22,0.7,-0.9,2.6,13.8,123,0
1002.4,0.22,0.7,-0.9,2.6,31.06,320,2
1002.4,0.22,0.7,-0.9,2.6,15.47,24,2
1002.4,0.22,0.7,-0.9,2.6,10.92,121,0
1002.5,0.24,2.3,0.0,6.3,11.35,232,1
1002.5,0.24,2.3,0.0,6.3,25.21,270,3
1002.5,0.24,2.3,0.0,6.3,11.04,171,1
1002.5,0.24,2.3,0.0,6.3,24.04,109,3
1002.5,0.24,2.3,0.0,6.3,3.35,143,1
1002.5,0.24,2.3,0.0,6.3,16.1,90,3
1002.5,0.24,2.3,0.0,6.3,16.1,70,3
1002.5,0.24,2.3,0.0,6.3,28.98,320,3
1002.5,0.24,2.3,0.0,6.3,12.03,148,1
1002.5,0.24,2.3,0.0,6.3,28.98,320,3
1002.5,0.24,2.3,0.0,6.3,5.91,169,1
1002.5,0.24,2.3,0.0,6.3,7.71,171,1
1002.5,0.24,2.3,0.0,6.3,3.14,175,1
1002.5,0.24,2.3,0.0,6.3,9.27,292,1
1002.5,0.24,2.3,0.0,6.3,19.8,170,3
1002.5,1.07,13.6,10.4,18.6,11.35,232,1
1002.5,1.07,13.6,10.4,18.6,25.21,270,3
1002.5,1.07,13.6,10.4,18.6,11.04,171,1
1002.5,1.07,13.6,10.4,18.6,24.04,109,3
1002.5,1.07,13.6,10.4,18.6,3.35,143,1
1002.5,1.07,13.6,10.4,18.6,16.1,90,3
1002.5,1.07,13.6,10.4,18.6,16.1,70,3
1002.5,1.07,13.6,10.4,18.6,28.98,320,3
1002.5,1.07,13.6,10.4,18.6,12.03,148,1
1002.5,1.07,13.6,10.4,18.6,28.98,320,3
1002.5,1.07,13.6,10.4,18.6,5.91,169,1
1002.5,1.07,13.6,10.4,18.6,7.71,171,1
1002.5,1.07,13.6,10.4,18.6,3.14,175,1
1002.5,1.07,13.6,10.4,18.6,9.27,292,1
1002.5,1.07,13.6,10.4,18.6,19.8,170,3
1002.5,0.39,12.6,10.0,15.1,11.35,232,1
1002.5,0.39,12.6,10.0,15.1,25.21,270,3
1002.5,0.39,12.6,10.0,15.1,11.04,171,1
1002.5,0.39,12.6,10.0,15.1,24.04,109,3
1002.5,0.39,12.6,10.0,15.1,3.35,143,1
1002.5,0.39,12.6,10.0,15.1,16.1,90,3
1002.5,0.39,12.6,10.0,15.1,16.1,70,3
1002.5,0.39,12.6,10.0,15.1,28.98,320,3
1002.5,0.39,12.6,10.0,15.1,12.03,148,1
1002.5,0.39,12.6,10.0,15.1,28.98,320,3
1002.5,0.39,12.6,10.0,15.1,5.91,169,1
1002.5,0.39,12.6,10.0,15.1,7.71,171,1
1002.5,0.39,12.6,10.0,15.1,3.14,175,1
1002.5,0.39,12.6,10.0,15.1,9.27,292,1
1002.5,0.39,12.6,10.0,15.1,19.8,170,3
1002.5,0.16,6.2,1.2,10.6,11.35,232,0
1002.5,0.16,6.2,1.2,10.6,25.21,270,2
1002.5,0.16,6.2,1.2,10.6,11.04,171,0
1002.5,0.16,6.2,1.2,10.6,24.04,109,2
1002.5,0.16,6.2,1.2,10.6,3.35,143,0
1002.5,0.16,6.2,1.2,10.6,16.1,90,2
1002.5,0.16,6.2,1.2,10.6,16.1,70,2
1002.5,0.16,6.2,1.2,10.6,28.98,320,2
1002.5,0.16,6.2,1.2,10.6,12.03,148,0
1002.5,0.16,6.2,1.2,10.6,28.98,320,2
1002.5,0.16,6.2,1.2,10.6,5.91,169,0
1002.5,0.16,6.2,1.2,10.6,7.71,171,0
1002.5,0.16,6.2,1.2,10.6,3.14,175,0
1002.5,0.16,6.2,1.2,10.6,9.27,292,0
1002.5,0.16,6.2,1.2,10.6,19.8,170,2
1002.5,0.41,5.5,3.5,7.7,11.35,232,0
1002.5,0.41,5.5,3.5,7.7,25.21,270,2
1002.5,0.41,5.5,3.5,7.7,11.04,171,0
1002.5,0.41,5.5,3.5,7.7,24.04,109,2
1002.5,0.41,5.5,3.5,7.7,3.35,143,0
1002.5,0.41,5.5,3.5,7.7,16.1,90,2
1002.5,0.41,5.5,3.5,7.7,16.1,70,2
1002.5,0.41,5.5,3.5,7.7,28.98,320,2
1002.5,0.41,5.5,3.5,7.7,12.03,148,0
1002.5,0.41,5.5,3.5,7.7,28.98,320,2
1002.5,0.41,5.5,3.5,7.7,5.91,169,0
1002.5,0.41,5.5,3.5,7.7,7.71,171,0
1002.5,0.41,5.5,3.5,7.7,3.14,175,0
1002.5,0.41,5.5,3.5,7.7,9.27,292,0
1002.5,0.41,5.5,3.5,7.7,19.8,170,2
1002.5,0.88,8.2,2.5,7.7,11.35,232,0
1002.5,0.88,8.2,2.5,7.7,25.21,270,2
1002.5,0.88,8.2,2.5,7.7,11.04,171,0
1002.5,0.88,8.2,2.5,7.7,24.04,109,2
1002.5,0.88,8.2,2.5,7.7,3.35,143,0
1002.5,0.88,8.2,2.5,7.7,16.1,90,2
1002.5,0.88,8.2,2.5,7.7,16.1,70,2
1002.5,0.88,8.2,2.5,7.7,28.98,320,2
1002.5,0.88,8.2,2.5,7.7,12.03,148,0
1002.5,0.88,8.2,2.5,7.7,28.98,320,2
1002.5,0.88,8.2,2.5,7.7,5.91,169,0
1002.5,0.88,8.2,2.5,7.7,7.71,171,0
1002.5,0.88,8.2,2.5,7.7,3.14,175,0
1002.5,0.88,8.2,2.5,7.7,9.27,292,0
1002.5,0.88,8.2,2.5,7.7,19.8,170,2
1002.5,0.87,11.2,7.2,15.3,11.35,232,0
1002.5,0.87,11.2,7.2,15.3,25.21,270,2
1002.5,0.87,11.2,7.2,15.3,11.04,171,0
1002.5,0.87,11.2,7.2,15.3,24.04,109,2
1002.5,0.87,11.2,7.2,15.3,3.35,143,0
1002.5,0.87,11.2,7.2,15.3,16.1,90,2
1002.5,0.87,11.2,7.2,15.3,16.1,70,2
1002.5,0.87,11.2,7.2,15.3,28.98,320,2
1002.5,0.87,11.2,7.2,15.3,12.03,148,0
1002.5,0.87,11.2,7.2,15.3,28.98,320,2
1002.5,0.87,11.2,7.2,15.3,5.91,169,0
1002.5,0.87,11.2,7.2,15.3,7.71,171,0
1002.5,0.87,11.2,7.2,15.3,3.14,175,0
1002.5,0.87,11.2,7.2,15.3,9.27,292,0
1002.5,0.87,11.2,7.2,15.3,19.8,170,2
1002.5,0.17,1.9,-4.9,5.2,11.35,232,0
1002.5,0.17,1.9,-4.9,5.2,25.21,270,2
1002.5,0.17,1.9,-4.9,5.2,11.04,171,0
1002.5,0.17,1.9,-4.9,5.2,24.04,109,2
1002.5,0.17,1.9,-4.9,5.2,3.35,143,0
1002.5,0.17,1.9,-4.9,5.2,16.1,90,2
1002.5,0.17,1.9,-4.9,5.2,16.1,70,2
1002.5,0.17,1.9,-4.9,5.2,28.98,320,2
1002.5,0.17,1.9,-4.9,5.2,12.03,148,0
1002.5,0.17,1.9,-4.9,5.2,28.98,320,2
1002.5,0.17,1.9,-4.9,5.2,5.91,169,0
1002.5,0.17,1.9,-4.9,5.2,7.71,171,0
1002.5,0.17,1.9,-4.9,5.2,3.14,175,0
1002.5,0.17,1.9,-4.9,5.2,9.27,292,0
1002.5,0.17,1.9,-4.9,5.2,19.8,170,2
1002.5,0.48,2.7,-0.5,6.1,11.35,232,0
1002.5,0.48,2.7,-0.5,6.1,25.21,270,2
1002.5,0.48,2.7,-0.5,6.1,11.04,171,0
1002.5,0.48,2.7,-0.5,6.1,24.04,109,2
1002.5,0.48,2.7,-0.5,6.1,3.35,143,0
1002.5,0.48,2.7,-0.5,6.1,16.1,90,2
1002.5,0.48,2.7,-0.5,6.1,16.1,70,2
1002.5,0.48,2.7,-0.5,6.1,28.98,320,2
1002.5,0.48,2.7,-0.5,6.1,12.03,148,0
1002.5,0.48,2.7,-0.5,6.1,28.98,320,2
1002.5,0.48,2.7,-0.5,6.1,5.91,169,0
1002.5,0.48,2.7,-0.5,6.1,7.71,171,0
1002.5,0.48,2.7,-0.5,6.1,3.14,175,0
1002.5,0.48,2.7,-0.5,6.1,9.27,292,0
1002.5,0.48,2.7,-0.5,6.1,19.8,170,2
1002.5,1.22,14.9,11.7,17.7,11.35,232,0
1002.5,1.22,14.9,11.7,17.7,25.21,270,2
1002.5,1.22,14.9,11.7,17.7,11.04,171,0
1002.5,1.22,14.9,11.7,17.7,24.04,109,2
1002.5,1.22,14.9,11.7,17.7,3.35,143,0
1002.5,1.22,14.9,11.7,17.7,16.1,90,2
1002.5,1.22,14.9,11.7,17.7,16.1,70,2
1002.5,1.22,14.9,11.7,17.7,28.98,320,2
1002.5,1.22,14.9,11.7,17.7,12.03,148,0
1002.5,1.22,14.9,11.7,17.7,28.98,320,2
1002.5,1.22,14.9,11.7,17.7,5.91,169,0
1002.5,1.22,14.9,11.7,17.7,7.71,171,0
1002.5,1.22,14.9,11.7,17.7,3.14,175,0
1002.5,1.22,14.9,11.7,17.7,9.27,292,0
1002.5,1.22,14.9,11.7,17.7,19.8,170,2
1002.5,0.14,5.6,3.8,7.2,11.35,232,0
1002.5,0.14,5.6,3.8,7.2,25.21,270,2
1002.5,0.14,5.6,3.8,7.2,11.04,171,0
1002.5,0.14,5.6,3.8,7.2,24.04,109,2
1002.5,0.14,5.6,3.8,7.2,3.35,143,0
1002.5,0.14,5.6,3.8,7.2,16.1,90,2
1002.5,0.14,5.6,3.8,7.2,16.1,70,2
1002.5,0.14,5.6,3.8,7.2,28.98,320,2
1002.5,0.14,5.6,3.8,7.2,12.03,148,0
1002.5,0.14,5.6,3.8,7.2,28.98,320,2
1002.5,0.14,5.6,3.8,7.2,5.91,169,0
1002.5,0.14,5.6,3.8,7.2,7.71,171,0
1002.5,0.14,5.6,3.8,7.2,3.14,175,0
1002.5,0.14,5.6,3.8,7.2,9.27,292,0
1002.5,0.14,5.6,3.8,7.2,19.8,170,2
1002.5,0.43,11.4,8.2,15.8,11.35,232,0
1002.5,0.43,11.4,8.2,15.8,25.21,270,2
1002.5,0.43,11.4,8.2,15.8,11.04,171,0
1002.5,0.43,11.4,8.2,15.8,24.04,109,2
1002.5,0.43,11.4,8.2,15.8,3.35,143,0
1002.5,0.43,11.4,8.2,15.8,16.1,90,2
1002.5,0.43,11.4,8.2,15.8,16.1,70,2
1002.5,0.43,11.4,8.2,15.8,28.98,320,2
1002.5,0.43,11.4,8.2,15.8,12.03,148,0
1002.5,0.43,11.4,8.2,15.8,28.98,320,2
1002.5,0.43,11.4,8.2,15.8,5.91,169,0
1002.5,0.43,11.4,8.2,15.8,7.71,171,0
1002.5,0.43,11.4,8.2,15.8,3.14,175,0
1002.5,0.43,11.4,8.2,15.8,9.27,292,0
1002.5,0.43,11.4,8.2,15.8,19.8,170,2
1002.5,0.14,10.7,5.2,12.1,11.35,232,0
1002.5,0.14,10.7,5.2,12.1,25.21,270,2
1002.5,0.14,10.7,5.2,12.1,11.04,171,0
1002.5,0.14,10.7,5.2,12.1,24.04,109,2
1002.5,0.14,10.7,5.2,12.1,3.35,143,0
1002.5,0.14,10.7,5.2,12.1,16.1,90,2
1002.5,0.14,10.7,5.2,12.1,16.1,70,2
1002.5,0.14,10.7,5.2,12.1,28.98,320,2
1002.5,0.14,10.7,5.2,12.1,12.03,148,0
1002.5,0.14,10.7,5.2,12.1,28.98,320,2
1002.5,0.14,10.7,5.2,12.1,5.91,169,0
1002.5,0.14,10.7,5.2,12.1,7.71,171,0
1002.5,0.14,10.7,5.2,12.1,3.14,175,0
1002.5,0.14,10.7,5.2,12.1,9.27,292,0
1002.5,0.14,10.7,5.2,12.1,19.8,170,2
1002.5,0.23,5.9,2.7,7.4,11.35,232,0
1002.5,0.23,5.9,2.7,7.4,25.21,270,2
1002.5,0.23,5.9,2.7,7.4,11.04,171,0
1002.5,0.23,5.9,2.7,7.4,24.04,109,2
1002.5,0.23,5.9,2.7,7.4,3.35,143,0
1002.5,0.23,5.9,2.7,7.4,16.1,90,2
1002.5,0.23,5.9,2.7,7.4,16.1,70,2
1002.5,0.23,5.9,2.7,7.4,28.98,320,2
1002.5,0.23,5.9,2.7,7.4,12.03,148,0
1002.5,0.23,5.9,2.7,7.4,28.98,320,2
1002.5,0.23,5.9,2.7,7.4,5.91,169,0
1002.5,0.23,5.9,2.7,7.4,7.71,171,0
1002.5,0.23,5.9,2.7,7.4,3.14,175,0
1002.5,0.23,5.9,2.7,7.4,9.27,292,0
1002.5,0.23,5.9,2.7,7.4,19.8,170,2
1002.5,0.67,9.9,8.3,11.9,11.35,232,0
1002.5,0.67,9.9,8.3,11.9,25.21,270,2
1002.5,0.67,9.9,8.3,11.9,11.04,171,0
1002.5,0.67,9.9,8.3,11.9,24.04,109,2
1002.5,0.67,9.9,8.3,11.9,3.35,143,0
1002.5,0.67,9.9,8.3,11.9,16.1,90,2
1002.5,0.67,9.9,8.3,11.9,16.1,70,2
1002.5,0.67,9.9,8.3,11.9,28.98,320,2
1002.5,0.67,9.9,8.3,11.9,12.03,148,0
1002.5,0.67,9.9,8.3,11.9,28.98,320,2
1002.5,0.67,9.9,8.3,11.9,5.91,169,0
1002.5,0.67,9.9,8.3,11.9,7.71,171,0
1002.5,0.67,9.9,8.3,11.9,3.14,175,0
1002.5,0.67,9.9,8.3,11.9,9.27,292,0
1002.5,0.67,9.9,8.3,11.9,19.8,170,2
1002.5,0.74,9.2,5.2,12.8,11.35,232,0
1002.5,0.74,9.2,5.2,12.8,25.21,270,2
1002.5,0.74,9.2,5.2,12.8,11.04,171,0
1002.5,0.74,9.2,5.2,12.8,24.04,109,2
1002.5,0.74,9.2,5.2,12.8,3.35,143,0
1002.5,0.74,9.2,5.2,12.8,16.1,90,2
1002.5,0.74,9.2,5.2,12.8,16.1,70,2
1002.5,0.74,9.2,5.2,12.8,28.98,320,2
1002.5,0.74,9.2,5.2,12.8,12.03,148,0
1002.5,0.74,9.2,5.2,12.8,28.98,320,2
1002.5,0.74,9.2,5.2,12.8,5.91,169,0
1002.5,0.74,9.2,5.2,12.8,7.71,171,0
1002.5,0.74,9.2,5.2,12.8,3.14,175,0
1002.5,0.74,9.2,5.2,12.8,9.27,292,0
1002.5,0.74,9.2,5.2,12.8,19.8,170,2
1002.5,1.52,16.7,11.6,20.8,11.35,232,0
1002.5,1.52,16.7,11.6,20.8,25.21,270,2
1002.5,1.52,16.7,11.6,20.8,11.04,171,0
1002.5,1.52,16.7,11.6,20.8,24.04,109,2
1002.5,1.52,16.7,11.6,20.8,3.35,143,0
1002.5,1.52,16.7,11.6,20.8,16.1,90,2
1002.5,1.52,16.7,11.6,20.8,16.1,70,2
1002.5,1.52,16.7,11.6,20.8,28.98,320,2
1002.5,1.52,16.7,11.6,20.8,12.03,148,0
1002.5,1.52,16.7,11.6,20.8,28.98,320,2
1002.5,1.52,16.7,11.6,20.8,5.91,169,0
1002.5,1.52,16.7,11.6,20.8,7.71,171,0
1002.5,1.52,16.7,11.6,20.8,3.14,175,0
1002.5,1.52,16.7,11.6,20.8,9.27,292,0
1002.5,1.52,16.7,11.6,20.8,19.8,170,2
1002.5,2.08,14.4,10.8,16.8,11.35,232,0
1002.5,2.08,14.4,10.8,16.8,25.21,270,2
1002.5,2.08,14.4,10.8,16.8,11.04,171,0
1002.5,2.08,14.4,10.8,16.8,24.04,109,2
1002.5,2.08,14.4,10.8,16.8,3.35,143,0
1002.5,2.08,14.4,10.8,16.8,16.1,90,2
1002.5,2.08,14.4,10.8,16.8,16.1,70,2
1002.5,2.08,14.4,10.8,16.8,28.98,320,2
1002.5,2.08,14.4,10.8,16.8,12.03,148,0
1002.5,2.08,14.4,10.8,16.8,28.98,320,2
1002.5,2.08,14.4,10.8,16.8,5.91,169,0
1002.5,2.08,14.4,10.8,16.8,7.71,171,0
1002.5,2.08,14.4,10.8,16.8,3.14,175,0
1002.5,2.08,14.4,10.8,16.8,9.27,292,0
1002.5,2.08,14.4,10.8,16.8,19.8,170,2
1002.5,1.63,18.3,15.4,20.3,11.35,232,0
1002.5,1.63,18.3,15.4,20.3,25.21,270,2
1002.5,1.63,18.3,15.4,20.3,11.04,171,0
1002.5,1.63,18.3,15.4,20.3,24.04,109,2
1002.5,1.63,18.3,15.4,20.3,3.35,143,0
1002.5,1.63,18.3,15.4,20.3,16.1,90,2
1002.5,1.63,18.3,15.4,20.3,16.1,70,2
1002.5,1.63,18.3,15.4,20.3,28.98,320,2
1002.5,1.63,18.3,15.4,20.3,12.03,148,0
1002.5,1.63,18.3,15.4,20.3,28.98,320,2
1002.5,1.63,18.3,15.4,20.3,5.91,169,0
1002.5,1.63,18.3,15.4,20.3,7.71,171,0
1002.5,1.63,18.3,15.4,20.3,3.14,175,0
1002.5,1.63,18.3,15.4,20.3,9.27,292,0
1002.5,1.63,18.3,15.4,20.3,19.8,170,2
1002.5,1.34,15.3,13.8,19.0,11.35,232,0
1002.5,1.34,15.3,13.8,19.0,25.21,270,2
1002.5,1.34,15.3,13.8,19.0,11.04,171,0
1002.5,1.34,15.3,13.8,19.0,24.04,109,2
1002.5,1.34,15.3,13.8,19.0,3.35,143,0
1002.5,1.34,15.3,13.8,19.0,16.1,90,2
1002.5,1.34,15.3,13.8,19.0,16.1,70,2
1002.5,1.34,15.3,13.8,19.0,28.98,320,2
1002.5,1.34,15.3,13.8,19.0,12.03,148,0
1002.5,1.34,15.3,13.8,19.0,28.98,320,2
1002.5,1.34,15.3,13.8,19.0,5.91,169,0
1002.5,1.34,15.3,13.8,19.0,7.71,171,0
1002.5,1.34,15.3,13.8,19.0,3.14,175,0
1002.5,1.34,15.3,13.8,19.0,9.27,292,0
1002.5,1.34,15.3,13.8,19.0,19.8,170,2
1002.5,2.05,11.1,8.0,15.3,11.35,232,0
1002.5,2.05,11.1,8.0,15.3,25.21,270,2
1002.5,2.05,11.1,8.0,15.3,11.04,171,0
1002.5,2.05,11.1,8.0,15.3,24.04,109,2
1002.5,2.05,11.1,8.0,15.3,3.35,143,0
1002.5,2.05,11.1,8.0,15.3,16.1,90,2
1002.5,2.05,11.1,8.0,15.3,16.1,70,2
1002.5,2.05,11.1,8.0,15.3,28.98,320,2
1002.5,2.05,11.1,8.0,15.3,12.03,148,0
1002.5,2.05,11.1,8.0,15.3,28.98,320,2
1002.5,2.05,11.1,8.0,15.3,5.91,169,0
1002.5,2.05,11.1,8.0,15.3,7.71,171,0
1002.5,2.05,11.1,8.0,15.3,3.14,175,0
1002.5,2.05,11.1,8.0,15.3,9.27,292,0
1002.5,2.05,11.1,8.0,15.3,19.8,170,2
1002.5,0.33,0.3,-3.7,3.7,11.35,232,0
1002.5,0.33,0.3,-3.7,3.7,25.21,270,2
1002.5,0.33,0.3,-3.7,3.7,11.04,171,0
1002.5,0.33,0.3,-3.7,3.7,24.04,109,2
1002.5,0.33,0.3,-3.7,3.7,3.35,143,0
1002.5,0.33,0.3,-3.7,3.7,16.1,90,2
1002.5,0.33,0.3,-3.7,3.7,16.1,70,2
1002.5,0.33,0.3,-3.7,3.7,28.98,320,2
1002.5,0.33,0.3,-3.7,3.7,12.03,148,0
1002.5,0.33,0.3,-3.7,3.7,28.98,320,2
1002.5,0.33,0.3,-3.7,3.7,5.91,169,0
1002.5,0.33,0.3,-3.7,3.7,7.71,171,0
1002.5,0.33,0.3,-3.7,3.7,3.14,175,0
1002.5,0.33,0.3,-3.7,3.7,9.27,292,0
1002.5,0.33,0.3,-3.7,3.7,19.8,170,2
1002.5,0.19,8.5,6.9,11.7,11.35,232,0
1002.5,0.19,8.5,6.9,11.7,25.21,270,2
1002.5,0.19,8.5,6.9,11.7,11.04,171,0
1002.5,0.19,8.5,6.9,11.7,24.04,109,2
1002.5,0.19,8.5,6.9,11.7,3.35,143,0
1002.5,0.19,8.5,6.9,11.7,16.1,90,2
1002.5,0.19,8.5,6.9,11.7,16.1,70,2
1002.5,0.19,8.5,6.9,11.7,28.98,320,2
1002.5,0.19,8.5,6.9,11.7,12.03,148,0
1002.5,0.19,8.5,6.9,11.7,28.98,320,2
1002.5,0.19,8.5,6.9,11.7,5.91,169,0
1002.5,0.19,8.5,6.9,11.7,7.71,171,0
1002.5,0.19,8.5,6.9,11.7,3.14,175,0
1002.5,0.19,8.5,6.9,11.7,9.27,292,0
1002.5,0.19,8.5,6.9,11.7,19.8,170,2
1002.5,0.44,3.9,3.7,6.5,11.35,232,0
1002.5,0.44,3.9,3.7,6.5,25.21,270,2
1002.5,0.44,3.9,3.7,6.5,11.04,171,0
1002.5,0.44,3.9,3.7,6.5,24.04,109,2
1002.5,0.44,3.9,3.7,6.5,3.35,143,0
1002.5,0.44,3.9,3.7,6.5,16.1,90,2
1002.5,0.44,3.9,3.7,6.5,16.1,70,2
1002.5,0.44,3.9,3.7,6.5,28.98,320,2
1002.5,0.44,3.9,3.7,6.5,12.03,148,0
1002.5,0.44,3.9,3.7,6.5,28.98,320,2
1002.5,0.44,3.9,3.7,6.5,5.91,169,0
1002.5,0.44,3.9,3.7,6.5,7.71,171,0
1002.5,0.44,3.9,3.7,6.5,3.14,175,0
1002.5,0.44,3.9,3.7,6.5,9.27,292,0
1002.5,0.44,3.9,3.7,6.5,19.8,170,2
1002.5,0.13,2.4,0.5,4.4,11.35,232,0
1002.5,0.13,2.4,0.5,4.4,25.21,270,2
1002.5,0.13,2.4,0.5,4.4,11.04,171,0
1002.5,0.13,2.4,0.5,4.4,24.04,109,2
1002.5,0.13,2.4,0.5,4.4,3.35,143,0
1002.5,0.13,2.4,0.5,4.4,16.1,90,2
1002.5,0.13,2.4,0.5,4.4,16.1,70,2
1002.5,0.13,2.4,0.5,4.4,28.98,320,2
1002.5,0.13,2.4,0.5,4.4,12.03,148,0
1002.5,0.13,2.4,0.5,4.4,28.98,320,2
1002.5,0.13,2.4,0.5,4.4,5.91,169,0
1002.5,0.13,2.4,0.5,4.4,7.71,171,0
1002.5,0.13,2.4,0.5,4.4,3.14,175,0
1002.5,0.13,2.4,0.5,4.4,9.27,292,0
1002.5,0.13,2.4,0.5,4.4,19.8,170,2
1002.5,0.11,9.9,8.4,11.3,11.35,232,0
1002.5,0.11,9.9,8.4,11.3,25.21,270,2
1002.5,0.11,9.9,8.4,11.3,11.04,171,0
1002.5,0.11,9.9,8.4,11.3,24.04,109,2
1002.5,0.11,9.9,8.4,11.3,3.35,143,0
1002.5,0.11,9.9,8.4,11.3,16.1,90,2
1002.5,0.11,9.9,8.4,11.3,16.1,70,2
1002.5,0.11,9.9,8.4,11.3,28.98,320,2
1002.5,0.11,9.9,8.4,11.3,12.03,148,0
1002.5,0.11,9.9,8.4,11.3,28.98,320,2
1002.5,0.11,9.9,8.4,11.3,5.91,169,0
1002.5,0.11,9.9,8.4,11.3,7.71,171,0
1002.5,0.11,9.9,8.4,11.3,3.14,175,0
1002.5,0.11,9.9,8.4,11.3,9.27,292,0
1002.5,0.11,9.9,8.4,11.3,19.8,170,2
1002.5,0.67,13.5,12.4,15.6,11.35,232,0
1002.5,0.67,13.5,12.4,15.6,25.21,270,2
1002.5,0.67,13.5,12.4,15.6,11.04,171,0
1002.5,0.67,13.5,12.4,15.6,24.04,109,2
1002.5,0.67,13.5,12.4,15.6,3.35,143,0
1002.5,0.67,13.5,12.4,15.6,16.1,90,2
1002.5,0.67,13.5,12.4,15.6,16.1,70,2
1002.5,0.67,13.5,12.4,15.6,28.98,320,2
1002.5,0.67,13.5,12.4,15.6,12.03,148,0
1002.5,0.67,13.5,12.4,15.6,28.98,320,2
1002.5,0.67,13.5,12.4,15.6,5.91,169,0
1002.5,0.67,13.5,12.4,15.6,7.71,171,0
1002.5,0.67,13.5,12.4,15.6,3.14,175,0
1002.5,0.67,13.5,12.4,15.6,9.27,292,0
1002.5,0.67,13.5,12.4,15.6,19.8,170,2
1002.5,0.33,6.6,5.1,8.9,11.35,232,0
1002.5,0.33,6.6,5.1,8.9,25.21,270,2
1002.5,0.33,6.6,5.1,8.9,11.04,171,0
1002.5,0.33,6.6,5.1,8.9,24.04,109,2
1002.5,0.33,6.6,5.1,8.9,3.35,143,0
1002.5,0.33,6.6,5.1,8.9,16.1,90,2
1002.5,0.33,6.6,5.1,8.9,16.1,70,2
1002.5,0.33,6.6,5.1,8.9,28.98,320,2
1002.5,0.33,6.6,5.1,8.9,12.03,148,0
1002.5,0.33,6.6,5.1,8.9,28.98,320,2
1002.5,0.33,6.6,5.1,8.9,5.91,169,0
1002.5,0.33,6.6,5.1,8.9,7.71,171,0
1002.5,0.33,6.6,5.1,8.9,3.14,175,0
1002.5,0.33,6.6,5.1,8.9,9.27,292,0
1002.5,0.33,6.6,5.1,8.9,19.8,170,2
1002.6,3.15,26.4,21.4,30.8,10.18,61,1
1002.6,3.15,26.4,21.4,30.8,11.66,208,1
1002.6,3.15,26.4,21.4,30.8,22.22,222,3
1002.6,3.15,26.4,21.4,30.8,12.88,140,1
1002.6,3.15,26.4,21.4,30.8,14.49,150,1
1002.6,3.15,26.4,21.4,30.8,28.98,140,3
1002.6,3.15,26.4,21.4,30.8,17.71,260,3
1002.6,3.15,26.4,21.4,30.8,11.27,110,1
1002.6,3.15,26.4,21.4,30.8,20.93,30,3
1002.6,3.15,26.4,21.4,30.8,14.49,240,1
1002.6,3.15,26.4,21.4,30.8,19.06,200,3
1002.6,3.15,26.4,21.4,30.8,3.69,249,1
1002.6,0.36,-1.6,-6.3,0.7,10.18,61,1
1002.6,0.36,-1.6,-6.3,0.7,11.66,208,1
1002.6,0.36,-1.6,-6.3,0.7,22.22,222,3
1002.6,0.36,-1.6,-6.3,0.7,12.88,140,1
1002.6,0.36,-1.6,-6.3,0.7,14.49,150,1
1002.6,0.36,-1.6,-6.3,0.7,28.98,140,3
1002.6,0.36,-1.6,-6.3,0.7,17.71,260,3
1002.6,0.36,-1.6,-6.3,0.7,11.27,110,1
1002.6,0.36,-1.6,-6.3,0.7,20.93,30,3
1002.6,0.36,-1.6,-6.3,0.7,14.49,240,1
1002.6,0.36,-1.6,-6.3,0.7,19.06,200,3
1002.6,0.36,-1.6,-6.3,0.7,3.69,249,1
1002.6,0.59,1.1,-3.4,6.4,10.18,61,1
1002.6,0.59,1.1,-3.4,6.4,11.66,208,1
1002.6,0.59,1.1,-3.4,6.4,22.22,222,3
1002.6,0.59,1.1,-3.4,6.4,12.88,140,1
1002.6,0.59,1.1,-3.4,6.4,14.49,150,1
1002.6,0.59,1.1,-3.4,6.4,28.98,140,3
1002.6,0.59,1.1,-3.4,6.4,17.71,260,3
1002.6,0.59,1.1,-3.4,6.4,11.27,110,1
1002.6,0.59,1.1,-3.4,6.4,20.93,30,3
1002.6,0.59,1.1,-3.4,6.4,14.49,240,1
1002.6,0.59,1.1,-3.4,6.4,19.06,200,3
1002.6,0.59,1.1,-3.4,6.4,3.69,249,1
1002.6,0.61,5.0,1.2,10.2,10.18,61,1
1002.6,0.61,5.0,1.2,10.2,11.66,208,1
1002.6,0.61,5.0,1.2,10.2,22.22,222,3
1002.6,0.61,5.0,1.2,10.2,12.88,140,1
1002.6,0.61,5.0,1.2,10.2,14.49,150,1
1002.6,0.61,5.0,1.2,10.2,28.98,140,3
1002.6,0.61,5.0,1.2,10.2,17.71,260,3
1002.6,0.61,5.0,1.2,10.2,11.27,110,1
1002.6,0.61,5.0,1.2,10.2,20.93,30,3
1002.6,0.61,5.0,1.2,10.2,14.49,240,1
1002.6,0.61,5.0,1.2,10.2,19.06,200,3
1002.6,0.61,5.0,1.2,10.2,3.69,249,1
1002.6,0.37,7.1,4.7,12.1,10.18,61,1
1002.6,0.37,7.1,4.7,12.1,11.66,208,1
1002.6,0.37,7.1,4.7,12.1,22.22,222,3
1002.6,0.37,7.1,4.7,12.1,12.88,140,1
1002.6,0.37,7.1,4.7,12.1,14.49,150,1
1002.6,0.37,7.1,4.7,12.1,28.98,140,3
1002.6,0.37,7.1,4.7,12.1,17.71,260,3
1002.6,0.37,7.1,4.7,12.1,11.27,110,1
1002.6,0.37,7.1,4.7,12.1,20.93,30,3
1002.6,0.37,7.1,4.7,12.1,14.49,240,1
1002.6,0.37,7.1,4.7,12.1,19.06,200,3
1002.6,0.37,7.1,4.7,12.1,3.69,249,1
1002.6,1.63,17.0,11.5,22.5,10.18,61,1
1002.6,1.63,17.0,11.5,22.5,11.66,208,1
1002.6,1.63,17.0,11.5,22.5,22.22,222,3
1002.6,1.63,17.0,11.5,22.5,12.88,140,1
1002.6,1.63,17.0,11.5,22.5,14.49,150,1
1002.6,1.63,17.0,11.5,22.5,28.98,140,3
1002.6,1.63,17.0,11.5,22.5,17.71,260,3
1002.6,1.63,17.0,11.5,22.5,11.27,110,1
1002.6,1.63,17.0,11.5,22.5,20.93,30,3
1002.6,1.63,17.0,11.5,22.5,14.49,240,1
1002.6,1.63,17.0,11.5,22.5,19.06,200,3
1002.6,1.63,17.0,11.5,22.5,3.69,249,1
1002.6,2.14,9.1,0.8,16.0,10.18,61,1
1002.6,2.14,9.1,0.8,16.0,11.66,208,1
1002.6,2.14,9.1,0.8,16.0,22.22,222,3
1002.6,2.14,9.1,0.8,16.0,12.88,140,1
1002.6,2.14,9.1,0.8,16.0,14.49,150,1
1002.6,2.14,9.1,0.8,16.0,28.98,140,3
1002.6,2.14,9.1,0.8,16.0,17.71,260,3
1002.6,2.14,9.1,0.8,16.0,11.27,110,1
1002.6,2.14,9.1,0.8,16.0,20.93,30,3
1002.6,2.14,9.1,0.8,16.0,14.49,240,1
1002.6,2.14,9.1,0.8,16.0,19.06,200,3
1002.6,2.14,9.1,0.8,16.0,3.69,249,1
1002.6,1.85,19.0,14.7,22.8,10.18,61,1
1002.6,1.85,19.0,14.7,22.8,11.66,208,1
1002.6,1.85,19.0,14.7,22.8,22.22,222,3
1002.6,1.85,19.0,14.7,22.8,12.88,140,1
1002.6,1.85,19.0,14.7,22.8,14.49,150,1
1002.6,1.85,19.0,14.7,22.8,28.98,140,3
1002.6,1.85,19.0,14.7,22.8,17.71,260,3
1002.6,1.85,19.0,14.7,22.8,11.27,110,1
1002.6,1.85,19.0,14.7,22.8,20.93,30,3
1002.6,1.85,19.0,14.7,22.8,14.49,240,1
1002.6,1.85,19.0,14.7,22.8,19.06,200,3
1002.6,1.85,19.0,14.7,22.8,3.69,249,1
1002.6,0.36,6.8,3.3,8.8,10.18,61,0
1002.6,0.36,6.8,3.3,8.8,11.66,208,0
1002.6,0.36,6.8,3.3,8.8,22.22,222,2
1002.6,0.36,6.8,3.3,8.8,12.88,140,0
1002.6,0.36,6.8,3.3,8.8,14.49,150,0
1002.6,0.36,6.8,3.3,8.8,28.98,140,2
1002.6,0.36,6.8,3.3,8.8,17.71,260,2
1002.6,0.36,6.8,3.3,8.8,11.27,110,0
1002.6,0.36,6.8,3.3,8.8,20.93,30,2
1002.6,0.36,6.8,3.3,8.8,14.49,240,0
1002.6,0.36,6.8,3.3,8.8,19.06,200,2
1002.6,0.36,6.8,3.3,8.8,3.69,249,0
1002.6,0.17,1.1,0.3,2.4,10.18,61,0
1002.6,0.17,1.1,0.3,2.4,11.66,208,0
1002.6,0.17,1.1,0.3,2.4,22.22,222,2
1002.6,0.17,1.1,0.3,2.4,12.88,140,0
1002.6,0.17,1.1,0.3,2.4,14.49,150,0
1002.6,0.17,1.1,0.3,2.4,28.98,140,2
1002.6,0.17,1.1,0.3,2.4,17.71,260,2
1002.6,0.17,1.1,0.3,2.4,11.27,110,0
1002.6,0.17,1.1,0.3,2.4,20.93,30,2
1002.6,0.17,1.1,0.3,2.4,14.49,240,0
1002.6,0.17,1.1,0.3,2.4,19.06,200,2
1002.6,0.17,1.1,0.3,2.4,3.69,249,0
1002.6,0.38,0.2,-3.6,2.4,10.18,61,0
1002.6,0.38,0.2,-3.6,2.4,11.66,208,0
1002.6,0.38,0.2,-3.6,2.4,22.22,222,2
1002.6,0.38,0.2,-3.6,2.4,12.88,140,0
1002.6,0.38,0.2,-3.6,2.4,14.49,150,0
1002.6,0.38,0.2,-3.6,2.4,28.98,140,2
1002.6,0.38,0.2,-3.6,2.4,17.71,260,2
1002.6,0.38,0.2,-3.6,2.4,11.27,110,0
1002.6,0.38,0.2,-3.6,2.4,20.93,30,2
1002.6,0.38,0.2,-3.6,2.4,14.49,240,0
1002.6,0.38,0.2,-3.6,2.4,19.06,200,2
1002.6,0.38,0.2,-3.6,2.4,3.69,249,0
1002.6,1.58,20.9,17.0,26.2,10.18,61,0
1002.6,1.58,20.9,17.0,26.2,11.66,208,0
1002.6,1.58,20.9,17.0,26.2,22.22,222,2
1002.6,1.58,20.9,17.0,26.2,12.88,140,0
1002.6,1.58,20.9,17.0,26.2,14.49,150,0
1002.6,1.58,20.9,17.0,26.2,28.98,140,2
1002.6,1.58,20.9,17.0,26.2,17.71,260,2
1002.6,1.58,20.9,17.0,26.2,11.27,110,0
1002.6,1.58,20.9,17.0,26.2,20.93,30,2
1002.6,1.58,20.9,17.0,26.2,14.49,240,0
1002.6,1.58,20.9,17.0,26.2,19.06,200,2
1002.6,1.58,20.9,17.0,26.2,3.69,249,0
1002.6,1.59,10.1,3.3,14.7,10.18,61,0
1002.6,1.59,10.1,3.3,14.7,11.66,208,0
1002.6,1.59,10.1,3.3,14.7,22.22,222,2
1002.6,1.59,10.1,3.3,14.7,12.88,140,0
1002.6,1.59,10.1,3.3,14.7,14.49,150,0
1002.6,1.59,10.1,3.3,14.7,28.98,140,2
1002.6,1.59,10.1,3.3,14.7,17.71,260,2
1002.6,1.59,10.1,3.3,14.7,11.27,110,0
1002.6,1.59,10.1,3.3,14.7,20.93,30,2
1002.6,1.59,10.1,3.3,14.7,14.49,240,0
1002.6,1.59,10.1,3.3,14.7,19.06,200,2
1002.6,1.59,10.1,3.3,14.7,3.69,249,0
1002.6,1.89,17.8,14.7,22.8,10.18,61,0
1002.6,1.89,17.8,14.7,22.8,11.66,208,0
1002.6,1.89,17.8,14.7,22.8,22.22,222,2
1002.6,1.89,17.8,14.7,22.8,12.88,140,0
1002.6,1.89,17.8,14.7,22.8,14.49,150,0
1002.6,1.89,17.8,14.7,22.8,28.98,140,2
1002.6,1.89,17.8,14.7,22.8,17.71,260,2
1002.6,1.89,17.8,14.7,22.8,11.27,110,0
1002.6,1.89,17.8,14.7,22.8,20.93,30,2
1002.6,1.89,17.8,14.7,22.8,14.49,240,0
1002.6,1.89,17.8,14.7,22.8,19.06,200,2
1002.6,1.89,17.8,14.7,22.8,3.69,249,0
1002.6,0.8,2.7,0.8,5.3,10.18,61,0
1002.6,0.8,2.7,0.8,5.3,11.66,208,0
1002.6,0.8,2.7,0.8,5.3,22.22,222,2
1002.6,0.8,2.7,0.8,5.3,12.88,140,0
1002.6,0.8,2.7,0.8,5.3,14.49,150,0
1002.6,0.8,2.7,0.8,5.3,28.98,140,2
1002.6,0.8,2.7,0.8,5.3,17.71,260,2
1002.6,0.8,2.7,0.8,5.3,11.27,110,0
1002.6,0.8,2.7,0.8,5.3,20.93,30,2
1002.6,0.8,2.7,0.8,5.3,14.49,240,0
1002.6,0.8,2.7,0.8,5.3,19.06,200,2
1002.6,0.8,2.7,0.8,5.3,3.69,249,0
1002.6,0.29,12.4,10.0,13.7,10.18,61,0
1002.6,0.29,12.4,10.0,13.7,11.66,208,0
1002.6,0.29,12.4,10.0,13.7,22.22,222,2
1002.6,0.29,12.4,10.0,13.7,12.88,140,0
1002.6,0.29,12.4,10.0,13.7,14.49,150,0
1002.6,0.29,12.4,10.0,13.7,28.98,140,2
1002.6,0.29,12.4,10.0,13.7,17.71,260,2
1002.6,0.29,12.4,10.0,13.7,11.27,110,0
1002.6,0.29,12.4,10.0,13.7,20.93,30,2
1002.6,0.29,12.4,10.0,13.7,14.49,240,0
1002.6,0.29,12.4,10.0,13.7,19.06,200,2
1002.6,0.29,12.4,10.0,13.7,3.69,249,0
1002.6,0.11,3.3,1.1,4.9,10.18,61,0
1002.6,0.11,3.3,1.1,4.9,11.66,208,0
1002.6,0.11,3.3,1.1,4.9,22.22,222,2
1002.6,0.11,3.3,1.1,4.9,12.88,140,0
1002.6,0.11,3.3,1.1,4.9,14.49,150,0
1002.6,0.11,3.3,1.1,4.9,28.98,140,2
1002.6,0.11,3.3,1.1,4.9,17.71,260,2
1002.6,0.11,3.3,1.1,4.9,11.27,110,0
1002.6,0.11,3.3,1.1,4.9,20.93,30,2
1002.6,0.11,3.3,1.1,4.9,14.49,240,0
1002.6,0.11,3.3,1.1,4.9,19.06,200,2
1002.6,0.11,3.3,1.1,4.9,3.69,249,0
1002.6,0.89,9.4,7.4,16.5,10.18,61,0
1002.6,0.89,9.4,7.4,16.5,11.66,208,0
1002.6,0.89,9.4,7.4,16.5,22.22,222,2
1002.6,0.89,9.4,7.4,16.5,12.88,140,0
1002.6,0.89,9.4,7.4,16.5,14.49,150,0
1002.6,0.89,9.4,7.4,16.5,28.98,140,2
1002.6,0.89,9.4,7.4,16.5,17.71,260,2
1002.6,0.89,9.4,7.4,16.5,11.27,110,0
1002.6,0.89,9.4,7.4,16.5,20.93,30,2
1002.6,0.89,9.4,7.4,16.5,14.49,240,0
1002.6,0.89,9.4,7.4,16.5,19.06,200,2
1002.6,0.89,9.4,7.4,16.5,3.69,249,0
1002.6,2.21,17.9,15.1,20.7,10.18,61,0
1002.6,2.21,17.9,15.1,20.7,11.66,208,0
1002.6,2.21,17.9,15.1,20.7,22.22,222,2
1002.6,2.21,17.9,15.1,20.7,12.88,140,0
1002.6,2.21,17.9,15.1,20.7,14.49,150,0
1002.6,2.21,17.9,15.1,20.7,28.98,140,2
1002.6,2.21,17.9,15.1,20.7,17.71,260,2
1002.6,2.21,17.9,15.1,20.7,11.27,110,0
1002.6,2.21,17.9,15.1,20.7,20.93,30,2
1002.6,2.21,17.9,15.1,20.7,14.49,240,0
1002.6,2.21,17.9,15.1,20.7,19.06,200,2
1002.6,2.21,17.9,15.1,20.7,3.69,249,0
1002.6,1.06,15.6,12.5,18.7,10.18,61,0
1002.6,1.06,15.6,12.5,18.7,11.66,208,0
1002.6,1.06,15.6,12.5,18.7,22.22,222,2
1002.6,1.06,15.6,12.5,18.7,12.88,140,0
1002.6,1.06,15.6,12.5,18.7,14.49,150,0
1002.6,1.06,15.6,12.5,18.7,28.98,140,2
1002.6,1.06,15.6,12.5,18.7,17.71,260,2
1002.6,1.06,15.6,12.5,18.7,11.27,110,0
1002.6,1.06,15.6,12.5,18.7,20.93,30,2
1002.6,1.06,15.6,12.5,18.7,14.49,240,0
1002.6,1.06,15.6,12.5,18.7,19.06,200,2
1002.6,1.06,15.6,12.5,18.7,3.69,249,0
1002.6,1.46,1.7,-1.7,6.9,10.18,61,0
1002.6,1.46,1.7,-1.7,6.9,11.66,208,0
1002.6,1.46,1.7,-1.7,6.9,22.22,222,2
1002.6,1.46,1.7,-1.7,6.9,12.88,140,0
1002.6,1.46,1.7,-1.7,6.9,14.49,150,0
1002.6,1.46,1.7,-1.7,6.9,28.98,140,2
1002.6,1.46,1.7,-1.7,6.9,17.71,260,2
1002.6,1.46,1.7,-1.7,6.9,11.27,110,0
1002.6,1.46,1.7,-1.7,6.9,20.93,30,2
1002.6,1.46,1.7,-1.7,6.9,14.49,240,0
1002.6,1.46,1.7,-1.7,6.9,19.06,200,2
1002.6,1.46,1.7,-1.7,6.9,3.69,249,0
1002.6,0.91,9.5,6.6,13.8,10.18,61,0
1002.6,0.91,9.5,6.6,13.8,11.66,208,0
1002.6,0.91,9.5,6.6,13.8,22.22,222,2
1002.6,0.91,9.5,6.6,13.8,12.88,140,0
1002.6,0.91,9.5,6.6,13.8,14.49,150,0
1002.6,0.91,9.5,6.6,13.8,28.98,140,2
1002.6,0.91,9.5,6.6,13.8,17.71,260,2
1002.6,0.91,9.5,6.6,13.8,11.27,110,0
1002.6,0.91,9.5,6.6,13.8,20.93,30,2
1002.6,0.91,9.5,6.6,13.8,14.49,240,0
1002.6,0.91,9.5,6.6,13.8,19.06,200,2
1002.6,0.91,9.5,6.6,13.8,3.69,249,0
1002.6,2.08,16.0,12.5,19.3,10.18,61,0
1002.6,2.08,16.0,12.5,19.3,11.66,208,0
1002.6,2.08,16.0,12.5,19.3,22.22,222,2
1002.6,2.08,16.0,12.5,19.3,12.88,140,0
1002.6,2.08,16.0,12.5,19.3,14.49,150,0
1002.6,2.08,16.0,12.5,19.3,28.98,140,2
1002.6,2.08,16.0,12.5,19.3,17.71,260,2
1002.6,2.08,16.0,12.5,19.3,11.27,110,0
1002.6,2.08,16.0,12.5,19.3,20.93,30,2
1002.6,2.08,16.0,12.5,19.3,14.49,240,0
1002.6,2.08,16.0,12.5,19.3,19.06,200,2
1002.6,2.08,16.0,12.5,19.3,3.69,249,0
1002.6,0.18,11.1,9.1,13.2,10.18,61,0
1002.6,0.18,11.1,9.1,13.2,11.66,208,0
1002.6,0.18,11.1,9.1,13.2,22.22,222,2
1002.6,0.18,11.1,9.1,13.2,12.88,140,0
1002.6,0.18,11.1,9.1,13.2,14.49,150,0
1002.6,0.18,11.1,9.1,13.2,28.98,140,2
1002.6,0.18,11.1,9.1,13.2,17.71,260,2
1002.6,0.18,11.1,9.1,13.2,11.27,110,0
1002.6,0.18,11.1,9.1,13.2,20.93,30,2
1002.6,0.18,11.1,9.1,13.2,14.49,240,0
1002.6,0.18,11.1,9.1,13.2,19.06,200,2
1002.6,0.18,11.1,9.1,13.2,3.69,249,0
1002.6,0.13,3.2,0.0,6.3,10.18,61,0
1002.6,0.13,3.2,0.0,6.3,11.66,208,0
1002.6,0.13,3.2,0.0,6.3,22.22,222,2
1002.6,0.13,3.2,0.0,6.3,12.88,140,0
1002.6,0.13,3.2,0.0,6.3,14.49,150,0
1002.6,0.13,3.2,0.0,6.3,28.98,140,2
1002.6,0.13,3.2,0.0,6.3,17.71,260,2
1002.6,0.13,3.2,0.0,6.3,11.27,110,0
1002.6,0.13,3.2,0.0,6.3,20.93,30,2
1002.6,0.13,3.2,0.0,6.3,14.49,240,0
1002.6,0.13,3.2,0.0,6.3,19.06,200,2
1002.6,0.13,3.2,0.0,6.3,3.69,249,0
1002.6,0.16,10.7,9.0,12.7,10.18,61,0
1002.6,0.16,10.7,9.0,12.7,11.66,208,0
1002.6,0.16,10.7,9.0,12.7,22.22,222,2
1002.6,0.16,10.7,9.0,12.7,12.88,140,0
1002.6,0.16,10.7,9.0,12.7,14.49,150,0
1002.6,0.16,10.7,9.0,12.7,28.98,140,2
1002.6,0.16,10.7,9.0,12.7,17.71,260,2
1002.6,0.16,10.7,9.0,12.7,11.27,110,0
1002.6,0.16,10.7,9.0,12.7,20.93,30,2
1002.6,0.16,10.7,9.0,12.7,14.49,240,0
1002.6,0.16,10.7,9.0,12.7,19.06,200,2
1002.6,0.16,10.7,9.0,12.7,3.69,249,0
1002.6,0.42,1.8,0.6,4.0,10.18,61,0
1002.6,0.42,1.8,0.6,4.0,11.66,208,0
1002.6,0.42,1.8,0.6,4.0,22.22,222,2
1002.6,0.42,1.8,0.6,4.0,12.88,140,0
1002.6,0.42,1.8,0.6,4.0,14.49,150,0
1002.6,0.42,1.8,0.6,4.0,28.98,140,2
1002.6,0.42,1.8,0.6,4.0,17.71,260,2
1002.6,0.42,1.8,0.6,4.0,11.27,110,0
1002.6,0.42,1.8,0.6,4.0,20.93,30,2
1002.6,0.42,1.8,0.6,4.0,14.49,240,0
1002.6,0.42,1.8,0.6,4.0,19.06,200,2
1002.6,0.42,1.8,0.6,4.0,3.69,249,0
1002.6,0.64,9.9,8.2,11.7,10.18,61,0
1002.6,0.64,9.9,8.2,11.7,11.66,208,0
1002.6,0.64,9.9,8.2,11.7,22.22,222,2
1002.6,0.64,9.9,8.2,11.7,12.88,140,0
1002.6,0.64,9.9,8.2,11.7,14.49,150,0
1002.6,0.64,9.9,8.2,11.7,28.98,140,2
1002.6,0.64,9.9,8.2,11.7,17.71,260,2
1002.6,0.64,9.9,8.2,11.7,11.27,110,0
1002.6,0.64,9.9,8.2,11.7,20.93,30,2
1002.6,0.64,9.9,8.2,11.7,14.49,240,0
1002.6,0.64,9.9,8.2,11.7,19.06,200,2
1002.6,0.64,9.9,8.2,11.7,3.69,249,0
1002.6,2.05,17.7,14.9,20.7,10.18,61,0
1002.6,2.05,17.7,14.9,20.7,11.66,208,0
1002.6,2.05,17.7,14.9,20.7,22.22,222,2
1002.6,2.05,17.7,14.9,20.7,12.88,140,0
1002.6,2.05,17.7,14.9,20.7,14.49,150,0
1002.6,2.05,17.7,14.9,20.7,28.98,140,2
1002.6,2.05,17.7,14.9,20.7,17.71,260,2
1002.6,2.05,17.7,14.9,20.7,11.27,110,0
1002.6,2.05,17.7,14.9,20.7,20.93,30,2
1002.6,2.05,17.7,14.9,20.7,14.49,240,0
1002.6,2.05,17.7,14.9,20.7,19.06,200,2
1002.6,2.05,17.7,14.9,20.7,3.69,249,0
1002.6,0.34,12.8,11.5,17.3,10.18,61,0
1002.6,0.34,12.8,11.5,17.3,11.66,208,0
1002.6,0.34,12.8,11.5,17.3,22.22,222,2
1002.6,0.34,12.8,11.5,17.3,12.88,140,0
1002.6,0.34,12.8,11.5,17.3,14.49,150,0
1002.6,0.34,12.8,11.5,17.3,28.98,140,2
1002.6,0.34,12.8,11.5,17.3,17.71,260,2
1002.6,0.34,12.8,11.5,17.3,11.27,110,0
1002.6,0.34,12.8,11.5,17.3,20.93,30,2
1002.6,0.34,12.8,11.5,17.3,14.49,240,0
1002.6,0.34,12.8,11.5,17.3,19.06,200,2
1002.6,0.34,12.8,11.5,17.3,3.69,249,0
1002.6,1.01,13.3,9.8,17.2,10.18,61,0
1002.6,1.01,13.3,9.8,17.2,11.66,208,0
1002.6,1.01,13.3,9.8,17.2,22.22,222,2
1002.6,1.01,13.3,9.8,17.2,12.88,140,0
1002.6,1.01,13.3,9.8,17.2,14.49,150,0
1002.6,1.01,13.3,9.8,17.2,28.98,140,2
1002.6,1.01,13.3,9.8,17.2,17.71,260,2
1002.6,1.01,13.3,9.8,17.2,11.27,110,0
1002.6,1.01,13.3,9.8,17.2,20.93,30,2
1002.6,1.01,13.3,9.8,17.2,14.49,240,0
1002.6,1.01,13.3,9.8,17.2,19.06,200,2
1002.6,1.01,13.3,9.8,17.2,3.69,249,0
1002.6,0.82,8.3,5.7,11.5,10.18,61,0
1002.6,0.82,8.3,5.7,11.5,11.66,208,0
1002.6,0.82,8.3,5.7,11.5,22.22,222,2
1002.6,0.82,8.3,5.7,11.5,12.88,140,0
1002.6,0.82,8.3,5.7,11.5,14.49,150,0
1002.6,0.82,8.3,5.7,11.5,28.98,140,2
1002.6,0.82,8.3,5.7,11.5,17.71,260,2
1002.6,0.82,8.3,5.7,11.5,11.27,110,0
1002.6,0.82,8.3,5.7,11.5,20.93,30,2
1002.6,0.82,8.3,5.7,11.5,14.49,240,0
1002.6,0.82,8.3,5.7,11.5,19.06,200,2
1002.6,0.82,8.3,5.7,11.5,3.69,249,0
1002.6,0.26,5.4,0.9,9.8,10.18,61,0
1002.6,0.26,5.4,0.9,9.8,11.66,208,0
1002.6,0.26,5.4,0.9,9.8,22.22,222,2
1002.6,0.26,5.4,0.9,9.8,12.88,140,0
1002.6,0.26,5.4,0.9,9.8,14.49,150,0
1002.6,0.26,5.4,0.9,9.8,28.98,140,2
1002.6,0.26,5.4,0.9,9.8,17.71,260,2
1002.6,0.26,5.4,0.9,9.8,11.27,110,0
1002.6,0.26,5.4,0.9,9.8,20.93,30,2
1002.6,0.26,5.4,0.9,9.8,14.49,240,0
1002.6,0.26,5.4,0.9,9.8,19.06,200,2
1002.6,0.26,5.4,0.9,9.8,3.69,249,0
1002.6,0.27,7.1,2.9,10.7,10.18,61,0
1002.6,0.27,7.1,2.9,10.7,11.66,208,0
1002.6,0.27,7.1,2.9,10.7,22.22,222,2
1002.6,0.27,7.1,2.9,10.7,12.88,140,0
1002.6,0.27,7.1,2.9,10.7,14.49,150,0
1002.6,0.27,7.1,2.9,10.7,28.98,140,2
1002.6,0.27,7.1,2.9,10.7,17.71,260,2
1002.6,0.27,7.1,2.9,10.7,11.27,110,0
1002.6,0.27,7.1,2.9,10.7,20.93,30,2
1002.6,0.27,7.1,2.9,10.7,14.49,240,0
1002.6,0.27,7.1,2.9,10.7,19.06,200,2
1002.6,0.27,7.1,2.9,10.7,3.69,249,0
1002.6,0.23,9.0,3.3,10.8,10.18,61,0
1002.6,0.23,9.0,3.3,10.8,11.66,208,0
1002.6,0.23,9.0,3.3,10.8,22.22,222,2
1002.6,0.23,9.0,3.3,10.8,12.88,140,0
1002.6,0.23,9.0,3.3,10.8,14.49,150,0
1002.6,0.23,9.0,3.3,10.8,28.98,140,2
1002.6,0.23,9.0,3.3,10.8,17.71,260,2
1002.6,0.23,9.0,3.3,10.8,11.27,110,0
1002.6,0.23,9.0,3.3,10.8,20.93,30,2
1002.6,0.23,9.0,3.3,10.8,14.49,240,0
1002.6,0.23,9.0,3.3,10.8,19.06,200,2
1002.6,0.23,9.0,3.3,10.8,3.69,249,0
1002.6,1.23,12.5,9.5,15.4,10.18,61,0
1002.6,1.23,12.5,9.5,15.4,11.66,208,0
1002.6,1.23,12.5,9.5,15.4,22.22,222,2
1002.6,1.23,12.5,9.5,15.4,12.88,140,0
1002.6,1.23,12.5,9.5,15.4,14.49,150,0
1002.6,1.23,12.5,9.5,15.4,28.98,140,2
1002.6,1.23,12.5,9.5,15.4,17.71,260,2
1002.6,1.23,12.5,9.5,15.4,11.27,110,0
1002.6,1.23,12.5,9.5,15.4,20.93,30,2
1002.6,1.23,12.5,9.5,15.4,14.49,240,0
1002.6,1.23,12.5,9.5,15.4,19.06,200,2
1002.6,1.23,12.5,9.5,15.4,3.69,249,0
1002.6,0.26,4.1,0.4,7.3,10.18,61,0
1002.6,0.26,4.1,0.4,7.3,11.66,208,0
1002.6,0.26,4.1,0.4,7.3,22.22,222,2
1002.6,0.26,4.1,0.4,7.3,12.88,140,0
1002.6,0.26,4.1,0.4,7.3,14.49,150,0
1002.6,0.26,4.1,0.4,7.3,28.98,140,2
1002.6,0.26,4.1,0.4,7.3,17.71,260,2
1002.6,0.26,4.1,0.4,7.3,11.27,110,0
1002.6,0.26,4.1,0.4,7.3,20.93,30,2
1002.6,0.26,4.1,0.4,7.3,14.49,240,0
1002.6,0.26,4.1,0.4,7.3,19.06,200,2
1002.6,0.26,4.1,0.4,7.3,3.69,249,0
1002.6,0.39,1.2,-0.1,2.8,10.18,61,0
1002.6,0.39,1.2,-0.1,2.8,11.66,208,0
1002.6,0.39,1.2,-0.1,2.8,22.22,222,2
1002.6,0.39,1.2,-0.1,2.8,12.88,140,0
1002.6,0.39,1.2,-0.1,2.8,14.49,150,0
1002.6,0.39,1.2,-0.1,2.8,28.98,140,2
1002.6,0.39,1.2,-0.1,2.8,17.71,260,2
1002.6,0.39,1.2,-0.1,2.8,11.27,110,0
1002.6,0.39,1.2,-0.1,2.8,20.93,30,2
1002.6,0.39,1.2,-0.1,2.8,14.49,240,0
1002.6,0.39,1.2,-0.1,2.8,19.06,200,2
1002.6,0.39,1.2,-0.1,2.8,3.69,249,0
1002.7,1.64,18.1,12.6,24.4,2.58,142,1
1002.7,1.64,18.1,12.6,24.4,17.71,291,3
1002.7,1.64,18.1,12.6,24.4,31.36,211,3
1002.7,1.64,18.1,12.6,24.4,6.44,220,1
1002.7,1.64,18.1,12.6,24.4,17.71,170,3
1002.7,1.64,18.1,12.6,24.4,12.88,170,1
1002.7,1.64,18.1,12.6,24.4,14.49,140,1
1002.7,1.64,18.1,12.6,24.4,14.49,250,1
1002.7,1.64,18.1,12.6,24.4,24.15,270,3
1002.7,1.64,18.1,12.6,24.4,9.66,70,1
1002.7,1.64,18.1,12.6,24.4,10.79,19,1
1002.7,1.64,18.1,12.6,24.4,12.17,230,1
1002.7,1.64,18.1,12.6,24.4,10.42,189,1
1002.7,1.17,6.6,1.5,11.7,2.58,142,1
1002.7,1.17,6.6,1.5,11.7,17.71,291,3
1002.7,1.17,6.6,1.5,11.7,31.36,211,3
1002.7,1.17,6.6,1.5,11.7,6.44,220,1
1002.7,1.17,6.6,1.5,11.7,17.71,170,3
1002.7,1.17,6.6,1.5,11.7,12.88,170,1
1002.7,1.17,6.6,1.5,11.7,14.49,140,1
1002.7,1.17,6.6,1.5,11.7,14.49,250,1
1002.7,1.17,6.6,1.5,11.7,24.15,270,3
1002.7,1.17,6.6,1.5,11.7,9.66,70,1
1002.7,1.17,6.6,1.5,11.7,10.79,19,1
1002.7,1.17,6.6,1.5,11.7,12.17,230,1
1002.7,1.17,6.6,1.5,11.7,10.42,189,1
1002.7,0.85,6.9,1.9,11.2,2.58,142,1
1002.7,0.85,6.9,1.9,11.2,17.71,291,3
1002.7,0.85,6.9,1.9,11.2,31.36,211,3
1002.7,0.85,6.9,1.9,11.2,6.44,220,1
1002.7,0.85,6.9,1.9,11.2,17.71,170,3
1002.7,0.85,6.9,1.9,11.2,12.88,170,1
1002.7,0.85,6.9,1.9,11.2,14.49,140,1
1002.7,0.85,6.9,1.9,11.2,14.49,250,1
1002.7,0.85,6.9,1.9,11.2,24.15,270,3
1002.7,0.85,6.9,1.9,11.2,9.66,70,1
1002.7,0.85,6.9,1.9,11.2,10.79,19,1
1002.7,0.85,6.9,1.9,11.2,12.17,230,1
1002.7,0.85,6.9,1.9,11.2,10.42,189,1
1002.7,1.12,-0.3,-3.2,3.1,2.58,142,1
1002.7,1.12,-0.3,-3.2,3.1,17.71,291,3
1002.7,1.12,-0.3,-3.2,3.1,31.36,211,3
1002.7,1.12,-0.3,-3.2,3.1,6.44,220,1
1002.7,1.12,-0.3,-3.2,3.1,17.71,170,3
1002.7,1.12,-0.3,-3.2,3.1,12.88,170,1
1002.7,1.12,-0.3,-3.2,3.1,14.49,140,1
1002.7,1.12,-0.3,-3.2,3.1,14.49,250,1
1002.7,1.12,-0.3,-3.2,3.1,24.15,270,3
1002.7,1.12,-0.3,-3.2,3.1,9.66,70,1
1002.7,1.12,-0.3,-3.2,3.1,10.79,19,1
1002.7,1.12,-0.3,-3.2,3.1,12.17,230,1
1002.7,1.12,-0.3,-3.2,3.1,10.42,189,1
1002.7,0.76,15.8,14.1,17.5,2.58,142,1
1002.7,0.76,15.8,14.1,17.5,17.71,291,3
1002.7,0.76,15.8,14.1,17.5,31.36,211,3
1002.7,0.76,15.8,14.1,17.5,6.44,220,1
1002.7,0.76,15.8,14.1,17.5,17.71,170,3
1002.7,0.76,15.8,14.1,17.5,12.88,170,1
1002.7,0.76,15.8,14.1,17.5,14.49,140,1
1002.7,0.76,15.8,14.1,17.5,14.49,250,1
1002.7,0.76,15.8,14.1,17.5,24.15,270,3
1002.7,0.76,15.8,14.1,17.5,9.66,70,1
1002.7,0.76,15.8,14.1,17.5,10.79,19,1
1002.7,0.76,15.8,14.1,17.5,12.17,230,1
1002.7,0.76,15.8,14.1,17.5,10.42,189,1
1002.7,0.18,7.4,5.2,10.0,2.58,142,0
1002.7,0.18,7.4,5.2,10.0,17.71,291,2
1002.7,0.18,7.4,5.2,10.0,31.36,211,2
1002.7,0.18,7.4,5.2,10.0,6.44,220,0
1002.7,0.18,7.4,5.2,10.0,17.71,170,2
1002.7,0.18,7.4,5.2,10.0,12.88,170,0
1002.7,0.18,7.4,5.2,10.0,14.49,140,0
1002.7,0.18,7.4,5.2,10.0,14.49,250,0
1002.7,0.18,7.4,5.2,10.0,24.15,270,2
1002.7,0.18,7.4,5.2,10.0,9.66,70,0
1002.7,0.18,7.4,5.2,10.0,10.79,19,0
1002.7,0.18,7.4,5.2,10.0,12.17,230,0
1002.7,0.18,7.4,5.2,10.0,10.42,189,0
1002.7,0.27,3.6,0.9,6.2,2.58,142,0
1002.7,0.27,3.6,0.9,6.2,17.71,291,2
1002.7,0.27,3.6,0.9,6.2,31.36,211,2
1002.7,0.27,3.6,0.9,6.2,6.44,220,0
1002.7,0.27,3.6,0.9,6.2,17.71,170,2
1002.7,0.27,3.6,0.9,6.2,12.88,170,0
1002.7,0.27,3.6,0.9,6.2,14.49,140,0
1002.7,0.27,3.6,0.9,6.2,14.49,250,0
1002.7,0.27,3.6,0.9,6.2,24.15,270,2
1002.7,0.27,3.6,0.9,6.2,9.66,70,0
1002.7,0.27,3.6,0.9,6.2,10.79,19,0
1002.7,0.27,3.6,0.9,6.2,12.17,230,0
1002.7,0.27,3.6,0.9,6.2,10.42,189,0
1002.7,1.46,4.6,0.2,8.7,2.58,142,0
1002.7,1.46,4.6,0.2,8.7,17.71,291,2
1002.7,1.46,4.6,0.2,8.7,31.36,211,2
1002.7,1.46,4.6,0.2,8.7,6.44,220,0
1002.7,1.46,4.6,0.2,8.7,17.71,170,2
1002.7,1.46,4.6,0.2,8.7,12.88,170,0
1002.7,1.46,4.6,0.2,8.7,14.49,140,0
1002.7,1.46,4.6,0.2,8.7,14.49,250,0
1002.7,1.46,4.6,0.2,8.7,24.15,270,2
1002.7,1.46,4.6,0.2,8.7,9.66,70,0
1002.7,1.46,4.6,0.2,8.7,10.79,19,0
1002.7,1.46,4.6,0.2,8.7,12.17,230,0
1002.7,1.46,4.6,0.2,8.7,10.42,189,0
1002.7,1.64,12.8,7.4,19.3,2.58,142,0
1002.7,1.64,12.8,7.4,19.3,17.71,291,2
1002.7,1.64,12.8,7.4,19.3,31.36,211,2
1002.7,1.64,12.8,7.4,19.3,6.44,220,0
1002.7,1.64,12.8,7.4,19.3,17.71,170,2
1002.7,1.64,12.8,7.4,19.3,12.88,170,0
1002.7,1.64,12.8,7.4,19.3,14.49,140,0
1002.7,1.64,12.8,7.4,19.3,14.49,250,0
1002.7,1.64,12.8,7.4,19.3,24.15,270,2
1002.7,1.64,12.8,7.4,19.3,9.66,70,0
1002.7,1.64,12.8,7.4,19.3,10.79,19,0
1002.7,1.64,12.8,7.4,19.3,12.17,230,0
1002.7,1.64,12.8,7.4,19.3,10.42,189,0
1002.7,1.62,10.7,4.7,16.5,2.58,142,0
1002.7,1.62,10.7,4.7,16.5,17.71,291,2
1002.7,1.62,10.7,4.7,16.5,31.36,211,2
1002.7,1.62,10.7,4.7,16.5,6.44,220,0
1002.7,1.62,10.7,4.7,16.5,17.71,170,2
1002.7,1.62,10.7,4.7,16.5,12.88,170,0
1002.7,1.62,10.7,4.7,16.5,14.49,140,0
1002.7,1.62,10.7,4.7,16.5,14.49,250,0
1002.7,1.62,10.7,4.7,16.5,24.15,270,2
1002.7,1.62,10.7,4.7,16.5,9.66,70,0
1002.7,1.62,10.7,4.7,16.5,10.79,19,0
1002.7,1.62,10.7,4.7,16.5,12.17,230,0
1002.7,1.62,10.7,4.7,16.5,10.42,189,0
1002.7,0.56,0.9,-1.3,4.4,2.58,142,0
1002.7,0.56,0.9,-1.3,4.4,17.71,291,2
1002.7,0.56,0.9,-1.3,4.4,31.36,211,2
1002.7,0.56,0.9,-1.3,4.4,6.44,220,0
1002.7,0.56,0.9,-1.3,4.4,17.71,170,2
1002.7,0.56,0.9,-1.3,4.4,12.88,170,0
1002.7,0.56,0.9,-1.3,4.4,14.49,140,0
1002.7,0.56,0.9,-1.3,4.4,14.49,250,0
1002.7,0.56,0.9,-1.3,4.4,24.15,270,2
1002.7,0.56,0.9,-1.3,4.4,9.66,70,0
1002.7,0.56,0.9,-1.3,4.4,10.79,19,0
1002.7,0.56,0.9,-1.3,4.4,12.17,230,0
1002.7,0.56,0.9,-1.3,4.4,10.42,189,0
1002.7,0.16,12.0,9.1,14.4,2.58,142,0
1002.7,0.16,12.0,9.1,14.4,17.71,291,2
1002.7,0.16,12.0,9.1,14.4,31.36,211,2
1002.7,0.16,12.0,9.1,14.4,6.44,220,0
1002.7,0.16,12.0,9.1,14.4,17.71,170,2
1002.7,0.16,12.0,9.1,14.4,12.88,170,0
1002.7,0.16,12.0,9.1,14.4,14.49,140,0
1002.7,0.16,12.0,9.1,14.4,14.49,250,0
1002.7,0.16,12.0,9.1,14.4,24.15,270,2
1002.7,0.16,12.0,9.1,14.4,9.66,70,0
1002.7,0.16,12.0,9.1,14.4,10.79,19,0
1002.7,0.16,12.0,9.1,14.4,12.17,230,0
1002.7,0.16,12.0,9.1,14.4,10.42,189,0
1002.7,0.24,3.8,1.0,7.1,2.58,142,0
1002.7,0.24,3.8,1.0,7.1,17.71,291,2
1002.7,0.24,3.8,1.0,7.1,31.36,211,2
1002.7,0.24,3.8,1.0,7.1,6.44,220,0
1002.7,0.24,3.8,1.0,7.1,17.71,170,2
1002.7,0.24,3.8,1.0,7.1,12.88,170,0
1002.7,0.24,3.8,1.0,7.1,14.49,140,0
1002.7,0.24,3.8,1.0,7.1,14.49,250,0
1002.7,0.24,3.8,1.0,7.1,24.15,270,2
1002.7,0.24,3.8,1.0,7.1,9.66,70,0
1002.7,0.24,3.8,1.0,7.1,10.79,19,0
1002.7,0.24,3.8,1.0,7.1,12.17,230,0
1002.7,0.24,3.8,1.0,7.1,10.42,189,0
1002.7,0.25,6.6,2.3,9.1,2.58,142,0
1002.7,0.25,6.6,2.3,9.1,17.71,291,2
1002.7,0.25,6.6,2.3,9.1,31.36,211,2
1002.7,0.25,6.6,2.3,9.1,6.44,220,0
1002.7,0.25,6.6,2.3,9.1,17.71,170,2
1002.7,0.25,6.6,2.3,9.1,12.88,170,0
1002.7,0.25,6.6,2.3,9.1,14.49,140,0
1002.7,0.25,6.6,2.3,9.1,14.49,250,0
1002.7,0.25,6.6,2.3,9.1,24.15,270,2
1002.7,0.25,6.6,2.3,9.1,9.66,70,0
1002.7,0.25,6.6,2.3,9.1,10.79,19,0
1002.7,0.25,6.6,2.3,9.1,12.17,230,0
1002.7,0.25,6.6,2.3,9.1,10.42,189,0
1002.7,0.19,11.5,7.6,14.1,2.58,142,0
1002.7,0.19,11.5,7.6,14.1,17.71,291,2
1002.7,0.19,11.5,7.6,14.1,31.36,211,2
1002.7,0.19,11.5,7.6,14.1,6.44,220,0
1002.7,0.19,11.5,7.6,14.1,17.71,170,2
1002.7,0.19,11.5,7.6,14.1,12.88,170,0
1002.7,0.19,11.5,7.6,14.1,14.49,140,0
1002.7,0.19,11.5,7.6,14.1,14.49,250,0
1002.7,0.19,11.5,7.6,14.1,24.15,270,2
1002.7,0.19,11.5,7.6,14.1,9.66,70,0
1002.7,0.19,11.5,7.6,14.1,10.79,19,0
1002.7,0.19,11.5,7.6,14.1,12.17,230,0
1002.7,0.19,11.5,7.6,14.1,10.42,189,0
1002.7,0.17,9.4,7.2,12.0,2.58,142,0
1002.7,0.17,9.4,7.2,12.0,17.71,291,2
1002.7,0.17,9.4,7.2,12.0,31.36,211,2
1002.7,0.17,9.4,7.2,12.0,6.44,220,0
1002.7,0.17,9.4,7.2,12.0,17.71,170,2
1002.7,0.17,9.4,7.2,12.0,12.88,170,0
1002.7,0.17,9.4,7.2,12.0,14.49,140,0
1002.7,0.17,9.4,7.2,12.0,14.49,250,0
1002.7,0.17,9.4,7.2,12.0,24.15,270,2
1002.7,0.17,9.4,7.2,12.0,9.66,70,0
1002.7,0.17,9.4,7.2,12.0,10.79,19,0
1002.7,0.17,9.4,7.2,12.0,12.17,230,0
1002.7,0.17,9.4,7.2,12.0,10.42,189,0
1002.7,0.25,8.4,3.5,13.4,2.58,142,0
1002.7,0.25,8.4,3.5,13.4,17.71,291,2
1002.7,0.25,8.4,3.5,13.4,31.36,211,2
1002.7,0.25,8.4,3.5,13.4,6.44,220,0
1002.7,0.25,8.4,3.5,13.4,17.71,170,2
1002.7,0.25,8.4,3.5,13.4,12.88,170,0
1002.7,0.25,8.4,3.5,13.4,14.49,140,0
1002.7,0.25,8.4,3.5,13.4,14.49,250,0
1002.7,0.25,8.4,3.5,13.4,24.15,270,2
1002.7,0.25,8.4,3.5,13.4,9.66,70,0
1002.7,0.25,8.4,3.5,13.4,10.79,19,0
1002.7,0.25,8.4,3.5,13.4,12.17,230,0
1002.7,0.25,8.4,3.5,13.4,10.42,189,0
1002.7,0.44,2.0,-2.1,6.1,2.58,142,0
1002.7,0.44,2.0,-2.1,6.1,17.71,291,2
1002.7,0.44,2.0,-2.1,6.1,31.36,211,2
1002.7,0.44,2.0,-2.1,6.1,6.44,220,0
1002.7,0.44,2.0,-2.1,6.1,17.71,170,2
1002.7,0.44,2.0,-2.1,6.1,12.88,170,0
1002.7,0.44,2.0,-2.1,6.1,14.49,140,0
1002.7,0.44,2.0,-2.1,6.1,14.49,250,0
1002.7,0.44,2.0,-2.1,6.1,24.15,270,2
1002.7,0.44,2.0,-2.1,6.1,9.66,70,0
1002.7,0.44,2.0,-2.1,6.1,10.79,19,0
1002.7,0.44,2.0,-2.1,6.1,12.17,230,0
1002.7,0.44,2.0,-2.1,6.1,10.42,189,0
1002.7,0.22,9.6,7.2,11.5,2.58,142,0
1002.7,0.22,9.6,7.2,11.5,17.71,291,2
1002.7,0.22,9.6,7.2,11.5,31.36,211,2
1002.7,0.22,9.6,7.2,11.5,6.44,220,0
1002.7,0.22,9.6,7.2,11.5,17.71,170,2
1002.7,0.22,9.6,7.2,11.5,12.88,170,0
1002.7,0.22,9.6,7.2,11.5,14.49,140,0
1002.7,0.22,9.6,7.2,11.5,14.49,250,0
1002.7,0.22,9.6,7.2,11.5,24.15,270,2
1002.7,0.22,9.6,7.2,11.5,9.66,70,0
1002.7,0.22,9.6,7.2,11.5,10.79,19,0
1002.7,0.22,9.6,7.2,11.5,12.17,230,0
1002.7,0.22,9.6,7.2,11.5,10.42,189,0
1002.7,0.19,9.6,7.4,11.5,2.58,142,0
1002.7,0.19,9.6,7.4,11.5,17.71,291,2
1002.7,0.19,9.6,7.4,11.5,31.36,211,2
1002.7,0.19,9.6,7.4,11.5,6.44,220,0
1002.7,0.19,9.6,7.4,11.5,17.71,170,2
1002.7,0.19,9.6,7.4,11.5,12.88,170,0
1002.7,0.19,9.6,7.4,11.5,14.49,140,0
1002.7,0.19,9.6,7.4,11.5,14.49,250,0
1002.7,0.19,9.6,7.4,11.5,24.15,270,2
1002.7,0.19,9.6,7.4,11.5,9.66,70,0
1002.7,0.19,9.6,7.4,11.5,10.79,19,0
1002.7,0.19,9.6,7.4,11.5,12.17,230,0
1002.7,0.19,9.6,7.4,11.5,10.42,189,0
1002.7,0.21,11.0,9.4,12.3,2.58,142,0
1002.7,0.21,11.0,9.4,12.3,17.71,291,2
1002.7,0.21,11.0,9.4,12.3,31.36,211,2
1002.7,0.21,11.0,9.4,12.3,6.44,220,0
1002.7,0.21,11.0,9.4,12.3,17.71,170,2
1002.7,0.21,11.0,9.4,12.3,12.88,170,0
1002.7,0.21,11.0,9.4,12.3,14.49,140,0
1002.7,0.21,11.0,9.4,12.3,14.49,250,0
1002.7,0.21,11.0,9.4,12.3,24.15,270,2
1002.7,0.21,11.0,9.4,12.3,9.66,70,0
1002.7,0.21,11.0,9.4,12.3,10.79,19,0
1002.7,0.21,11.0,9.4,12.3,12.17,230,0
1002.7,0.21,11.0,9.4,12.3,10.42,189,0
1002.7,0.35,12.4,10.7,13.7,2.58,142,0
1002.7,0.35,12.4,10.7,13.7,17.71,291,2
1002.7,0.35,12.4,10.7,13.7,31.36,211,2
1002.7,0.35,12.4,10.7,13.7,6.44,220,0
1002.7,0.35,12.4,10.7,13.7,17.71,170,2
1002.7,0.35,12.4,10.7,13.7,12.88,170,0
1002.7,0.35,12.4,10.7,13.7,14.49,140,0
1002.7,0.35,12.4,10.7,13.7,14.49,250,0
1002.7,0.35,12.4,10.7,13.7,24.15,270,2
1002.7,0.35,12.4,10.7,13.7,9.66,70,0
1002.7,0.35,12.4,10.7,13.7,10.79,19,0
1002.7,0.35,12.4,10.7,13.7,12.17,230,0
1002.7,0.35,12.4,10.7,13.7,10.42,189,0
1002.7,0.2,-6.7,-8.9,-5.5,2.58,142,0
1002.7,0.2,-6.7,-8.9,-5.5,17.71,291,2
1002.7,0.2,-6.7,-8.9,-5.5,31.36,211,2
1002.7,0.2,-6.7,-8.9,-5.5,6.44,220,0
1002.7,0.2,-6.7,-8.9,-5.5,17.71,170,2
1002.7,0.2,-6.7,-8.9,-5.5,12.88,170,0
1002.7,0.2,-6.7,-8.9,-5.5,14.49,140,0
1002.7,0.2,-6.7,-8.9,-5.5,14.49,250,0
1002.7,0.2,-6.7,-8.9,-5.5,24.15,270,2
1002.7,0.2,-6.7,-8.9,-5.5,9.66,70,0
1002.7,0.2,-6.7,-8.9,-5.5,10.79,19,0
1002.7,0.2,-6.7,-8.9,-5.5,12.17,230,0
1002.7,0.2,-6.7,-8.9,-5.5,10.42,189,0
1002.7,0.29,13.9,13.1,15.1,2.58,142,0
1002.7,0.29,13.9,13.1,15.1,17.71,291,2
1002.7,0.29,13.9,13.1,15.1,31.36,211,2
1002.7,0.29,13.9,13.1,15.1,6.44,220,0
1002.7,0.29,13.9,13.1,15.1,17.71,170,2
1002.7,0.29,13.9,13.1,15.1,12.88,170,0
1002.7,0.29,13.9,13.1,15.1,14.49,140,0
1002.7,0.29,13.9,13.1,15.1,14.49,250,0
1002.7,0.29,13.9,13.1,15.1,24.15,270,2
1002.7,0.29,13.9,13.1,15.1,9.66,70,0
1002.7,0.29,13.9,13.1,15.1,10.79,19,0
1002.7,0.29,13.9,13.1,15.1,12.17,230,0
1002.7,0.29,13.9,13.1,15.1,10.42,189,0
1002.7,0.28,5.9,4.8,7.3,2.58,142,0
1002.7,0.28,5.9,4.8,7.3,17.71,291,2
1002.7,0.28,5.9,4.8,7.3,31.36,211,2
1002.7,0.28,5.9,4.8,7.3,6.44,220,0
1002.7,0.28,5.9,4.8,7.3,17.71,170,2
1002.7,0.28,5.9,4.8,7.3,12.88,170,0
1002.7,0.28,5.9,4.8,7.3,14.49,140,0
1002.7,0.28,5.9,4.8,7.3,14.49,250,0
1002.7,0.28,5.9,4.8,7.3,24.15,270,2
1002.7,0.28,5.9,4.8,7.3,9.66,70,0
1002.7,0.28,5.9,4.8,7.3,10.79,19,0
1002.7,0.28,5.9,4.8,7.3,12.17,230,0
1002.7,0.28,5.9,4.8,7.3,10.42,189,0
1002.7,0.72,7.6,6.3,8.4,2.58,142,0
1002.7,0.72,7.6,6.3,8.4,17.71,291,2
1002.7,0.72,7.6,6.3,8.4,31.36,211,2
1002.7,0.72,7.6,6.3,8.4,6.44,220,0
1002.7,0.72,7.6,6.3,8.4,17.71,170,2
1002.7,0.72,7.6,6.3,8.4,12.88,170,0
1002.7,0.72,7.6,6.3,8.4,14.49,140,0
1002.7,0.72,7.6,6.3,8.4,14.49,250,0
1002.7,0.72,7.6,6.3,8.4,24.15,270,2
1002.7,0.72,7.6,6.3,8.4,9.66,70,0
1002.7,0.72,7.6,6.3,8.4,10.79,19,0
1002.7,0.72,7.6,6.3,8.4,12.17,230,0
1002.7,0.72,7.6,6.3,8.4,10.42,189,0
1002.8,0.69,7.6,4.3,12.6,11.27,160,1
1002.8,0.69,7.6,4.3,12.6,14.49,250,1
1002.8,0.69,7.6,4.3,12.6,20.93,270,3
1002.8,0.69,7.6,4.3,12.6,32.2,320,3
1002.8,0.69,7.6,4.3,12.6,27.27,261,3
1002.8,0.69,7.6,4.3,12.6,35.61,141,3
1002.8,0.69,7.6,4.3,12.6,19.95,280,3
1002.8,0.69,7.6,4.3,12.6,35.42,340,3
1002.8,0.69,7.6,4.3,12.6,28.98,320,3
1002.8,0.69,7.6,4.3,12.6,18.5,130,3
1002.8,0.69,7.6,4.3,12.6,14.04,350,1
1002.8,2.1,9.2,2.0,16.2,11.27,160,1
1002.8,2.1,9.2,2.0,16.2,14.49,250,1
1002.8,2.1,9.2,2.0,16.2,20.93,270,3
1002.8,2.1,9.2,2.0,16.2,32.2,320,3
1002.8,2.1,9.2,2.0,16.2,27.27,261,3
1002.8,2.1,9.2,2.0,16.2,35.61,141,3
1002.8,2.1,9.2,2.0,16.2,19.95,280,3
1002.8,2.1,9.2,2.0,16.2,35.42,340,3
1002.8,2.1,9.2,2.0,16.2,28.98,320,3
1002.8,2.1,9.2,2.0,16.2,18.5,130,3
1002.8,2.1,9.2,2.0,16.2,14.04,350,1
1002.8,0.96,14.5,12.4,17.9,11.27,160,1
1002.8,0.96,14.5,12.4,17.9,14.49,250,1
1002.8,0.96,14.5,12.4,17.9,20.93,270,3
1002.8,0.96,14.5,12.4,17.9,32.2,320,3
1002.8,0.96,14.5,12.4,17.9,27.27,261,3
1002.8,0.96,14.5,12.4,17.9,35.61,141,3
1002.8,0.96,14.5,12.4,17.9,19.95,280,3
1002.8,0.96,14.5,12.4,17.9,35.42,340,3
1002.8,0.96,14.5,12.4,17.9,28.98,320,3
1002.8,0.96,14.5,12.4,17.9,18.5,130,3
1002.8,0.96,14.5,12.4,17.9,14.04,350,1
1002.8,1.99,4.1,-1.8,8.1,11.27,160,1
1002.8,1.99,4.1,-1.8,8.1,14.49,250,1
1002.8,1.99,4.1,-1.8,8.1,20.93,270,3
1002.8,1.99,4.1,-1.8,8.1,32.2,320,3
1002.8,1.99,4.1,-1.8,8.1,27.27,261,3
1002.8,1.99,4.1,-1.8,8.1,35.61,141,3
1002.8,1.99,4.1,-1.8,8.1,19.95,280,3
1002.8,1.99,4.1,-1.8,8.1,35.42,340,3
1002.8,1.99,4.1,-1.8,8.1,28.98,320,3
1002.8,1.99,4.1,-1.8,8.1,18.5,130,3
1002.8,1.99,4.1,-1.8,8.1,14.04,350,1
1002.8,1.91,9.0,1.6,15.1,11.27,160,1
1002.8,1.91,9.0,1.6,15.1,14.49,250,1
1002.8,1.91,9.0,1.6,15.1,20.93,270,3
1002.8,1.91,9.0,1.6,15.1,32.2,320,3
1002.8,1.91,9.0,1.6,15.1,27.27,261,3
1002.8,1.91,9.0,1.6,15.1,35.61,141,3
1002.8,1.91,9.0,1.6,15.1,19.95,280,3
1002.8,1.91,9.0,1.6,15.1,35.42,340,3
1002.8,1.91,9.0,1.6,15.1,28.98,320,3
1002.8,1.91,9.0,1.6,15.1,18.5,130,3
1002.8,1.91,9.0,1.6,15.1,14.04,350,1
1002.8,1.81,4.1,-1.2,10.2,11.27,160,1
1002.8,1.81,4.1,-1.2,10.2,14.49,250,1
1002.8,1.81,4.1,-1.2,10.2,20.93,270,3
1002.8,1.81,4.1,-1.2,10.2,32.2,320,3
1002.8,1.81,4.1,-1.2,10.2,27.27,261,3
1002.8,1.81,4.1,-1.2,10.2,35.61,141,3
1002.8,1.81,4.1,-1.2,10.2,19.95,280,3
1002.8,1.81,4.1,-1.2,10.2,35.42,340,3
1002.8,1.81,4.1,-1.2,10.2,28.98,320,3
1002.8,1.81,4.1,-1.2,10.2,18.5,130,3
1002.8,1.81,4.1,-1.2,10.2,14.04,350,1
1002.8,0.27,-0.1,-2.2,4.5,11.27,160,1
1002.8,0.27,-0.1,-2.2,4.5,14.49,250,1
1002.8,0.27,-0.1,-2.2,4.5,20.93,270,3
1002.8,0.27,-0.1,-2.2,4.5,32.2,320,3
1002.8,0.27,-0.1,-2.2,4.5,27.27,261,3
1002.8,0.27,-0.1,-2.2,4.5,35.61,141,3
1002.8,0.27,-0.1,-2.2,4.5,19.95,280,3
1002.8,0.27,-0.1,-2.2,4.5,35.42,340,3
1002.8,0.27,-0.1,-2.2,4.5,28.98,320,3
1002.8,0.27,-0.1,-2.2,4.5,18.5,130,3
1002.8,0.27,-0.1,-2.2,4.5,14.04,350,1
1002.8,2.85,21.9,16.9,30.2,11.27,160,1
1002.8,2.85,21.9,16.9,30.2,14.49,250,1
1002.8,2.85,21.9,16.9,30.2,20.93,270,3
1002.8,2.85,21.9,16.9,30.2,32.2,320,3
1002.8,2.85,21.9,16.9,30.2,27.27,261,3
1002.8,2.85,21.9,16.9,30.2,35.61,141,3
1002.8,2.85,21.9,16.9,30.2,19.95,280,3
1002.8,2.85,21.9,16.9,30.2,35.42,340,3
1002.8,2.85,21.9,16.9,30.2,28.98,320,3
1002.8,2.85,21.9,16.9,30.2,18.5,130,3
1002.8,2.85,21.9,16.9,30.2,14.04,350,1
1002.8,0.62,16.4,12.2,22.0,11.27,160,1
1002.8,0.62,16.4,12.2,22.0,14.49,250,1
1002.8,0.62,16.4,12.2,22.0,20.93,270,3
1002.8,0.62,16.4,12.2,22.0,32.2,320,3
1002.8,0.62,16.4,12.2,22.0,27.27,261,3
1002.8,0.62,16.4,12.2,22.0,35.61,141,3
1002.8,0.62,16.4,12.2,22.0,19.95,280,3
1002.8,0.62,16.4,12.2,22.0,35.42,340,3
1002.8,0.62,16.4,12.2,22.0,28.98,320,3
1002.8,0.62,16.4,12.2,22.0,18.5,130,3
1002.8,0.62,16.4,12.2,22.0,14.04,350,1
1002.8,0.99,14.9,10.9,21.2,11.27,160,0
1002.8,0.99,14.9,10.9,21.2,14.49,250,0
1002.8,0.99,14.9,10.9,21.2,20.93,270,2
1002.8,0.99,14.9,10.9,21.2,32.2,320,2
1002.8,0.99,14.9,10.9,21.2,27.27,261,2
1002.8,0.99,14.9,10.9,21.2,35.61,141,2
1002.8,0.99,14.9,10.9,21.2,19.95,280,2
1002.8,0.99,14.9,10.9,21.2,35.42,340,2
1002.8,0.99,14.9,10.9,21.2,28.98,320,2
1002.8,0.99,14.9,10.9,21.2,18.5,130,2
1002.8,0.99,14.9,10.9,21.2,14.04,350,0
1002.8,1.25,16.0,12.4,20.3,11.27,160,0
1002.8,1.25,16.0,12.4,20.3,14.49,250,0
1002.8,1.25,16.0,12.4,20.3,20.93,270,2
1002.8,1.25,16.0,12.4,20.3,32.2,320,2
1002.8,1.25,16.0,12.4,20.3,27.27,261,2
1002.8,1.25,16.0,12.4,20.3,35.61,141,2
1002.8,1.25,16.0,12.4,20.3,19.95,280,2
1002.8,1.25,16.0,12.4,20.3,35.42,340,2
1002.8,1.25,16.0,12.4,20.3,28.98,320,2
1002.8,1.25,16.0,12.4,20.3,18.5,130,2
1002.8,1.25,16.0,12.4,20.3,14.04,350,0
1002.8,0.68,7.0,3.1,9.1,11.27,160,0
1002.8,0.68,7.0,3.1,9.1,14.49,250,0
1002.8,0.68,7.0,3.1,9.1,20.93,270,2
1002.8,0.68,7.0,3.1,9.1,32.2,320,2
1002.8,0.68,7.0,3.1,9.1,27.27,261,2
1002.8,0.68,7.0,3.1,9.1,35.61,141,2
1002.8,0.68,7.0,3.1,9.1,19.95,280,2
1002.8,0.68,7.0,3.1,9.1,35.42,340,2
1002.8,0.68,7.0,3.1,9.1,28.98,320,2
1002.8,0.68,7.0,3.1,9.1,18.5,130,2
1002.8,0.68,7.0,3.1,9.1,14.04,350,0
1002.8,0.54,9.3,7.9,12.1,11.27,160,0
1002.8,0.54,9.3,7.9,12.1,14.49,250,0
1002.8,0.54,9.3,7.9,12.1,20.93,270,2
1002.8,0.54,9.3,7.9,12.1,32.2,320,2
1002.8,0.54,9.3,7.9,12.1,27.27,261,2
1002.8,0.54,9.3,7.9,12.1,35.61,141,2
1002.8,0.54,9.3,7.9,12.1,19.95,280,2
1002.8,0.54,9.3,7.9,12.1,35.42,340,2
1002.8,0.54,9.3,7.9,12.1,28.98,320,2
1002.8,0.54,9.3,7.9,12.1,18.5,130,2
1002.8,0.54,9.3,7.9,12.1,14.04,350,0
1002.8,0.34,13.4,11.5,15.4,11.27,160,0
1002.8,0.34,13.4,11.5,15.4,14.49,250,0
1002.8,0.34,13.4,11.5,15.4,20.93,270,2
1002.8,0.34,13.4,11.5,15.4,32.2,320,2
1002.8,0.34,13.4,11.5,15.4,27.27,261,2
1002.8,0.34,13.4,11.5,15.4,35.61,141,2
1002.8,0.34,13.4,11.5,15.4,19.95,280,2
1002.8,0.34,13.4,11.5,15.4,35.42,340,2
1002.8,0.34,13.4,11.5,15.4,28.98,320,2
1002.8,0.34,13.4,11.5,15.4,18.5,130,2
1002.8,0.34,13.4,11.5,15.4,14.04,350,0
1002.8,2.08,7.5,2.2,12.5,11.27,160,0
1002.8,2.08,7.5,2.2,12.5,14.49,250,0
1002.8,2.08,7.5,2.2,12.5,20.93,270,2
1002.8,2.08,7.5,2.2,12.5,32.2,320,2
1002.8,2.08,7.5,2.2,12.5,27.27,261,2
1002.8,2.08,7.5,2.2,12.5,35.61,141,2
1002.8,2.08,7.5,2.2,12.5,19.95,280,2
1002.8,2.08,7.5,2.2,12.5,35.42,340,2
1002.8,2.08,7.5,2.2,12.5,28.98,320,2
1002.8,2.08,7.5,2.2,12.5,18.5,130,2
1002.8,2.08,7.5,2.2,12.5,14.04,350,0
1002.8,0.52,10.1,6.2,14.0,11.27,160,0
1002.8,0.52,10.1,6.2,14.0,14.49,250,0
1002.8,0.52,10.1,6.2,14.0,20.93,270,2
1002.8,0.52,10.1,6.2,14.0,32.2,320,2
1002.8,0.52,10.1,6.2,14.0,27.27,261,2
1002.8,0.52,10.1,6.2,14.0,35.61,141,2
1002.8,0.52,10.1,6.2,14.0,19.95,280,2
1002.8,0.52,10.1,6.2,14.0,35.42,340,2
1002.8,0.52,10.1,6.2,14.0,28.98,320,2
1002.8,0.52,10.1,6.2,14.0,18.5,130,2
1002.8,0.52,10.1,6.2,14.0,14.04,350,0
1002.8,1.3,-0.4,-2.1,2.4,11.27,160,0
1002.8,1.3,-0.4,-2.1,2.4,14.49,250,0
1002.8,1.3,-0.4,-2.1,2.4,20.93,270,2
1002.8,1.3,-0.4,-2.1,2.4,32.2,320,2
1002.8,1.3,-0.4,-2.1,2.4,27.27,261,2
1002.8,1.3,-0.4,-2.1,2.4,35.61,141,2
1002.8,1.3,-0.4,-2.1,2.4,19.95,280,2
1002.8,1.3,-0.4,-2.1,2.4,35.42,340,2
1002.8,1.3,-0.4,-2.1,2.4,28.98,320,2
1002.8,1.3,-0.4,-2.1,2.4,18.5,130,2
1002.8,1.3,-0.4,-2.1,2.4,14.04,350,0
1002.8,1.0,6.8,3.9,10.4,11.27,160,0
1002.8,1.0,6.8,3.9,10.4,14.49,250,0
1002.8,1.0,6.8,3.9,10.4,20.93,270,2
1002.8,1.0,6.8,3.9,10.4,32.2,320,2
1002.8,1.0,6.8,3.9,10.4,27.27,261,2
1002.8,1.0,6.8,3.9,10.4,35.61,141,2
1002.8,1.0,6.8,3.9,10.4,19.95,280,2
1002.8,1.0,6.8,3.9,10.4,35.42,340,2
1002.8,1.0,6.8,3.9,10.4,28.98,320,2
1002.8,1.0,6.8,3.9,10.4,18.5,130,2
1002.8,1.0,6.8,3.9,10.4,14.04,350,0
1002.8,0.22,4.5,2.4,10.0,11.27,160,0
1002.8,0.22,4.5,2.4,10.0,14.49,250,0
1002.8,0.22,4.5,2.4,10.0,20.93,270,2
1002.8,0.22,4.5,2.4,10.0,32.2,320,2
1002.8,0.22,4.5,2.4,10.0,27.27,261,2
1002.8,0.22,4.5,2.4,10.0,35.61,141,2
1002.8,0.22,4.5,2.4,10.0,19.95,280,2
1002.8,0.22,4.5,2.4,10.0,35.42,340,2
1002.8,0.22,4.5,2.4,10.0,28.98,320,2
1002.8,0.22,4.5,2.4,10.0,18.5,130,2
1002.8,0.22,4.5,2.4,10.0,14.04,350,0
1002.8,0.15,10.4,8.0,12.5,11.27,160,0
1002.8,0.15,10.4,8.0,12.5,14.49,250,0
1002.8,0.15,10.4,8.0,12.5,20.93,270,2
1002.8,0.15,10.4,8.0,12.5,32.2,320,2
1002.8,0.15,10.4,8.0,12.5,27.27,261,2
1002.8,0.15,10.4,8.0,12.5,35.61,141,2
1002.8,0.15,10.4,8.0,12.5,19.95,280,2
1002.8,0.15,10.4,8.0,12.5,35.42,340,2
1002.8,0.15,10.4,8.0,12.5,28.98,320,2
1002.8,0.15,10.4,8.0,12.5,18.5,130,2
1002.8,0.15,10.4,8.0,12.5,14.04,350,0
1002.8,0.93,15.6,12.5,19.5,11.27,160,0
1002.8,0.93,15.6,12.5,19.5,14.49,250,0
1002.8,0.93,15.6,12.5,19.5,20.93,270,2
1002.8,0.93,15.6,12.5,19.5,32.2,320,2
1002.8,0.93,15.6,12.5,19.5,27.27,261,2
1002.8,0.93,15.6,12.5,19.5,35.61,141,2
1002.8,0.93,15.6,12.5,19.5,19.95,280,2
1002.8,0.93,15.6,12.5,19.5,35.42,340,2
1002.8,0.93,15.6,12.5,19.5,28.98,320,2
1002.8,0.93,15.6,12.5,19.5,18.5,130,2
1002.8,0.93,15.6,12.5,19.5,14.04,350,0
1002.8,0.19,6.1,3.9,8.3,11.27,160,0
1002.8,0.19,6.1,3.9,8.3,14.49,250,0
1002.8,0.19,6.1,3.9,8.3,20.93,270,2
1002.8,0.19,6.1,3.9,8.3,32.2,320,2
1002.8,0.19,6.1,3.9,8.3,27.27,261,2
1002.8,0.19,6.1,3.9,8.3,35.61,141,2
1002.8,0.19,6.1,3.9,8.3,19.95,280,2
1002.8,0.19,6.1,3.9,8.3,35.42,340,2
1002.8,0.19,6.1,3.9,8.3,28.98,320,2
1002.8,0.19,6.1,3.9,8.3,18.5,130,2
1002.8,0.19,6.1,3.9,8.3,14.04,350,0
1002.8,1.11,17.4,14.1,20.7,11.27,160,0
1002.8,1.11,17.4,14.1,20.7,14.49,250,0
1002.8,1.11,17.4,14.1,20.7,20.93,270,2
1002.8,1.11,17.4,14.1,20.7,32.2,320,2
1002.8,1.11,17.4,14.1,20.7,27.27,261,2
1002.8,1.11,17.4,14.1,20.7,35.61,141,2
1002.8,1.11,17.4,14.1,20.7,19.95,280,2
1002.8,1.11,17.4,14.1,20.7,35.42,340,2
1002.8,1.11,17.4,14.1,20.7,28.98,320,2
1002.8,1.11,17.4,14.1,20.7,18.5,130,2
1002.8,1.11,17.4,14.1,20.7,14.04,350,0
1002.8,0.29,8.6,7.0,10.7,11.27,160,0
1002.8,0.29,8.6,7.0,10.7,14.49,250,0
1002.8,0.29,8.6,7.0,10.7,20.93,270,2
1002.8,0.29,8.6,7.0,10.7,32.2,320,2
1002.8,0.29,8.6,7.0,10.7,27.27,261,2
1002.8,0.29,8.6,7.0,10.7,35.61,141,2
1002.8,0.29,8.6,7.0,10.7,19.95,280,2
1002.8,0.29,8.6,7.0,10.7,35.42,340,2
1002.8,0.29,8.6,7.0,10.7,28.98,320,2
1002.8,0.29,8.6,7.0,10.7,18.5,130,2
1002.8,0.29,8.6,7.0,10.7,14.04,350,0
1002.8,1.58,13.3,11.3,18.7,11.27,160,0
1002.8,1.58,13.3,11.3,18.7,14.49,250,0
1002.8,1.58,13.3,11.3,18.7,20.93,270,2
1002.8,1.58,13.3,11.3,18.7,32.2,320,2
1002.8,1.58,13.3,11.3,18.7,27.27,261,2
1002.8,1.58,13.3,11.3,18.7,35.61,141,2
1002.8,1.58,13.3,11.3,18.7,19.95,280,2
1002.8,1.58,13.3,11.3,18.7,35.42,340,2
1002.8,1.58,13.3,11.3,18.7,28.98,320,2
1002.8,1.58,13.3,11.3,18.7,18.5,130,2
1002.8,1.58,13.3,11.3,18.7,14.04,350,0
1002.8,0.09,4.4,2.7,9.1,11.27,160,0
1002.8,0.09,4.4,2.7,9.1,14.49,250,0
1002.8,0.09,4.4,2.7,9.1,20.93,270,2
1002.8,0.09,4.4,2.7,9.1,32.2,320,2
1002.8,0.09,4.4,2.7,9.1,27.27,261,2
1002.8,0.09,4.4,2.7,9.1,35.61,141,2
1002.8,0.09,4.4,2.7,9.1,19.95,280,2
1002.8,0.09,4.4,2.7,9.1,35.42,340,2
1002.8,0.09,4.4,2.7,9.1,28.98,320,2
1002.8,0.09,4.4,2.7,9.1,18.5,130,2
1002.8,0.09,4.4,2.7,9.1,14.04,350,0
1002.8,0.22,14.4,13.5,18.5,11.27,160,0
1002.8,0.22,14.4,13.5,18.5,14.49,250,0
1002.8,0.22,14.4,13.5,18.5,20.93,270,2
1002.8,0.22,14.4,13.5,18.5,32.2,320,2
1002.8,0.22,14.4,13.5,18.5,27.27,261,2
1002.8,0.22,14.4,13.5,18.5,35.61,141,2
1002.8,0.22,14.4,13.5,18.5,19.95,280,2
1002.8,0.22,14.4,13.5,18.5,35.42,340,2
1002.8,0.22,14.4,13.5,18.5,28.98,320,2
1002.8,0.22,14.4,13.5,18.5,18.5,130,2
1002.8,0.22,14.4,13.5,18.5,14.04,350,0
1002.8,0.16,0.6,0.0,1.1,11.27,160,0
1002.8,0.16,0.6,0.0,1.1,14.49,250,0
1002.8,0.16,0.6,0.0,1.1,20.93,270,2
1002.8,0.16,0.6,0.0,1.1,32.2,320,2
1002.8,0.16,0.6,0.0,1.1,27.27,261,2
1002.8,0.16,0.6,0.0,1.1,35.61,141,2
1002.8,0.16,0.6,0.0,1.1,19.95,280,2
1002.8,0.16,0.6,0.0,1.1,35.42,340,2
1002.8,0.16,0.6,0.0,1.1,28.98,320,2
1002.8,0.16,0.6,0.0,1.1,18.5,130,2
1002.8,0.16,0.6,0.0,1.1,14.04,350,0
1002.8,0.33,-0.7,-1.3,0.4,11.27,160,0
1002.8,0.33,-0.7,-1.3,0.4,14.49,250,0
1002.8,0.33,-0.7,-1.3,0.4,20.93,270,2
1002.8,0.33,-0.7,-1.3,0.4,32.2,320,2
1002.8,0.33,-0.7,-1.3,0.4,27.27,261,2
1002.8,0.33,-0.7,-1.3,0.4,35.61,141,2
1002.8,0.33,-0.7,-1.3,0.4,19.95,280,2
1002.8,0.33,-0.7,-1.3,0.4,35.42,340,2
1002.8,0.33,-0.7,-1.3,0.4,28.98,320,2
1002.8,0.33,-0.7,-1.3,0.4,18.5,130,2
1002.8,0.33,-0.7,-1.3,0.4,14.04,350,0
1002.8,0.28,2.3,1.0,4.2,11.27,160,0
1002.8,0.28,2.3,1.0,4.2,14.49,250,0
1002.8,0.28,2.3,1.0,4.2,20.93,270,2
1002.8,0.28,2.3,1.0,4.2,32.2,320,2
1002.8,0.28,2.3,1.0,4.2,27.27,261,2
1002.8,0.28,2.3,1.0,4.2,35.61,141,2
1002.8,0.28,2.3,1.0,4.2,19.95,280,2
1002.8,0.28,2.3,1.0,4.2,35.42,340,2
1002.8,0.28,2.3,1.0,4.2,28.98,320,2
1002.8,0.28,2.3,1.0,4.2,18.5,130,2
1002.8,0.28,2.3,1.0,4.2,14.04,350,0
1002.8,0.14,9.0,5.0,10.9,11.27,160,0
1002.8,0.14,9.0,5.0,10.9,14.49,250,0
1002.8,0.14,9.0,5.0,10.9,20.93,270,2
1002.8,0.14,9.0,5.0,10.9,32.2,320,2
1002.8,0.14,9.0,5.0,10.9,27.27,261,2
1002.8,0.14,9.0,5.0,10.9,35.61,141,2
1002.8,0.14,9.0,5.0,10.9,19.95,280,2
1002.8,0.14,9.0,5.0,10.9,35.42,340,2
1002.8,0.14,9.0,5.0,10.9,28.98,320,2
1002.8,0.14,9.0,5.0,10.9,18.5,130,2
1002.8,0.14,9.0,5.0,10.9,14.04,350,0
1002.8,0.48,0.4,-0.5,1.3,11.27,160,0
1002.8,0.48,0.4,-0.5,1.3,14.49,250,0
1002.8,0.48,0.4,-0.5,1.3,20.93,270,2
1002.8,0.48,0.4,-0.5,1.3,32.2,320,2
1002.8,0.48,0.4,-0.5,1.3,27.27,261,2
1002.8,0.48,0.4,-0.5,1.3,35.61,141,2
1002.8,0.48,0.4,-0.5,1.3,19.95,280,2
1002.8,0.48,0.4,-0.5,1.3,35.42,340,2
1002.8,0.48,0.4,-0.5,1.3,28.98,320,2
1002.8,0.48,0.4,-0.5,1.3,18.5,130,2
1002.8,0.48,0.4,-0.5,1.3,14.04,350,0
1002.8,0.24,-0.3,-1.5,1.2,11.27,160,0
1002.8,0.24,-0.3,-1.5,1.2,14.49,250,0
1002.8,0.24,-0.3,-1.5,1.2,20.93,270,2
1002.8,0.24,-0.3,-1.5,1.2,32.2,320,2
1002.8,0.24,-0.3,-1.5,1.2,27.27,261,2
1002.8,0.24,-0.3,-1.5,1.2,35.61,141,2
1002.8,0.24,-0.3,-1.5,1.2,19.95,280,2
1002.8,0.24,-0.3,-1.5,1.2,35.42,340,2
1002.8,0.24,-0.3,-1.5,1.2,28.98,320,2
1002.8,0.24,-0.3,-1.5,1.2,18.5,130,2
1002.8,0.24,-0.3,-1.5,1.2,14.04,350,0
1002.9,0.58,1.3,-2.3,5.6,9.21,298,1
1002.9,0.58,1.3,-2.3,5.6,16.05,209,3
1002.9,0.58,1.3,-2.3,5.6,12.69,150,1
1002.9,0.58,1.3,-2.3,5.6,14.49,240,1
1002.9,0.58,1.3,-2.3,5.6,20.93,150,3
1002.9,0.58,1.3,-2.3,5.6,11.27,20,1
1002.9,0.58,1.3,-2.3,5.6,9.66,330,1
1002.9,0.58,1.3,-2.3,5.6,14.49,280,1
1002.9,0.58,1.3,-2.3,5.6,12.88,30,1
1002.9,0.58,1.3,-2.3,5.6,1.61,60,1
1002.9,0.58,1.3,-2.3,5.6,14.49,10,1
1002.9,0.58,1.3,-2.3,5.6,1.51,335,1
1002.9,0.58,1.3,-2.3,5.6,16.21,224,3
1002.9,0.58,1.3,-2.3,5.6,27.37,320,3
1002.9,0.58,1.3,-2.3,5.6,38.64,300,3
1002.9,0.58,1.3,-2.3,5.6,10.63,191,1
1002.9,0.58,1.3,-2.3,5.6,5.78,204,1
1002.9,0.58,1.3,-2.3,5.6,27.97,321,3
1002.9,0.58,1.3,-2.3,5.6,12.11,232,1
1002.9,3.36,27.1,17.9,34.2,9.21,298,1
1002.9,3.36,27.1,17.9,34.2,16.05,209,3
1002.9,3.36,27.1,17.9,34.2,12.69,150,1
1002.9,3.36,27.1,17.9,34.2,14.49,240,1
1002.9,3.36,27.1,17.9,34.2,20.93,150,3
1002.9,3.36,27.1,17.9,34.2,11.27,20,1
1002.9,3.36,27.1,17.9,34.2,9.66,330,1
1002.9,3.36,27.1,17.9,34.2,14.49,280,1
1002.9,3.36,27.1,17.9,34.2,12.88,30,1
1002.9,3.36,27.1,17.9,34.2,1.61,60,1
1002.9,3.36,27.1,17.9,34.2,14.49,10,1
1002.9,3.36,27.1,17.9,34.2,1.51,335,1
1002.9,3.36,27.1,17.9,34.2,16.21,224,3
1002.9,3.36,27.1,17.9,34.2,27.37,320,3
1002.9,3.36,27.1,17.9,34.2,38.64,300,3
1002.9,3.36,27.1,17.9,34.2,10.63,191,1
1002.9,3.36,27.1,17.9,34.2,5.78,204,1
1002.9,3.36,27.1,17.9,34.2,27.97,321,3
1002.9,3.36,27.1,17.9,34.2,12.11,232,1
1002.9,0.55,6.5,-0.3,11.8,9.21,298,1
1002.9,0.55,6.5,-0.3,11.8,16.05,209,3
1002.9,0.55,6.5,-0.3,11.8,12.69,150,1
1002.9,0.55,6.5,-0.3,11.8,14.49,240,1
1002.9,0.55,6.5,-0.3,11.8,20.93,150,3
1002.9,0.55,6.5,-0.3,11.8,11.27,20,1
1002.9,0.55,6.5,-0.3,11.8,9.66,330,1
1002.9,0.55,6.5,-0.3,11.8,14.49,280,1
1002.9,0.55,6.5,-0.3,11.8,12.88,30,1
1002.9,0.55,6.5,-0.3,11.8,1.61,60,1
1002.9,0.55,6.5,-0.3,11.8,14.49,10,1
1002.9,0.55,6.5,-0.3,11.8,1.51,335,1
1002.9,0.55,6.5,-0.3,11.8,16.21,224,3
1002.9,0.55,6.5,-0.3,11.8,27.37,320,3
1002.9,0.55,6.5,-0.3,11.8,38.64,300,3
1002.9,0.55,6.5,-0.3,11.8,10.63,191,1
1002.9,0.55,6.5,-0.3,11.8,5.78,204,1
1002.9,0.55,6.5,-0.3,11.8,27.97,321,3
1002.9,0.55,6.5,-0.3,11.8,12.11,232,1
1002.9,0.96,9.8,5.0,14.1,9.21,298,1
1002.9,0.96,9.8,5.0,14.1,16.05,209,3
1002.9,0.96,9.8,5.0,14.1,12.69,150,1
1002.9,0.96,9.8,5.0,14.1,14.49,240,1
1002.9,0.96,9.8,5.0,14.1,20.93,150,3
1002.9,0.96,9.8,5.0,14.1,11.27,20,1
1002.9,0.96,9.8,5.0,14.1,9.66,330,1
1002.9,0.96,9.8,5.0,14.1,14.49,280,1
1002.9,0.96,9.8,5.0,14.1,12.88,30,1
1002.9,0.96,9.8,5.0,14.1,1.61,60,1
1002.9,0.96,9.8,5.0,14.1,14.49,10,1
1002.9,0.96,9.8,5.0,14.1,1.51,335,1
1002.9,0.96,9.8,5.0,14.1,16.21,224,3
1002.9,0.96,9.8,5.0,14.1,27.37,320,3
1002.9,0.96,9.8,5.0,14.1,38.64,300,3
1002.9,0.96,9.8,5.0,14.1,10.63,191,1
1002.9,0.96,9.8,5.0,14.1,5.78,204,1
1002.9,0.96,9.8,5.0,14.1,27.97,321,3
1002.9,0.96,9.8,5.0,14.1,12.11,232,1
1002.9,0.54,5.7,1.0,9.4,9.21,298,1
1002.9,0.54,5.7,1.0,9.4,16.05,209,3
1002.9,0.54,5.7,1.0,9.4,12.69,150,1
1002.9,0.54,5.7,1.0,9.4,14.49,240,1
1002.9,0.54,5.7,1.0,9.4,20.93,150,3
1002.9,0.54,5.7,1.0,9.4,11.27,20,1
1002.9,0.54,5.7,1.0,9.4,9.66,330,1
1002.9,0.54,5.7,1.0,9.4,14.49,280,1
1002.9,0.54,5.7,1.0,9.4,12.88,30,1
1002.9,0.54,5.7,1.0,9.4,1.61,60,1
1002.9,0.54,5.7,1.0,9.4,14.49,10,1
1002.9,0.54,5.7,1.0,9.4,1.51,335,1
1002.9,0.54,5.7,1.0,9.4,16.21,224,3
1002.9,0.54,5.7,1.0,9.4,27.37,320,3
1002.9,0.54,5.7,1.0,9.4,38.64,300,3
1002.9,0.54,5.7,1.0,9.4,10.63,191,1
1002.9,0.54,5.7,1.0,9.4,5.78,204,1
1002.9,0.54,5.7,1.0,9.4,27.97,321,3
1002.9,0.54,5.7,1.0,9.4,12.11,232,1
1002.9,1.57,15.4,11.5,18.5,9.21,298,1
1002.9,1.57,15.4,11.5,18.5,16.05,209,3
1002.9,1.57,15.4,11.5,18.5,12.69,150,1
1002.9,1.57,15.4,11.5,18.5,14.49,240,1
1002.9,1.57,15.4,11.5,18.5,20.93,150,3
1002.9,1.57,15.4,11.5,18.5,11.27,20,1
1002.9,1.57,15.4,11.5,18.5,9.66,330,1
1002.9,1.57,15.4,11.5,18.5,14.49,280,1
1002.9,1.57,15.4,11.5,18.5,12.88,30,1
1002.9,1.57,15.4,11.5,18.5,1.61,60,1
1002.9,1.57,15.4,11.5,18.5,14.49,10,1
1002.9,1.57,15.4,11.5,18.5,1.51,335,1
1002.9,1.57,15.4,11.5,18.5,16.21,224,3
1002.9,1.57,15.4,11.5,18.5,27.37,320,3
1002.9,1.57,15.4,11.5,18.5,38.64,300,3
1002.9,1.57,15.4,11.5,18.5,10.63,191,1
1002.9,1.57,15.4,11.5,18.5,5.78,204,1
1002.9,1.57,15.4,11.5,18.5,27.97,321,3
1002.9,1.57,15.4,11.5,18.5,12.11,232,1
1002.9,2.14,13.8,7.2,20.0,9.21,298,1
1002.9,2.14,13.8,7.2,20.0,16.05,209,3
1002.9,2.14,13.8,7.2,20.0,12.69,150,1
1002.9,2.14,13.8,7.2,20.0,14.49,240,1
1002.9,2.14,13.8,7.2,20.0,20.93,150,3
1002.9,2.14,13.8,7.2,20.0,11.27,20,1
1002.9,2.14,13.8,7.2,20.0,9.66,330,1
1002.9,2.14,13.8,7.2,20.0,14.49,280,1
1002.9,2.14,13.8,7.2,20.0,12.88,30,1
1002.9,2.14,13.8,7.2,20.0,1.61,60,1
1002.9,2.14,13.8,7.2,20.0,14.49,10,1
1002.9,2.14,13.8,7.2,20.0,1.51,335,1
1002.9,2.14,13.8,7.2,20.0,16.21,224,3
1002.9,2.14,13.8,7.2,20.0,27.37,320,3
1002.9,2.14,13.8,7.2,20.0,38.64,300,3
1002.9,2.14,13.8,7.2,20.0,10.63,191,1
1002.9,2.14,13.8,7.2,20.0,5.78,204,1
1002.9,2.14,13.8,7.2,20.0,27.97,321,3
1002.9,2.14,13.8,7.2,20.0,12.11,232,1
1002.9,1.76,10.3,6.6,12.7,9.21,298,1
1002.9,1.76,10.3,6.6,12.7,16.05,209,3
1002.9,1.76,10.3,6.6,12.7,12.69,150,1
1002.9,1.76,10.3,6.6,12.7,14.49,240,1
1002.9,1.76,10.3,6.6,12.7,20.93,150,3
1002.9,1.76,10.3,6.6,12.7,11.27,20,1
1002.9,1.76,10.3,6.6,12.7,9.66,330,1
1002.9,1.76,10.3,6.6,12.7,14.49,280,1
1002.9,1.76,10.3,6.6,12.7,12.88,30,1
1002.9,1.76,10.3,6.6,12.7,1.61,60,1
1002.9,1.76,10.3,6.6,12.7,14.49,10,1
1002.9,1.76,10.3,6.6,12.7,1.51,335,1
1002.9,1.76,10.3,6.6,12.7,16.21,224,3
1002.9,1.76,10.3,6.6,12.7,27.37,320,3
1002.9,1.76,10.3,6.6,12.7,38.64,300,3
1002.9,1.76,10.3,6.6,12.7,10.63,191,1
1002.9,1.76,10.3,6.6,12.7,5.78,204,1
1002.9,1.76,10.3,6.6,12.7,27.97,321,3
1002.9,1.76,10.3,6.6,12.7,12.11,232,1
1002.9,1.36,13.7,10.5,19.0,9.21,298,1
1002.9,1.36,13.7,10.5,19.0,16.05,209,3
1002.9,1.36,13.7,10.5,19.0,12.69,150,1
1002.9,1.36,13.7,10.5,19.0,14.49,240,1
1002.9,1.36,13.7,10.5,19.0,20.93,150,3
1002.9,1.36,13.7,10.5,19.0,11.27,20,1
1002.9,1.36,13.7,10.5,19.0,9.66,330,1
1002.9,1.36,13.7,10.5,19.0,14.49,280,1
1002.9,1.36,13.7,10.5,19.0,12.88,30,1
1002.9,1.36,13.7,10.5,19.0,1.61,60,1
1002.9,1.36,13.7,10.5,19.0,14.49,10,1
1002.9,1.36,13.7,10.5,19.0,1.51,335,1
1002.9,1.36,13.7,10.5,19.0,16.21,224,3
1002.9,1.36,13.7,10.5,19.0,27.37,320,3
1002.9,1.36,13.7,10.5,19.0,38.64,300,3
1002.9,1.36,13.7,10.5,19.0,10.63,191,1
1002.9,1.36,13.7,10.5,19.0,5.78,204,1
1002.9,1.36,13.7,10.5,19.0,27.97,321,3
1002.9,1.36,13.7,10.5,19.0,12.11,232,1
1002.9,0.61,6.9,3.8,12.0,9.21,298,1
1002.9,0.61,6.9,3.8,12.0,16.05,209,3
1002.9,0.61,6.9,3.8,12.0,12.69,150,1
1002.9,0.61,6.9,3.8,12.0,14.49,240,1
1002.9,0.61,6.9,3.8,12.0,20.93,150,3
1002.9,0.61,6.9,3.8,12.0,11.27,20,1
1002.9,0.61,6.9,3.8,12.0,9.66,330,1
1002.9,0.61,6.9,3.8,12.0,14.49,280,1
1002.9,0.61,6.9,3.8,12.0,12.88,30,1
1002.9,0.61,6.9,3.8,12.0,1.61,60,1
1002.9,0.61,6.9,3.8,12.0,14.49,10,1
1002.9,0.61,6.9,3.8,12.0,1.51,335,1
1002.9,0.61,6.9,3.8,12.0,16.21,224,3
1002.9,0.61,6.9,3.8,12.0,27.37,320,3
1002.9,0.61,6.9,3.8,12.0,38.64,300,3
1002.9,0.61,6.9,3.8,12.0,10.63,191,1
1002.9,0.61,6.9,3.8,12.0,5.78,204,1
1002.9,0.61,6.9,3.8,12.0,27.97,321,3
1002.9,0.61,6.9,3.8,12.0,12.11,232,1
1002.9,0.54,6.9,2.0,11.3,9.21,298,1
1002.9,0.54,6.9,2.0,11.3,16.05,209,3
1002.9,0.54,6.9,2.0,11.3,12.69,150,1
1002.9,0.54,6.9,2.0,11.3,14.49,240,1
1002.9,0.54,6.9,2.0,11.3,20.93,150,3
1002.9,0.54,6.9,2.0,11.3,11.27,20,1
1002.9,0.54,6.9,2.0,11.3,9.66,330,1
1002.9,0.54,6.9,2.0,11.3,14.49,280,1
1002.9,0.54,6.9,2.0,11.3,12.88,30,1
1002.9,0.54,6.9,2.0,11.3,1.61,60,1
1002.9,0.54,6.9,2.0,11.3,14.49,10,1
1002.9,0.54,6.9,2.0,11.3,1.51,335,1
1002.9,0.54,6.9,2.0,11.3,16.21,224,3
1002.9,0.54,6.9,2.0,11.3,27.37,320,3
1002.9,0.54,6.9,2.0,11.3,38.64,300,3
1002.9,0.54,6.9,2.0,11.3,10.63,191,1
1002.9,0.54,6.9,2.0,11.3,5.78,204,1
1002.9,0.54,6.9,2.0,11.3,27.97,321,3
1002.9,0.54,6.9,2.0,11.3,12.11,232,1
1002.9,1.32,17.5,14.8,20.0,9.21,298,1
1002.9,1.32,17.5,14.8,20.0,16.05,209,3
1002.9,1.32,17.5,14.8,20.0,12.69,150,1
1002.9,1.32,17.5,14.8,20.0,14.49,240,1
1002.9,1.32,17.5,14.8,20.0,20.93,150,3
1002.9,1.32,17.5,14.8,20.0,11.27,20,1
1002.9,1.32,17.5,14.8,20.0,9.66,330,1
1002.9,1.32,17.5,14.8,20.0,14.49,280,1
1002.9,1.32,17.5,14.8,20.0,12.88,30,1
1002.9,1.32,17.5,14.8,20.0,1.61,60,1
1002.9,1.32,17.5,14.8,20.0,14.49,10,1
1002.9,1.32,17.5,14.8,20.0,1.51,335,1
1002.9,1.32,17.5,14.8,20.0,16.21,224,3
1002.9,1.32,17.5,14.8,20.0,27.37,320,3
1002.9,1.32,17.5,14.8,20.0,38.64,300,3
1002.9,1.32,17.5,14.8,20.0,10.63,191,1
1002.9,1.32,17.5,14.8,20.0,5.78,204,1
1002.9,1.32,17.5,14.8,20.0,27.97,321,3
1002.9,1.32,17.5,14.8,20.0,12.11,232,1
1002.9,0.78,7.3,1.2,14.7,9.21,298,1
1002.9,0.78,7.3,1.2,14.7,16.05,209,3
1002.9,0.78,7.3,1.2,14.7,12.69,150,1
1002.9,0.78,7.3,1.2,14.7,14.49,240,1
1002.9,0.78,7.3,1.2,14.7,20.93,150,3
1002.9,0.78,7.3,1.2,14.7,11.27,20,1
1002.9,0.78,7.3,1.2,14.7,9.66,330,1
1002.9,0.78,7.3,1.2,14.7,14.49,280,1
1002.9,0.78,7.3,1.2,14.7,12.88,30,1
1002.9,0.78,7.3,1.2,14.7,1.61,60,1
1002.9,0.78,7.3,1.2,14.7,14.49,10,1
1002.9,0.78,7.3,1.2,14.7,1.51,335,1
1002.9,0.78,7.3,1.2,14.7,16.21,224,3
1002.9,0.78,7.3,1.2,14.7,27.37,320,3
1002.9,0.78,7.3,1.2,14.7,38.64,300,3
1002.9,0.78,7.3,1.2,14.7,10.63,191,1
1002.9,0.78,7.3,1.2,14.7,5.78,204,1
1002.9,0.78,7.3,1.2,14.7,27.97,321,3
1002.9,0.78,7.3,1.2,14.7,12.11,232,1
1002.9,1.61,13.7,10.8,18.8,9.21,298,0
1002.9,1.61,13.7,10.8,18.8,16.05,209,2
1002.9,1.61,13.7,10.8,18.8,12.69,150,0
1002.9,1.61,13.7,10.8,18.8,14.49,240,0
1002.9,1.61,13.7,10.8,18.8,20.93,150,2
1002.9,1.61,13.7,10.8,18.8,11.27,20,0
1002.9,1.61,13.7,10.8,18.8,9.66,330,0
1002.9,1.61,13.7,10.8,18.8,14.49,280,0
1002.9,1.61,13.7,10.8,18.8,12.88,30,0
1002.9,1.61,13.7,10.8,18.8,1.61,60,0
1002.9,1.61,13.7,10.8,18.8,14.49,10,0
1002.9,1.61,13.7,10.8,18.8,1.51,335,0
1002.9,1.61,13.7,10.8,18.8,16.21,224,2
1002.9,1.61,13.7,10.8,18.8,27.37,320,2
1002.9,1.61,13.7,10.8,18.8,38.64,300,2
1002.9,1.61,13.7,10.8,18.8,10.63,191,0
1002.9,1.61,13.7,10.8,18.8,5.78,204,0
1002.9,1.61,13.7,10.8,18.8,27.97,321,2
1002.9,1.61,13.7,10.8,18.8,12.11,232,0
1002.9,0.72,5.9,2.8,9.3,9.21,298,0
1002.9,0.72,5.9,2.8,9.3,16.05,209,2
1002.9,0.72,5.9,2.8,9.3,12.69,150,0
1002.9,0.72,5.9,2.8,9.3,14.49,240,0
1002.9,0.72,5.9,2.8,9.3,20.93,150,2
1002.9,0.72,5.9,2.8,9.3,11.27,20,0
1002.9,0.72,5.9,2.8,9.3,9.66,330,0
1002.9,0.72,5.9,2.8,9.3,14.49,280,0
1002.9,0.72,5.9,2.8,9.3,12.88,30,0
1002.9,0.72,5.9,2.8,9.3,1.61,60,0
1002.9,0.72,5.9,2.8,9.3,14.49,10,0
1002.9,0.72,5.9,2.8,9.3,1.51,335,0
1002.9,0.72,5.9,2.8,9.3,16.21,224,2
1002.9,0.72,5.9,2.8,9.3,27.37,320,2
1002.9,0.72,5.9,2.8,9.3,38.64,300,2
1002.9,0.72,5.9,2.8,9.3,10.63,191,0
1002.9,0.72,5.9,2.8,9.3,5.78,204,0
1002.9,0.72,5.9,2.8,9.3,27.97,321,2
1002.9,0.72,5.9,2.8,9.3,12.11,232,0
1002.9,1.02,9.2,3.2,12.6,9.21,298,0
1002.9,1.02,9.2,3.2,12.6,16.05,209,2
1002.9,1.02,9.2,3.2,12.6,12.69,150,0
1002.9,1.02,9.2,3.2,12.6,14.49,240,0
1002.9,1.02,9.2,3.2,12.6,20.93,150,2
1002.9,1.02,9.2,3.2,12.6,11.27,20,0
1002.9,1.02,9.2,3.2,12.6,9.66,330,0
1002.9,1.02,9.2,3.2,12.6,14.49,280,0
1002.9,1.02,9.2,3.2,12.6,12.88,30,0
1002.9,1.02,9.2,3.2,12.6,1.61,60,0
1002.9,1.02,9.2,3.2,12.6,14.49,10,0
1002.9,1.02,9.2,3.2,12.6,1.51,335,0
1002.9,1.02,9.2,3.2,12.6,16.21,224,2
1002.9,1.02,9.2,3.2,12.6,27.37,320,2
1002.9,1.02,9.2,3.2,12.6,38.64,300,2
1002.9,1.02,9.2,3.2,12.6,10.63,191,0
1002.9,1.02,9.2,3.2,12.6,5.78,204,0
1002.9,1.02,9.2,3.2,12.6,27.97,321,2
1002.9,1.02,9.2,3.2,12.6,12.11,232,0
1002.9,0.71,8.7,5.9,11.8,9.21,298,0
1002.9,0.71,8.7,5.9,11.8,16.05,209,2
1002.9,0.71,8.7,5.9,11.8,12.69,150,0
1002.9,0.71,8.7,5.9,11.8,14.49,240,0
1002.9,0.71,8.7,5.9,11.8,20.93,150,2
1002.9,0.71,8.7,5.9,11.8,11.27,20,0
1002.9,0.71,8.7,5.9,11.8,9.66,330,0
1002.9,0.71,8.7,5.9,11.8,14.49,280,0
1002.9,0.71,8.7,5.9,11.8,12.88,30,0
1002.9,0.71,8.7,5.9,11.8,1.61,60,0
1002.9,0.71,8.7,5.9,11.8,14.49,10,0
1002.9,0.71,8.7,5.9,11.8,1.51,335,0
1002.9,0.71,8.7,5.9,11.8,16.21,224,2
1002.9,0.71,8.7,5.9,11.8,27.37,320,2
1002.9,0.71,8.7,5.9,11.8,38.64,300,2
1002.9,0.71,8.7,5.9,11.8,10.63,191,0
1002.9,0.71,8.7,5.9,11.8,5.78,204,0
1002.9,0.71,8.7,5.9,11.8,27.97,321,2
1002.9,0.71,8.7,5.9,11.8,12.11,232,0
1002.9,0.24,8.2,6.1,12.1,9.21,298,0
1002.9,0.24,8.2,6.1,12.1,16.05,209,2
1002.9,0.24,8.2,6.1,12.1,12.69,150,0
1002.9,0.24,8.2,6.1,12.1,14.49,240,0
1002.9,0.24,8.2,6.1,12.1,20.93,150,2
1002.9,0.24,8.2,6.1,12.1,11.27,20,0
1002.9,0.24,8.2,6.1,12.1,9.66,330,0
1002.9,0.24,8.2,6.1,12.1,14.49,280,0
1002.9,0.24,8.2,6.1,12.1,12.88,30,0
1002.9,0.24,8.2,6.1,12.1,1.61,60,0
1002.9,0.24,8.2,6.1,12.1,14.49,10,0
1002.9,0.24,8.2,6.1,12.1,1.51,335,0
1002.9,0.24,8.2,6.1,12.1,16.21,224,2
1002.9,0.24,8.2,6.1,12.1,27.37,320,2
1002.9,0.24,8.2,6.1,12.1,38.64,300,2
1002.9,0.24,8.2,6.1,12.1,10.63,191,0
1002.9,0.24,8.2,6.1,12.1,5.78,204,0
1002.9,0.24,8.2,6.1,12.1,27.97,321,2
1002.9,0.24,8.2,6.1,12.1,12.11,232,0
1002.9,1.61,10.8,6.4,15.1,9.21,298,0
1002.9,1.61,10.8,6.4,15.1,16.05,209,2
1002.9,1.61,10.8,6.4,15.1,12.69,150,0
1002.9,1.61,10.8,6.4,15.1,14.49,240,0
1002.9,1.61,10.8,6.4,15.1,20.93,150,2
1002.9,1.61,10.8,6.4,15.1,11.27,20,0
1002.9,1.61,10.8,6.4,15.1,9.66,330,0
1002.9,1.61,10.8,6.4,15.1,14.49,280,0
1002.9,1.61,10.8,6.4,15.1,12.88,30,0
1002.9,1.61,10.8,6.4,15.1,1.61,60,0
1002.9,1.61,10.8,6.4,15.1,14.49,10,0
1002.9,1.61,10.8,6.4,15.1,1.51,335,0
1002.9,1.61,10.8,6.4,15.1,16.21,224,2
1002.9,1.61,10.8,6.4,15.1,27.37,320,2
1002.9,1.61,10.8,6.4,15.1,38.64,300,2
1002.9,1.61,10.8,6.4,15.1,10.63,191,0
1002.9,1.61,10.8,6.4,15.1,5.78,204,0
1002.9,1.61,10.8,6.4,15.1,27.97,321,2
1002.9,1.61,10.8,6.4,15.1,12.11,232,0
1002.9,0.54,7.2,5.8,9.8,9.21,298,0
1002.9,0.54,7.2,5.8,9.8,16.05,209,2
1002.9,0.54,7.2,5.8,9.8,12.69,150,0
1002.9,0.54,7.2,5.8,9.8,14.49,240,0
1002.9,0.54,7.2,5.8,9.8,20.93,150,2
1002.9,0.54,7.2,5.8,9.8,11.27,20,0
1002.9,0.54,7.2,5.8,9.8,9.66,330,0
1002.9,0.54,7.2,5.8,9.8,14.49,280,0
1002.9,0.54,7.2,5.8,9.8,12.88,30,0
1002.9,0.54,7.2,5.8,9.8,1.61,60,0
1002.9,0.54,7.2,5.8,9.8,14.49,10,0
1002.9,0.54,7.2,5.8,9.8,1.51,335,0
1002.9,0.54,7.2,5.8,9.8,16.21,224,2
1002.9,0.54,7.2,5.8,9.8,27.37,320,2
1002.9,0.54,7.2,5.8,9.8,38.64,300,2
1002.9,0.54,7.2,5.8,9.8,10.63,191,0
1002.9,0.54,7.2,5.8,9.8,5.78,204,0
1002.9,0.54,7.2,5.8,9.8,27.97,321,2
1002.9,0.54,7.2,5.8,9.8,12.11,232,0
1002.9,1.4,8.9,6.6,12.9,9.21,298,0
1002.9,1.4,8.9,6.6,12.9,16.05,209,2
1002.9,1.4,8.9,6.6,12.9,12.69,150,0
1002.9,1.4,8.9,6.6,12.9,14.49,240,0
1002.9,1.4,8.9,6.6,12.9,20.93,150,2
1002.9,1.4,8.9,6.6,12.9,11.27,20,0
1002.9,1.4,8.9,6.6,12.9,9.66,330,0
1002.9,1.4,8.9,6.6,12.9,14.49,280,0
1002.9,1.4,8.9,6.6,12.9,12.88,30,0
1002.9,1.4,8.9,6.6,12.9,1.61,60,0
1002.9,1.4,8.9,6.6,12.9,14.49,10,0
1002.9,1.4,8.9,6.6,12.9,1.51,335,0
1002.9,1.4,8.9,6.6,12.9,16.21,224,2
1002.9,1.4,8.9,6.6,12.9,27.37,320,2
1002.9,1.4,8.9,6.6,12.9,38.64,300,2
1002.9,1.4,8.9,6.6,12.9,10.63,191,0
1002.9,1.4,8.9,6.6,12.9,5.78,204,0
1002.9,1.4,8.9,6.6,12.9,27.97,321,2
1002.9,1.4,8.9,6.6,12.9,12.11,232,0
1002.9,0.83,10.0,6.1,14.2,9.21,298,0
1002.9,0.83,10.0,6.1,14.2,16.05,209,2
1002.9,0.83,10.0,6.1,14.2,12.69,150,0
1002.9,0.83,10.0,6.1,14.2,14.49,240,0
1002.9,0.83,10.0,6.1,14.2,20.93,150,2
1002.9,0.83,10.0,6.1,14.2,11.27,20,0
1002.9,0.83,10.0,6.1,14.2,9.66,330,0
1002.9,0.83,10.0,6.1,14.2,14.49,280,0
1002.9,0.83,10.0,6.1,14.2,12.88,30,0
1002.9,0.83,10.0,6.1,14.2,1.61,60,0
1002.9,0.83,10.0,6.1,14.2,14.49,10,0
1002.9,0.83,10.0,6.1,14.2,1.51,335,0
1002.9,0.83,10.0,6.1,14.2,16.21,224,2
1002.9,0.83,10.0,6.1,14.2,27.37,320,2
1002.9,0.83,10.0,6.1,14.2,38.64,300,2
1002.9,0.83,10.0,6.1,14.2,10.63,191,0
1002.9,0.83,10.0,6.1,14.2,5.78,204,0
1002.9,0.83,10.0,6.1,14.2,27.97,321,2
1002.9,0.83,10.0,6.1,14.2,12.11,232,0
1002.9,0.33,0.0,-0.8,1.1,9.21,298,0
1002.9,0.33,0.0,-0.8,1.1,16.05,209,2
1002.9,0.33,0.0,-0.8,1.1,12.69,150,0
1002.9,0.33,0.0,-0.8,1.1,14.49,240,0
1002.9,0.33,0.0,-0.8,1.1,20.93,150,2
1002.9,0.33,0.0,-0.8,1.1,11.27,20,0
1002.9,0.33,0.0,-0.8,1.1,9.66,330,0
1002.9,0.33,0.0,-0.8,1.1,14.49,280,0
1002.9,0.33,0.0,-0.8,1.1,12.88,30,0
1002.9,0.33,0.0,-0.8,1.1,1.61,60,0
1002.9,0.33,0.0,-0.8,1.1,14.49,10,0
1002.9,0.33,0.0,-0.8,1.1,1.51,335,0
1002.9,0.33,0.0,-0.8,1.1,16.21,224,2
1002.9,0.33,0.0,-0.8,1.1,27.37,320,2
1002.9,0.33,0.0,-0.8,1.1,38.64,300,2
1002.9,0.33,0.0,-0.8,1.1,10.63,191,0
1002.9,0.33,0.0,-0.8,1.1,5.78,204,0
1002.9,0.33,0.0,-0.8,1.1,27.97,321,2
1002.9,0.33,0.0,-0.8,1.1,12.11,232,0
1002.9,0.18,10.3,8.8,11.4,9.21,298,0
1002.9,0.18,10.3,8.8,11.4,16.05,209,2
1002.9,0.18,10.3,8.8,11.4,12.69,150,0
1002.9,0.18,10.3,8.8,11.4,14.49,240,0
1002.9,0.18,10.3,8.8,11.4,20.93,150,2
1002.9,0.18,10.3,8.8,11.4,11.27,20,0
1002.9,0.18,10.3,8.8,11.4,9.66,330,0
1002.9,0.18,10.3,8.8,11.4,14.49,280,0
1002.9,0.18,10.3,8.8,11.4,12.88,30,0
1002.9,0.18,10.3,8.8,11.4,1.61,60,0
1002.9,0.18,10.3,8.8,11.4,14.49,10,0
1002.9,0.18,10.3,8.8,11.4,1.51,335,0
1002.9,0.18,10.3,8.8,11.4,16.21,224,2
1002.9,0.18,10.3,8.8,11.4,27.37,320,2
1002.9,0.18,10.3,8.8,11.4,38.64,300,2
1002.9,0.18,10.3,8.8,11.4,10.63,191,0
1002.9,0.18,10.3,8.8,11.4,5.78,204,0
1002.9,0.18,10.3,8.8,11.4,27.97,321,2
1002.9,0.18,10.3,8.8,11.4,12.11,232,0
1002.9,1.26,11.2,7.0,16.3,9.21,298,0
1002.9,1.26,11.2,7.0,16.3,16.05,209,2
1002.9,1.26,11.2,7.0,16.3,12.69,150,0
1002.9,1.26,11.2,7.0,16.3,14.49,240,0
1002.9,1.26,11.2,7.0,16.3,20.93,150,2
1002.9,1.26,11.2,7.0,16.3,11.27,20,0
1002.9,1.26,11.2,7.0,16.3,9.66,330,0
1002.9,1.26,11.2,7.0,16.3,14.49,280,0
1002.9,1.26,11.2,7.0,16.3,12.88,30,0
1002.9,1.26,11.2,7.0,16.3,1.61,60,0
1002.9,1.26,11.2,7.0,16.3,14.49,10,0
1002.9,1.26,11.2,7.0,16.3,1.51,335,0
1002.9,1.26,11.2,7.0,16.3,16.21,224,2
1002.9,1.26,11.2,7.0,16.3,27.37,320,2
1002.9,1.26,11.2,7.0,16.3,38.64,300,2
1002.9,1.26,11.2,7.0,16.3,10.63,191,0
1002.9,1.26,11.2,7.0,16.3,5.78,204,0
1002.9,1.26,11.2,7.0,16.3,27.97,321,2
1002.9,1.26,11.2,7.0,16.3,12.11,232,0
1002.9,0.24,9.2,7.8,11.8,9.21,298,0
1002.9,0.24,9.2,7.8,11.8,16.05,209,2
1002.9,0.24,9.2,7.8,11.8,12.69,150,0
1002.9,0.24,9.2,7.8,11.8,14.49,240,0
1002.9,0.24,9.2,7.8,11.8,20.93,150,2
1002.9,0.24,9.2,7.8,11.8,11.27,20,0
1002.9,0.24,9.2,7.8,11.8,9.66,330,0
1002.9,0.24,9.2,7.8,11.8,14.49,280,0
1002.9,0.24,9.2,7.8,11.8,12.88,30,0
1002.9,0.24,9.2,7.8,11.8,1.61,60,0
1002.9,0.24,9.2,7.8,11.8,14.49,10,0
1002.9,0.24,9.2,7.8,11.8,1.51,335,0
1002.9,0.24,9.2,7.8,11.8,16.21,224,2
1002.9,0.24,9.2,7.8,11.8,27.37,320,2
1002.9,0.24,9.2,7.8,11.8,38.64,300,2
1002.9,0.24,9.2,7.8,11.8,10.63,191,0
1002.9,0.24,9.2,7.8,11.8,5.78,204,0
1002.9,0.24,9.2,7.8,11.8,27.97,321,2
1002.9,0.24,9.2,7.8,11.8,12.11,232,0
1002.9,1.01,16.3,14.0,18.0,9.21,298,0
1002.9,1.01,16.3,14.0,18.0,16.05,209,2
1002.9,1.01,16.3,14.0,18.0,12.69,150,0
1002.9,1.01,16.3,14.0,18.0,14.49,240,0
1002.9,1.01,16.3,14.0,18.0,20.93,150,2
1002.9,1.01,16.3,14.0,18.0,11.27,20,0
1002.9,1.01,16.3,14.0,18.0,9.66,330,0
1002.9,1.01,16.3,14.0,18.0,14.49,280,0
1002.9,1.01,16.3,14.0,18.0,12.88,30,0
1002.9,1.01,16.3,14.0,18.0,1.61,60,0
1002.9,1.01,16.3,14.0,18.0,14.49,10,0
1002.9,1.01,16.3,14.0,18.0,1.51,335,0
1002.9,1.01,16.3,14.0,18.0,16.21,224,2
1002.9,1.01,16.3,14.0,18.0,27.37,320,2
1002.9,1.01,16.3,14.0,18.0,38.64,300,2
1002.9,1.01,16.3,14.0,18.0,10.63,191,0
1002.9,1.01,16.3,14.0,18.0,5.78,204,0
1002.9,1.01,16.3,14.0,18.0,27.97,321,2
1002.9,1.01,16.3,14.0,18.0,12.11,232,0
1002.9,0.25,-0.4,-3.1,2.1,9.21,298,0
1002.9,0.25,-0.4,-3.1,2.1,16.05,209,2
1002.9,0.25,-0.4,-3.1,2.1,12.69,150,0
1002.9,0.25,-0.4,-3.1,2.1,14.49,240,0
1002.9,0.25,-0.4,-3.1,2.1,20.93,150,2
1002.9,0.25,-0.4,-3.1,2.1,11.27,20,0
1002.9,0.25,-0.4,-3.1,2.1,9.66,330,0
1002.9,0.25,-0.4,-3.1,2.1,14.49,280,0
1002.9,0.25,-0.4,-3.1,2.1,12.88,30,0
1002.9,0.25,-0.4,-3.1,2.1,1.61,60,0
1002.9,0.25,-0.4,-3.1,2.1,14.49,10,0
1002.9,0.25,-0.4,-3.1,2.1,1.51,335,0
1002.9,0.25,-0.4,-3.1,2.1,16.21,224,2
1002.9,0.25,-0.4,-3.1,2.1,27.37,320,2
1002.9,0.25,-0.4,-3.1,2.1,38.64,300,2
1002.9,0.25,-0.4,-3.1,2.1,10.63,191,0
1002.9,0.25,-0.4,-3.1,2.1,5.78,204,0
1002.9,0.25,-0.4,-3.1,2.1,27.97,321,2
1002.9,0.25,-0.4,-3.1,2.1,12.11,232,0
1002.9,0.07,4.9,1.9,8.6,9.21,298,0
1002.9,0.07,4.9,1.9,8.6,16.05,209,2
1002.9,0.07,4.9,1.9,8.6,12.69,150,0
1002.9,0.07,4.9,1.9,8.6,14.49,240,0
1002.9,0.07,4.9,1.9,8.6,20.93,150,2
1002.9,0.07,4.9,1.9,8.6,11.27,20,0
1002.9,0.07,4.9,1.9,8.6,9.66,330,0
1002.9,0.07,4.9,1.9,8.6,14.49,280,0
1002.9,0.07,4.9,1.9,8.6,12.88,30,0
1002.9,0.07,4.9,1.9,8.6,1.61,60,0
1002.9,0.07,4.9,1.9,8.6,14.49,10,0
1002.9,0.07,4.9,1.9,8.6,1.51,335,0
1002.9,0.07,4.9,1.9,8.6,16.21,224,2
1002.9,0.07,4.9,1.9,8.6,27.37,320,2
1002.9,0.07,4.9,1.9,8.6,38.64,300,2
1002.9,0.07,4.9,1.9,8.6,10.63,191,0
1002.9,0.07,4.9,1.9,8.6,5.78,204,0
1002.9,0.07,4.9,1.9,8.6,27.97,321,2
1002.9,0.07,4.9,1.9,8.6,12.11,232,0
1002.9,1.14,14.3,11.9,17.7,9.21,298,0
1002.9,1.14,14.3,11.9,17.7,16.05,209,2
1002.9,1.14,14.3,11.9,17.7,12.69,150,0
1002.9,1.14,14.3,11.9,17.7,14.49,240,0
1002.9,1.14,14.3,11.9,17.7,20.93,150,2
1002.9,1.14,14.3,11.9,17.7,11.27,20,0
1002.9,1.14,14.3,11.9,17.7,9.66,330,0
1002.9,1.14,14.3,11.9,17.7,14.49,280,0
1002.9,1.14,14.3,11.9,17.7,12.88,30,0
1002.9,1.14,14.3,11.9,17.7,1.61,60,0
1002.9,1.14,14.3,11.9,17.7,14.49,10,0
1002.9,1.14,14.3,11.9,17.7,1.51,335,0
1002.9,1.14,14.3,11.9,17.7,16.21,224,2
1002.9,1.14,14.3,11.9,17.7,27.37,320,2
1002.9,1.14,14.3,11.9,17.7,38.64,300,2
1002.9,1.14,14.3,11.9,17.7,10.63,191,0
1002.9,1.14,14.3,11.9,17.7,5.78,204,0
1002.9,1.14,14.3,11.9,17.7,27.97,321,2
1002.9,1.14,14.3,11.9,17.7,12.11,232,0
1002.9,0.2,2.8,0.9,5.3,9.21,298,0
1002.9,0.2,2.8,0.9,5.3,16.05,209,2
1002.9,0.2,2.8,0.9,5.3,12.69,150,0
1002.9,0.2,2.8,0.9,5.3,14.49,240,0
1002.9,0.2,2.8,0.9,5.3,20.93,150,2
1002.9,0.2,2.8,0.9,5.3,11.27,20,0
1002.9,0.2,2.8,0.9,5.3,9.66,330,0
1002.9,0.2,2.8,0.9,5.3,14.49,280,0
1002.9,0.2,2.8,0.9,5.3,12.88,30,0
1002.9,0.2,2.8,0.9,5.3,1.61,60,0
1002.9,0.2,2.8,0.9,5.3,14.49,10,0
1002.9,0.2,2.8,0.9,5.3,1.51,335,0
1002.9,0.2,2.8,0.9,5.3,16.21,224,2
1002.9,0.2,2.8,0.9,5.3,27.37,320,2
1002.9,0.2,2.8,0.9,5.3,38.64,300,2
1002.9,0.2,2.8,0.9,5.3,10.63,191,0
1002.9,0.2,2.8,0.9,5.3,5.78,204,0
1002.9,0.2,2.8,0.9,5.3,27.97,321,2
1002.9,0.2,2.8,0.9,5.3,12.11,232,0
1002.9,0.12,10.0,9.2,8.1,9.21,298,0
1002.9,0.12,10.0,9.2,8.1,16.05,209,2
1002.9,0.12,10.0,9.2,8.1,12.69,150,0
1002.9,0.12,10.0,9.2,8.1,14.49,240,0
1002.9,0.12,10.0,9.2,8.1,20.93,150,2
1002.9,0.12,10.0,9.2,8.1,11.27,20,0
1002.9,0.12,10.0,9.2,8.1,9.66,330,0
1002.9,0.12,10.0,9.2,8.1,14.49,280,0
1002.9,0.12,10.0,9.2,8.1,12.88,30,0
1002.9,0.12,10.0,9.2,8.1,1.61,60,0
1002.9,0.12,10.0,9.2,8.1,14.49,10,0
1002.9,0.12,10.0,9.2,8.1,1.51,335,0
1002.9,0.12,10.0,9.2,8.1,16.21,224,2
1002.9,0.12,10.0,9.2,8.1,27.37,320,2
1002.9,0.12,10.0,9.2,8.1,38.64,300,2
1002.9,0.12,10.0,9.2,8.1,10.63,191,0
1002.9,0.12,10.0,9.2,8.1,5.78,204,0
1002.9,0.12,10.0,9.2,8.1,27.97,321,2
1002.9,0.12,10.0,9.2,8.1,12.11,232,0
1002.9,0.59,12.3,11.5,13.1,9.21,298,0
1002.9,0.59,12.3,11.5,13.1,16.05,209,2
1002.9,0.59,12.3,11.5,13.1,12.69,150,0
1002.9,0.59,12.3,11.5,13.1,14.49,240,0
1002.9,0.59,12.3,11.5,13.1,20.93,150,2
1002.9,0.59,12.3,11.5,13.1,11.27,20,0
1002.9,0.59,12.3,11.5,13.1,9.66,330,0
1002.9,0.59,12.3,11.5,13.1,14.49,280,0
1002.9,0.59,12.3,11.5,13.1,12.88,30,0
1002.9,0.59,12.3,11.5,13.1,1.61,60,0
1002.9,0.59,12.3,11.5,13.1,14.49,10,0
1002.9,0.59,12.3,11.5,13.1,1.51,335,0
1002.9,0.59,12.3,11.5,13.1,16.21,224,2
1002.9,0.59,12.3,11.5,13.1,27.37,320,2
1002.9,0.59,12.3,11.5,13.1,38.64,300,2
1002.9,0.59,12.3,11.5,13.1,10.63,191,0
1002.9,0.59,12.3,11.5,13.1,5.78,204,0
1002.9,0.59,12.3,11.5,13.1,27.97,321,2
1002.9,0.59,12.3,11.5,13.1,12.11,232,0
1002.9,0.18,6.7,4.8,7.5,9.21,298,0
1002.9,0.18,6.7,4.8,7.5,16.05,209,2
1002.9,0.18,6.7,4.8,7.5,12.69,150,0
1002.9,0.18,6.7,4.8,7.5,14.49,240,0
1002.9,0.18,6.7,4.8,7.5,20.93,150,2
1002.9,0.18,6.7,4.8,7.5,11.27,20,0
1002.9,0.18,6.7,4.8,7.5,9.66,330,0
1002.9,0.18,6.7,4.8,7.5,14.49,280,0
1002.9,0.18,6.7,4.8,7.5,12.88,30,0
1002.9,0.18,6.7,4.8,7.5,1.61,60,0
1002.9,0.18,6.7,4.8,7.5,14.49,10,0
1002.9,0.18,6.7,4.8,7.5,1.51,335,0
1002.9,0.18,6.7,4.8,7.5,16.21,224,2
1002.9,0.18,6.7,4.8,7.5,27.37,320,2
1002.9,0.18,6.7,4.8,7.5,38.64,300,2
1002.9,0.18,6.7,4.8,7.5,10.63,191,0
1002.9,0.18,6.7,4.8,7.5,5.78,204,0
1002.9,0.18,6.7,4.8,7.5,27.97,321,2
1002.9,0.18,6.7,4.8,7.5,12.11,232,0
1002.9,0.31,7.2,5.6,8.6,9.21,298,0
1002.9,0.31,7.2,5.6,8.6,16.05,209,2
1002.9,0.31,7.2,5.6,8.6,12.69,150,0
1002.9,0.31,7.2,5.6,8.6,14.49,240,0
1002.9,0.31,7.2,5.6,8.6,20.93,150,2
1002.9,0.31,7.2,5.6,8.6,11.27,20,0
1002.9,0.31,7.2,5.6,8.6,9.66,330,0
1002.9,0.31,7.2,5.6,8.6,14.49,280,0
1002.9,0.31,7.2,5.6,8.6,12.88,30,0
1002.9,0.31,7.2,5.6,8.6,1.61,60,0
1002.9,0.31,7.2,5.6,8.6,14.49,10,0
1002.9,0.31,7.2,5.6,8.6,1.51,335,0
1002.9,0.31,7.2,5.6,8.6,16.21,224,2
1002.9,0.31,7.2,5.6,8.6,27.37,320,2
1002.9,0.31,7.2,5.6,8.6,38.64,300,2
1002.9,0.31,7.2,5.6,8.6,10.63,191,0
1002.9,0.31,7.2,5.6,8.6,5.78,204,0
1002.9,0.31,7.2,5.6,8.6,27.97,321,2
1002.9,0.31,7.2,5.6,8.6,12.11,232,0
1002.9,0.66,5.6,2.5,8.5,9.21,298,0
1002.9,0.66,5.6,2.5,8.5,16.05,209,2
1002.9,0.66,5.6,2.5,8.5,12.69,150,0
1002.9,0.66,5.6,2.5,8.5,14.49,240,0
1002.9,0.66,5.6,2.5,8.5,20.93,150,2
1002.9,0.66,5.6,2.5,8.5,11.27,20,0
1002.9,0.66,5.6,2.5,8.5,9.66,330,0
1002.9,0.66,5.6,2.5,8.5,14.49,280,0
1002.9,0.66,5.6,2.5,8.5,12.88,30,0
1002.9,0.66,5.6,2.5,8.5,1.61,60,0
1002.9,0.66,5.6,2.5,8.5,14.49,10,0
1002.9,0.66,5.6,2.5,8.5,1.51,335,0
1002.9,0.66,5.6,2.5,8.5,16.21,224,2
1002.9,0.66,5.6,2.5,8.5,27.37,320,2
1002.9,0.66,5.6,2.5,8.5,38.64,300,2
1002.9,0.66,5.6,2.5,8.5,10.63,191,0
1002.9,0.66,5.6,2.5,8.5,5.78,204,0
1002.9,0.66,5.6,2.5,8.5,27.97,321,2
1002.9,0.66,5.6,2.5,8.5,12.11,232,0
1002.9,0.31,0.5,-0.8,2.8,9.21,298,0
1002.9,0.31,0.5,-0.8,2.8,16.05,209,2
1002.9,0.31,0.5,-0.8,2.8,12.69,150,0
1002.9,0.31,0.5,-0.8,2.8,14.49,240,0
1002.9,0.31,0.5,-0.8,2.8,20.93,150,2
1002.9,0.31,0.5,-0.8,2.8,11.27,20,0
1002.9,0.31,0.5,-0.8,2.8,9.66,330,0
1002.9,0.31,0.5,-0.8,2.8,14.49,280,0
1002.9,0.31,0.5,-0.8,2.8,12.88,30,0
1002.9,0.31,0.5,-0.8,2.8,1.61,60,0
1002.9,0.31,0.5,-0.8,2.8,14.49,10,0
1002.9,0.31,0.5,-0.8,2.8,1.51,335,0
1002.9,0.31,0.5,-0.8,2.8,16.21,224,2
1002.9,0.31,0.5,-0.8,2.8,27.37,320,2
1002.9,0.31,0.5,-0.8,2.8,38.64,300,2
1002.9,0.31,0.5,-0.8,2.8,10.63,191,0
1002.9,0.31,0.5,-0.8,2.8,5.78,204,0
1002.9,0.31,0.5,-0.8,2.8,27.97,321,2
1002.9,0.31,0.5,-0.8,2.8,12.11,232,0
1003.0,1.72,3.1,-2.3,9.9,7.95,353,1
1003.0,1.72,3.1,-2.3,9.9,6.34,14,1
1003.0,1.72,3.1,-2.3,9.9,13.85,245,1
1003.0,1.72,3.1,-2.3,9.9,12.88,270,1
1003.0,1.72,3.1,-2.3,9.9,12.88,350,1
1003.0,1.72,3.1,-2.3,9.9,6.44,160,1
1003.0,1.72,3.1,-2.3,9.9,26.79,160,3
1003.0,1.72,3.1,-2.3,9.9,21.64,200,3
1003.0,1.72,3.1,-2.3,9.9,28.98,310,3
1003.0,1.72,3.1,-2.3,9.9,12.54,88,1
1003.0,1.72,3.1,-2.3,9.9,14.67,163,1
1003.0,0.25,3.2,0.7,7.4,7.95,353,1
1003.0,0.25,3.2,0.7,7.4,6.34,14,1
1003.0,0.25,3.2,0.7,7.4,13.85,245,1
1003.0,0.25,3.2,0.7,7.4,12.88,270,1
1003.0,0.25,3.2,0.7,7.4,12.88,350,1
1003.0,0.25,3.2,0.7,7.4,6.44,160,1
1003.0,0.25,3.2,0.7,7.4,26.79,160,3
1003.0,0.25,3.2,0.7,7.4,21.64,200,3
1003.0,0.25,3.2,0.7,7.4,28.98,310,3
1003.0,0.25,3.2,0.7,7.4,12.54,88,1
1003.0,0.25,3.2,0.7,7.4,14.67,163,1
1003.0,1.34,-0.6,-3.6,2.9,7.95,353,1
1003.0,1.34,-0.6,-3.6,2.9,6.34,14,1
1003.0,1.34,-0.6,-3.6,2.9,13.85,245,1
1003.0,1.34,-0.6,-3.6,2.9,12.88,270,1
1003.0,1.34,-0.6,-3.6,2.9,12.88,350,1
1003.0,1.34,-0.6,-3.6,2.9,6.44,160,1
1003.0,1.34,-0.6,-3.6,2.9,26.79,160,3
1003.0,1.34,-0.6,-3.6,2.9,21.64,200,3
1003.0,1.34,-0.6,-3.6,2.9,28.98,310,3
1003.0,1.34,-0.6,-3.6,2.9,12.54,88,1
1003.0,1.34,-0.6,-3.6,2.9,14.67,163,1
1003.0,0.29,7.4,5.4,9.5,7.95,353,0
1003.0,0.29,7.4,5.4,9.5,6.34,14,0
1003.0,0.29,7.4,5.4,9.5,13.85,245,0
1003.0,0.29,7.4,5.4,9.5,12.88,270,0
1003.0,0.29,7.4,5.4,9.5,12.88,350,0
1003.0,0.29,7.4,5.4,9.5,6.44,160,0
1003.0,0.29,7.4,5.4,9.5,26.79,160,2
1003.0,0.29,7.4,5.4,9.5,21.64,200,2
1003.0,0.29,7.4,5.4,9.5,28.98,310,2
1003.0,0.29,7.4,5.4,9.5,12.54,88,0
1003.0,0.29,7.4,5.4,9.5,14.67,163,0
1003.0,1.68,9.6,4.6,12.9,7.95,353,0
1003.0,1.68,9.6,4.6,12.9,6.34,14,0
1003.0,1.68,9.6,4.6,12.9,13.85,245,0
1003.0,1.68,9.6,4.6,12.9,12.88,270,0
1003.0,1.68,9.6,4.6,12.9,12.88,350,0
1003.0,1.68,9.6,4.6,12.9,6.44,160,0
1003.0,1.68,9.6,4.6,12.9,26.79,160,2
1003.0,1.68,9.6,4.6,12.9,21.64,200,2
1003.0,1.68,9.6,4.6,12.9,28.98,310,2
1003.0,1.68,9.6,4.6,12.9,12.54,88,0
1003.0,1.68,9.6,4.6,12.9,14.67,163,0
1003.0,1.41,16.7,14.1,19.2,7.95,353,0
1003.0,1.41,16.7,14.1,19.2,6.34,14,0
1003.0,1.41,16.7,14.1,19.2,13.85,245,0
1003.0,1.41,16.7,14.1,19.2,12.88,270,0
1003.0,1.41,16.7,14.1,19.2,12.88,350,0
1003.0,1.41,16.7,14.1,19.2,6.44,160,0
1003.0,1.41,16.7,14.1,19.2,26.79,160,2
1003.0,1.41,16.7,14.1,19.2,21.64,200,2
1003.0,1.41,16.7,14.1,19.2,28.98,310,2
1003.0,1.41,16.7,14.1,19.2,12.54,88,0
1003.0,1.41,16.7,14.1,19.2,14.67,163,0
1003.0,0.5,2.4,0.4,4.8,7.95,353,0
1003.0,0.5,2.4,0.4,4.8,6.34,14,0
1003.0,0.5,2.4,0.4,4.8,13.85,245,0
1003.0,0.5,2.4,0.4,4.8,12.88,270,0
1003.0,0.5,2.4,0.4,4.8,12.88,350,0
1003.0,0.5,2.4,0.4,4.8,6.44,160,0
1003.0,0.5,2.4,0.4,4.8,26.79,160,2
1003.0,0.5,2.4,0.4,4.8,21.64,200,2
1003.0,0.5,2.4,0.4,4.8,28.98,310,2
1003.0,0.5,2.4,0.4,4.8,12.54,88,0
1003.0,0.5,2.4,0.4,4.8,14.67,163,0
1003.0,1.8,7.1,3.7,13.8,7.95,353,0
1003.0,1.8,7.1,3.7,13.8,6.34,14,0
1003.0,1.8,7.1,3.7,13.8,13.85,245,0
1003.0,1.8,7.1,3.7,13.8,12.88,270,0
1003.0,1.8,7.1,3.7,13.8,12.88,350,0
1003.0,1.8,7.1,3.7,13.8,6.44,160,0
1003.0,1.8,7.1,3.7,13.8,26.79,160,2
1003.0,1.8,7.1,3.7,13.8,21.64,200,2
1003.0,1.8,7.1,3.7,13.8,28.98,310,2
1003.0,1.8,7.1,3.7,13.8,12.54,88,0
1003.0,1.8,7.1,3.7,13.8,14.67,163,0
1003.0,0.5,16.6,15.0,18.4,7.95,353,0
1003.0,0.5,16.6,15.0,18.4,6.34,14,0
1003.0,0.5,16.6,15.0,18.4,13.85,245,0
1003.0,0.5,16.6,15.0,18.4,12.88,270,0
1003.0,0.5,16.6,15.0,18.4,12.88,350,0
1003.0,0.5,16.6,15.0,18.4,6.44,160,0
1003.0,0.5,16.6,15.0,18.4,26.79,160,2
1003.0,0.5,16.6,15.0,18.4,21.64,200,2
1003.0,0.5,16.6,15.0,18.4,28.98,310,2
1003.0,0.5,16.6,15.0,18.4,12.54,88,0
1003.0,0.5,16.6,15.0,18.4,14.67,163,0
1003.0,1.24,15.7,11.3,21.1,7.95,353,0
1003.0,1.24,15.7,11.3,21.1,6.34,14,0
1003.0,1.24,15.7,11.3,21.1,13.85,245,0
1003.0,1.24,15.7,11.3,21.1,12.88,270,0
1003.0,1.24,15.7,11.3,21.1,12.88,350,0
1003.0,1.24,15.7,11.3,21.1,6.44,160,0
1003.0,1.24,15.7,11.3,21.1,26.79,160,2
1003.0,1.24,15.7,11.3,21.1,21.64,200,2
1003.0,1.24,15.7,11.3,21.1,28.98,310,2
1003.0,1.24,15.7,11.3,21.1,12.54,88,0
1003.0,1.24,15.7,11.3,21.1,14.67,163,0
1003.0,1.42,16.5,12.8,20.5,7.95,353,0
1003.0,1.42,16.5,12.8,20.5,6.34,14,0
1003.0,1.42,16.5,12.8,20.5,13.85,245,0
1003.0,1.42,16.5,12.8,20.5,12.88,270,0
1003.0,1.42,16.5,12.8,20.5,12.88,350,0
1003.0,1.42,16.5,12.8,20.5,6.44,160,0
1003.0,1.42,16.5,12.8,20.5,26.79,160,2
1003.0,1.42,16.5,12.8,20.5,21.64,200,2
1003.0,1.42,16.5,12.8,20.5,28.98,310,2
1003.0,1.42,16.5,12.8,20.5,12.54,88,0
1003.0,1.42,16.5,12.8,20.5,14.67,163,0
1003.0,0.24,2.8,0.5,4.8,7.95,353,0
1003.0,0.24,2.8,0.5,4.8,6.34,14,0
1003.0,0.24,2.8,0.5,4.8,13.85,245,0
1003.0,0.24,2.8,0.5,4.8,12.88,270,0
1003.0,0.24,2.8,0.5,4.8,12.88,350,0
1003.0,0.24,2.8,0.5,4.8,6.44,160,0
1003.0,0.24,2.8,0.5,4.8,26.79,160,2
1003.0,0.24,2.8,0.5,4.8,21.64,200,2
1003.0,0.24,2.8,0.5,4.8,28.98,310,2
1003.0,0.24,2.8,0.5,4.8,12.54,88,0
1003.0,0.24,2.8,0.5,4.8,14.67,163,0
1003.0,0.29,1.0,-1.3,4.1,7.95,353,0
1003.0,0.29,1.0,-1.3,4.1,6.34,14,0
1003.0,0.29,1.0,-1.3,4.1,13.85,245,0
1003.0,0.29,1.0,-1.3,4.1,12.88,270,0
1003.0,0.29,1.0,-1.3,4.1,12.88,350,0
1003.0,0.29,1.0,-1.3,4.1,6.44,160,0
1003.0,0.29,1.0,-1.3,4.1,26.79,160,2
1003.0,0.29,1.0,-1.3,4.1,21.64,200,2
1003.0,0.29,1.0,-1.3,4.1,28.98,310,2
1003.0,0.29,1.0,-1.3,4.1,12.54,88,0
1003.0,0.29,1.0,-1.3,4.1,14.67,163,0
1003.0,0.3,8.8,6.7,11.4,7.95,353,0
1003.0,0.3,8.8,6.7,11.4,6.34,14,0
1003.0,0.3,8.8,6.7,11.4,13.85,245,0
1003.0,0.3,8.8,6.7,11.4,12.88,270,0
1003.0,0.3,8.8,6.7,11.4,12.88,350,0
1003.0,0.3,8.8,6.7,11.4,6.44,160,0
1003.0,0.3,8.8,6.7,11.4,26.79,160,2
1003.0,0.3,8.8,6.7,11.4,21.64,200,2
1003.0,0.3,8.8,6.7,11.4,28.98,310,2
1003.0,0.3,8.8,6.7,11.4,12.54,88,0
1003.0,0.3,8.8,6.7,11.4,14.67,163,0
1003.0,0.16,-0.3,-2.6,0.9,7.95,353,0
1003.0,0.16,-0.3,-2.6,0.9,6.34,14,0
1003.0,0.16,-0.3,-2.6,0.9,13.85,245,0
1003.0,0.16,-0.3,-2.6,0.9,12.88,270,0
1003.0,0.16,-0.3,-2.6,0.9,12.88,350,0
1003.0,0.16,-0.3,-2.6,0.9,6.44,160,0
1003.0,0.16,-0.3,-2.6,0.9,26.79,160,2
1003.0,0.16,-0.3,-2.6,0.9,21.64,200,2
1003.0,0.16,-0.3,-2.6,0.9,28.98,310,2
1003.0,0.16,-0.3,-2.6,0.9,12.54,88,0
1003.0,0.16,-0.3,-2.6,0.9,14.67,163,0
1003.0,0.23,3.5,-0.4,5.7,7.95,353,0
1003.0,0.23,3.5,-0.4,5.7,6.34,14,0
1003.0,0.23,3.5,-0.4,5.7,13.85,245,0
1003.0,0.23,3.5,-0.4,5.7,12.88,270,0
1003.0,0.23,3.5,-0.4,5.7,12.88,350,0
1003.0,0.23,3.5,-0.4,5.7,6.44,160,0
1003.0,0.23,3.5,-0.4,5.7,26.79,160,2
1003.0,0.23,3.5,-0.4,5.7,21.64,200,2
1003.0,0.23,3.5,-0.4,5.7,28.98,310,2
1003.0,0.23,3.5,-0.4,5.7,12.54,88,0
1003.0,0.23,3.5,-0.4,5.7,14.67,163,0
1003.0,0.65,4.0,1.6,6.8,7.95,353,0
1003.0,0.65,4.0,1.6,6.8,6.34,14,0
1003.0,0.65,4.0,1.6,6.8,13.85,245,0
1003.0,0.65,4.0,1.6,6.8,12.88,270,0
1003.0,0.65,4.0,1.6,6.8,12.88,350,0
1003.0,0.65,4.0,1.6,6.8,6.44,160,0
1003.0,0.65,4.0,1.6,6.8,26.79,160,2
1003.0,0.65,4.0,1.6,6.8,21.64,200,2
1003.0,0.65,4.0,1.6,6.8,28.98,310,2
1003.0,0.65,4.0,1.6,6.8,12.54,88,0
1003.0,0.65,4.0,1.6,6.8,14.67,163,0
1003.0,0.95,14.8,13.2,15.6,7.95,353,0
1003.0,0.95,14.8,13.2,15.6,6.34,14,0
1003.0,0.95,14.8,13.2,15.6,13.85,245,0
1003.0,0.95,14.8,13.2,15.6,12.88,270,0
1003.0,0.95,14.8,13.2,15.6,12.88,350,0
1003.0,0.95,14.8,13.2,15.6,6.44,160,0
1003.0,0.95,14.8,13.2,15.6,26.79,160,2
1003.0,0.95,14.8,13.2,15.6,21.64,200,2
1003.0,0.95,14.8,13.2,15.6,28.98,310,2
1003.0,0.95,14.8,13.2,15.6,12.54,88,0
1003.0,0.95,14.8,13.2,15.6,14.67,163,0
1003.0,0.22,13.8,10.0,17.5,7.95,353,0
1003.0,0.22,13.8,10.0,17.5,6.34,14,0
1003.0,0.22,13.8,10.0,17.5,13.85,245,0
1003.0,0.22,13.8,10.0,17.5,12.88,270,0
1003.0,0.22,13.8,10.0,17.5,12.88,350,0
1003.0,0.22,13.8,10.0,17.5,6.44,160,0
1003.0,0.22,13.8,10.0,17.5,26.79,160,2
1003.0,0.22,13.8,10.0,17.5,21.64,200,2
1003.0,0.22,13.8,10.0,17.5,28.98,310,2
1003.0,0.22,13.8,10.0,17.5,12.54,88,0
1003.0,0.22,13.8,10.0,17.5,14.67,163,0
1003.0,0.89,14.2,11.0,18.7,7.95,353,0
1003.0,0.89,14.2,11.0,18.7,6.34,14,0
1003.0,0.89,14.2,11.0,18.7,13.85,245,0
1003.0,0.89,14.2,11.0,18.7,12.88,270,0
1003.0,0.89,14.2,11.0,18.7,12.88,350,0
1003.0,0.89,14.2,11.0,18.7,6.44,160,0
1003.0,0.89,14.2,11.0,18.7,26.79,160,2
1003.0,0.89,14.2,11.0,18.7,21.64,200,2
1003.0,0.89,14.2,11.0,18.7,28.98,310,2
1003.0,0.89,14.2,11.0,18.7,12.54,88,0
1003.0,0.89,14.2,11.0,18.7,14.67,163,0
1003.0,0.51,14.6,11.5,17.1,7.95,353,0
1003.0,0.51,14.6,11.5,17.1,6.34,14,0
1003.0,0.51,14.6,11.5,17.1,13.85,245,0
1003.0,0.51,14.6,11.5,17.1,12.88,270,0
1003.0,0.51,14.6,11.5,17.1,12.88,350,0
1003.0,0.51,14.6,11.5,17.1,6.44,160,0
1003.0,0.51,14.6,11.5,17.1,26.79,160,2
1003.0,0.51,14.6,11.5,17.1,21.64,200,2
1003.0,0.51,14.6,11.5,17.1,28.98,310,2
1003.0,0.51,14.6,11.5,17.1,12.54,88,0
1003.0,0.51,14.6,11.5,17.1,14.67,163,0
1003.0,0.93,18.5,15.0,23.3,7.95,353,0
1003.0,0.93,18.5,15.0,23.3,6.34,14,0
1003.0,0.93,18.5,15.0,23.3,13.85,245,0
1003.0,0.93,18.5,15.0,23.3,12.88,270,0
1003.0,0.93,18.5,15.0,23.3,12.88,350,0
1003.0,0.93,18.5,15.0,23.3,6.44,160,0
1003.0,0.93,18.5,15.0,23.3,26.79,160,2
1003.0,0.93,18.5,15.0,23.3,21.64,200,2
1003.0,0.93,18.5,15.0,23.3,28.98,310,2
1003.0,0.93,18.5,15.0,23.3,12.54,88,0
1003.0,0.93,18.5,15.0,23.3,14.67,163,0
1003.0,1.33,11.9,7.4,16.0,7.95,353,0
1003.0,1.33,11.9,7.4,16.0,6.34,14,0
1003.0,1.33,11.9,7.4,16.0,13.85,245,0
1003.0,1.33,11.9,7.4,16.0,12.88,270,0
1003.0,1.33,11.9,7.4,16.0,12.88,350,0
1003.0,1.33,11.9,7.4,16.0,6.44,160,0
1003.0,1.33,11.9,7.4,16.0,26.79,160,2
1003.0,1.33,11.9,7.4,16.0,21.64,200,2
1003.0,1.33,11.9,7.4,16.0,28.98,310,2
1003.0,1.33,11.9,7.4,16.0,12.54,88,0
1003.0,1.33,11.9,7.4,16.0,14.67,163,0
1003.0,0.31,0.9,-1.5,2.6,7.95,353,0
1003.0,0.31,0.9,-1.5,2.6,6.34,14,0
1003.0,0.31,0.9,-1.5,2.6,13.85,245,0
1003.0,0.31,0.9,-1.5,2.6,12.88,270,0
1003.0,0.31,0.9,-1.5,2.6,12.88,350,0
1003.0,0.31,0.9,-1.5,2.6,6.44,160,0
1003.0,0.31,0.9,-1.5,2.6,26.79,160,2
1003.0,0.31,0.9,-1.5,2.6,21.64,200,2
1003.0,0.31,0.9,-1.5,2.6,28.98,310,2
1003.0,0.31,0.9,-1.5,2.6,12.54,88,0
1003.0,0.31,0.9,-1.5,2.6,14.67,163,0
1003.0,0.16,5.3,4.1,6.8,7.95,353,0
1003.0,0.16,5.3,4.1,6.8,6.34,14,0
1003.0,0.16,5.3,4.1,6.8,13.85,245,0
1003.0,0.16,5.3,4.1,6.8,12.88,270,0
1003.0,0.16,5.3,4.1,6.8,12.88,350,0
1003.0,0.16,5.3,4.1,6.8,6.44,160,0
1003.0,0.16,5.3,4.1,6.8,26.79,160,2
1003.0,0.16,5.3,4.1,6.8,21.64,200,2
1003.0,0.16,5.3,4.1,6.8,28.98,310,2
1003.0,0.16,5.3,4.1,6.8,12.54,88,0
1003.0,0.16,5.3,4.1,6.8,14.67,163,0
1003.0,0.36,10.9,8.6,12.3,7.95,353,0
1003.0,0.36,10.9,8.6,12.3,6.34,14,0
1003.0,0.36,10.9,8.6,12.3,13.85,245,0
1003.0,0.36,10.9,8.6,12.3,12.88,270,0
1003.0,0.36,10.9,8.6,12.3,12.88,350,0
1003.0,0.36,10.9,8.6,12.3,6.44,160,0
1003.0,0.36,10.9,8.6,12.3,26.79,160,2
1003.0,0.36,10.9,8.6,12.3,21.64,200,2
1003.0,0.36,10.9,8.6,12.3,28.98,310,2
1003.0,0.36,10.9,8.6,12.3,12.54,88,0
1003.0,0.36,10.9,8.6,12.3,14.67,163,0
1003.0,0.14,5.9,1.7,10.3,7.95,353,0
1003.0,0.14,5.9,1.7,10.3,6.34,14,0
1003.0,0.14,5.9,1.7,10.3,13.85,245,0
1003.0,0.14,5.9,1.7,10.3,12.88,270,0
1003.0,0.14,5.9,1.7,10.3,12.88,350,0
1003.0,0.14,5.9,1.7,10.3,6.44,160,0
1003.0,0.14,5.9,1.7,10.3,26.79,160,2
1003.0,0.14,5.9,1.7,10.3,21.64,200,2
1003.0,0.14,5.9,1.7,10.3,28.98,310,2
1003.0,0.14,5.9,1.7,10.3,12.54,88,0
1003.0,0.14,5.9,1.7,10.3,14.67,163,0
1003.0,0.2,7.3,2.1,11.8,7.95,353,0
1003.0,0.2,7.3,2.1,11.8,6.34,14,0
1003.0,0.2,7.3,2.1,11.8,13.85,245,0
1003.0,0.2,7.3,2.1,11.8,12.88,270,0
1003.0,0.2,7.3,2.1,11.8,12.88,350,0
1003.0,0.2,7.3,2.1,11.8,6.44,160,0
1003.0,0.2,7.3,2.1,11.8,26.79,160,2
1003.0,0.2,7.3,2.1,11.8,21.64,200,2
1003.0,0.2,7.3,2.1,11.8,28.98,310,2
1003.0,0.2,7.3,2.1,11.8,12.54,88,0
1003.0,0.2,7.3,2.1,11.8,14.67,163,0
1003.0,0.24,5.9,1.9,8.4,7.95,353,0
1003.0,0.24,5.9,1.9,8.4,6.34,14,0
1003.0,0.24,5.9,1.9,8.4,13.85,245,0
1003.0,0.24,5.9,1.9,8.4,12.88,270,0
1003.0,0.24,5.9,1.9,8.4,12.88,350,0
1003.0,0.24,5.9,1.9,8.4,6.44,160,0
1003.0,0.24,5.9,1.9,8.4,26.79,160,2
1003.0,0.24,5.9,1.9,8.4,21.64,200,2
1003.0,0.24,5.9,1.9,8.4,28.98,310,2
1003.0,0.24,5.9,1.9,8.4,12.54,88,0
1003.0,0.24,5.9,1.9,8.4,14.67,163,0
1003.1,0.27,12.6,10.3,14.8,9.02,184,1
1003.1,0.27,12.6,10.3,14.8,11.03,160,1
1003.1,0.27,12.6,10.3,14.8,17.71,180,3
1003.1,0.27,12.6,10.3,14.8,11.27,320,1
1003.1,0.27,12.6,10.3,14.8,32.2,320,3
1003.1,0.27,12.6,10.3,14.8,25.76,270,3
1003.1,0.27,12.6,10.3,14.8,12.88,40,1
1003.1,0.27,12.6,10.3,14.8,27.37,330,3
1003.1,0.27,12.6,10.3,14.8,6.44,300,1
1003.1,0.27,12.6,10.3,14.8,14.06,280,1
1003.1,0.27,12.6,10.3,14.8,19.92,290,3
1003.1,0.27,12.6,10.3,14.8,12.88,160,1
1003.1,0.27,12.6,10.3,14.8,10.64,10,1
1003.1,0.27,12.6,10.3,14.8,9.06,189,1
1003.1,0.27,12.6,10.3,14.8,23.57,253,3
1003.1,0.27,12.6,10.3,14.8,3.27,24,1
1003.1,0.33,9.6,7.6,13.4,9.02,184,1
1003.1,0.33,9.6,7.6,13.4,11.03,160,1
1003.1,0.33,9.6,7.6,13.4,17.71,180,3
1003.1,0.33,9.6,7.6,13.4,11.27,320,1
1003.1,0.33,9.6,7.6,13.4,32.2,320,3
1003.1,0.33,9.6,7.6,13.4,25.76,270,3
1003.1,0.33,9.6,7.6,13.4,12.88,40,1
1003.1,0.33,9.6,7.6,13.4,27.37,330,3
1003.1,0.33,9.6,7.6,13.4,6.44,300,1
1003.1,0.33,9.6,7.6,13.4,14.06,280,1
1003.1,0.33,9.6,7.6,13.4,19.92,290,3
1003.1,0.33,9.6,7.6,13.4,12.88,160,1
1003.1,0.33,9.6,7.6,13.4,10.64,10,1
1003.1,0.33,9.6,7.6,13.4,9.06,189,1
1003.1,0.33,9.6,7.6,13.4,23.57,253,3
1003.1,0.33,9.6,7.6,13.4,3.27,24,1
1003.1,1.81,8.2,2.5,15.7,9.02,184,1
1003.1,1.81,8.2,2.5,15.7,11.03,160,1
1003.1,1.81,8.2,2.5,15.7,17.71,180,3
1003.1,1.81,8.2,2.5,15.7,11.27,320,1
1003.1,1.81,8.2,2.5,15.7,32.2,320,3
1003.1,1.81,8.2,2.5,15.7,25.76,270,3
1003.1,1.81,8.2,2.5,15.7,12.88,40,1
1003.1,1.81,8.2,2.5,15.7,27.37,330,3
1003.1,1.81,8.2,2.5,15.7,6.44,300,1
1003.1,1.81,8.2,2.5,15.7,14.06,280,1
1003.1,1.81,8.2,2.5,15.7,19.92,290,3
1003.1,1.81,8.2,2.5,15.7,12.88,160,1
1003.1,1.81,8.2,2.5,15.7,10.64,10,1
1003.1,1.81,8.2,2.5,15.7,9.06,189,1
1003.1,1.81,8.2,2.5,15.7,23.57,253,3
1003.1,1.81,8.2,2.5,15.7,3.27,24,1
1003.1,0.48,15.6,12.5,18.8,9.02,184,1
1003.1,0.48,15.6,12.5,18.8,11.03,160,1
1003.1,0.48,15.6,12.5,18.8,17.71,180,3
1003.1,0.48,15.6,12.5,18.8,11.27,320,1
1003.1,0.48,15.6,12.5,18.8,32.2,320,3
1003.1,0.48,15.6,12.5,18.8,25.76,270,3
1003.1,0.48,15.6,12.5,18.8,12.88,40,1
1003.1,0.48,15.6,12.5,18.8,27.37,330,3
1003.1,0.48,15.6,12.5,18.8,6.44,300,1
1003.1,0.48,15.6,12.5,18.8,14.06,280,1
1003.1,0.48,15.6,12.5,18.8,19.92,290,3
1003.1,0.48,15.6,12.5,18.8,12.88,160,1
1003.1,0.48,15.6,12.5,18.8,10.64,10,1
1003.1,0.48,15.6,12.5,18.8,9.06,189,1
1003.1,0.48,15.6,12.5,18.8,23.57,253,3
1003.1,0.48,15.6,12.5,18.8,3.27,24,1
1003.1,0.79,12.8,3.7,19.2,9.02,184,1
1003.1,0.79,12.8,3.7,19.2,11.03,160,1
1003.1,0.79,12.8,3.7,19.2,17.71,180,3
1003.1,0.79,12.8,3.7,19.2,11.27,320,1
1003.1,0.79,12.8,3.7,19.2,32.2,320,3
1003.1,0.79,12.8,3.7,19.2,25.76,270,3
1003.1,0.79,12.8,3.7,19.2,12.88,40,1
1003.1,0.79,12.8,3.7,19.2,27.37,330,3
1003.1,0.79,12.8,3.7,19.2,6.44,300,1
1003.1,0.79,12.8,3.7,19.2,14.06,280,1
1003.1,0.79,12.8,3.7,19.2,19.92,290,3
1003.1,0.79,12.8,3.7,19.2,12.88,160,1
1003.1,0.79,12.8,3.7,19.2,10.64,10,1
1003.1,0.79,12.8,3.7,19.2,9.06,189,1
1003.1,0.79,12.8,3.7,19.2,23.57,253,3
1003.1,0.79,12.8,3.7,19.2,3.27,24,1
1003.1,0.9,9.1,4.0,13.0,9.02,184,1
1003.1,0.9,9.1,4.0,13.0,11.03,160,1
1003.1,0.9,9.1,4.0,13.0,17.71,180,3
1003.1,0.9,9.1,4.0,13.0,11.27,320,1
1003.1,0.9,9.1,4.0,13.0,32.2,320,3
1003.1,0.9,9.1,4.0,13.0,25.76,270,3
1003.1,0.9,9.1,4.0,13.0,12.88,40,1
1003.1,0.9,9.1,4.0,13.0,27.37,330,3
1003.1,0.9,9.1,4.0,13.0,6.44,300,1
1003.1,0.9,9.1,4.0,13.0,14.06,280,1
1003.1,0.9,9.1,4.0,13.0,19.92,290,3
1003.1,0.9,9.1,4.0,13.0,12.88,160,1
1003.1,0.9,9.1,4.0,13.0,10.64,10,1
1003.1,0.9,9.1,4.0,13.0,9.06,189,1
1003.1,0.9,9.1,4.0,13.0,23.57,253,3
1003.1,0.9,9.1,4.0,13.0,3.27,24,1
1003.1,0.31,-0.1,-2.9,2.7,9.02,184,0
1003.1,0.31,-0.1,-2.9,2.7,11.03,160,0
1003.1,0.31,-0.1,-2.9,2.7,17.71,180,2
1003.1,0.31,-0.1,-2.9,2.7,11.27,320,0
1003.1,0.31,-0.1,-2.9,2.7,32.2,320,2
1003.1,0.31,-0.1,-2.9,2.7,25.76,270,2
1003.1,0.31,-0.1,-2.9,2.7,12.88,40,0
1003.1,0.31,-0.1,-2.9,2.7,27.37,330,2
1003.1,0.31,-0.1,-2.9,2.7,6.44,300,0
1003.1,0.31,-0.1,-2.9,2.7,14.06,280,0
1003.1,0.31,-0.1,-2.9,2.7,19.92,290,2
1003.1,0.31,-0.1,-2.9,2.7,12.88,160,0
1003.1,0.31,-0.1,-2.9,2.7,10.64,10,0
1003.1,0.31,-0.1,-2.9,2.7,9.06,189,0
1003.1,0.31,-0.1,-2.9,2.7,23.57,253,2
1003.1,0.31,-0.1,-2.9,2.7,3.27,24,0
1003.1,0.47,4.0,1.4,7.7,9.02,184,0
1003.1,0.47,4.0,1.4,7.7,11.03,160,0
1003.1,0.47,4.0,1.4,7.7,17.71,180,2
1003.1,0.47,4.0,1.4,7.7,11.27,320,0
1003.1,0.47,4.0,1.4,7.7,32.2,320,2
1003.1,0.47,4.0,1.4,7.7,25.76,270,2
1003.1,0.47,4.0,1.4,7.7,12.88,40,0
1003.1,0.47,4.0,1.4,7.7,27.37,330,2
1003.1,0.47,4.0,1.4,7.7,6.44,300,0
1003.1,0.47,4.0,1.4,7.7,14.06,280,0
1003.1,0.47,4.0,1.4,7.7,19.92,290,2
1003.1,0.47,4.0,1.4,7.7,12.88,160,0
1003.1,0.47,4.0,1.4,7.7,10.64,10,0
1003.1,0.47,4.0,1.4,7.7,9.06,189,0
1003.1,0.47,4.0,1.4,7.7,23.57,253,2
1003.1,0.47,4.0,1.4,7.7,3.27,24,0
1003.1,1.77,17.5,15.4,22.1,9.02,184,0
1003.1,1.77,17.5,15.4,22.1,11.03,160,0
1003.1,1.77,17.5,15.4,22.1,17.71,180,2
1003.1,1.77,17.5,15.4,22.1,11.27,320,0
1003.1,1.77,17.5,15.4,22.1,32.2,320,2
1003.1,1.77,17.5,15.4,22.1,25.76,270,2
1003.1,1.77,17.5,15.4,22.1,12.88,40,0
1003.1,1.77,17.5,15.4,22.1,27.37,330,2
1003.1,1.77,17.5,15.4,22.1,6.44,300,0
1003.1,1.77,17.5,15.4,22.1,14.06,280,0
1003.1,1.77,17.5,15.4,22.1,19.92,290,2
1003.1,1.77,17.5,15.4,22.1,12.88,160,0
1003.1,1.77,17.5,15.4,22.1,10.64,10,0
1003.1,1.77,17.5,15.4,22.1,9.06,189,0
1003.1,1.77,17.5,15.4,22.1,23.57,253,2
1003.1,1.77,17.5,15.4,22.1,3.27,24,0
1003.1,0.36,9.8,4.1,17.3,9.02,184,0
1003.1,0.36,9.8,4.1,17.3,11.03,160,0
1003.1,0.36,9.8,4.1,17.3,17.71,180,2
1003.1,0.36,9.8,4.1,17.3,11.27,320,0
1003.1,0.36,9.8,4.1,17.3,32.2,320,2
1003.1,0.36,9.8,4.1,17.3,25.76,270,2
1003.1,0.36,9.8,4.1,17.3,12.88,40,0
1003.1,0.36,9.8,4.1,17.3,27.37,330,2
1003.1,0.36,9.8,4.1,17.3,6.44,300,0
1003.1,0.36,9.8,4.1,17.3,14.06,280,0
1003.1,0.36,9.8,4.1,17.3,19.92,290,2
1003.1,0.36,9.8,4.1,17.3,12.88,160,0
1003.1,0.36,9.8,4.1,17.3,10.64,10,0
1003.1,0.36,9.8,4.1,17.3,9.06,189,0
1003.1,0.36,9.8,4.1,17.3,23.57,253,2
1003.1,0.36,9.8,4.1,17.3,3.27,24,0
1003.1,0.56,7.0,2.2,12.0,9.02,184,0
1003.1,0.56,7.0,2.2,12.0,11.03,160,0
1003.1,0.56,7.0,2.2,12.0,17.71,180,2
1003.1,0.56,7.0,2.2,12.0,11.27,320,0
1003.1,0.56,7.0,2.2,12.0,32.2,320,2
1003.1,0.56,7.0,2.2,12.0,25.76,270,2
1003.1,0.56,7.0,2.2,12.0,12.88,40,0
1003.1,0.56,7.0,2.2,12.0,27.37,330,2
1003.1,0.56,7.0,2.2,12.0,6.44,300,0
1003.1,0.56,7.0,2.2,12.0,14.06,280,0
1003.1,0.56,7.0,2.2,12.0,19.92,290,2
1003.1,0.56,7.0,2.2,12.0,12.88,160,0
1003.1,0.56,7.0,2.2,12.0,10.64,10,0
1003.1,0.56,7.0,2.2,12.0,9.06,189,0
1003.1,0.56,7.0,2.2,12.0,23.57,253,2
1003.1,0.56,7.0,2.2,12.0,3.27,24,0
1003.1,0.52,16.9,14.5,19.6,9.02,184,0
1003.1,0.52,16.9,14.5,19.6,11.03,160,0
1003.1,0.52,16.9,14.5,19.6,17.71,180,2
1003.1,0.52,16.9,14.5,19.6,11.27,320,0
1003.1,0.52,16.9,14.5,19.6,32.2,320,2
1003.1,0.52,16.9,14.5,19.6,25.76,270,2
1003.1,0.52,16.9,14.5,19.6,12.88,40,0
1003.1,0.52,16.9,14.5,19.6,27.37,330,2
1003.1,0.52,16.9,14.5,19.6,6.44,300,0
1003.1,0.52,16.9,14.5,19.6,14.06,280,0
1003.1,0.52,16.9,14.5,19.6,19.92,290,2
1003.1,0.52,16.9,14.5,19.6,12.88,160,0
1003.1,0.52,16.9,14.5,19.6,10.64,10,0
1003.1,0.52,16.9,14.5,19.6,9.06,189,0
1003.1,0.52,16.9,14.5,19.6,23.57,253,2
1003.1,0.52,16.9,14.5,19.6,3.27,24,0
1003.1,0.18,9.5,8.2,11.2,9.02,184,0
1003.1,0.18,9.5,8.2,11.2,11.03,160,0
1003.1,0.18,9.5,8.2,11.2,17.71,180,2
1003.1,0.18,9.5,8.2,11.2,11.27,320,0
1003.1,0.18,9.5,8.2,11.2,32.2,320,2
1003.1,0.18,9.5,8.2,11.2,25.76,270,2
1003.1,0.18,9.5,8.2,11.2,12.88,40,0
1003.1,0.18,9.5,8.2,11.2,27.37,330,2
1003.1,0.18,9.5,8.2,11.2,6.44,300,0
1003.1,0.18,9.5,8.2,11.2,14.06,280,0
1003.1,0.18,9.5,8.2,11.2,19.92,290,2
1003.1,0.18,9.5,8.2,11.2,12.88,160,0
1003.1,0.18,9.5,8.2,11.2,10.64,10,0
1003.1,0.18,9.5,8.2,11.2,9.06,189,0
1003.1,0.18,9.5,8.2,11.2,23.57,253,2
1003.1,0.18,9.5,8.2,11.2,3.27,24,0
1003.1,0.14,4.5,1.4,7.2,9.02,184,0
1003.1,0.14,4.5,1.4,7.2,11.03,160,0
1003.1,0.14,4.5,1.4,7.2,17.71,180,2
1003.1,0.14,4.5,1.4,7.2,11.27,320,0
1003.1,0.14,4.5,1.4,7.2,32.2,320,2
1003.1,0.14,4.5,1.4,7.2,25.76,270,2
1003.1,0.14,4.5,1.4,7.2,12.88,40,0
1003.1,0.14,4.5,1.4,7.2,27.37,330,2
1003.1,0.14,4.5,1.4,7.2,6.44,300,0
1003.1,0.14,4.5,1.4,7.2,14.06,280,0
1003.1,0.14,4.5,1.4,7.2,19.92,290,2
1003.1,0.14,4.5,1.4,7.2,12.88,160,0
1003.1,0.14,4.5,1.4,7.2,10.64,10,0
1003.1,0.14,4.5,1.4,7.2,9.06,189,0
1003.1,0.14,4.5,1.4,7.2,23.57,253,2
1003.1,0.14,4.5,1.4,7.2,3.27,24,0
1003.1,0.35,9.6,6.1,11.4,9.02,184,0
1003.1,0.35,9.6,6.1,11.4,11.03,160,0
1003.1,0.35,9.6,6.1,11.4,17.71,180,2
1003.1,0.35,9.6,6.1,11.4,11.27,320,0
1003.1,0.35,9.6,6.1,11.4,32.2,320,2
1003.1,0.35,9.6,6.1,11.4,25.76,270,2
1003.1,0.35,9.6,6.1,11.4,12.88,40,0
1003.1,0.35,9.6,6.1,11.4,27.37,330,2
1003.1,0.35,9.6,6.1,11.4,6.44,300,0
1003.1,0.35,9.6,6.1,11.4,14.06,280,0
1003.1,0.35,9.6,6.1,11.4,19.92,290,2
1003.1,0.35,9.6,6.1,11.4,12.88,160,0
1003.1,0.35,9.6,6.1,11.4,10.64,10,0
1003.1,0.35,9.6,6.1,11.4,9.06,189,0
1003.1,0.35,9.6,6.1,11.4,23.57,253,2
1003.1,0.35,9.6,6.1,11.4,3.27,24,0
1003.1,0.32,6.3,3.3,9.2,9.02,184,0
1003.1,0.32,6.3,3.3,9.2,11.03,160,0
1003.1,0.32,6.3,3.3,9.2,17.71,180,2
1003.1,0.32,6.3,3.3,9.2,11.27,320,0
1003.1,0.32,6.3,3.3,9.2,32.2,320,2
1003.1,0.32,6.3,3.3,9.2,25.76,270,2
1003.1,0.32,6.3,3.3,9.2,12.88,40,0
1003.1,0.32,6.3,3.3,9.2,27.37,330,2
1003.1,0.32,6.3,3.3,9.2,6.44,300,0
1003.1,0.32,6.3,3.3,9.2,14.06,280,0
1003.1,0.32,6.3,3.3,9.2,19.92,290,2
1003.1,0.32,6.3,3.3,9.2,12.88,160,0
1003.1,0.32,6.3,3.3,9.2,10.64,10,0
1003.1,0.32,6.3,3.3,9.2,9.06,189,0
1003.1,0.32,6.3,3.3,9.2,23.57,253,2
1003.1,0.32,6.3,3.3,9.2,3.27,24,0
1003.1,0.22,7.9,5.7,9.7,9.02,184,0
1003.1,0.22,7.9,5.7,9.7,11.03,160,0
1003.1,0.22,7.9,5.7,9.7,17.71,180,2
1003.1,0.22,7.9,5.7,9.7,11.27,320,0
1003.1,0.22,7.9,5.7,9.7,32.2,320,2
1003.1,0.22,7.9,5.7,9.7,25.76,270,2
1003.1,0.22,7.9,5.7,9.7,12.88,40,0
1003.1,0.22,7.9,5.7,9.7,27.37,330,2
1003.1,0.22,7.9,5.7,9.7,6.44,300,0
1003.1,0.22,7.9,5.7,9.7,14.06,280,0
1003.1,0.22,7.9,5.7,9.7,19.92,290,2
1003.1,0.22,7.9,5.7,9.7,12.88,160,0
1003.1,0.22,7.9,5.7,9.7,10.64,10,0
1003.1,0.22,7.9,5.7,9.7,9.06,189,0
1003.1,0.22,7.9,5.7,9.7,23.57,253,2
1003.1,0.22,7.9,5.7,9.7,3.27,24,0
1003.1,1.57,18.4,14.9,21.8,9.02,184,0
1003.1,1.57,18.4,14.9,21.8,11.03,160,0
1003.1,1.57,18.4,14.9,21.8,17.71,180,2
1003.1,1.57,18.4,14.9,21.8,11.27,320,0
1003.1,1.57,18.4,14.9,21.8,32.2,320,2
1003.1,1.57,18.4,14.9,21.8,25.76,270,2
1003.1,1.57,18.4,14.9,21.8,12.88,40,0
1003.1,1.57,18.4,14.9,21.8,27.37,330,2
1003.1,1.57,18.4,14.9,21.8,6.44,300,0
1003.1,1.57,18.4,14.9,21.8,14.06,280,0
1003.1,1.57,18.4,14.9,21.8,19.92,290,2
1003.1,1.57,18.4,14.9,21.8,12.88,160,0
1003.1,1.57,18.4,14.9,21.8,10.64,10,0
1003.1,1.57,18.4,14.9,21.8,9.06,189,0
1003.1,1.57,18.4,14.9,21.8,23.57,253,2
1003.1,1.57,18.4,14.9,21.8,3.27,24,0
1003.1,0.63,16.0,13.5,18.6,9.02,184,0
1003.1,0.63,16.0,13.5,18.6,11.03,160,0
1003.1,0.63,16.0,13.5,18.6,17.71,180,2
1003.1,0.63,16.0,13.5,18.6,11.27,320,0
1003.1,0.63,16.0,13.5,18.6,32.2,320,2
1003.1,0.63,16.0,13.5,18.6,25.76,270,2
1003.1,0.63,16.0,13.5,18.6,12.88,40,0
1003.1,0.63,16.0,13.5,18.6,27.37,330,2
1003.1,0.63,16.0,13.5,18.6,6.44,300,0
1003.1,0.63,16.0,13.5,18.6,14.06,280,0
1003.1,0.63,16.0,13.5,18.6,19.92,290,2
1003.1,0.63,16.0,13.5,18.6,12.88,160,0
1003.1,0.63,16.0,13.5,18.6,10.64,10,0
1003.1,0.63,16.0,13.5,18.6,9.06,189,0
1003.1,0.63,16.0,13.5,18.6,23.57,253,2
1003.1,0.63,16.0,13.5,18.6,3.27,24,0
1003.1,0.14,6.9,2.7,11.1,9.02,184,0
1003.1,0.14,6.9,2.7,11.1,11.03,160,0
1003.1,0.14,6.9,2.7,11.1,17.71,180,2
1003.1,0.14,6.9,2.7,11.1,11.27,320,0
1003.1,0.14,6.9,2.7,11.1,32.2,320,2
1003.1,0.14,6.9,2.7,11.1,25.76,270,2
1003.1,0.14,6.9,2.7,11.1,12.88,40,0
1003.1,0.14,6.9,2.7,11.1,27.37,330,2
1003.1,0.14,6.9,2.7,11.1,6.44,300,0
1003.1,0.14,6.9,2.7,11.1,14.06,280,0
1003.1,0.14,6.9,2.7,11.1,19.92,290,2
1003.1,0.14,6.9,2.7,11.1,12.88,160,0
1003.1,0.14,6.9,2.7,11.1,10.64,10,0
1003.1,0.14,6.9,2.7,11.1,9.06,189,0
1003.1,0.14,6.9,2.7,11.1,23.57,253,2
1003.1,0.14,6.9,2.7,11.1,3.27,24,0
1003.1,2.29,16.8,13.7,22.0,9.02,184,0
1003.1,2.29,16.8,13.7,22.0,11.03,160,0
1003.1,2.29,16.8,13.7,22.0,17.71,180,2
1003.1,2.29,16.8,13.7,22.0,11.27,320,0
1003.1,2.29,16.8,13.7,22.0,32.2,320,2
1003.1,2.29,16.8,13.7,22.0,25.76,270,2
1003.1,2.29,16.8,13.7,22.0,12.88,40,0
1003.1,2.29,16.8,13.7,22.0,27.37,330,2
1003.1,2.29,16.8,13.7,22.0,6.44,300,0
1003.1,2.29,16.8,13.7,22.0,14.06,280,0
1003.1,2.29,16.8,13.7,22.0,19.92,290,2
1003.1,2.29,16.8,13.7,22.0,12.88,160,0
1003.1,2.29,16.8,13.7,22.0,10.64,10,0
1003.1,2.29,16.8,13.7,22.0,9.06,189,0
1003.1,2.29,16.8,13.7,22.0,23.57,253,2
1003.1,2.29,16.8,13.7,22.0,3.27,24,0
1003.1,0.22,7.6,6.3,8.6,9.02,184,0
1003.1,0.22,7.6,6.3,8.6,11.03,160,0
1003.1,0.22,7.6,6.3,8.6,17.71,180,2
1003.1,0.22,7.6,6.3,8.6,11.27,320,0
1003.1,0.22,7.6,6.3,8.6,32.2,320,2
1003.1,0.22,7.6,6.3,8.6,25.76,270,2
1003.1,0.22,7.6,6.3,8.6,12.88,40,0
1003.1,0.22,7.6,6.3,8.6,27.37,330,2
1003.1,0.22,7.6,6.3,8.6,6.44,300,0
1003.1,0.22,7.6,6.3,8.6,14.06,280,0
1003.1,0.22,7.6,6.3,8.6,19.92,290,2
1003.1,0.22,7.6,6.3,8.6,12.88,160,0
1003.1,0.22,7.6,6.3,8.6,10.64,10,0
1003.1,0.22,7.6,6.3,8.6,9.06,189,0
1003.1,0.22,7.6,6.3,8.6,23.57,253,2
1003.1,0.22,7.6,6.3,8.6,3.27,24,0
1003.1,0.11,3.2,0.1,7.4,9.02,184,0
1003.1,0.11,3.2,0.1,7.4,11.03,160,0
1003.1,0.11,3.2,0.1,7.4,17.71,180,2
1003.1,0.11,3.2,0.1,7.4,11.27,320,0
1003.1,0.11,3.2,0.1,7.4,32.2,320,2
1003.1,0.11,3.2,0.1,7.4,25.76,270,2
1003.1,0.11,3.2,0.1,7.4,12.88,40,0
1003.1,0.11,3.2,0.1,7.4,27.37,330,2
1003.1,0.11,3.2,0.1,7.4,6.44,300,0
1003.1,0.11,3.2,0.1,7.4,14.06,280,0
1003.1,0.11,3.2,0.1,7.4,19.92,290,2
1003.1,0.11,3.2,0.1,7.4,12.88,160,0
1003.1,0.11,3.2,0.1,7.4,10.64,10,0
1003.1,0.11,3.2,0.1,7.4,9.06,189,0
1003.1,0.11,3.2,0.1,7.4,23.57,253,2
1003.1,0.11,3.2,0.1,7.4,3.27,24,0
1003.1,0.71,9.4,6.9,13.4,9.02,184,0
1003.1,0.71,9.4,6.9,13.4,11.03,160,0
1003.1,0.71,9.4,6.9,13.4,17.71,180,2
1003.1,0.71,9.4,6.9,13.4,11.27,320,0
1003.1,0.71,9.4,6.9,13.4,32.2,320,2
1003.1,0.71,9.4,6.9,13.4,25.76,270,2
1003.1,0.71,9.4,6.9,13.4,12.88,40,0
1003.1,0.71,9.4,6.9,13.4,27.37,330,2
1003.1,0.71,9.4,6.9,13.4,6.44,300,0
1003.1,0.71,9.4,6.9,13.4,14.06,280,0
1003.1,0.71,9.4,6.9,13.4,19.92,290,2
1003.1,0.71,9.4,6.9,13.4,12.88,160,0
1003.1,0.71,9.4,6.9,13.4,10.64,10,0
1003.1,0.71,9.4,6.9,13.4,9.06,189,0
1003.1,0.71,9.4,6.9,13.4,23.57,253,2
1003.1,0.71,9.4,6.9,13.4,3.27,24,0
1003.1,0.75,11.1,9.5,15.6,9.02,184,0
1003.1,0.75,11.1,9.5,15.6,11.03,160,0
1003.1,0.75,11.1,9.5,15.6,17.71,180,2
1003.1,0.75,11.1,9.5,15.6,11.27,320,0
1003.1,0.75,11.1,9.5,15.6,32.2,320,2
1003.1,0.75,11.1,9.5,15.6,25.76,270,2
1003.1,0.75,11.1,9.5,15.6,12.88,40,0
1003.1,0.75,11.1,9.5,15.6,27.37,330,2
1003.1,0.75,11.1,9.5,15.6,6.44,300,0
1003.1,0.75,11.1,9.5,15.6,14.06,280,0
1003.1,0.75,11.1,9.5,15.6,19.92,290,2
1003.1,0.75,11.1,9.5,15.6,12.88,160,0
1003.1,0.75,11.1,9.5,15.6,10.64,10,0
1003.1,0.75,11.1,9.5,15.6,9.06,189,0
1003.1,0.75,11.1,9.5,15.6,23.57,253,2
1003.1,0.75,11.1,9.5,15.6,3.27,24,0
1003.1,0.3,15.3,14.0,17.9,9.02,184,0
1003.1,0.3,15.3,14.0,17.9,11.03,160,0
1003.1,0.3,15.3,14.0,17.9,17.71,180,2
1003.1,0.3,15.3,14.0,17.9,11.27,320,0
1003.1,0.3,15.3,14.0,17.9,32.2,320,2
1003.1,0.3,15.3,14.0,17.9,25.76,270,2
1003.1,0.3,15.3,14.0,17.9,12.88,40,0
1003.1,0.3,15.3,14.0,17.9,27.37,330,2
1003.1,0.3,15.3,14.0,17.9,6.44,300,0
1003.1,0.3,15.3,14.0,17.9,14.06,280,0
1003.1,0.3,15.3,14.0,17.9,19.92,290,2
1003.1,0.3,15.3,14.0,17.9,12.88,160,0
1003.1,0.3,15.3,14.0,17.9,10.64,10,0
1003.1,0.3,15.3,14.0,17.9,9.06,189,0
1003.1,0.3,15.3,14.0,17.9,23.57,253,2
1003.1,0.3,15.3,14.0,17.9,3.27,24,0
1003.1,0.07,8.7,6.4,12.2,9.02,184,0
1003.1,0.07,8.7,6.4,12.2,11.03,160,0
1003.1,0.07,8.7,6.4,12.2,17.71,180,2
1003.1,0.07,8.7,6.4,12.2,11.27,320,0
1003.1,0.07,8.7,6.4,12.2,32.2,320,2
1003.1,0.07,8.7,6.4,12.2,25.76,270,2
1003.1,0.07,8.7,6.4,12.2,12.88,40,0
1003.1,0.07,8.7,6.4,12.2,27.37,330,2
1003.1,0.07,8.7,6.4,12.2,6.44,300,0
1003.1,0.07,8.7,6.4,12.2,14.06,280,0
1003.1,0.07,8.7,6.4,12.2,19.92,290,2
1003.1,0.07,8.7,6.4,12.2,12.88,160,0
1003.1,0.07,8.7,6.4,12.2,10.64,10,0
1003.1,0.07,8.7,6.4,12.2,9.06,189,0
1003.1,0.07,8.7,6.4,12.2,23.57,253,2
1003.1,0.07,8.7,6.4,12.2,3.27,24,0
1003.1,0.48,14.2,10.5,17.7,9.02,184,0
1003.1,0.48,14.2,10.5,17.7,11.03,160,0
1003.1,0.48,14.2,10.5,17.7,17.71,180,2
1003.1,0.48,14.2,10.5,17.7,11.27,320,0
1003.1,0.48,14.2,10.5,17.7,32.2,320,2
1003.1,0.48,14.2,10.5,17.7,25.76,270,2
1003.1,0.48,14.2,10.5,17.7,12.88,40,0
1003.1,0.48,14.2,10.5,17.7,27.37,330,2
1003.1,0.48,14.2,10.5,17.7,6.44,300,0
1003.1,0.48,14.2,10.5,17.7,14.06,280,0
1003.1,0.48,14.2,10.5,17.7,19.92,290,2
1003.1,0.48,14.2,10.5,17.7,12.88,160,0
1003.1,0.48,14.2,10.5,17.7,10.64,10,0
1003.1,0.48,14.2,10.5,17.7,9.06,189,0
1003.1,0.48,14.2,10.5,17.7,23.57,253,2
1003.1,0.48,14.2,10.5,17.7,3.27,24,0
1003.1,1.41,15.1,13.3,19.1,9.02,184,0
1003.1,1.41,15.1,13.3,19.1,11.03,160,0
1003.1,1.41,15.1,13.3,19.1,17.71,180,2
1003.1,1.41,15.1,13.3,19.1,11.27,320,0
1003.1,1.41,15.1,13.3,19.1,32.2,320,2
1003.1,1.41,15.1,13.3,19.1,25.76,270,2
1003.1,1.41,15.1,13.3,19.1,12.88,40,0
1003.1,1.41,15.1,13.3,19.1,27.37,330,2
1003.1,1.41,15.1,13.3,19.1,6.44,300,0
1003.1,1.41,15.1,13.3,19.1,14.06,280,0
1003.1,1.41,15.1,13.3,19.1,19.92,290,2
1003.1,1.41,15.1,13.3,19.1,12.88,160,0
1003.1,1.41,15.1,13.3,19.1,10.64,10,0
1003.1,1.41,15.1,13.3,19.1,9.06,189,0
1003.1,1.41,15.1,13.3,19.1,23.57,253,2
1003.1,1.41,15.1,13.3,19.1,3.27,24,0
1003.1,0.56,5.9,3.7,8.0,9.02,184,0
1003.1,0.56,5.9,3.7,8.0,11.03,160,0
1003.1,0.56,5.9,3.7,8.0,17.71,180,2
1003.1,0.56,5.9,3.7,8.0,11.27,320,0
1003.1,0.56,5.9,3.7,8.0,32.2,320,2
1003.1,0.56,5.9,3.7,8.0,25.76,270,2
1003.1,0.56,5.9,3.7,8.0,12.88,40,0
1003.1,0.56,5.9,3.7,8.0,27.37,330,2
1003.1,0.56,5.9,3.7,8.0,6.44,300,0
1003.1,0.56,5.9,3.7,8.0,14.06,280,0
1003.1,0.56,5.9,3.7,8.0,19.92,290,2
1003.1,0.56,5.9,3.7,8.0,12.88,160,0
1003.1,0.56,5.9,3.7,8.0,10.64,10,0
1003.1,0.56,5.9,3.7,8.0,9.06,189,0
1003.1,0.56,5.9,3.7,8.0,23.57,253,2
1003.1,0.56,5.9,3.7,8.0,3.27,24,0
1003.2,2.63,15.2,9.8,20.8,14.33,210,1
1003.2,2.63,15.2,9.8,20.8,12.88,80,1
1003.2,2.63,15.2,9.8,20.8,17.71,70,3
1003.2,2.63,15.2,9.8,20.8,6.44,160,1
1003.2,2.63,15.2,9.8,20.8,20.93,170,3
1003.2,2.63,15.2,9.8,20.8,14.04,21,1
1003.2,2.63,15.2,9.8,20.8,14.14,340,1
1003.2,2.63,15.2,9.8,20.8,8.57,166,1
1003.2,2.63,15.2,9.8,20.8,14.49,40,1
1003.2,0.59,4.0,-1.1,7.1,14.33,210,1
1003.2,0.59,4.0,-1.1,7.1,12.88,80,1
1003.2,0.59,4.0,-1.1,7.1,17.71,70,3
1003.2,0.59,4.0,-1.1,7.1,6.44,160,1
1003.2,0.59,4.0,-1.1,7.1,20.93,170,3
1003.2,0.59,4.0,-1.1,7.1,14.04,21,1
1003.2,0.59,4.0,-1.1,7.1,14.14,340,1
1003.2,0.59,4.0,-1.1,7.1,8.57,166,1
1003.2,0.59,4.0,-1.1,7.1,14.49,40,1
1003.2,1.21,13.2,9.0,17.3,14.33,210,1
1003.2,1.21,13.2,9.0,17.3,12.88,80,1
1003.2,1.21,13.2,9.0,17.3,17.71,70,3
1003.2,1.21,13.2,9.0,17.3,6.44,160,1
1003.2,1.21,13.2,9.0,17.3,20.93,170,3
1003.2,1.21,13.2,9.0,17.3,14.04,21,1
1003.2,1.21,13.2,9.0,17.3,14.14,340,1
1003.2,1.21,13.2,9.0,17.3,8.57,166,1
1003.2,1.21,13.2,9.0,17.3,14.49,40,1
1003.2,1.42,4.6,-0.4,9.5,14.33,210,1
1003.2,1.42,4.6,-0.4,9.5,12.88,80,1
1003.2,1.42,4.6,-0.4,9.5,17.71,70,3
1003.2,1.42,4.6,-0.4,9.5,6.44,160,1
1003.2,1.42,4.6,-0.4,9.5,20.93,170,3
1003.2,1.42,4.6,-0.4,9.5,14.04,21,1
1003.2,1.42,4.6,-0.4,9.5,14.14,340,1
1003.2,1.42,4.6,-0.4,9.5,8.57,166,1
1003.2,1.42,4.6,-0.4,9.5,14.49,40,1
1003.2,1.88,8.7,2.9,13.8,14.33,210,1
1003.2,1.88,8.7,2.9,13.8,12.88,80,1
1003.2,1.88,8.7,2.9,13.8,17.71,70,3
1003.2,1.88,8.7,2.9,13.8,6.44,160,1
1003.2,1.88,8.7,2.9,13.8,20.93,170,3
1003.2,1.88,8.7,2.9,13.8,14.04,21,1
1003.2,1.88,8.7,2.9,13.8,14.14,340,1
1003.2,1.88,8.7,2.9,13.8,8.57,166,1
1003.2,1.88,8.7,2.9,13.8,14.49,40,1
1003.2,1.84,3.4,-1.5,8.3,14.33,210,1
1003.2,1.84,3.4,-1.5,8.3,12.88,80,1
1003.2,1.84,3.4,-1.5,8.3,17.71,70,3
1003.2,1.84,3.4,-1.5,8.3,6.44,160,1
1003.2,1.84,3.4,-1.5,8.3,20.93,170,3
1003.2,1.84,3.4,-1.5,8.3,14.04,21,1
1003.2,1.84,3.4,-1.5,8.3,14.14,340,1
1003.2,1.84,3.4,-1.5,8.3,8.57,166,1
1003.2,1.84,3.4,-1.5,8.3,14.49,40,1
1003.2,1.32,5.2,3.0,8.7,14.33,210,1
1003.2,1.32,5.2,3.0,8.7,12.88,80,1
1003.2,1.32,5.2,3.0,8.7,17.71,70,3
1003.2,1.32,5.2,3.0,8.7,6.44,160,1
1003.2,1.32,5.2,3.0,8.7,20.93,170,3
1003.2,1.32,5.2,3.0,8.7,14.04,21,1
1003.2,1.32,5.2,3.0,8.7,14.14,340,1
1003.2,1.32,5.2,3.0,8.7,8.57,166,1
1003.2,1.32,5.2,3.0,8.7,14.49,40,1
1003.2,1.91,11.7,5.3,17.0,14.33,210,1
1003.2,1.91,11.7,5.3,17.0,12.88,80,1
1003.2,1.91,11.7,5.3,17.0,17.71,70,3
1003.2,1.91,11.7,5.3,17.0,6.44,160,1
1003.2,1.91,11.7,5.3,17.0,20.93,170,3
1003.2,1.91,11.7,5.3,17.0,14.04,21,1
1003.2,1.91,11.7,5.3,17.0,14.14,340,1
1003.2,1.91,11.7,5.3,17.0,8.57,166,1
1003.2,1.91,11.7,5.3,17.0,14.49,40,1
1003.2,0.94,11.4,8.1,16.0,14.33,210,1
1003.2,0.94,11.4,8.1,16.0,12.88,80,1
1003.2,0.94,11.4,8.1,16.0,17.71,70,3
1003.2,0.94,11.4,8.1,16.0,6.44,160,1
1003.2,0.94,11.4,8.1,16.0,20.93,170,3
1003.2,0.94,11.4,8.1,16.0,14.04,21,1
1003.2,0.94,11.4,8.1,16.0,14.14,340,1
1003.2,0.94,11.4,8.1,16.0,8.57,166,1
1003.2,0.94,11.4,8.1,16.0,14.49,40,1
1003.2,2.08,15.0,6.7,21.7,14.33,210,1
1003.2,2.08,15.0,6.7,21.7,12.88,80,1
1003.2,2.08,15.0,6.7,21.7,17.71,70,3
1003.2,2.08,15.0,6.7,21.7,6.44,160,1
1003.2,2.08,15.0,6.7,21.7,20.93,170,3
1003.2,2.08,15.0,6.7,21.7,14.04,21,1
1003.2,2.08,15.0,6.7,21.7,14.14,340,1
1003.2,2.08,15.0,6.7,21.7,8.57,166,1
1003.2,2.08,15.0,6.7,21.7,14.49,40,1
1003.2,1.63,10.1,7.3,12.9,14.33,210,1
1003.2,1.63,10.1,7.3,12.9,12.88,80,1
1003.2,1.63,10.1,7.3,12.9,17.71,70,3
1003.2,1.63,10.1,7.3,12.9,6.44,160,1
1003.2,1.63,10.1,7.3,12.9,20.93,170,3
1003.2,1.63,10.1,7.3,12.9,14.04,21,1
1003.2,1.63,10.1,7.3,12.9,14.14,340,1
1003.2,1.63,10.1,7.3,12.9,8.57,166,1
1003.2,1.63,10.1,7.3,12.9,14.49,40,1
1003.2,0.26,7.4,4.6,8.7,14.33,210,1
1003.2,0.26,7.4,4.6,8.7,12.88,80,1
1003.2,0.26,7.4,4.6,8.7,17.71,70,3
1003.2,0.26,7.4,4.6,8.7,6.44,160,1
1003.2,0.26,7.4,4.6,8.7,20.93,170,3
1003.2,0.26,7.4,4.6,8.7,14.04,21,1
1003.2,0.26,7.4,4.6,8.7,14.14,340,1
1003.2,0.26,7.4,4.6,8.7,8.57,166,1
1003.2,0.26,7.4,4.6,8.7,14.49,40,1
1003.2,1.55,9.1,5.6,12.6,14.33,210,1
1003.2,1.55,9.1,5.6,12.6,12.88,80,1
1003.2,1.55,9.1,5.6,12.6,17.71,70,3
1003.2,1.55,9.1,5.6,12.6,6.44,160,1
1003.2,1.55,9.1,5.6,12.6,20.93,170,3
1003.2,1.55,9.1,5.6,12.6,14.04,21,1
1003.2,1.55,9.1,5.6,12.6,14.14,340,1
1003.2,1.55,9.1,5.6,12.6,8.57,166,1
1003.2,1.55,9.1,5.6,12.6,14.49,40,1
1003.2,0.5,2.6,0.6,5.1,14.33,210,1
1003.2,0.5,2.6,0.6,5.1,12.88,80,1
1003.2,0.5,2.6,0.6,5.1,17.71,70,3
1003.2,0.5,2.6,0.6,5.1,6.44,160,1
1003.2,0.5,2.6,0.6,5.1,20.93,170,3
1003.2,0.5,2.6,0.6,5.1,14.04,21,1
1003.2,0.5,2.6,0.6,5.1,14.14,340,1
1003.2,0.5,2.6,0.6,5.1,8.57,166,1
1003.2,0.5,2.6,0.6,5.1,14.49,40,1
1003.2,2.12,16.5,11.4,22.2,14.33,210,1
1003.2,2.12,16.5,11.4,22.2,12.88,80,1
1003.2,2.12,16.5,11.4,22.2,17.71,70,3
1003.2,2.12,16.5,11.4,22.2,6.44,160,1
1003.2,2.12,16.5,11.4,22.2,20.93,170,3
1003.2,2.12,16.5,11.4,22.2,14.04,21,1
1003.2,2.12,16.5,11.4,22.2,14.14,340,1
1003.2,2.12,16.5,11.4,22.2,8.57,166,1
1003.2,2.12,16.5,11.4,22.2,14.49,40,1
1003.2,1.86,16.7,13.4,21.2,14.33,210,0
1003.2,1.86,16.7,13.4,21.2,12.88,80,0
1003.2,1.86,16.7,13.4,21.2,17.71,70,2
1003.2,1.86,16.7,13.4,21.2,6.44,160,0
1003.2,1.86,16.7,13.4,21.2,20.93,170,2
1003.2,1.86,16.7,13.4,21.2,14.04,21,0
1003.2,1.86,16.7,13.4,21.2,14.14,340,0
1003.2,1.86,16.7,13.4,21.2,8.57,166,0
1003.2,1.86,16.7,13.4,21.2,14.49,40,0
1003.2,0.37,1.2,-2.8,5.0,14.33,210,0
1003.2,0.37,1.2,-2.8,5.0,12.88,80,0
1003.2,0.37,1.2,-2.8,5.0,17.71,70,2
1003.2,0.37,1.2,-2.8,5.0,6.44,160,0
1003.2,0.37,1.2,-2.8,5.0,20.93,170,2
1003.2,0.37,1.2,-2.8,5.0,14.04,21,0
1003.2,0.37,1.2,-2.8,5.0,14.14,340,0
1003.2,0.37,1.2,-2.8,5.0,8.57,166,0
1003.2,0.37,1.2,-2.8,5.0,14.49,40,0
1003.2,1.5,13.5,10.2,16.9,14.33,210,0
1003.2,1.5,13.5,10.2,16.9,12.88,80,0
1003.2,1.5,13.5,10.2,16.9,17.71,70,2
1003.2,1.5,13.5,10.2,16.9,6.44,160,0
1003.2,1.5,13.5,10.2,16.9,20.93,170,2
1003.2,1.5,13.5,10.2,16.9,14.04,21,0
1003.2,1.5,13.5,10.2,16.9,14.14,340,0
1003.2,1.5,13.5,10.2,16.9,8.57,166,0
1003.2,1.5,13.5,10.2,16.9,14.49,40,0
1003.2,1.86,13.2,8.7,18.7,14.33,210,0
1003.2,1.86,13.2,8.7,18.7,12.88,80,0
1003.2,1.86,13.2,8.7,18.7,17.71,70,2
1003.2,1.86,13.2,8.7,18.7,6.44,160,0
1003.2,1.86,13.2,8.7,18.7,20.93,170,2
1003.2,1.86,13.2,8.7,18.7,14.04,21,0
1003.2,1.86,13.2,8.7,18.7,14.14,340,0
1003.2,1.86,13.2,8.7,18.7,8.57,166,0
1003.2,1.86,13.2,8.7,18.7,14.49,40,0
1003.2,0.94,12.2,9.8,15.0,14.33,210,0
1003.2,0.94,12.2,9.8,15.0,12.88,80,0
1003.2,0.94,12.2,9.8,15.0,17.71,70,2
1003.2,0.94,12.2,9.8,15.0,6.44,160,0
1003.2,0.94,12.2,9.8,15.0,20.93,170,2
1003.2,0.94,12.2,9.8,15.0,14.04,21,0
1003.2,0.94,12.2,9.8,15.0,14.14,340,0
1003.2,0.94,12.2,9.8,15.0,8.57,166,0
1003.2,0.94,12.2,9.8,15.0,14.49,40,0
1003.2,0.84,9.6,6.3,12.7,14.33,210,0
1003.2,0.84,9.6,6.3,12.7,12.88,80,0
1003.2,0.84,9.6,6.3,12.7,17.71,70,2
1003.2,0.84,9.6,6.3,12.7,6.44,160,0
1003.2,0.84,9.6,6.3,12.7,20.93,170,2
1003.2,0.84,9.6,6.3,12.7,14.04,21,0
1003.2,0.84,9.6,6.3,12.7,14.14,340,0
1003.2,0.84,9.6,6.3,12.7,8.57,166,0
1003.2,0.84,9.6,6.3,12.7,14.49,40,0
1003.2,1.66,17.0,10.1,24.1,14.33,210,0
1003.2,1.66,17.0,10.1,24.1,12.88,80,0
1003.2,1.66,17.0,10.1,24.1,17.71,70,2
1003.2,1.66,17.0,10.1,24.1,6.44,160,0
1003.2,1.66,17.0,10.1,24.1,20.93,170,2
1003.2,1.66,17.0,10.1,24.1,14.04,21,0
1003.2,1.66,17.0,10.1,24.1,14.14,340,0
1003.2,1.66,17.0,10.1,24.1,8.57,166,0
1003.2,1.66,17.0,10.1,24.1,14.49,40,0
1003.2,0.38,7.8,5.9,12.0,14.33,210,0
1003.2,0.38,7.8,5.9,12.0,12.88,80,0
1003.2,0.38,7.8,5.9,12.0,17.71,70,2
1003.2,0.38,7.8,5.9,12.0,6.44,160,0
1003.2,0.38,7.8,5.9,12.0,20.93,170,2
1003.2,0.38,7.8,5.9,12.0,14.04,21,0
1003.2,0.38,7.8,5.9,12.0,14.14,340,0
1003.2,0.38,7.8,5.9,12.0,8.57,166,0
1003.2,0.38,7.8,5.9,12.0,14.49,40,0
1003.2,1.58,9.1,6.4,12.5,14.33,210,0
1003.2,1.58,9.1,6.4,12.5,12.88,80,0
1003.2,1.58,9.1,6.4,12.5,17.71,70,2
1003.2,1.58,9.1,6.4,12.5,6.44,160,0
1003.2,1.58,9.1,6.4,12.5,20.93,170,2
1003.2,1.58,9.1,6.4,12.5,14.04,21,0
1003.2,1.58,9.1,6.4,12.5,14.14,340,0
1003.2,1.58,9.1,6.4,12.5,8.57,166,0
1003.2,1.58,9.1,6.4,12.5,14.49,40,0
1003.2,0.84,15.3,13.0,18.0,14.33,210,0
1003.2,0.84,15.3,13.0,18.0,12.88,80,0
1003.2,0.84,15.3,13.0,18.0,17.71,70,2
1003.2,0.84,15.3,13.0,18.0,6.44,160,0
1003.2,0.84,15.3,13.0,18.0,20.93,170,2
1003.2,0.84,15.3,13.0,18.0,14.04,21,0
1003.2,0.84,15.3,13.0,18.0,14.14,340,0
1003.2,0.84,15.3,13.0,18.0,8.57,166,0
1003.2,0.84,15.3,13.0,18.0,14.49,40,0
1003.2,0.13,11.9,11.1,14.3,14.33,210,0
1003.2,0.13,11.9,11.1,14.3,12.88,80,0
1003.2,0.13,11.9,11.1,14.3,17.71,70,2
1003.2,0.13,11.9,11.1,14.3,6.44,160,0
1003.2,0.13,11.9,11.1,14.3,20.93,170,2
1003.2,0.13,11.9,11.1,14.3,14.04,21,0
1003.2,0.13,11.9,11.1,14.3,14.14,340,0
1003.2,0.13,11.9,11.1,14.3,8.57,166,0
1003.2,0.13,11.9,11.1,14.3,14.49,40,0
1003.2,0.55,12.7,10.8,14.6,14.33,210,0
1003.2,0.55,12.7,10.8,14.6,12.88,80,0
1003.2,0.55,12.7,10.8,14.6,17.71,70,2
1003.2,0.55,12.7,10.8,14.6,6.44,160,0
1003.2,0.55,12.7,10.8,14.6,20.93,170,2
1003.2,0.55,12.7,10.8,14.6,14.04,21,0
1003.2,0.55,12.7,10.8,14.6,14.14,340,0
1003.2,0.55,12.7,10.8,14.6,8.57,166,0
1003.2,0.55,12.7,10.8,14.6,14.49,40,0
1003.2,0.28,9.0,7.9,10.2,14.33,210,0
1003.2,0.28,9.0,7.9,10.2,12.88,80,0
1003.2,0.28,9.0,7.9,10.2,17.71,70,2
1003.2,0.28,9.0,7.9,10.2,6.44,160,0
1003.2,0.28,9.0,7.9,10.2,20.93,170,2
1003.2,0.28,9.0,7.9,10.2,14.04,21,0
1003.2,0.28,9.0,7.9,10.2,14.14,340,0
1003.2,0.28,9.0,7.9,10.2,8.57,166,0
1003.2,0.28,9.0,7.9,10.2,14.49,40,0
1003.2,1.04,18.3,14.9,21.7,14.33,210,0
1003.2,1.04,18.3,14.9,21.7,12.88,80,0
1003.2,1.04,18.3,14.9,21.7,17.71,70,2
1003.2,1.04,18.3,14.9,21.7,6.44,160,0
1003.2,1.04,18.3,14.9,21.7,20.93,170,2
1003.2,1.04,18.3,14.9,21.7,14.04,21,0
1003.2,1.04,18.3,14.9,21.7,14.14,340,0
1003.2,1.04,18.3,14.9,21.7,8.57,166,0
1003.2,1.04,18.3,14.9,21.7,14.49,40,0
1003.2,0.19,10.2,8.1,12.4,14.33,210,0
1003.2,0.19,10.2,8.1,12.4,12.88,80,0
1003.2,0.19,10.2,8.1,12.4,17.71,70,2
1003.2,0.19,10.2,8.1,12.4,6.44,160,0
1003.2,0.19,10.2,8.1,12.4,20.93,170,2
1003.2,0.19,10.2,8.1,12.4,14.04,21,0
1003.2,0.19,10.2,8.1,12.4,14.14,340,0
1003.2,0.19,10.2,8.1,12.4,8.57,166,0
1003.2,0.19,10.2,8.1,12.4,14.49,40,0
1003.2,0.46,10.5,8.7,13.0,14.33,210,0
1003.2,0.46,10.5,8.7,13.0,12.88,80,0
1003.2,0.46,10.5,8.7,13.0,17.71,70,2
1003.2,0.46,10.5,8.7,13.0,6.44,160,0
1003.2,0.46,10.5,8.7,13.0,20.93,170,2
1003.2,0.46,10.5,8.7,13.0,14.04,21,0
1003.2,0.46,10.5,8.7,13.0,14.14,340,0
1003.2,0.46,10.5,8.7,13.0,8.57,166,0
1003.2,0.46,10.5,8.7,13.0,14.49,40,0
1003.2,0.47,11.6,9.9,13.0,14.33,210,0
1003.2,0.47,11.6,9.9,13.0,12.88,80,0
1003.2,0.47,11.6,9.9,13.0,17.71,70,2
1003.2,0.47,11.6,9.9,13.0,6.44,160,0
1003.2,0.47,11.6,9.9,13.0,20.93,170,2
1003.2,0.47,11.6,9.9,13.0,14.04,21,0
1003.2,0.47,11.6,9.9,13.0,14.14,340,0
1003.2,0.47,11.6,9.9,13.0,8.57,166,0
1003.2,0.47,11.6,9.9,13.0,14.49,40,0
1003.2,0.21,6.6,4.5,8.6,14.33,210,0
1003.2,0.21,6.6,4.5,8.6,12.88,80,0
1003.2,0.21,6.6,4.5,8.6,17.71,70,2
1003.2,0.21,6.6,4.5,8.6,6.44,160,0
1003.2,0.21,6.6,4.5,8.6,20.93,170,2
1003.2,0.21,6.6,4.5,8.6,14.04,21,0
1003.2,0.21,6.6,4.5,8.6,14.14,340,0
1003.2,0.21,6.6,4.5,8.6,8.57,166,0
1003.2,0.21,6.6,4.5,8.6,14.49,40,0
1003.2,0.41,-1.6,-3.4,-0.1,14.33,210,0
1003.2,0.41,-1.6,-3.4,-0.1,12.88,80,0
1003.2,0.41,-1.6,-3.4,-0.1,17.71,70,2
1003.2,0.41,-1.6,-3.4,-0.1,6.44,160,0
1003.2,0.41,-1.6,-3.4,-0.1,20.93,170,2
1003.2,0.41,-1.6,-3.4,-0.1,14.04,21,0
1003.2,0.41,-1.6,-3.4,-0.1,14.14,340,0
1003.2,0.41,-1.6,-3.4,-0.1,8.57,166,0
1003.2,0.41,-1.6,-3.4,-0.1,14.49,40,0
1003.2,0.39,4.7,3.1,8.4,14.33,210,0
1003.2,0.39,4.7,3.1,8.4,12.88,80,0
1003.2,0.39,4.7,3.1,8.4,17.71,70,2
1003.2,0.39,4.7,3.1,8.4,6.44,160,0
1003.2,0.39,4.7,3.1,8.4,20.93,170,2
1003.2,0.39,4.7,3.1,8.4,14.04,21,0
1003.2,0.39,4.7,3.1,8.4,14.14,340,0
1003.2,0.39,4.7,3.1,8.4,8.57,166,0
1003.2,0.39,4.7,3.1,8.4,14.49,40,0
1003.2,0.07,1.2,-0.1,2.6,14.33,210,0
1003.2,0.07,1.2,-0.1,2.6,12.88,80,0
1003.2,0.07,1.2,-0.1,2.6,17.71,70,2
1003.2,0.07,1.2,-0.1,2.6,6.44,160,0
1003.2,0.07,1.2,-0.1,2.6,20.93,170,2
1003.2,0.07,1.2,-0.1,2.6,14.04,21,0
1003.2,0.07,1.2,-0.1,2.6,14.14,340,0
1003.2,0.07,1.2,-0.1,2.6,8.57,166,0
1003.2,0.07,1.2,-0.1,2.6,14.49,40,0
1003.2,0.35,16.9,15.6,18.4,14.33,210,0
1003.2,0.35,16.9,15.6,18.4,12.88,80,0
1003.2,0.35,16.9,15.6,18.4,17.71,70,2
1003.2,0.35,16.9,15.6,18.4,6.44,160,0
1003.2,0.35,16.9,15.6,18.4,20.93,170,2
1003.2,0.35,16.9,15.6,18.4,14.04,21,0
1003.2,0.35,16.9,15.6,18.4,14.14,340,0
1003.2,0.35,16.9,15.6,18.4,8.57,166,0
1003.2,0.35,16.9,15.6,18.4,14.49,40,0
1003.2,0.29,10.4,8.8,12.3,14.33,210,0
1003.2,0.29,10.4,8.8,12.3,12.88,80,0
1003.2,0.29,10.4,8.8,12.3,17.71,70,2
1003.2,0.29,10.4,8.8,12.3,6.44,160,0
1003.2,0.29,10.4,8.8,12.3,20.93,170,2
1003.2,0.29,10.4,8.8,12.3,14.04,21,0
1003.2,0.29,10.4,8.8,12.3,14.14,340,0
1003.2,0.29,10.4,8.8,12.3,8.57,166,0
1003.2,0.29,10.4,8.8,12.3,14.49,40,0
1003.2,0.17,4.5,0.4,11.4,14.33,210,0
1003.2,0.17,4.5,0.4,11.4,12.88,80,0
1003.2,0.17,4.5,0.4,11.4,17.71,70,2
1003.2,0.17,4.5,0.4,11.4,6.44,160,0
1003.2,0.17,4.5,0.4,11.4,20.93,170,2
1003.2,0.17,4.5,0.4,11.4,14.04,21,0
1003.2,0.17,4.5,0.4,11.4,14.14,340,0
1003.2,0.17,4.5,0.4,11.4,8.57,166,0
1003.2,0.17,4.5,0.4,11.4,14.49,40,0
1003.2,0.16,7.0,6.6,9.7,14.33,210,0
1003.2,0.16,7.0,6.6,9.7,12.88,80,0
1003.2,0.16,7.0,6.6,9.7,17.71,70,2
1003.2,0.16,7.0,6.6,9.7,6.44,160,0
1003.2,0.16,7.0,6.6,9.7,20.93,170,2
1003.2,0.16,7.0,6.6,9.7,14.04,21,0
1003.2,0.16,7.0,6.6,9.7,14.14,340,0
1003.2,0.16,7.0,6.6,9.7,8.57,166,0
1003.2,0.16,7.0,6.6,9.7,14.49,40,0
1003.2,0.17,5.8,4.2,7.4,14.33,210,0
1003.2,0.17,5.8,4.2,7.4,12.88,80,0
1003.2,0.17,5.8,4.2,7.4,17.71,70,2
1003.2,0.17,5.8,4.2,7.4,6.44,160,0
1003.2,0.17,5.8,4.2,7.4,20.93,170,2
1003.2,0.17,5.8,4.2,7.4,14.04,21,0
1003.2,0.17,5.8,4.2,7.4,14.14,340,0
1003.2,0.17,5.8,4.2,7.4,8.57,166,0
1003.2,0.17,5.8,4.2,7.4,14.49,40,0
1003.2,0.11,4.9,3.6,5.6,14.33,210,0
1003.2,0.11,4.9,3.6,5.6,12.88,80,0
1003.2,0.11,4.9,3.6,5.6,17.71,70,2
1003.2,0.11,4.9,3.6,5.6,6.44,160,0
1003.2,0.11,4.9,3.6,5.6,20.93,170,2
1003.2,0.11,4.9,3.6,5.6,14.04,21,0
1003.2,0.11,4.9,3.6,5.6,14.14,340,0
1003.2,0.11,4.9,3.6,5.6,8.57,166,0
1003.2,0.11,4.9,3.6,5.6,14.49,40,0
1003.2,0.17,10.6,7.9,12.5,14.33,210,0
1003.2,0.17,10.6,7.9,12.5,12.88,80,0
1003.2,0.17,10.6,7.9,12.5,17.71,70,2
1003.2,0.17,10.6,7.9,12.5,6.44,160,0
1003.2,0.17,10.6,7.9,12.5,20.93,170,2
1003.2,0.17,10.6,7.9,12.5,14.04,21,0
1003.2,0.17,10.6,7.9,12.5,14.14,340,0
1003.2,0.17,10.6,7.9,12.5,8.57,166,0
1003.2,0.17,10.6,7.9,12.5,14.49,40,0
1003.2,0.1,8.1,6.1,10.4,14.33,210,0
1003.2,0.1,8.1,6.1,10.4,12.88,80,0
1003.2,0.1,8.1,6.1,10.4,17.71,70,2
1003.2,0.1,8.1,6.1,10.4,6.44,160,0
1003.2,0.1,8.1,6.1,10.4,20.93,170,2
1003.2,0.1,8.1,6.1,10.4,14.04,21,0
1003.2,0.1,8.1,6.1,10.4,14.14,340,0
1003.2,0.1,8.1,6.1,10.4,8.57,166,0
1003.2,0.1,8.1,6.1,10.4,14.49,40,0
1003.2,0.15,-0.5,-1.8,0.7,14.33,210,0
1003.2,0.15,-0.5,-1.8,0.7,12.88,80,0
1003.2,0.15,-0.5,-1.8,0.7,17.71,70,2
1003.2,0.15,-0.5,-1.8,0.7,6.44,160,0
1003.2,0.15,-0.5,-1.8,0.7,20.93,170,2
1003.2,0.15,-0.5,-1.8,0.7,14.04,21,0
1003.2,0.15,-0.5,-1.8,0.7,14.14,340,0
1003.2,0.15,-0.5,-1.8,0.7,8.57,166,0
1003.2,0.15,-0.5,-1.8,0.7,14.49,40,0
1003.2,0.91,8.5,7.0,11.6,14.33,210,0
1003.2,0.91,8.5,7.0,11.6,12.88,80,0
1003.2,0.91,8.5,7.0,11.6,17.71,70,2
1003.2,0.91,8.5,7.0,11.6,6.44,160,0
1003.2,0.91,8.5,7.0,11.6,20.93,170,2
1003.2,0.91,8.5,7.0,11.6,14.04,21,0
1003.2,0.91,8.5,7.0,11.6,14.14,340,0
1003.2,0.91,8.5,7.0,11.6,8.57,166,0
1003.2,0.91,8.5,7.0,11.6,14.49,40,0
1003.3,1.53,-0.1,-4.8,5.0,17.28,201,3
1003.3,1.53,-0.1,-4.8,5.0,11.17,170,1
1003.3,1.53,-0.1,-4.8,5.0,9.66,90,1
1003.3,1.53,-0.1,-4.8,5.0,8.26,306,1
1003.3,1.53,-0.1,-4.8,5.0,26.26,260,3
1003.3,1.53,-0.1,-4.8,5.0,25.23,330,3
1003.3,2.31,10.3,4.4,15.6,17.28,201,3
1003.3,2.31,10.3,4.4,15.6,11.17,170,1
1003.3,2.31,10.3,4.4,15.6,9.66,90,1
1003.3,2.31,10.3,4.4,15.6,8.26,306,1
1003.3,2.31,10.3,4.4,15.6,26.26,260,3
1003.3,2.31,10.3,4.4,15.6,25.23,330,3
1003.3,0.94,13.0,11.7,14.4,17.28,201,3
1003.3,0.94,13.0,11.7,14.4,11.17,170,1
1003.3,0.94,13.0,11.7,14.4,9.66,90,1
1003.3,0.94,13.0,11.7,14.4,8.26,306,1
1003.3,0.94,13.0,11.7,14.4,26.26,260,3
1003.3,0.94,13.0,11.7,14.4,25.23,330,3
1003.3,2.06,13.5,6.4,20.1,17.28,201,3
1003.3,2.06,13.5,6.4,20.1,11.17,170,1
1003.3,2.06,13.5,6.4,20.1,9.66,90,1
1003.3,2.06,13.5,6.4,20.1,8.26,306,1
1003.3,2.06,13.5,6.4,20.1,26.26,260,3
1003.3,2.06,13.5,6.4,20.1,25.23,330,3
1003.3,2.66,11.8,5.6,16.2,17.28,201,3
1003.3,2.66,11.8,5.6,16.2,11.17,170,1
1003.3,2.66,11.8,5.6,16.2,9.66,90,1
1003.3,2.66,11.8,5.6,16.2,8.26,306,1
1003.3,2.66,11.8,5.6,16.2,26.26,260,3
1003.3,2.66,11.8,5.6,16.2,25.23,330,3
1003.3,0.52,3.2,-0.1,7.9,17.28,201,3
1003.3,0.52,3.2,-0.1,7.9,11.17,170,1
1003.3,0.52,3.2,-0.1,7.9,9.66,90,1
1003.3,0.52,3.2,-0.1,7.9,8.26,306,1
1003.3,0.52,3.2,-0.1,7.9,26.26,260,3
1003.3,0.52,3.2,-0.1,7.9,25.23,330,3
1003.3,1.59,15.4,11.9,19.3,17.28,201,3
1003.3,1.59,15.4,11.9,19.3,11.17,170,1
1003.3,1.59,15.4,11.9,19.3,9.66,90,1
1003.3,1.59,15.4,11.9,19.3,8.26,306,1
1003.3,1.59,15.4,11.9,19.3,26.26,260,3
1003.3,1.59,15.4,11.9,19.3,25.23,330,3
1003.3,1.69,16.9,12.4,20.7,17.28,201,3
1003.3,1.69,16.9,12.4,20.7,11.17,170,1
1003.3,1.69,16.9,12.4,20.7,9.66,90,1
1003.3,1.69,16.9,12.4,20.7,8.26,306,1
1003.3,1.69,16.9,12.4,20.7,26.26,260,3
1003.3,1.69,16.9,12.4,20.7,25.23,330,3
1003.3,1.52,9.2,6.9,12.2,17.28,201,3
1003.3,1.52,9.2,6.9,12.2,11.17,170,1
1003.3,1.52,9.2,6.9,12.2,9.66,90,1
1003.3,1.52,9.2,6.9,12.2,8.26,306,1
1003.3,1.52,9.2,6.9,12.2,26.26,260,3
1003.3,1.52,9.2,6.9,12.2,25.23,330,3
1003.3,0.17,6.1,4.0,8.0,17.28,201,3
1003.3,0.17,6.1,4.0,8.0,11.17,170,1
1003.3,0.17,6.1,4.0,8.0,9.66,90,1
1003.3,0.17,6.1,4.0,8.0,8.26,306,1
1003.3,0.17,6.1,4.0,8.0,26.26,260,3
1003.3,0.17,6.1,4.0,8.0,25.23,330,3
1003.3,1.43,16.4,13.6,19.6,17.28,201,2
1003.3,1.43,16.4,13.6,19.6,11.17,170,0
1003.3,1.43,16.4,13.6,19.6,9.66,90,0
1003.3,1.43,16.4,13.6,19.6,8.26,306,0
1003.3,1.43,16.4,13.6,19.6,26.26,260,2
1003.3,1.43,16.4,13.6,19.6,25.23,330,2
1003.3,2.28,20.9,17.6,22.9,17.28,201,2
1003.3,2.28,20.9,17.6,22.9,11.17,170,0
1003.3,2.28,20.9,17.6,22.9,9.66,90,0
1003.3,2.28,20.9,17.6,22.9,8.26,306,0
1003.3,2.28,20.9,17.6,22.9,26.26,260,2
1003.3,2.28,20.9,17.6,22.9,25.23,330,2
1003.3,0.27,4.4,0.5,6.8,17.28,201,2
1003.3,0.27,4.4,0.5,6.8,11.17,170,0
1003.3,0.27,4.4,0.5,6.8,9.66,90,0
1003.3,0.27,4.4,0.5,6.8,8.26,306,0
1003.3,0.27,4.4,0.5,6.8,26.26,260,2
1003.3,0.27,4.4,0.5,6.8,25.23,330,2
1003.3,0.13,6.1,0.8,9.7,17.28,201,2
1003.3,0.13,6.1,0.8,9.7,11.17,170,0
1003.3,0.13,6.1,0.8,9.7,9.66,90,0
1003.3,0.13,6.1,0.8,9.7,8.26,306,0
1003.3,0.13,6.1,0.8,9.7,26.26,260,2
1003.3,0.13,6.1,0.8,9.7,25.23,330,2
1003.3,1.15,21.6,18.2,25.2,17.28,201,2
1003.3,1.15,21.6,18.2,25.2,11.17,170,0
1003.3,1.15,21.6,18.2,25.2,9.66,90,0
1003.3,1.15,21.6,18.2,25.2,8.26,306,0
1003.3,1.15,21.6,18.2,25.2,26.26,260,2
1003.3,1.15,21.6,18.2,25.2,25.23,330,2
1003.3,1.09,11.6,8.8,16.0,17.28,201,2
1003.3,1.09,11.6,8.8,16.0,11.17,170,0
1003.3,1.09,11.6,8.8,16.0,9.66,90,0
1003.3,1.09,11.6,8.8,16.0,8.26,306,0
1003.3,1.09,11.6,8.8,16.0,26.26,260,2
1003.3,1.09,11.6,8.8,16.0,25.23,330,2
1003.3,0.25,9.3,6.1,12.3,17.28,201,2
1003.3,0.25,9.3,6.1,12.3,11.17,170,0
1003.3,0.25,9.3,6.1,12.3,9.66,90,0
1003.3,0.25,9.3,6.1,12.3,8.26,306,0
1003.3,0.25,9.3,6.1,12.3,26.26,260,2
1003.3,0.25,9.3,6.1,12.3,25.23,330,2
1003.3,0.55,15.8,13.0,18.5,17.28,201,2
1003.3,0.55,15.8,13.0,18.5,11.17,170,0
1003.3,0.55,15.8,13.0,18.5,9.66,90,0
1003.3,0.55,15.8,13.0,18.5,8.26,306,0
1003.3,0.55,15.8,13.0,18.5,26.26,260,2
1003.3,0.55,15.8,13.0,18.5,25.23,330,2
1003.3,0.58,8.2,6.4,11.2,17.28,201,2
1003.3,0.58,8.2,6.4,11.2,11.17,170,0
1003.3,0.58,8.2,6.4,11.2,9.66,90,0
1003.3,0.58,8.2,6.4,11.2,8.26,306,0
1003.3,0.58,8.2,6.4,11.2,26.26,260,2
1003.3,0.58,8.2,6.4,11.2,25.23,330,2
1003.3,1.22,13.9,10.7,17.2,17.28,201,2
1003.3,1.22,13.9,10.7,17.2,11.17,170,0
1003.3,1.22,13.9,10.7,17.2,9.66,90,0
1003.3,1.22,13.9,10.7,17.2,8.26,306,0
1003.3,1.22,13.9,10.7,17.2,26.26,260,2
1003.3,1.22,13.9,10.7,17.2,25.23,330,2
1003.3,0.63,4.1,2.6,6.7,17.28,201,2
1003.3,0.63,4.1,2.6,6.7,11.17,170,0
1003.3,0.63,4.1,2.6,6.7,9.66,90,0
1003.3,0.63,4.1,2.6,6.7,8.26,306,0
1003.3,0.63,4.1,2.6,6.7,26.26,260,2
1003.3,0.63,4.1,2.6,6.7,25.23,330,2
1003.3,0.33,6.0,3.1,9.4,17.28,201,2
1003.3,0.33,6.0,3.1,9.4,11.17,170,0
1003.3,0.33,6.0,3.1,9.4,9.66,90,0
1003.3,0.33,6.0,3.1,9.4,8.26,306,0
1003.3,0.33,6.0,3.1,9.4,26.26,260,2
1003.3,0.33,6.0,3.1,9.4,25.23,330,2
1003.3,1.15,10.5,7.6,14.0,17.28,201,2
1003.3,1.15,10.5,7.6,14.0,11.17,170,0
1003.3,1.15,10.5,7.6,14.0,9.66,90,0
1003.3,1.15,10.5,7.6,14.0,8.26,306,0
1003.3,1.15,10.5,7.6,14.0,26.26,260,2
1003.3,1.15,10.5,7.6,14.0,25.23,330,2
1003.3,0.73,13.8,12.0,15.6,17.28,201,2
1003.3,0.73,13.8,12.0,15.6,11.17,170,0
1003.3,0.73,13.8,12.0,15.6,9.66,90,0
1003.3,0.73,13.8,12.0,15.6,8.26,306,0
1003.3,0.73,13.8,12.0,15.6,26.26,260,2
1003.3,0.73,13.8,12.0,15.6,25.23,330,2
1003.3,0.4,8.0,4.9,11.1,17.28,201,2
1003.3,0.4,8.0,4.9,11.1,11.17,170,0
1003.3,0.4,8.0,4.9,11.1,9.66,90,0
1003.3,0.4,8.0,4.9,11.1,8.26,306,0
1003.3,0.4,8.0,4.9,11.1,26.26,260,2
1003.3,0.4,8.0,4.9,11.1,25.23,330,2
1003.3,0.23,3.7,3.1,4.4,17.28,201,2
1003.3,0.23,3.7,3.1,4.4,11.17,170,0
1003.3,0.23,3.7,3.1,4.4,9.66,90,0
1003.3,0.23,3.7,3.1,4.4,8.26,306,0
1003.3,0.23,3.7,3.1,4.4,26.26,260,2
1003.3,0.23,3.7,3.1,4.4,25.23,330,2
1003.3,0.35,12.1,9.1,14.1,17.28,201,2
1003.3,0.35,12.1,9.1,14.1,11.17,170,0
1003.3,0.35,12.1,9.1,14.1,9.66,90,0
1003.3,0.35,12.1,9.1,14.1,8.26,306,0
1003.3,0.35,12.1,9.1,14.1,26.26,260,2
1003.3,0.35,12.1,9.1,14.1,25.23,330,2
1003.3,0.04,4.3,2.0,5.2,17.28,201,2
1003.3,0.04,4.3,2.0,5.2,11.17,170,0
1003.3,0.04,4.3,2.0,5.2,9.66,90,0
1003.3,0.04,4.3,2.0,5.2,8.26,306,0
1003.3,0.04,4.3,2.0,5.2,26.26,260,2
1003.3,0.04,4.3,2.0,5.2,25.23,330,2
1003.3,0.83,8.7,6.9,10.8,17.28,201,2
1003.3,0.83,8.7,6.9,10.8,11.17,170,0
1003.3,0.83,8.7,6.9,10.8,9.66,90,0
1003.3,0.83,8.7,6.9,10.8,8.26,306,0
1003.3,0.83,8.7,6.9,10.8,26.26,260,2
1003.3,0.83,8.7,6.9,10.8,25.23,330,2
1003.4,0.44,-0.5,-2.4,0.6,19.48,320,3
1003.4,0.44,-0.5,-2.4,0.6,17.81,65,3
1003.4,0.44,-0.5,-2.4,0.6,9.66,350,1
1003.4,0.44,-0.5,-2.4,0.6,6.44,350,1
1003.4,0.44,-0.5,-2.4,0.6,16.1,160,3
1003.4,0.44,-0.5,-2.4,0.6,28.98,330,3
1003.4,0.44,-0.5,-2.4,0.6,4.11,286,1
1003.4,0.44,-0.5,-2.4,0.6,10.71,309,1
1003.4,0.44,-0.5,-2.4,0.6,12.38,151,1
1003.4,1.28,10.6,6.8,14.4,19.48,320,3
1003.4,1.28,10.6,6.8,14.4,17.81,65,3
1003.4,1.28,10.6,6.8,14.4,9.66,350,1
1003.4,1.28,10.6,6.8,14.4,6.44,350,1
1003.4,1.28,10.6,6.8,14.4,16.1,160,3
1003.4,1.28,10.6,6.8,14.4,28.98,330,3
1003.4,1.28,10.6,6.8,14.4,4.11,286,1
1003.4,1.28,10.6,6.8,14.4,10.71,309,1
1003.4,1.28,10.6,6.8,14.4,12.38,151,1
1003.4,0.85,4.7,0.1,9.8,19.48,320,3
1003.4,0.85,4.7,0.1,9.8,17.81,65,3
1003.4,0.85,4.7,0.1,9.8,9.66,350,1
1003.4,0.85,4.7,0.1,9.8,6.44,350,1
1003.4,0.85,4.7,0.1,9.8,16.1,160,3
1003.4,0.85,4.7,0.1,9.8,28.98,330,3
1003.4,0.85,4.7,0.1,9.8,4.11,286,1
1003.4,0.85,4.7,0.1,9.8,10.71,309,1
1003.4,0.85,4.7,0.1,9.8,12.38,151,1
1003.4,0.58,9.4,6.2,12.9,19.48,320,3
1003.4,0.58,9.4,6.2,12.9,17.81,65,3
1003.4,0.58,9.4,6.2,12.9,9.66,350,1
1003.4,0.58,9.4,6.2,12.9,6.44,350,1
1003.4,0.58,9.4,6.2,12.9,16.1,160,3
1003.4,0.58,9.4,6.2,12.9,28.98,330,3
1003.4,0.58,9.4,6.2,12.9,4.11,286,1
1003.4,0.58,9.4,6.2,12.9,10.71,309,1
1003.4,0.58,9.4,6.2,12.9,12.38,151,1
1003.4,2.45,17.8,14.2,17.5,19.48,320,3
1003.4,2.45,17.8,14.2,17.5,17.81,65,3
1003.4,2.45,17.8,14.2,17.5,9.66,350,1
1003.4,2.45,17.8,14.2,17.5,6.44,350,1
1003.4,2.45,17.8,14.2,17.5,16.1,160,3
1003.4,2.45,17.8,14.2,17.5,28.98,330,3
1003.4,2.45,17.8,14.2,17.5,4.11,286,1
1003.4,2.45,17.8,14.2,17.5,10.71,309,1
1003.4,2.45,17.8,14.2,17.5,12.38,151,1
1003.4,1.27,8.6,5.4,11.7,19.48,320,3
1003.4,1.27,8.6,5.4,11.7,17.81,65,3
1003.4,1.27,8.6,5.4,11.7,9.66,350,1
1003.4,1.27,8.6,5.4,11.7,6.44,350,1
1003.4,1.27,8.6,5.4,11.7,16.1,160,3
1003.4,1.27,8.6,5.4,11.7,28.98,330,3
1003.4,1.27,8.6,5.4,11.7,4.11,286,1
1003.4,1.27,8.6,5.4,11.7,10.71,309,1
1003.4,1.27,8.6,5.4,11.7,12.38,151,1
1003.4,0.2,8.1,5.9,9.4,19.48,320,2
1003.4,0.2,8.1,5.9,9.4,17.81,65,2
1003.4,0.2,8.1,5.9,9.4,9.66,350,0
1003.4,0.2,8.1,5.9,9.4,6.44,350,0
1003.4,0.2,8.1,5.9,9.4,16.1,160,2
1003.4,0.2,8.1,5.9,9.4,28.98,330,2
1003.4,0.2,8.1,5.9,9.4,4.11,286,0
1003.4,0.2,8.1,5.9,9.4,10.71,309,0
1003.4,0.2,8.1,5.9,9.4,12.38,151,0
1003.4,0.34,6.1,4.2,10.6,19.48,320,2
1003.4,0.34,6.1,4.2,10.6,17.81,65,2
1003.4,0.34,6.1,4.2,10.6,9.66,350,0
1003.4,0.34,6.1,4.2,10.6,6.44,350,0
1003.4,0.34,6.1,4.2,10.6,16.1,160,2
1003.4,0.34,6.1,4.2,10.6,28.98,330,2
1003.4,0.34,6.1,4.2,10.6,4.11,286,0
1003.4,0.34,6.1,4.2,10.6,10.71,309,0
1003.4,0.34,6.1,4.2,10.6,12.38,151,0
1003.4,0.87,7.5,3.8,10.0,19.48,320,2
1003.4,0.87,7.5,3.8,10.0,17.81,65,2
1003.4,0.87,7.5,3.8,10.0,9.66,350,0
1003.4,0.87,7.5,3.8,10.0,6.44,350,0
1003.4,0.87,7.5,3.8,10.0,16.1,160,2
1003.4,0.87,7.5,3.8,10.0,28.98,330,2
1003.4,0.87,7.5,3.8,10.0,4.11,286,0
1003.4,0.87,7.5,3.8,10.0,10.71,309,0
1003.4,0.87,7.5,3.8,10.0,12.38,151,0
1003.4,1.63,9.2,5.5,15.2,19.48,320,2
1003.4,1.63,9.2,5.5,15.2,17.81,65,2
1003.4,1.63,9.2,5.5,15.2,9.66,350,0
1003.4,1.63,9.2,5.5,15.2,6.44,350,0
1003.4,1.63,9.2,5.5,15.2,16.1,160,2
1003.4,1.63,9.2,5.5,15.2,28.98,330,2
1003.4,1.63,9.2,5.5,15.2,4.11,286,0
1003.4,1.63,9.2,5.5,15.2,10.71,309,0
1003.4,1.63,9.2,5.5,15.2,12.38,151,0
1003.4,1.49,11.4,9.3,11.6,19.48,320,2
1003.4,1.49,11.4,9.3,11.6,17.81,65,2
1003.4,1.49,11.4,9.3,11.6,9.66,350,0
1003.4,1.49,11.4,9.3,11.6,6.44,350,0
1003.4,1.49,11.4,9.3,11.6,16.1,160,2
1003.4,1.49,11.4,9.3,11.6,28.98,330,2
1003.4,1.49,11.4,9.3,11.6,4.11,286,0
1003.4,1.49,11.4,9.3,11.6,10.71,309,0
1003.4,1.49,11.4,9.3,11.6,12.38,151,0
1003.4,0.95,11.1,7.0,16.7,19.48,320,2
1003.4,0.95,11.1,7.0,16.7,17.81,65,2
1003.4,0.95,11.1,7.0,16.7,9.66,350,0
1003.4,0.95,11.1,7.0,16.7,6.44,350,0
1003.4,0.95,11.1,7.0,16.7,16.1,160,2
1003.4,0.95,11.1,7.0,16.7,28.98,330,2
1003.4,0.95,11.1,7.0,16.7,4.11,286,0
1003.4,0.95,11.1,7.0,16.7,10.71,309,0
1003.4,0.95,11.1,7.0,16.7,12.38,151,0
1003.4,0.83,8.3,4.2,11.6,19.48,320,2
1003.4,0.83,8.3,4.2,11.6,17.81,65,2
1003.4,0.83,8.3,4.2,11.6,9.66,350,0
1003.4,0.83,8.3,4.2,11.6,6.44,350,0
1003.4,0.83,8.3,4.2,11.6,16.1,160,2
1003.4,0.83,8.3,4.2,11.6,28.98,330,2
1003.4,0.83,8.3,4.2,11.6,4.11,286,0
1003.4,0.83,8.3,4.2,11.6,10.71,309,0
1003.4,0.83,8.3,4.2,11.6,12.38,151,0
1003.4,1.21,3.3,-1.5,8.3,19.48,320,2
1003.4,1.21,3.3,-1.5,8.3,17.81,65,2
1003.4,1.21,3.3,-1.5,8.3,9.66,350,0
1003.4,1.21,3.3,-1.5,8.3,6.44,350,0
1003.4,1.21,3.3,-1.5,8.3,16.1,160,2
1003.4,1.21,3.3,-1.5,8.3,28.98,330,2
1003.4,1.21,3.3,-1.5,8.3,4.11,286,0
1003.4,1.21,3.3,-1.5,8.3,10.71,309,0
1003.4,1.21,3.3,-1.5,8.3,12.38,151,0
1003.4,1.16,0.8,-0.9,3.8,19.48,320,2
1003.4,1.16,0.8,-0.9,3.8,17.81,65,2
1003.4,1.16,0.8,-0.9,3.8,9.66,350,0
1003.4,1.16,0.8,-0.9,3.8,6.44,350,0
1003.4,1.16,0.8,-0.9,3.8,16.1,160,2
1003.4,1.16,0.8,-0.9,3.8,28.98,330,2
1003.4,1.16,0.8,-0.9,3.8,4.11,286,0
1003.4,1.16,0.8,-0.9,3.8,10.71,309,0
1003.4,1.16,0.8,-0.9,3.8,12.38,151,0
1003.4,1.06,9.4,6.1,13.3,19.48,320,2
1003.4,1.06,9.4,6.1,13.3,17.81,65,2
1003.4,1.06,9.4,6.1,13.3,9.66,350,0
1003.4,1.06,9.4,6.1,13.3,6.44,350,0
1003.4,1.06,9.4,6.1,13.3,16.1,160,2
1003.4,1.06,9.4,6.1,13.3,28.98,330,2
1003.4,1.06,9.4,6.1,13.3,4.11,286,0
1003.4,1.06,9.4,6.1,13.3,10.71,309,0
1003.4,1.06,9.4,6.1,13.3,12.38,151,0
1003.4,0.29,8.6,3.1,12.2,19.48,320,2
1003.4,0.29,8.6,3.1,12.2,17.81,65,2
1003.4,0.29,8.6,3.1,12.2,9.66,350,0
1003.4,0.29,8.6,3.1,12.2,6.44,350,0
1003.4,0.29,8.6,3.1,12.2,16.1,160,2
1003.4,0.29,8.6,3.1,12.2,28.98,330,2
1003.4,0.29,8.6,3.1,12.2,4.11,286,0
1003.4,0.29,8.6,3.1,12.2,10.71,309,0
1003.4,0.29,8.6,3.1,12.2,12.38,151,0
1003.4,0.78,6.9,3.3,10.2,19.48,320,2
1003.4,0.78,6.9,3.3,10.2,17.81,65,2
1003.4,0.78,6.9,3.3,10.2,9.66,350,0
1003.4,0.78,6.9,3.3,10.2,6.44,350,0
1003.4,0.78,6.9,3.3,10.2,16.1,160,2
1003.4,0.78,6.9,3.3,10.2,28.98,330,2
1003.4,0.78,6.9,3.3,10.2,4.11,286,0
1003.4,0.78,6.9,3.3,10.2,10.71,309,0
1003.4,0.78,6.9,3.3,10.2,12.38,151,0
1003.4,0.81,6.7,0.3,10.6,19.48,320,2
1003.4,0.81,6.7,0.3,10.6,17.81,65,2
1003.4,0.81,6.7,0.3,10.6,9.66,350,0
1003.4,0.81,6.7,0.3,10.6,6.44,350,0
1003.4,0.81,6.7,0.3,10.6,16.1,160,2
1003.4,0.81,6.7,0.3,10.6,28.98,330,2
1003.4,0.81,6.7,0.3,10.6,4.11,286,0
1003.4,0.81,6.7,0.3,10.6,10.71,309,0
1003.4,0.81,6.7,0.3,10.6,12.38,151,0
1003.4,0.17,8.2,5.8,10.2,19.48,320,2
1003.4,0.17,8.2,5.8,10.2,17.81,65,2
1003.4,0.17,8.2,5.8,10.2,9.66,350,0
1003.4,0.17,8.2,5.8,10.2,6.44,350,0
1003.4,0.17,8.2,5.8,10.2,16.1,160,2
1003.4,0.17,8.2,5.8,10.2,28.98,330,2
1003.4,0.17,8.2,5.8,10.2,4.11,286,0
1003.4,0.17,8.2,5.8,10.2,10.71,309,0
1003.4,0.17,8.2,5.8,10.2,12.38,151,0
1003.4,0.97,10.9,7.2,12.9,19.48,320,2
1003.4,0.97,10.9,7.2,12.9,17.81,65,2
1003.4,0.97,10.9,7.2,12.9,9.66,350,0
1003.4,0.97,10.9,7.2,12.9,6.44,350,0
1003.4,0.97,10.9,7.2,12.9,16.1,160,2
1003.4,0.97,10.9,7.2,12.9,28.98,330,2
1003.4,0.97,10.9,7.2,12.9,4.11,286,0
1003.4,0.97,10.9,7.2,12.9,10.71,309,0
1003.4,0.97,10.9,7.2,12.9,12.38,151,0
1003.4,0.07,0.6,-0.6,1.3,19.48,320,2
1003.4,0.07,0.6,-0.6,1.3,17.81,65,2
1003.4,0.07,0.6,-0.6,1.3,9.66,350,0
1003.4,0.07,0.6,-0.6,1.3,6.44,350,0
1003.4,0.07,0.6,-0.6,1.3,16.1,160,2
1003.4,0.07,0.6,-0.6,1.3,28.98,330,2
1003.4,0.07,0.6,-0.6,1.3,4.11,286,0
1003.4,0.07,0.6,-0.6,1.3,10.71,309,0
1003.4,0.07,0.6,-0.6,1.3,12.38,151,0
1003.4,0.12,9.3,7.8,12.3,19.48,320,2
1003.4,0.12,9.3,7.8,12.3,17.81,65,2
1003.4,0.12,9.3,7.8,12.3,9.66,350,0
1003.4,0.12,9.3,7.8,12.3,6.44,350,0
1003.4,0.12,9.3,7.8,12.3,16.1,160,2
1003.4,0.12,9.3,7.8,12.3,28.98,330,2
1003.4,0.12,9.3,7.8,12.3,4.11,286,0
1003.4,0.12,9.3,7.8,12.3,10.71,309,0
1003.4,0.12,9.3,7.8,12.3,12.38,151,0
1003.4,0.53,8.6,7.3,13.0,19.48,320,2
1003.4,0.53,8.6,7.3,13.0,17.81,65,2
1003.4,0.53,8.6,7.3,13.0,9.66,350,0
1003.4,0.53,8.6,7.3,13.0,6.44,350,0
1003.4,0.53,8.6,7.3,13.0,16.1,160,2
1003.4,0.53,8.6,7.3,13.0,28.98,330,2
1003.4,0.53,8.6,7.3,13.0,4.11,286,0
1003.4,0.53,8.6,7.3,13.0,10.71,309,0
1003.4,0.53,8.6,7.3,13.0,12.38,151,0
1003.4,0.98,13.5,12.0,15.0,19.48,320,2
1003.4,0.98,13.5,12.0,15.0,17.81,65,2
1003.4,0.98,13.5,12.0,15.0,9.66,350,0
1003.4,0.98,13.5,12.0,15.0,6.44,350,0
1003.4,0.98,13.5,12.0,15.0,16.1,160,2
1003.4,0.98,13.5,12.0,15.0,28.98,330,2
1003.4,0.98,13.5,12.0,15.0,4.11,286,0
1003.4,0.98,13.5,12.0,15.0,10.71,309,0
1003.4,0.98,13.5,12.0,15.0,12.38,151,0
1003.4,0.23,5.8,4.4,7.4,19.48,320,2
1003.4,0.23,5.8,4.4,7.4,17.81,65,2
1003.4,0.23,5.8,4.4,7.4,9.66,350,0
1003.4,0.23,5.8,4.4,7.4,6.44,350,0
1003.4,0.23,5.8,4.4,7.4,16.1,160,2
1003.4,0.23,5.8,4.4,7.4,28.98,330,2
1003.4,0.23,5.8,4.4,7.4,4.11,286,0
1003.4,0.23,5.8,4.4,7.4,10.71,309,0
1003.4,0.23,5.8,4.4,7.4,12.38,151,0
1003.4,1.05,14.9,11.9,17.2,19.48,320,2
1003.4,1.05,14.9,11.9,17.2,17.81,65,2
1003.4,1.05,14.9,11.9,17.2,9.66,350,0
1003.4,1.05,14.9,11.9,17.2,6.44,350,0
1003.4,1.05,14.9,11.9,17.2,16.1,160,2
1003.4,1.05,14.9,11.9,17.2,28.98,330,2
1003.4,1.05,14.9,11.9,17.2,4.11,286,0
1003.4,1.05,14.9,11.9,17.2,10.71,309,0
1003.4,1.05,14.9,11.9,17.2,12.38,151,0
1003.4,1.44,14.5,12.0,17.4,19.48,320,2
1003.4,1.44,14.5,12.0,17.4,17.81,65,2
1003.4,1.44,14.5,12.0,17.4,9.66,350,0
1003.4,1.44,14.5,12.0,17.4,6.44,350,0
1003.4,1.44,14.5,12.0,17.4,16.1,160,2
1003.4,1.44,14.5,12.0,17.4,28.98,330,2
1003.4,1.44,14.5,12.0,17.4,4.11,286,0
1003.4,1.44,14.5,12.0,17.4,10.71,309,0
1003.4,1.44,14.5,12.0,17.4,12.38,151,0
1003.4,0.11,7.7,5.9,12.1,19.48,320,2
1003.4,0.11,7.7,5.9,12.1,17.81,65,2
1003.4,0.11,7.7,5.9,12.1,9.66,350,0
1003.4,0.11,7.7,5.9,12.1,6.44,350,0
1003.4,0.11,7.7,5.9,12.1,16.1,160,2
1003.4,0.11,7.7,5.9,12.1,28.98,330,2
1003.4,0.11,7.7,5.9,12.1,4.11,286,0
1003.4,0.11,7.7,5.9,12.1,10.71,309,0
1003.4,0.11,7.7,5.9,12.1,12.38,151,0
1003.4,0.45,6.9,3.5,8.9,19.48,320,2
1003.4,0.45,6.9,3.5,8.9,17.81,65,2
1003.4,0.45,6.9,3.5,8.9,9.66,350,0
1003.4,0.45,6.9,3.5,8.9,6.44,350,0
1003.4,0.45,6.9,3.5,8.9,16.1,160,2
1003.4,0.45,6.9,3.5,8.9,28.98,330,2
1003.4,0.45,6.9,3.5,8.9,4.11,286,0
1003.4,0.45,6.9,3.5,8.9,10.71,309,0
1003.4,0.45,6.9,3.5,8.9,12.38,151,0
1003.4,0.7,8.4,7.3,12.6,19.48,320,2
1003.4,0.7,8.4,7.3,12.6,17.81,65,2
1003.4,0.7,8.4,7.3,12.6,9.66,350,0
1003.4,0.7,8.4,7.3,12.6,6.44,350,0
1003.4,0.7,8.4,7.3,12.6,16.1,160,2
1003.4,0.7,8.4,7.3,12.6,28.98,330,2
1003.4,0.7,8.4,7.3,12.6,4.11,286,0
1003.4,0.7,8.4,7.3,12.6,10.71,309,0
1003.4,0.7,8.4,7.3,12.6,12.38,151,0
1003.4,0.3,3.2,1.6,4.7,19.48,320,2
1003.4,0.3,3.2,1.6,4.7,17.81,65,2
1003.4,0.3,3.2,1.6,4.7,9.66,350,0
1003.4,0.3,3.2,1.6,4.7,6.44,350,0
1003.4,0.3,3.2,1.6,4.7,16.1,160,2
1003.4,0.3,3.2,1.6,4.7,28.98,330,2
1003.4,0.3,3.2,1.6,4.7,4.11,286,0
1003.4,0.3,3.2,1.6,4.7,10.71,309,0
1003.4,0.3,3.2,1.6,4.7,12.38,151,0
1003.4,0.48,11.7,9.1,15.0,19.48,320,2
1003.4,0.48,11.7,9.1,15.0,17.81,65,2
1003.4,0.48,11.7,9.1,15.0,9.66,350,0
1003.4,0.48,11.7,9.1,15.0,6.44,350,0
1003.4,0.48,11.7,9.1,15.0,16.1,160,2
1003.4,0.48,11.7,9.1,15.0,28.98,330,2
1003.4,0.48,11.7,9.1,15.0,4.11,286,0
1003.4,0.48,11.7,9.1,15.0,10.71,309,0
1003.4,0.48,11.7,9.1,15.0,12.38,151,0
1003.4,0.23,3.3,2.0,5.0,19.48,320,2
1003.4,0.23,3.3,2.0,5.0,17.81,65,2
1003.4,0.23,3.3,2.0,5.0,9.66,350,0
1003.4,0.23,3.3,2.0,5.0,6.44,350,0
1003.4,0.23,3.3,2.0,5.0,16.1,160,2
1003.4,0.23,3.3,2.0,5.0,28.98,330,2
1003.4,0.23,3.3,2.0,5.0,4.11,286,0
1003.4,0.23,3.3,2.0,5.0,10.71,309,0
1003.4,0.23,3.3,2.0,5.0,12.38,151,0
1003.4,0.25,-4.7,-5.8,-3.4,19.48,320,2
1003.4,0.25,-4.7,-5.8,-3.4,17.81,65,2
1003.4,0.25,-4.7,-5.8,-3.4,9.66,350,0
1003.4,0.25,-4.7,-5.8,-3.4,6.44,350,0
1003.4,0.25,-4.7,-5.8,-3.4,16.1,160,2
1003.4,0.25,-4.7,-5.8,-3.4,28.98,330,2
1003.4,0.25,-4.7,-5.8,-3.4,4.11,286,0
1003.4,0.25,-4.7,-5.8,-3.4,10.71,309,0
1003.4,0.25,-4.7,-5.8,-3.4,12.38,151,0
1003.5,1.7,22.2,16.5,27.8,7.74,84,1
1003.5,1.7,22.2,16.5,27.8,34.1,320,3
1003.5,1.7,22.2,16.5,27.8,13.2,164,1
1003.5,1.7,22.2,16.5,27.8,9.89,152,1
1003.5,1.7,22.2,16.5,27.8,4.03,215,1
1003.5,1.7,22.2,16.5,27.8,22.54,140,3
1003.5,1.7,22.2,16.5,27.8,17.71,170,3
1003.5,1.7,22.2,16.5,27.8,0.0,0,1
1003.5,1.7,22.2,16.5,27.8,38.64,330,3
1003.5,1.7,22.2,16.5,27.8,7.95,243,1
1003.5,1.7,22.2,16.5,27.8,27.6,140,3
1003.5,1.7,22.2,16.5,27.8,12.88,250,1
1003.5,1.7,22.2,16.5,27.8,22.54,300,3
1003.5,1.7,22.2,16.5,27.8,13.85,338,1
1003.5,1.7,22.2,16.5,27.8,9.03,21,1
1003.5,1.7,22.2,16.5,27.8,10.55,274,1
1003.5,1.7,22.2,16.5,27.8,20.24,151,3
1003.5,1.7,22.2,16.5,27.8,17.26,340,3
1003.5,1.34,18.2,15.6,25.5,7.74,84,1
1003.5,1.34,18.2,15.6,25.5,34.1,320,3
1003.5,1.34,18.2,15.6,25.5,13.2,164,1
1003.5,1.34,18.2,15.6,25.5,9.89,152,1
1003.5,1.34,18.2,15.6,25.5,4.03,215,1
1003.5,1.34,18.2,15.6,25.5,22.54,140,3
1003.5,1.34,18.2,15.6,25.5,17.71,170,3
1003.5,1.34,18.2,15.6,25.5,0.0,0,1
1003.5,1.34,18.2,15.6,25.5,38.64,330,3
1003.5,1.34,18.2,15.6,25.5,7.95,243,1
1003.5,1.34,18.2,15.6,25.5,27.6,140,3
1003.5,1.34,18.2,15.6,25.5,12.88,250,1
1003.5,1.34,18.2,15.6,25.5,22.54,300,3
1003.5,1.34,18.2,15.6,25.5,13.85,338,1
1003.5,1.34,18.2,15.6,25.5,9.03,21,1
1003.5,1.34,18.2,15.6,25.5,10.55,274,1
1003.5,1.34,18.2,15.6,25.5,20.24,151,3
1003.5,1.34,18.2,15.6,25.5,17.26,340,3
1003.5,0.27,8.6,6.3,11.9,7.74,84,1
1003.5,0.27,8.6,6.3,11.9,34.1,320,3
1003.5,0.27,8.6,6.3,11.9,13.2,164,1
1003.5,0.27,8.6,6.3,11.9,9.89,152,1
1003.5,0.27,8.6,6.3,11.9,4.03,215,1
1003.5,0.27,8.6,6.3,11.9,22.54,140,3
1003.5,0.27,8.6,6.3,11.9,17.71,170,3
1003.5,0.27,8.6,6.3,11.9,0.0,0,1
1003.5,0.27,8.6,6.3,11.9,38.64,330,3
1003.5,0.27,8.6,6.3,11.9,7.95,243,1
1003.5,0.27,8.6,6.3,11.9,27.6,140,3
1003.5,0.27,8.6,6.3,11.9,12.88,250,1
1003.5,0.27,8.6,6.3,11.9,22.54,300,3
1003.5,0.27,8.6,6.3,11.9,13.85,338,1
1003.5,0.27,8.6,6.3,11.9,9.03,21,1
1003.5,0.27,8.6,6.3,11.9,10.55,274,1
1003.5,0.27,8.6,6.3,11.9,20.24,151,3
1003.5,0.27,8.6,6.3,11.9,17.26,340,3
1003.5,0.59,8.0,4.9,14.4,7.74,84,1
1003.5,0.59,8.0,4.9,14.4,34.1,320,3
1003.5,0.59,8.0,4.9,14.4,13.2,164,1
1003.5,0.59,8.0,4.9,14.4,9.89,152,1
1003.5,0.59,8.0,4.9,14.4,4.03,215,1
1003.5,0.59,8.0,4.9,14.4,22.54,140,3
1003.5,0.59,8.0,4.9,14.4,17.71,170,3
1003.5,0.59,8.0,4.9,14.4,0.0,0,1
1003.5,0.59,8.0,4.9,14.4,38.64,330,3
1003.5,0.59,8.0,4.9,14.4,7.95,243,1
1003.5,0.59,8.0,4.9,14.4,27.6,140,3
1003.5,0.59,8.0,4.9,14.4,12.88,250,1
1003.5,0.59,8.0,4.9,14.4,22.54,300,3
1003.5,0.59,8.0,4.9,14.4,13.85,338,1
1003.5,0.59,8.0,4.9,14.4,9.03,21,1
1003.5,0.59,8.0,4.9,14.4,10.55,274,1
1003.5,0.59,8.0,4.9,14.4,20.24,151,3
1003.5,0.59,8.0,4.9,14.4,17.26,340,3
1003.5,1.53,7.3,2.4,12.3,7.74,84,1
1003.5,1.53,7.3,2.4,12.3,34.1,320,3
1003.5,1.53,7.3,2.4,12.3,13.2,164,1
1003.5,1.53,7.3,2.4,12.3,9.89,152,1
1003.5,1.53,7.3,2.4,12.3,4.03,215,1
1003.5,1.53,7.3,2.4,12.3,22.54,140,3
1003.5,1.53,7.3,2.4,12.3,17.71,170,3
1003.5,1.53,7.3,2.4,12.3,0.0,0,1
1003.5,1.53,7.3,2.4,12.3,38.64,330,3
1003.5,1.53,7.3,2.4,12.3,7.95,243,1
1003.5,1.53,7.3,2.4,12.3,27.6,140,3
1003.5,1.53,7.3,2.4,12.3,12.88,250,1
1003.5,1.53,7.3,2.4,12.3,22.54,300,3
1003.5,1.53,7.3,2.4,12.3,13.85,338,1
1003.5,1.53,7.3,2.4,12.3,9.03,21,1
1003.5,1.53,7.3,2.4,12.3,10.55,274,1
1003.5,1.53,7.3,2.4,12.3,20.24,151,3
1003.5,1.53,7.3,2.4,12.3,17.26,340,3
1003.5,1.53,8.2,6.9,9.6,7.74,84,1
1003.5,1.53,8.2,6.9,9.6,34.1,320,3
1003.5,1.53,8.2,6.9,9.6,13.2,164,1
1003.5,1.53,8.2,6.9,9.6,9.89,152,1
1003.5,1.53,8.2,6.9,9.6,4.03,215,1
1003.5,1.53,8.2,6.9,9.6,22.54,140,3
1003.5,1.53,8.2,6.9,9.6,17.71,170,3
1003.5,1.53,8.2,6.9,9.6,0.0,0,1
1003.5,1.53,8.2,6.9,9.6,38.64,330,3
1003.5,1.53,8.2,6.9,9.6,7.95,243,1
1003.5,1.53,8.2,6.9,9.6,27.6,140,3
1003.5,1.53,8.2,6.9,9.6,12.88,250,1
1003.5,1.53,8.2,6.9,9.6,22.54,300,3
1003.5,1.53,8.2,6.9,9.6,13.85,338,1
1003.5,1.53,8.2,6.9,9.6,9.03,21,1
1003.5,1.53,8.2,6.9,9.6,10.55,274,1
1003.5,1.53,8.2,6.9,9.6,20.24,151,3
1003.5,1.53,8.2,6.9,9.6,17.26,340,3
1003.5,1.6,13.6,10.0,17.3,7.74,84,1
1003.5,1.6,13.6,10.0,17.3,34.1,320,3
1003.5,1.6,13.6,10.0,17.3,13.2,164,1
1003.5,1.6,13.6,10.0,17.3,9.89,152,1
1003.5,1.6,13.6,10.0,17.3,4.03,215,1
1003.5,1.6,13.6,10.0,17.3,22.54,140,3
1003.5,1.6,13.6,10.0,17.3,17.71,170,3
1003.5,1.6,13.6,10.0,17.3,0.0,0,1
1003.5,1.6,13.6,10.0,17.3,38.64,330,3
1003.5,1.6,13.6,10.0,17.3,7.95,243,1
1003.5,1.6,13.6,10.0,17.3,27.6,140,3
1003.5,1.6,13.6,10.0,17.3,12.88,250,1
1003.5,1.6,13.6,10.0,17.3,22.54,300,3
1003.5,1.6,13.6,10.0,17.3,13.85,338,1
1003.5,1.6,13.6,10.0,17.3,9.03,21,1
1003.5,1.6,13.6,10.0,17.3,10.55,274,1
1003.5,1.6,13.6,10.0,17.3,20.24,151,3
1003.5,1.6,13.6,10.0,17.3,17.26,340,3
1003.5,0.19,6.1,1.9,9.1,7.74,84,0
1003.5,0.19,6.1,1.9,9.1,34.1,320,2
1003.5,0.19,6.1,1.9,9.1,13.2,164,0
1003.5,0.19,6.1,1.9,9.1,9.89,152,0
1003.5,0.19,6.1,1.9,9.1,4.03,215,0
1003.5,0.19,6.1,1.9,9.1,22.54,140,2
1003.5,0.19,6.1,1.9,9.1,17.71,170,2
1003.5,0.19,6.1,1.9,9.1,0.0,0,0
1003.5,0.19,6.1,1.9,9.1,38.64,330,2
1003.5,0.19,6.1,1.9,9.1,7.95,243,0
1003.5,0.19,6.1,1.9,9.1,27.6,140,2
1003.5,0.19,6.1,1.9,9.1,12.88,250,0
1003.5,0.19,6.1,1.9,9.1,22.54,300,2
1003.5,0.19,6.1,1.9,9.1,13.85,338,0
1003.5,0.19,6.1,1.9,9.1,9.03,21,0
1003.5,0.19,6.1,1.9,9.1,10.55,274,0
1003.5,0.19,6.1,1.9,9.1,20.24,151,2
1003.5,0.19,6.1,1.9,9.1,17.26,340,2
1003.5,1.37,14.4,10.7,17.9,7.74,84,0
1003.5,1.37,14.4,10.7,17.9,34.1,320,2
1003.5,1.37,14.4,10.7,17.9,13.2,164,0
1003.5,1.37,14.4,10.7,17.9,9.89,152,0
1003.5,1.37,14.4,10.7,17.9,4.03,215,0
1003.5,1.37,14.4,10.7,17.9,22.54,140,2
1003.5,1.37,14.4,10.7,17.9,17.71,170,2
1003.5,1.37,14.4,10.7,17.9,0.0,0,0
1003.5,1.37,14.4,10.7,17.9,38.64,330,2
1003.5,1.37,14.4,10.7,17.9,7.95,243,0
1003.5,1.37,14.4,10.7,17.9,27.6,140,2
1003.5,1.37,14.4,10.7,17.9,12.88,250,0
1003.5,1.37,14.4,10.7,17.9,22.54,300,2
1003.5,1.37,14.4,10.7,17.9,13.85,338,0
1003.5,1.37,14.4,10.7,17.9,9.03,21,0
1003.5,1.37,14.4,10.7,17.9,10.55,274,0
1003.5,1.37,14.4,10.7,17.9,20.24,151,2
1003.5,1.37,14.4,10.7,17.9,17.26,340,2
1003.5,1.53,9.3,6.1,13.5,7.74,84,0
1003.5,1.53,9.3,6.1,13.5,34.1,320,2
1003.5,1.53,9.3,6.1,13.5,13.2,164,0
1003.5,1.53,9.3,6.1,13.5,9.89,152,0
1003.5,1.53,9.3,6.1,13.5,4.03,215,0
1003.5,1.53,9.3,6.1,13.5,22.54,140,2
1003.5,1.53,9.3,6.1,13.5,17.71,170,2
1003.5,1.53,9.3,6.1,13.5,0.0,0,0
1003.5,1.53,9.3,6.1,13.5,38.64,330,2
1003.5,1.53,9.3,6.1,13.5,7.95,243,0
1003.5,1.53,9.3,6.1,13.5,27.6,140,2
1003.5,1.53,9.3,6.1,13.5,12.88,250,0
1003.5,1.53,9.3,6.1,13.5,22.54,300,2
1003.5,1.53,9.3,6.1,13.5,13.85,338,0
1003.5,1.53,9.3,6.1,13.5,9.03,21,0
1003.5,1.53,9.3,6.1,13.5,10.55,274,0
1003.5,1.53,9.3,6.1,13.5,20.24,151,2
1003.5,1.53,9.3,6.1,13.5,17.26,340,2
1003.5,0.57,7.7,2.0,10.7,7.74,84,0
1003.5,0.57,7.7,2.0,10.7,34.1,320,2
1003.5,0.57,7.7,2.0,10.7,13.2,164,0
1003.5,0.57,7.7,2.0,10.7,9.89,152,0
1003.5,0.57,7.7,2.0,10.7,4.03,215,0
1003.5,0.57,7.7,2.0,10.7,22.54,140,2
1003.5,0.57,7.7,2.0,10.7,17.71,170,2
1003.5,0.57,7.7,2.0,10.7,0.0,0,0
1003.5,0.57,7.7,2.0,10.7,38.64,330,2
1003.5,0.57,7.7,2.0,10.7,7.95,243,0
1003.5,0.57,7.7,2.0,10.7,27.6,140,2
1003.5,0.57,7.7,2.0,10.7,12.88,250,0
1003.5,0.57,7.7,2.0,10.7,22.54,300,2
1003.5,0.57,7.7,2.0,10.7,13.85,338,0
1003.5,0.57,7.7,2.0,10.7,9.03,21,0
1003.5,0.57,7.7,2.0,10.7,10.55,274,0
1003.5,0.57,7.7,2.0,10.7,20.24,151,2
1003.5,0.57,7.7,2.0,10.7,17.26,340,2
1003.5,0.15,6.1,3.6,9.2,7.74,84,0
1003.5,0.15,6.1,3.6,9.2,34.1,320,2
1003.5,0.15,6.1,3.6,9.2,13.2,164,0
1003.5,0.15,6.1,3.6,9.2,9.89,152,0
1003.5,0.15,6.1,3.6,9.2,4.03,215,0
1003.5,0.15,6.1,3.6,9.2,22.54,140,2
1003.5,0.15,6.1,3.6,9.2,17.71,170,2
1003.5,0.15,6.1,3.6,9.2,0.0,0,0
1003.5,0.15,6.1,3.6,9.2,38.64,330,2
1003.5,0.15,6.1,3.6,9.2,7.95,243,0
1003.5,0.15,6.1,3.6,9.2,27.6,140,2
1003.5,0.15,6.1,3.6,9.2,12.88,250,0
1003.5,0.15,6.1,3.6,9.2,22.54,300,2
1003.5,0.15,6.1,3.6,9.2,13.85,338,0
1003.5,0.15,6.1,3.6,9.2,9.03,21,0
1003.5,0.15,6.1,3.6,9.2,10.55,274,0
1003.5,0.15,6.1,3.6,9.2,20.24,151,2
1003.5,0.15,6.1,3.6,9.2,17.26,340,2
1003.5,0.35,6.2,3.4,8.7,7.74,84,0
1003.5,0.35,6.2,3.4,8.7,34.1,320,2
1003.5,0.35,6.2,3.4,8.7,13.2,164,0
1003.5,0.35,6.2,3.4,8.7,9.89,152,0
1003.5,0.35,6.2,3.4,8.7,4.03,215,0
1003.5,0.35,6.2,3.4,8.7,22.54,140,2
1003.5,0.35,6.2,3.4,8.7,17.71,170,2
1003.5,0.35,6.2,3.4,8.7,0.0,0,0
1003.5,0.35,6.2,3.4,8.7,38.64,330,2
1003.5,0.35,6.2,3.4,8.7,7.95,243,0
1003.5,0.35,6.2,3.4,8.7,27.6,140,2
1003.5,0.35,6.2,3.4,8.7,12.88,250,0
1003.5,0.35,6.2,3.4,8.7,22.54,300,2
1003.5,0.35,6.2,3.4,8.7,13.85,338,0
1003.5,0.35,6.2,3.4,8.7,9.03,21,0
1003.5,0.35,6.2,3.4,8.7,10.55,274,0
1003.5,0.35,6.2,3.4,8.7,20.24,151,2
1003.5,0.35,6.2,3.4,8.7,17.26,340,2
1003.5,1.01,14.5,12.4,18.1,7.74,84,0
1003.5,1.01,14.5,12.4,18.1,34.1,320,2
1003.5,1.01,14.5,12.4,18.1,13.2,164,0
1003.5,1.01,14.5,12.4,18.1,9.89,152,0
1003.5,1.01,14.5,12.4,18.1,4.03,215,0
1003.5,1.01,14.5,12.4,18.1,22.54,140,2
1003.5,1.01,14.5,12.4,18.1,17.71,170,2
1003.5,1.01,14.5,12.4,18.1,0.0,0,0
1003.5,1.01,14.5,12.4,18.1,38.64,330,2
1003.5,1.01,14.5,12.4,18.1,7.95,243,0
1003.5,1.01,14.5,12.4,18.1,27.6,140,2
1003.5,1.01,14.5,12.4,18.1,12.88,250,0
1003.5,1.01,14.5,12.4,18.1,22.54,300,2
1003.5,1.01,14.5,12.4,18.1,13.85,338,0
1003.5,1.01,14.5,12.4,18.1,9.03,21,0
1003.5,1.01,14.5,12.4,18.1,10.55,274,0
1003.5,1.01,14.5,12.4,18.1,20.24,151,2
1003.5,1.01,14.5,12.4,18.1,17.26,340,2
1003.5,0.53,5.3,2.9,7.3,7.74,84,0
1003.5,0.53,5.3,2.9,7.3,34.1,320,2
1003.5,0.53,5.3,2.9,7.3,13.2,164,0
1003.5,0.53,5.3,2.9,7.3,9.89,152,0
1003.5,0.53,5.3,2.9,7.3,4.03,215,0
1003.5,0.53,5.3,2.9,7.3,22.54,140,2
1003.5,0.53,5.3,2.9,7.3,17.71,170,2
1003.5,0.53,5.3,2.9,7.3,0.0,0,0
1003.5,0.53,5.3,2.9,7.3,38.64,330,2
1003.5,0.53,5.3,2.9,7.3,7.95,243,0
1003.5,0.53,5.3,2.9,7.3,27.6,140,2
1003.5,0.53,5.3,2.9,7.3,12.88,250,0
1003.5,0.53,5.3,2.9,7.3,22.54,300,2
1003.5,0.53,5.3,2.9,7.3,13.85,338,0
1003.5,0.53,5.3,2.9,7.3,9.03,21,0
1003.5,0.53,5.3,2.9,7.3,10.55,274,0
1003.5,0.53,5.3,2.9,7.3,20.24,151,2
1003.5,0.53,5.3,2.9,7.3,17.26,340,2
1003.5,0.11,5.1,4.8,6.7,7.74,84,0
1003.5,0.11,5.1,4.8,6.7,34.1,320,2
1003.5,0.11,5.1,4.8,6.7,13.2,164,0
1003.5,0.11,5.1,4.8,6.7,9.89,152,0
1003.5,0.11,5.1,4.8,6.7,4.03,215,0
1003.5,0.11,5.1,4.8,6.7,22.54,140,2
1003.5,0.11,5.1,4.8,6.7,17.71,170,2
1003.5,0.11,5.1,4.8,6.7,0.0,0,0
1003.5,0.11,5.1,4.8,6.7,38.64,330,2
1003.5,0.11,5.1,4.8,6.7,7.95,243,0
1003.5,0.11,5.1,4.8,6.7,27.6,140,2
1003.5,0.11,5.1,4.8,6.7,12.88,250,0
1003.5,0.11,5.1,4.8,6.7,22.54,300,2
1003.5,0.11,5.1,4.8,6.7,13.85,338,0
1003.5,0.11,5.1,4.8,6.7,9.03,21,0
1003.5,0.11,5.1,4.8,6.7,10.55,274,0
1003.5,0.11,5.1,4.8,6.7,20.24,151,2
1003.5,0.11,5.1,4.8,6.7,17.26,340,2
1003.5,1.03,10.2,7.2,13.3,7.74,84,0
1003.5,1.03,10.2,7.2,13.3,34.1,320,2
1003.5,1.03,10.2,7.2,13.3,13.2,164,0
1003.5,1.03,10.2,7.2,13.3,9.89,152,0
1003.5,1.03,10.2,7.2,13.3,4.03,215,0
1003.5,1.03,10.2,7.2,13.3,22.54,140,2
1003.5,1.03,10.2,7.2,13.3,17.71,170,2
1003.5,1.03,10.2,7.2,13.3,0.0,0,0
1003.5,1.03,10.2,7.2,13.3,38.64,330,2
1003.5,1.03,10.2,7.2,13.3,7.95,243,0
1003.5,1.03,10.2,7.2,13.3,27.6,140,2
1003.5,1.03,10.2,7.2,13.3,12.88,250,0
1003.5,1.03,10.2,7.2,13.3,22.54,300,2
1003.5,1.03,10.2,7.2,13.3,13.85,338,0
1003.5,1.03,10.2,7.2,13.3,9.03,21,0
1003.5,1.03,10.2,7.2,13.3,10.55,274,0
1003.5,1.03,10.2,7.2,13.3,20.24,151,2
1003.5,1.03,10.2,7.2,13.3,17.26,340,2
1003.5,0.74,-0.6,-1.7,1.5,7.74,84,0
1003.5,0.74,-0.6,-1.7,1.5,34.1,320,2
1003.5,0.74,-0.6,-1.7,1.5,13.2,164,0
1003.5,0.74,-0.6,-1.7,1.5,9.89,152,0
1003.5,0.74,-0.6,-1.7,1.5,4.03,215,0
1003.5,0.74,-0.6,-1.7,1.5,22.54,140,2
1003.5,0.74,-0.6,-1.7,1.5,17.71,170,2
1003.5,0.74,-0.6,-1.7,1.5,0.0,0,0
1003.5,0.74,-0.6,-1.7,1.5,38.64,330,2
1003.5,0.74,-0.6,-1.7,1.5,7.95,243,0
1003.5,0.74,-0.6,-1.7,1.5,27.6,140,2
1003.5,0.74,-0.6,-1.7,1.5,12.88,250,0
1003.5,0.74,-0.6,-1.7,1.5,22.54,300,2
1003.5,0.74,-0.6,-1.7,1.5,13.85,338,0
1003.5,0.74,-0.6,-1.7,1.5,9.03,21,0
1003.5,0.74,-0.6,-1.7,1.5,10.55,274,0
1003.5,0.74,-0.6,-1.7,1.5,20.24,151,2
1003.5,0.74,-0.6,-1.7,1.5,17.26,340,2
1003.5,0.33,4.6,2.4,7.0,7.74,84,0
1003.5,0.33,4.6,2.4,7.0,34.1,320,2
1003.5,0.33,4.6,2.4,7.0,13.2,164,0
1003.5,0.33,4.6,2.4,7.0,9.89,152,0
1003.5,0.33,4.6,2.4,7.0,4.03,215,0
1003.5,0.33,4.6,2.4,7.0,22.54,140,2
1003.5,0.33,4.6,2.4,7.0,17.71,170,2
1003.5,0.33,4.6,2.4,7.0,0.0,0,0
1003.5,0.33,4.6,2.4,7.0,38.64,330,2
1003.5,0.33,4.6,2.4,7.0,7.95,243,0
1003.5,0.33,4.6,2.4,7.0,27.6,140,2
1003.5,0.33,4.6,2.4,7.0,12.88,250,0
1003.5,0.33,4.6,2.4,7.0,22.54,300,2
1003.5,0.33,4.6,2.4,7.0,13.85,338,0
1003.5,0.33,4.6,2.4,7.0,9.03,21,0
1003.5,0.33,4.6,2.4,7.0,10.55,274,0
1003.5,0.33,4.6,2.4,7.0,20.24,151,2
1003.5,0.33,4.6,2.4,7.0,17.26,340,2
1003.5,0.38,11.1,8.8,13.2,7.74,84,0
1003.5,0.38,11.1,8.8,13.2,34.1,320,2
1003.5,0.38,11.1,8.8,13.2,13.2,164,0
1003.5,0.38,11.1,8.8,13.2,9.89,152,0
1003.5,0.38,11.1,8.8,13.2,4.03,215,0
1003.5,0.38,11.1,8.8,13.2,22.54,140,2
1003.5,0.38,11.1,8.8,13.2,17.71,170,2
1003.5,0.38,11.1,8.8,13.2,0.0,0,0
1003.5,0.38,11.1,8.8,13.2,38.64,330,2
1003.5,0.38,11.1,8.8,13.2,7.95,243,0
1003.5,0.38,11.1,8.8,13.2,27.6,140,2
1003.5,0.38,11.1,8.8,13.2,12.88,250,0
1003.5,0.38,11.1,8.8,13.2,22.54,300,2
1003.5,0.38,11.1,8.8,13.2,13.85,338,0
1003.5,0.38,11.1,8.8,13.2,9.03,21,0
1003.5,0.38,11.1,8.8,13.2,10.55,274,0
1003.5,0.38,11.1,8.8,13.2,20.24,151,2
1003.5,0.38,11.1,8.8,13.2,17.26,340,2
1003.5,0.16,5.8,4.0,7.4,7.74,84,0
1003.5,0.16,5.8,4.0,7.4,34.1,320,2
1003.5,0.16,5.8,4.0,7.4,13.2,164,0
1003.5,0.16,5.8,4.0,7.4,9.89,152,0
1003.5,0.16,5.8,4.0,7.4,4.03,215,0
1003.5,0.16,5.8,4.0,7.4,22.54,140,2
1003.5,0.16,5.8,4.0,7.4,17.71,170,2
1003.5,0.16,5.8,4.0,7.4,0.0,0,0
1003.5,0.16,5.8,4.0,7.4,38.64,330,2
1003.5,0.16,5.8,4.0,7.4,7.95,243,0
1003.5,0.16,5.8,4.0,7.4,27.6,140,2
1003.5,0.16,5.8,4.0,7.4,12.88,250,0
1003.5,0.16,5.8,4.0,7.4,22.54,300,2
1003.5,0.16,5.8,4.0,7.4,13.85,338,0
1003.5,0.16,5.8,4.0,7.4,9.03,21,0
1003.5,0.16,5.8,4.0,7.4,10.55,274,0
1003.5,0.16,5.8,4.0,7.4,20.24,151,2
1003.5,0.16,5.8,4.0,7.4,17.26,340,2
1003.5,1.33,13.8,11.0,17.6,7.74,84,0
1003.5,1.33,13.8,11.0,17.6,34.1,320,2
1003.5,1.33,13.8,11.0,17.6,13.2,164,0
1003.5,1.33,13.8,11.0,17.6,9.89,152,0
1003.5,1.33,13.8,11.0,17.6,4.03,215,0
1003.5,1.33,13.8,11.0,17.6,22.54,140,2
1003.5,1.33,13.8,11.0,17.6,17.71,170,2
1003.5,1.33,13.8,11.0,17.6,0.0,0,0
1003.5,1.33,13.8,11.0,17.6,38.64,330,2
1003.5,1.33,13.8,11.0,17.6,7.95,243,0
1003.5,1.33,13.8,11.0,17.6,27.6,140,2
1003.5,1.33,13.8,11.0,17.6,12.88,250,0
1003.5,1.33,13.8,11.0,17.6,22.54,300,2
1003.5,1.33,13.8,11.0,17.6,13.85,338,0
1003.5,1.33,13.8,11.0,17.6,9.03,21,0
1003.5,1.33,13.8,11.0,17.6,10.55,274,0
1003.5,1.33,13.8,11.0,17.6,20.24,151,2
1003.5,1.33,13.8,11.0,17.6,17.26,340,2
1003.5,0.05,10.3,7.5,12.3,7.74,84,0
1003.5,0.05,10.3,7.5,12.3,34.1,320,2
1003.5,0.05,10.3,7.5,12.3,13.2,164,0
1003.5,0.05,10.3,7.5,12.3,9.89,152,0
1003.5,0.05,10.3,7.5,12.3,4.03,215,0
1003.5,0.05,10.3,7.5,12.3,22.54,140,2
1003.5,0.05,10.3,7.5,12.3,17.71,170,2
1003.5,0.05,10.3,7.5,12.3,0.0,0,0
1003.5,0.05,10.3,7.5,12.3,38.64,330,2
1003.5,0.05,10.3,7.5,12.3,7.95,243,0
1003.5,0.05,10.3,7.5,12.3,27.6,140,2
1003.5,0.05,10.3,7.5,12.3,12.88,250,0
1003.5,0.05,10.3,7.5,12.3,22.54,300,2
1003.5,0.05,10.3,7.5,12.3,13.85,338,0
1003.5,0.05,10.3,7.5,12.3,9.03,21,0
1003.5,0.05,10.3,7.5,12.3,10.55,274,0
1003.5,0.05,10.3,7.5,12.3,20.24,151,2
1003.5,0.05,10.3,7.5,12.3,17.26,340,2
1003.6,1.87,5.2,-0.6,10.9,10.8,330,1
1003.6,1.87,5.2,-0.6,10.9,25.26,181,3
1003.6,1.87,5.2,-0.6,10.9,14.75,180,1
1003.6,1.87,5.2,-0.6,10.9,18.37,237,3
1003.6,1.87,5.2,-0.6,10.9,25.76,160,3
1003.6,1.87,5.2,-0.6,10.9,11.27,180,1
1003.6,1.87,5.2,-0.6,10.9,0.0,0,1
1003.6,1.87,5.2,-0.6,10.9,28.98,310,3
1003.6,1.87,5.2,-0.6,10.9,4.83,120,1
1003.6,1.87,5.2,-0.6,10.9,14.84,202,1
1003.6,1.87,5.2,-0.6,10.9,2.06,134,1
1003.6,1.87,5.2,-0.6,10.9,21.45,48,3
1003.6,1.87,5.2,-0.6,10.9,11.14,50,1
1003.6,1.87,5.2,-0.6,10.9,13.23,139,1
1003.6,1.87,5.2,-0.6,10.9,6.5,231,1
1003.6,1.87,5.2,-0.6,10.9,13.48,161,1
1003.6,1.87,5.2,-0.6,10.9,10.92,200,1
1003.6,0.45,3.7,1.9,5.6,10.8,330,1
1003.6,0.45,3.7,1.9,5.6,25.26,181,3
1003.6,0.45,3.7,1.9,5.6,14.75,180,1
1003.6,0.45,3.7,1.9,5.6,18.37,237,3
1003.6,0.45,3.7,1.9,5.6,25.76,160,3
1003.6,0.45,3.7,1.9,5.6,11.27,180,1
1003.6,0.45,3.7,1.9,5.6,0.0,0,1
1003.6,0.45,3.7,1.9,5.6,28.98,310,3
1003.6,0.45,3.7,1.9,5.6,4.83,120,1
1003.6,0.45,3.7,1.9,5.6,14.84,202,1
1003.6,0.45,3.7,1.9,5.6,2.06,134,1
1003.6,0.45,3.7,1.9,5.6,21.45,48,3
1003.6,0.45,3.7,1.9,5.6,11.14,50,1
1003.6,0.45,3.7,1.9,5.6,13.23,139,1
1003.6,0.45,3.7,1.9,5.6,6.5,231,1
1003.6,0.45,3.7,1.9,5.6,13.48,161,1
1003.6,0.45,3.7,1.9,5.6,10.92,200,1
1003.6,1.12,9.4,6.1,12.7,10.8,330,1
1003.6,1.12,9.4,6.1,12.7,25.26,181,3
1003.6,1.12,9.4,6.1,12.7,14.75,180,1
1003.6,1.12,9.4,6.1,12.7,18.37,237,3
1003.6,1.12,9.4,6.1,12.7,25.76,160,3
1003.6,1.12,9.4,6.1,12.7,11.27,180,1
1003.6,1.12,9.4,6.1,12.7,0.0,0,1
1003.6,1.12,9.4,6.1,12.7,28.98,310,3
1003.6,1.12,9.4,6.1,12.7,4.83,120,1
1003.6,1.12,9.4,6.1,12.7,14.84,202,1
1003.6,1.12,9.4,6.1,12.7,2.06,134,1
1003.6,1.12,9.4,6.1,12.7,21.45,48,3
1003.6,1.12,9.4,6.1,12.7,11.14,50,1
1003.6,1.12,9.4,6.1,12.7,13.23,139,1
1003.6,1.12,9.4,6.1,12.7,6.5,231,1
1003.6,1.12,9.4,6.1,12.7,13.48,161,1
1003.6,1.12,9.4,6.1,12.7,10.92,200,1
1003.6,0.29,4.5,0.5,7.7,10.8,330,1
1003.6,0.29,4.5,0.5,7.7,25.26,181,3
1003.6,0.29,4.5,0.5,7.7,14.75,180,1
1003.6,0.29,4.5,0.5,7.7,18.37,237,3
1003.6,0.29,4.5,0.5,7.7,25.76,160,3
1003.6,0.29,4.5,0.5,7.7,11.27,180,1
1003.6,0.29,4.5,0.5,7.7,0.0,0,1
1003.6,0.29,4.5,0.5,7.7,28.98,310,3
1003.6,0.29,4.5,0.5,7.7,4.83,120,1
1003.6,0.29,4.5,0.5,7.7,14.84,202,1
1003.6,0.29,4.5,0.5,7.7,2.06,134,1
1003.6,0.29,4.5,0.5,7.7,21.45,48,3
1003.6,0.29,4.5,0.5,7.7,11.14,50,1
1003.6,0.29,4.5,0.5,7.7,13.23,139,1
1003.6,0.29,4.5,0.5,7.7,6.5,231,1
1003.6,0.29,4.5,0.5,7.7,13.48,161,1
1003.6,0.29,4.5,0.5,7.7,10.92,200,1
1003.6,2.28,8.2,1.2,15.3,10.8,330,1
1003.6,2.28,8.2,1.2,15.3,25.26,181,3
1003.6,2.28,8.2,1.2,15.3,14.75,180,1
1003.6,2.28,8.2,1.2,15.3,18.37,237,3
1003.6,2.28,8.2,1.2,15.3,25.76,160,3
1003.6,2.28,8.2,1.2,15.3,11.27,180,1
1003.6,2.28,8.2,1.2,15.3,0.0,0,1
1003.6,2.28,8.2,1.2,15.3,28.98,310,3
1003.6,2.28,8.2,1.2,15.3,4.83,120,1
1003.6,2.28,8.2,1.2,15.3,14.84,202,1
1003.6,2.28,8.2,1.2,15.3,2.06,134,1
1003.6,2.28,8.2,1.2,15.3,21.45,48,3
1003.6,2.28,8.2,1.2,15.3,11.14,50,1
1003.6,2.28,8.2,1.2,15.3,13.23,139,1
1003.6,2.28,8.2,1.2,15.3,6.5,231,1
1003.6,2.28,8.2,1.2,15.3,13.48,161,1
1003.6,2.28,8.2,1.2,15.3,10.92,200,1
1003.6,0.49,7.0,4.8,10.1,10.8,330,0
1003.6,0.49,7.0,4.8,10.1,25.26,181,2
1003.6,0.49,7.0,4.8,10.1,14.75,180,0
1003.6,0.49,7.0,4.8,10.1,18.37,237,2
1003.6,0.49,7.0,4.8,10.1,25.76,160,2
1003.6,0.49,7.0,4.8,10.1,11.27,180,0
1003.6,0.49,7.0,4.8,10.1,0.0,0,0
1003.6,0.49,7.0,4.8,10.1,28.98,310,2
1003.6,0.49,7.0,4.8,10.1,4.83,120,0
1003.6,0.49,7.0,4.8,10.1,14.84,202,0
1003.6,0.49,7.0,4.8,10.1,2.06,134,0
1003.6,0.49,7.0,4.8,10.1,21.45,48,2
1003.6,0.49,7.0,4.8,10.1,11.14,50,0
1003.6,0.49,7.0,4.8,10.1,13.23,139,0
1003.6,0.49,7.0,4.8,10.1,6.5,231,0
1003.6,0.49,7.0,4.8,10.1,13.48,161,0
1003.6,0.49,7.0,4.8,10.1,10.92,200,0
1003.6,0.59,6.5,3.9,8.8,10.8,330,0
1003.6,0.59,6.5,3.9,8.8,25.26,181,2
1003.6,0.59,6.5,3.9,8.8,14.75,180,0
1003.6,0.59,6.5,3.9,8.8,18.37,237,2
1003.6,0.59,6.5,3.9,8.8,25.76,160,2
1003.6,0.59,6.5,3.9,8.8,11.27,180,0
1003.6,0.59,6.5,3.9,8.8,0.0,0,0
1003.6,0.59,6.5,3.9,8.8,28.98,310,2
1003.6,0.59,6.5,3.9,8.8,4.83,120,0
1003.6,0.59,6.5,3.9,8.8,14.84,202,0
1003.6,0.59,6.5,3.9,8.8,2.06,134,0
1003.6,0.59,6.5,3.9,8.8,21.45,48,2
1003.6,0.59,6.5,3.9,8.8,11.14,50,0
1003.6,0.59,6.5,3.9,8.8,13.23,139,0
1003.6,0.59,6.5,3.9,8.8,6.5,231,0
1003.6,0.59,6.5,3.9,8.8,13.48,161,0
1003.6,0.59,6.5,3.9,8.8,10.92,200,0
1003.6,0.83,4.5,-0.3,9.4,10.8,330,0
1003.6,0.83,4.5,-0.3,9.4,25.26,181,2
1003.6,0.83,4.5,-0.3,9.4,14.75,180,0
1003.6,0.83,4.5,-0.3,9.4,18.37,237,2
1003.6,0.83,4.5,-0.3,9.4,25.76,160,2
1003.6,0.83,4.5,-0.3,9.4,11.27,180,0
1003.6,0.83,4.5,-0.3,9.4,0.0,0,0
1003.6,0.83,4.5,-0.3,9.4,28.98,310,2
1003.6,0.83,4.5,-0.3,9.4,4.83,120,0
1003.6,0.83,4.5,-0.3,9.4,14.84,202,0
1003.6,0.83,4.5,-0.3,9.4,2.06,134,0
1003.6,0.83,4.5,-0.3,9.4,21.45,48,2
1003.6,0.83,4.5,-0.3,9.4,11.14,50,0
1003.6,0.83,4.5,-0.3,9.4,13.23,139,0
1003.6,0.83,4.5,-0.3,9.4,6.5,231,0
1003.6,0.83,4.5,-0.3,9.4,13.48,161,0
1003.6,0.83,4.5,-0.3,9.4,10.92,200,0
1003.6,0.9,5.6,3.3,9.0,10.8,330,0
1003.6,0.9,5.6,3.3,9.0,25.26,181,2
1003.6,0.9,5.6,3.3,9.0,14.75,180,0
1003.6,0.9,5.6,3.3,9.0,18.37,237,2
1003.6,0.9,5.6,3.3,9.0,25.76,160,2
1003.6,0.9,5.6,3.3,9.0,11.27,180,0
1003.6,0.9,5.6,3.3,9.0,0.0,0,0
1003.6,0.9,5.6,3.3,9.0,28.98,310,2
1003.6,0.9,5.6,3.3,9.0,4.83,120,0
1003.6,0.9,5.6,3.3,9.0,14.84,202,0
1003.6,0.9,5.6,3.3,9.0,2.06,134,0
1003.6,0.9,5.6,3.3,9.0,21.45,48,2
1003.6,0.9,5.6,3.3,9.0,11.14,50,0
1003.6,0.9,5.6,3.3,9.0,13.23,139,0
1003.6,0.9,5.6,3.3,9.0,6.5,231,0
1003.6,0.9,5.6,3.3,9.0,13.48,161,0
1003.6,0.9,5.6,3.3,9.0,10.92,200,0
1003.6,1.33,16.9,10.8,20.5,10.8,330,0
1003.6,1.33,16.9,10.8,20.5,25.26,181,2
1003.6,1.33,16.9,10.8,20.5,14.75,180,0
1003.6,1.33,16.9,10.8,20.5,18.37,237,2
1003.6,1.33,16.9,10.8,20.5,25.76,160,2
1003.6,1.33,16.9,10.8,20.5,11.27,180,0
1003.6,1.33,16.9,10.8,20.5,0.0,0,0
1003.6,1.33,16.9,10.8,20.5,28.98,310,2
1003.6,1.33,16.9,10.8,20.5,4.83,120,0
1003.6,1.33,16.9,10.8,20.5,14.84,202,0
1003.6,1.33,16.9,10.8,20.5,2.06,134,0
1003.6,1.33,16.9,10.8,20.5,21.45,48,2
1003.6,1.33,16.9,10.8,20.5,11.14,50,0
1003.6,1.33,16.9,10.8,20.5,13.23,139,0
1003.6,1.33,16.9,10.8,20.5,6.5,231,0
1003.6,1.33,16.9,10.8,20.5,13.48,161,0
1003.6,1.33,16.9,10.8,20.5,10.92,200,0
1003.6,0.83,10.5,5.6,12.4,10.8,330,0
1003.6,0.83,10.5,5.6,12.4,25.26,181,2
1003.6,0.83,10.5,5.6,12.4,14.75,180,0
1003.6,0.83,10.5,5.6,12.4,18.37,237,2
1003.6,0.83,10.5,5.6,12.4,25.76,160,2
1003.6,0.83,10.5,5.6,12.4,11.27,180,0
1003.6,0.83,10.5,5.6,12.4,0.0,0,0
1003.6,0.83,10.5,5.6,12.4,28.98,310,2
1003.6,0.83,10.5,5.6,12.4,4.83,120,0
1003.6,0.83,10.5,5.6,12.4,14.84,202,0
1003.6,0.83,10.5,5.6,12.4,2.06,134,0
1003.6,0.83,10.5,5.6,12.4,21.45,48,2
1003.6,0.83,10.5,5.6,12.4,11.14,50,0
1003.6,0.83,10.5,5.6,12.4,13.23,139,0
1003.6,0.83,10.5,5.6,12.4,6.5,231,0
1003.6,0.83,10.5,5.6,12.4,13.48,161,0
1003.6,0.83,10.5,5.6,12.4,10.92,200,0
1003.6,0.47,9.2,7.6,10.7,10.8,330,0
1003.6,0.47,9.2,7.6,10.7,25.26,181,2
1003.6,0.47,9.2,7.6,10.7,14.75,180,0
1003.6,0.47,9.2,7.6,10.7,18.37,237,2
1003.6,0.47,9.2,7.6,10.7,25.76,160,2
1003.6,0.47,9.2,7.6,10.7,11.27,180,0
1003.6,0.47,9.2,7.6,10.7,0.0,0,0
1003.6,0.47,9.2,7.6,10.7,28.98,310,2
1003.6,0.47,9.2,7.6,10.7,4.83,120,0
1003.6,0.47,9.2,7.6,10.7,14.84,202,0
1003.6,0.47,9.2,7.6,10.7,2.06,134,0
1003.6,0.47,9.2,7.6,10.7,21.45,48,2
1003.6,0.47,9.2,7.6,10.7,11.14,50,0
1003.6,0.47,9.2,7.6,10.7,13.23,139,0
1003.6,0.47,9.2,7.6,10.7,6.5,231,0
1003.6,0.47,9.2,7.6,10.7,13.48,161,0
1003.6,0.47,9.2,7.6,10.7,10.92,200,0
1003.6,0.3,6.7,4.7,9.2,10.8,330,0
1003.6,0.3,6.7,4.7,9.2,25.26,181,2
1003.6,0.3,6.7,4.7,9.2,14.75,180,0
1003.6,0.3,6.7,4.7,9.2,18.37,237,2
1003.6,0.3,6.7,4.7,9.2,25.76,160,2
1003.6,0.3,6.7,4.7,9.2,11.27,180,0
1003.6,0.3,6.7,4.7,9.2,0.0,0,0
1003.6,0.3,6.7,4.7,9.2,28.98,310,2
1003.6,0.3,6.7,4.7,9.2,4.83,120,0
1003.6,0.3,6.7,4.7,9.2,14.84,202,0
1003.6,0.3,6.7,4.7,9.2,2.06,134,0
1003.6,0.3,6.7,4.7,9.2,21.45,48,2
1003.6,0.3,6.7,4.7,9.2,11.14,50,0
1003.6,0.3,6.7,4.7,9.2,13.23,139,0
1003.6,0.3,6.7,4.7,9.2,6.5,231,0
1003.6,0.3,6.7,4.7,9.2,13.48,161,0
1003.6,0.3,6.7,4.7,9.2,10.92,200,0
1003.6,1.61,18.4,15.4,21.4,10.8,330,0
1003.6,1.61,18.4,15.4,21.4,25.26,181,2
1003.6,1.61,18.4,15.4,21.4,14.75,180,0
1003.6,1.61,18.4,15.4,21.4,18.37,237,2
1003.6,1.61,18.4,15.4,21.4,25.76,160,2
1003.6,1.61,18.4,15.4,21.4,11.27,180,0
1003.6,1.61,18.4,15.4,21.4,0.0,0,0
1003.6,1.61,18.4,15.4,21.4,28.98,310,2
1003.6,1.61,18.4,15.4,21.4,4.83,120,0
1003.6,1.61,18.4,15.4,21.4,14.84,202,0
1003.6,1.61,18.4,15.4,21.4,2.06,134,0
1003.6,1.61,18.4,15.4,21.4,21.45,48,2
1003.6,1.61,18.4,15.4,21.4,11.14,50,0
1003.6,1.61,18.4,15.4,21.4,13.23,139,0
1003.6,1.61,18.4,15.4,21.4,6.5,231,0
1003.6,1.61,18.4,15.4,21.4,13.48,161,0
1003.6,1.61,18.4,15.4,21.4,10.92,200,0
1003.6,0.66,11.6,9.4,15.6,10.8,330,0
1003.6,0.66,11.6,9.4,15.6,25.26,181,2
1003.6,0.66,11.6,9.4,15.6,14.75,180,0
1003.6,0.66,11.6,9.4,15.6,18.37,237,2
1003.6,0.66,11.6,9.4,15.6,25.76,160,2
1003.6,0.66,11.6,9.4,15.6,11.27,180,0
1003.6,0.66,11.6,9.4,15.6,0.0,0,0
1003.6,0.66,11.6,9.4,15.6,28.98,310,2
1003.6,0.66,11.6,9.4,15.6,4.83,120,0
1003.6,0.66,11.6,9.4,15.6,14.84,202,0
1003.6,0.66,11.6,9.4,15.6,2.06,134,0
1003.6,0.66,11.6,9.4,15.6,21.45,48,2
1003.6,0.66,11.6,9.4,15.6,11.14,50,0
1003.6,0.66,11.6,9.4,15.6,13.23,139,0
1003.6,0.66,11.6,9.4,15.6,6.5,231,0
1003.6,0.66,11.6,9.4,15.6,13.48,161,0
1003.6,0.66,11.6,9.4,15.6,10.92,200,0
1003.6,0.17,9.2,7.1,10.9,10.8,330,0
1003.6,0.17,9.2,7.1,10.9,25.26,181,2
1003.6,0.17,9.2,7.1,10.9,14.75,180,0
1003.6,0.17,9.2,7.1,10.9,18.37,237,2
1003.6,0.17,9.2,7.1,10.9,25.76,160,2
1003.6,0.17,9.2,7.1,10.9,11.27,180,0
1003.6,0.17,9.2,7.1,10.9,0.0,0,0
1003.6,0.17,9.2,7.1,10.9,28.98,310,2
1003.6,0.17,9.2,7.1,10.9,4.83,120,0
1003.6,0.17,9.2,7.1,10.9,14.84,202,0
1003.6,0.17,9.2,7.1,10.9,2.06,134,0
1003.6,0.17,9.2,7.1,10.9,21.45,48,2
1003.6,0.17,9.2,7.1,10.9,11.14,50,0
1003.6,0.17,9.2,7.1,10.9,13.23,139,0
1003.6,0.17,9.2,7.1,10.9,6.5,231,0
1003.6,0.17,9.2,7.1,10.9,13.48,161,0
1003.6,0.17,9.2,7.1,10.9,10.92,200,0
1003.6,0.41,8.9,6.0,12.4,10.8,330,0
1003.6,0.41,8.9,6.0,12.4,25.26,181,2
1003.6,0.41,8.9,6.0,12.4,14.75,180,0
1003.6,0.41,8.9,6.0,12.4,18.37,237,2
1003.6,0.41,8.9,6.0,12.4,25.76,160,2
1003.6,0.41,8.9,6.0,12.4,11.27,180,0
1003.6,0.41,8.9,6.0,12.4,0.0,0,0
1003.6,0.41,8.9,6.0,12.4,28.98,310,2
1003.6,0.41,8.9,6.0,12.4,4.83,120,0
1003.6,0.41,8.9,6.0,12.4,14.84,202,0
1003.6,0.41,8.9,6.0,12.4,2.06,134,0
1003.6,0.41,8.9,6.0,12.4,21.45,48,2
1003.6,0.41,8.9,6.0,12.4,11.14,50,0
1003.6,0.41,8.9,6.0,12.4,13.23,139,0
1003.6,0.41,8.9,6.0,12.4,6.5,231,0
1003.6,0.41,8.9,6.0,12.4,13.48,161,0
1003.6,0.41,8.9,6.0,12.4,10.92,200,0
1003.6,1.16,18.7,13.8,22.9,10.8,330,0
1003.6,1.16,18.7,13.8,22.9,25.26,181,2
1003.6,1.16,18.7,13.8,22.9,14.75,180,0
1003.6,1.16,18.7,13.8,22.9,18.37,237,2
1003.6,1.16,18.7,13.8,22.9,25.76,160,2
1003.6,1.16,18.7,13.8,22.9,11.27,180,0
1003.6,1.16,18.7,13.8,22.9,0.0,0,0
1003.6,1.16,18.7,13.8,22.9,28.98,310,2
1003.6,1.16,18.7,13.8,22.9,4.83,120,0
1003.6,1.16,18.7,13.8,22.9,14.84,202,0
1003.6,1.16,18.7,13.8,22.9,2.06,134,0
1003.6,1.16,18.7,13.8,22.9,21.45,48,2
1003.6,1.16,18.7,13.8,22.9,11.14,50,0
1003.6,1.16,18.7,13.8,22.9,13.23,139,0
1003.6,1.16,18.7,13.8,22.9,6.5,231,0
1003.6,1.16,18.7,13.8,22.9,13.48,161,0
1003.6,1.16,18.7,13.8,22.9,10.92,200,0
1003.6,0.7,14.3,12.7,16.8,10.8,330,0
1003.6,0.7,14.3,12.7,16.8,25.26,181,2
1003.6,0.7,14.3,12.7,16.8,14.75,180,0
1003.6,0.7,14.3,12.7,16.8,18.37,237,2
1003.6,0.7,14.3,12.7,16.8,25.76,160,2
1003.6,0.7,14.3,12.7,16.8,11.27,180,0
1003.6,0.7,14.3,12.7,16.8,0.0,0,0
1003.6,0.7,14.3,12.7,16.8,28.98,310,2
1003.6,0.7,14.3,12.7,16.8,4.83,120,0
1003.6,0.7,14.3,12.7,16.8,14.84,202,0
1003.6,0.7,14.3,12.7,16.8,2.06,134,0
1003.6,0.7,14.3,12.7,16.8,21.45,48,2
1003.6,0.7,14.3,12.7,16.8,11.14,50,0
1003.6,0.7,14.3,12.7,16.8,13.23,139,0
1003.6,0.7,14.3,12.7,16.8,6.5,231,0
1003.6,0.7,14.3,12.7,16.8,13.48,161,0
1003.6,0.7,14.3,12.7,16.8,10.92,200,0
1003.6,0.5,4.9,4.0,8.9,10.8,330,0
1003.6,0.5,4.9,4.0,8.9,25.26,181,2
1003.6,0.5,4.9,4.0,8.9,14.75,180,0
1003.6,0.5,4.9,4.0,8.9,18.37,237,2
1003.6,0.5,4.9,4.0,8.9,25.76,160,2
1003.6,0.5,4.9,4.0,8.9,11.27,180,0
1003.6,0.5,4.9,4.0,8.9,0.0,0,0
1003.6,0.5,4.9,4.0,8.9,28.98,310,2
1003.6,0.5,4.9,4.0,8.9,4.83,120,0
1003.6,0.5,4.9,4.0,8.9,14.84,202,0
1003.6,0.5,4.9,4.0,8.9,2.06,134,0
1003.6,0.5,4.9,4.0,8.9,21.45,48,2
1003.6,0.5,4.9,4.0,8.9,11.14,50,0
1003.6,0.5,4.9,4.0,8.9,13.23,139,0
1003.6,0.5,4.9,4.0,8.9,6.5,231,0
1003.6,0.5,4.9,4.0,8.9,13.48,161,0
1003.6,0.5,4.9,4.0,8.9,10.92,200,0
1003.6,0.17,7.0,1.6,12.6,10.8,330,0
1003.6,0.17,7.0,1.6,12.6,25.26,181,2
1003.6,0.17,7.0,1.6,12.6,14.75,180,0
1003.6,0.17,7.0,1.6,12.6,18.37,237,2
1003.6,0.17,7.0,1.6,12.6,25.76,160,2
1003.6,0.17,7.0,1.6,12.6,11.27,180,0
1003.6,0.17,7.0,1.6,12.6,0.0,0,0
1003.6,0.17,7.0,1.6,12.6,28.98,310,2
1003.6,0.17,7.0,1.6,12.6,4.83,120,0
1003.6,0.17,7.0,1.6,12.6,14.84,202,0
1003.6,0.17,7.0,1.6,12.6,2.06,134,0
1003.6,0.17,7.0,1.6,12.6,21.45,48,2
1003.6,0.17,7.0,1.6,12.6,11.14,50,0
1003.6,0.17,7.0,1.6,12.6,13.23,139,0
1003.6,0.17,7.0,1.6,12.6,6.5,231,0
1003.6,0.17,7.0,1.6,12.6,13.48,161,0
1003.6,0.17,7.0,1.6,12.6,10.92,200,0
1003.6,0.21,10.2,6.7,13.4,10.8,330,0
1003.6,0.21,10.2,6.7,13.4,25.26,181,2
1003.6,0.21,10.2,6.7,13.4,14.75,180,0
1003.6,0.21,10.2,6.7,13.4,18.37,237,2
1003.6,0.21,10.2,6.7,13.4,25.76,160,2
1003.6,0.21,10.2,6.7,13.4,11.27,180,0
1003.6,0.21,10.2,6.7,13.4,0.0,0,0
1003.6,0.21,10.2,6.7,13.4,28.98,310,2
1003.6,0.21,10.2,6.7,13.4,4.83,120,0
1003.6,0.21,10.2,6.7,13.4,14.84,202,0
1003.6,0.21,10.2,6.7,13.4,2.06,134,0
1003.6,0.21,10.2,6.7,13.4,21.45,48,2
1003.6,0.21,10.2,6.7,13.4,11.14,50,0
1003.6,0.21,10.2,6.7,13.4,13.23,139,0
1003.6,0.21,10.2,6.7,13.4,6.5,231,0
1003.6,0.21,10.2,6.7,13.4,13.48,161,0
1003.6,0.21,10.2,6.7,13.4,10.92,200,0
1003.6,0.66,16.5,14.6,19.9,10.8,330,0
1003.6,0.66,16.5,14.6,19.9,25.26,181,2
1003.6,0.66,16.5,14.6,19.9,14.75,180,0
1003.6,0.66,16.5,14.6,19.9,18.37,237,2
1003.6,0.66,16.5,14.6,19.9,25.76,160,2
1003.6,0.66,16.5,14.6,19.9,11.27,180,0
1003.6,0.66,16.5,14.6,19.9,0.0,0,0
1003.6,0.66,16.5,14.6,19.9,28.98,310,2
1003.6,0.66,16.5,14.6,19.9,4.83,120,0
1003.6,0.66,16.5,14.6,19.9,14.84,202,0
1003.6,0.66,16.5,14.6,19.9,2.06,134,0
1003.6,0.66,16.5,14.6,19.9,21.45,48,2
1003.6,0.66,16.5,14.6,19.9,11.14,50,0
1003.6,0.66,16.5,14.6,19.9,13.23,139,0
1003.6,0.66,16.5,14.6,19.9,6.5,231,0
1003.6,0.66,16.5,14.6,19.9,13.48,161,0
1003.6,0.66,16.5,14.6,19.9,10.92,200,0
1003.6,0.11,3.9,-0.6,7.8,10.8,330,0
1003.6,0.11,3.9,-0.6,7.8,25.26,181,2
1003.6,0.11,3.9,-0.6,7.8,14.75,180,0
1003.6,0.11,3.9,-0.6,7.8,18.37,237,2
1003.6,0.11,3.9,-0.6,7.8,25.76,160,2
1003.6,0.11,3.9,-0.6,7.8,11.27,180,0
1003.6,0.11,3.9,-0.6,7.8,0.0,0,0
1003.6,0.11,3.9,-0.6,7.8,28.98,310,2
1003.6,0.11,3.9,-0.6,7.8,4.83,120,0
1003.6,0.11,3.9,-0.6,7.8,14.84,202,0
1003.6,0.11,3.9,-0.6,7.8,2.06,134,0
1003.6,0.11,3.9,-0.6,7.8,21.45,48,2
1003.6,0.11,3.9,-0.6,7.8,11.14,50,0
1003.6,0.11,3.9,-0.6,7.8,13.23,139,0
1003.6,0.11,3.9,-0.6,7.8,6.5,231,0
1003.6,0.11,3.9,-0.6,7.8,13.48,161,0
1003.6,0.11,3.9,-0.6,7.8,10.92,200,0
1003.6,0.83,16.9,15.8,20.1,10.8,330,0
1003.6,0.83,16.9,15.8,20.1,25.26,181,2
1003.6,0.83,16.9,15.8,20.1,14.75,180,0
1003.6,0.83,16.9,15.8,20.1,18.37,237,2
1003.6,0.83,16.9,15.8,20.1,25.76,160,2
1003.6,0.83,16.9,15.8,20.1,11.27,180,0
1003.6,0.83,16.9,15.8,20.1,0.0,0,0
1003.6,0.83,16.9,15.8,20.1,28.98,310,2
1003.6,0.83,16.9,15.8,20.1,4.83,120,0
1003.6,0.83,16.9,15.8,20.1,14.84,202,0
1003.6,0.83,16.9,15.8,20.1,2.06,134,0
1003.6,0.83,16.9,15.8,20.1,21.45,48,2
1003.6,0.83,16.9,15.8,20.1,11.14,50,0
1003.6,0.83,16.9,15.8,20.1,13.23,139,0
1003.6,0.83,16.9,15.8,20.1,6.5,231,0
1003.6,0.83,16.9,15.8,20.1,13.48,161,0
1003.6,0.83,16.9,15.8,20.1,10.92,200,0
1003.6,0.26,7.7,5.4,9.4,10.8,330,0
1003.6,0.26,7.7,5.4,9.4,25.26,181,2
1003.6,0.26,7.7,5.4,9.4,14.75,180,0
1003.6,0.26,7.7,5.4,9.4,18.37,237,2
1003.6,0.26,7.7,5.4,9.4,25.76,160,2
1003.6,0.26,7.7,5.4,9.4,11.27,180,0
1003.6,0.26,7.7,5.4,9.4,0.0,0,0
1003.6,0.26,7.7,5.4,9.4,28.98,310,2
1003.6,0.26,7.7,5.4,9.4,4.83,120,0
1003.6,0.26,7.7,5.4,9.4,14.84,202,0
1003.6,0.26,7.7,5.4,9.4,2.06,134,0
1003.6,0.26,7.7,5.4,9.4,21.45,48,2
1003.6,0.26,7.7,5.4,9.4,11.14,50,0
1003.6,0.26,7.7,5.4,9.4,13.23,139,0
1003.6,0.26,7.7,5.4,9.4,6.5,231,0
1003.6,0.26,7.7,5.4,9.4,13.48,161,0
1003.6,0.26,7.7,5.4,9.4,10.92,200,0
1003.6,0.21,9.4,6.0,10.9,10.8,330,0
1003.6,0.21,9.4,6.0,10.9,25.26,181,2
1003.6,0.21,9.4,6.0,10.9,14.75,180,0
1003.6,0.21,9.4,6.0,10.9,18.37,237,2
1003.6,0.21,9.4,6.0,10.9,25.76,160,2
1003.6,0.21,9.4,6.0,10.9,11.27,180,0
1003.6,0.21,9.4,6.0,10.9,0.0,0,0
1003.6,0.21,9.4,6.0,10.9,28.98,310,2
1003.6,0.21,9.4,6.0,10.9,4.83,120,0
1003.6,0.21,9.4,6.0,10.9,14.84,202,0
1003.6,0.21,9.4,6.0,10.9,2.06,134,0
1003.6,0.21,9.4,6.0,10.9,21.45,48,2
1003.6,0.21,9.4,6.0,10.9,11.14,50,0
1003.6,0.21,9.4,6.0,10.9,13.23,139,0
1003.6,0.21,9.4,6.0,10.9,6.5,231,0
1003.6,0.21,9.4,6.0,10.9,13.48,161,0
1003.6,0.21,9.4,6.0,10.9,10.92,200,0
1003.6,0.16,9.6,6.7,10.5,10.8,330,0
1003.6,0.16,9.6,6.7,10.5,25.26,181,2
1003.6,0.16,9.6,6.7,10.5,14.75,180,0
1003.6,0.16,9.6,6.7,10.5,18.37,237,2
1003.6,0.16,9.6,6.7,10.5,25.76,160,2
1003.6,0.16,9.6,6.7,10.5,11.27,180,0
1003.6,0.16,9.6,6.7,10.5,0.0,0,0
1003.6,0.16,9.6,6.7,10.5,28.98,310,2
1003.6,0.16,9.6,6.7,10.5,4.83,120,0
1003.6,0.16,9.6,6.7,10.5,14.84,202,0
1003.6,0.16,9.6,6.7,10.5,2.06,134,0
1003.6,0.16,9.6,6.7,10.5,21.45,48,2
1003.6,0.16,9.6,6.7,10.5,11.14,50,0
1003.6,0.16,9.6,6.7,10.5,13.23,139,0
1003.6,0.16,9.6,6.7,10.5,6.5,231,0
1003.6,0.16,9.6,6.7,10.5,13.48,161,0
1003.6,0.16,9.6,6.7,10.5,10.92,200,0
1003.6,0.69,9.7,7.1,11.7,10.8,330,0
1003.6,0.69,9.7,7.1,11.7,25.26,181,2
1003.6,0.69,9.7,7.1,11.7,14.75,180,0
1003.6,0.69,9.7,7.1,11.7,18.37,237,2
1003.6,0.69,9.7,7.1,11.7,25.76,160,2
1003.6,0.69,9.7,7.1,11.7,11.27,180,0
1003.6,0.69,9.7,7.1,11.7,0.0,0,0
1003.6,0.69,9.7,7.1,11.7,28.98,310,2
1003.6,0.69,9.7,7.1,11.7,4.83,120,0
1003.6,0.69,9.7,7.1,11.7,14.84,202,0
1003.6,0.69,9.7,7.1,11.7,2.06,134,0
1003.6,0.69,9.7,7.1,11.7,21.45,48,2
1003.6,0.69,9.7,7.1,11.7,11.14,50,0
1003.6,0.69,9.7,7.1,11.7,13.23,139,0
1003.6,0.69,9.7,7.1,11.7,6.5,231,0
1003.6,0.69,9.7,7.1,11.7,13.48,161,0
1003.6,0.69,9.7,7.1,11.7,10.92,200,0
1003.6,0.16,4.2,0.1,7.6,10.8,330,0
1003.6,0.16,4.2,0.1,7.6,25.26,181,2
1003.6,0.16,4.2,0.1,7.6,14.75,180,0
1003.6,0.16,4.2,0.1,7.6,18.37,237,2
1003.6,0.16,4.2,0.1,7.6,25.76,160,2
1003.6,0.16,4.2,0.1,7.6,11.27,180,0
1003.6,0.16,4.2,0.1,7.6,0.0,0,0
1003.6,0.16,4.2,0.1,7.6,28.98,310,2
1003.6,0.16,4.2,0.1,7.6,4.83,120,0
1003.6,0.16,4.2,0.1,7.6,14.84,202,0
1003.6,0.16,4.2,0.1,7.6,2.06,134,0
1003.6,0.16,4.2,0.1,7.6,21.45,48,2
1003.6,0.16,4.2,0.1,7.6,11.14,50,0
1003.6,0.16,4.2,0.1,7.6,13.23,139,0
1003.6,0.16,4.2,0.1,7.6,6.5,231,0
1003.6,0.16,4.2,0.1,7.6,13.48,161,0
1003.6,0.16,4.2,0.1,7.6,10.92,200,0
1003.6,0.21,5.2,3.2,7.4,10.8,330,0
1003.6,0.21,5.2,3.2,7.4,25.26,181,2
1003.6,0.21,5.2,3.2,7.4,14.75,180,0
1003.6,0.21,5.2,3.2,7.4,18.37,237,2
1003.6,0.21,5.2,3.2,7.4,25.76,160,2
1003.6,0.21,5.2,3.2,7.4,11.27,180,0
1003.6,0.21,5.2,3.2,7.4,0.0,0,0
1003.6,0.21,5.2,3.2,7.4,28.98,310,2
1003.6,0.21,5.2,3.2,7.4,4.83,120,0
1003.6,0.21,5.2,3.2,7.4,14.84,202,0
1003.6,0.21,5.2,3.2,7.4,2.06,134,0
1003.6,0.21,5.2,3.2,7.4,21.45,48,2
1003.6,0.21,5.2,3.2,7.4,11.14,50,0
1003.6,0.21,5.2,3.2,7.4,13.23,139,0
1003.6,0.21,5.2,3.2,7.4,6.5,231,0
1003.6,0.21,5.2,3.2,7.4,13.48,161,0
1003.6,0.21,5.2,3.2,7.4,10.92,200,0
1003.7,1.9,17.9,11.6,24.6,10.9,192,1
1003.7,1.9,17.9,11.6,24.6,34.02,170,3
1003.7,1.9,17.9,11.6,24.6,14.49,150,1
1003.7,1.9,17.9,11.6,24.6,20.93,0,3
1003.7,1.9,17.9,11.6,24.6,11.27,30,1
1003.7,1.9,17.9,11.6,24.6,11.27,90,1
1003.7,1.9,17.9,11.6,24.6,6.44,320,1
1003.7,1.9,17.9,11.6,24.6,6.44,70,1
1003.7,1.9,17.9,11.6,24.6,10.8,9,1
1003.7,1.9,17.9,11.6,24.6,20.93,160,3
1003.7,1.9,17.9,11.6,24.6,21.78,261,3
1003.7,1.9,17.9,11.6,24.6,16.2,220,3
1003.7,0.22,6.2,1.6,9.8,10.9,192,1
1003.7,0.22,6.2,1.6,9.8,34.02,170,3
1003.7,0.22,6.2,1.6,9.8,14.49,150,1
1003.7,0.22,6.2,1.6,9.8,20.93,0,3
1003.7,0.22,6.2,1.6,9.8,11.27,30,1
1003.7,0.22,6.2,1.6,9.8,11.27,90,1
1003.7,0.22,6.2,1.6,9.8,6.44,320,1
1003.7,0.22,6.2,1.6,9.8,6.44,70,1
1003.7,0.22,6.2,1.6,9.8,10.8,9,1
1003.7,0.22,6.2,1.6,9.8,20.93,160,3
1003.7,0.22,6.2,1.6,9.8,21.78,261,3
1003.7,0.22,6.2,1.6,9.8,16.2,220,3
1003.7,1.67,16.1,13.7,19.5,10.9,192,1
1003.7,1.67,16.1,13.7,19.5,34.02,170,3
1003.7,1.67,16.1,13.7,19.5,14.49,150,1
1003.7,1.67,16.1,13.7,19.5,20.93,0,3
1003.7,1.67,16.1,13.7,19.5,11.27,30,1
1003.7,1.67,16.1,13.7,19.5,11.27,90,1
1003.7,1.67,16.1,13.7,19.5,6.44,320,1
1003.7,1.67,16.1,13.7,19.5,6.44,70,1
1003.7,1.67,16.1,13.7,19.5,10.8,9,1
1003.7,1.67,16.1,13.7,19.5,20.93,160,3
1003.7,1.67,16.1,13.7,19.5,21.78,261,3
1003.7,1.67,16.1,13.7,19.5,16.2,220,3
1003.7,0.77,13.9,11.1,17.3,10.9,192,1
1003.7,0.77,13.9,11.1,17.3,34.02,170,3
1003.7,0.77,13.9,11.1,17.3,14.49,150,1
1003.7,0.77,13.9,11.1,17.3,20.93,0,3
1003.7,0.77,13.9,11.1,17.3,11.27,30,1
1003.7,0.77,13.9,11.1,17.3,11.27,90,1
1003.7,0.77,13.9,11.1,17.3,6.44,320,1
1003.7,0.77,13.9,11.1,17.3,6.44,70,1
1003.7,0.77,13.9,11.1,17.3,10.8,9,1
1003.7,0.77,13.9,11.1,17.3,20.93,160,3
1003.7,0.77,13.9,11.1,17.3,21.78,261,3
1003.7,0.77,13.9,11.1,17.3,16.2,220,3
1003.7,0.36,6.8,3.4,8.2,10.9,192,1
1003.7,0.36,6.8,3.4,8.2,34.02,170,3
1003.7,0.36,6.8,3.4,8.2,14.49,150,1
1003.7,0.36,6.8,3.4,8.2,20.93,0,3
1003.7,0.36,6.8,3.4,8.2,11.27,30,1
1003.7,0.36,6.8,3.4,8.2,11.27,90,1
1003.7,0.36,6.8,3.4,8.2,6.44,320,1
1003.7,0.36,6.8,3.4,8.2,6.44,70,1
1003.7,0.36,6.8,3.4,8.2,10.8,9,1
1003.7,0.36,6.8,3.4,8.2,20.93,160,3
1003.7,0.36,6.8,3.4,8.2,21.78,261,3
1003.7,0.36,6.8,3.4,8.2,16.2,220,3
1003.7,1.02,10.5,6.7,14.5,10.9,192,1
1003.7,1.02,10.5,6.7,14.5,34.02,170,3
1003.7,1.02,10.5,6.7,14.5,14.49,150,1
1003.7,1.02,10.5,6.7,14.5,20.93,0,3
1003.7,1.02,10.5,6.7,14.5,11.27,30,1
1003.7,1.02,10.5,6.7,14.5,11.27,90,1
1003.7,1.02,10.5,6.7,14.5,6.44,320,1
1003.7,1.02,10.5,6.7,14.5,6.44,70,1
1003.7,1.02,10.5,6.7,14.5,10.8,9,1
1003.7,1.02,10.5,6.7,14.5,20.93,160,3
1003.7,1.02,10.5,6.7,14.5,21.78,261,3
1003.7,1.02,10.5,6.7,14.5,16.2,220,3
1003.7,1.73,9.1,5.3,12.9,10.9,192,1
1003.7,1.73,9.1,5.3,12.9,34.02,170,3
1003.7,1.73,9.1,5.3,12.9,14.49,150,1
1003.7,1.73,9.1,5.3,12.9,20.93,0,3
1003.7,1.73,9.1,5.3,12.9,11.27,30,1
1003.7,1.73,9.1,5.3,12.9,11.27,90,1
1003.7,1.73,9.1,5.3,12.9,6.44,320,1
1003.7,1.73,9.1,5.3,12.9,6.44,70,1
1003.7,1.73,9.1,5.3,12.9,10.8,9,1
1003.7,1.73,9.1,5.3,12.9,20.93,160,3
1003.7,1.73,9.1,5.3,12.9,21.78,261,3
1003.7,1.73,9.1,5.3,12.9,16.2,220,3
1003.7,1.93,18.3,15.2,22.1,10.9,192,0
1003.7,1.93,18.3,15.2,22.1,34.02,170,2
1003.7,1.93,18.3,15.2,22.1,14.49,150,0
1003.7,1.93,18.3,15.2,22.1,20.93,0,2
1003.7,1.93,18.3,15.2,22.1,11.27,30,0
1003.7,1.93,18.3,15.2,22.1,11.27,90,0
1003.7,1.93,18.3,15.2,22.1,6.44,320,0
1003.7,1.93,18.3,15.2,22.1,6.44,70,0
1003.7,1.93,18.3,15.2,22.1,10.8,9,0
1003.7,1.93,18.3,15.2,22.1,20.93,160,2
1003.7,1.93,18.3,15.2,22.1,21.78,261,2
1003.7,1.93,18.3,15.2,22.1,16.2,220,2
1003.7,0.3,4.0,-0.7,7.0,10.9,192,0
1003.7,0.3,4.0,-0.7,7.0,34.02,170,2
1003.7,0.3,4.0,-0.7,7.0,14.49,150,0
1003.7,0.3,4.0,-0.7,7.0,20.93,0,2
1003.7,0.3,4.0,-0.7,7.0,11.27,30,0
1003.7,0.3,4.0,-0.7,7.0,11.27,90,0
1003.7,0.3,4.0,-0.7,7.0,6.44,320,0
1003.7,0.3,4.0,-0.7,7.0,6.44,70,0
1003.7,0.3,4.0,-0.7,7.0,10.8,9,0
1003.7,0.3,4.0,-0.7,7.0,20.93,160,2
1003.7,0.3,4.0,-0.7,7.0,21.78,261,2
1003.7,0.3,4.0,-0.7,7.0,16.2,220,2
1003.7,1.47,19.2,12.7,24.7,10.9,192,0
1003.7,1.47,19.2,12.7,24.7,34.02,170,2
1003.7,1.47,19.2,12.7,24.7,14.49,150,0
1003.7,1.47,19.2,12.7,24.7,20.93,0,2
1003.7,1.47,19.2,12.7,24.7,11.27,30,0
1003.7,1.47,19.2,12.7,24.7,11.27,90,0
1003.7,1.47,19.2,12.7,24.7,6.44,320,0
1003.7,1.47,19.2,12.7,24.7,6.44,70,0
1003.7,1.47,19.2,12.7,24.7,10.8,9,0
1003.7,1.47,19.2,12.7,24.7,20.93,160,2
1003.7,1.47,19.2,12.7,24.7,21.78,261,2
1003.7,1.47,19.2,12.7,24.7,16.2,220,2
1003.7,0.88,14.2,10.8,17.3,10.9,192,0
1003.7,0.88,14.2,10.8,17.3,34.02,170,2
1003.7,0.88,14.2,10.8,17.3,14.49,150,0
1003.7,0.88,14.2,10.8,17.3,20.93,0,2
1003.7,0.88,14.2,10.8,17.3,11.27,30,0
1003.7,0.88,14.2,10.8,17.3,11.27,90,0
1003.7,0.88,14.2,10.8,17.3,6.44,320,0
1003.7,0.88,14.2,10.8,17.3,6.44,70,0
1003.7,0.88,14.2,10.8,17.3,10.8,9,0
1003.7,0.88,14.2,10.8,17.3,20.93,160,2
1003.7,0.88,14.2,10.8,17.3,21.78,261,2
1003.7,0.88,14.2,10.8,17.3,16.2,220,2
1003.7,0.24,13.9,11.8,13.4,10.9,192,0
1003.7,0.24,13.9,11.8,13.4,34.02,170,2
1003.7,0.24,13.9,11.8,13.4,14.49,150,0
1003.7,0.24,13.9,11.8,13.4,20.93,0,2
1003.7,0.24,13.9,11.8,13.4,11.27,30,0
1003.7,0.24,13.9,11.8,13.4,11.27,90,0
1003.7,0.24,13.9,11.8,13.4,6.44,320,0
1003.7,0.24,13.9,11.8,13.4,6.44,70,0
1003.7,0.24,13.9,11.8,13.4,10.8,9,0
1003.7,0.24,13.9,11.8,13.4,20.93,160,2
1003.7,0.24,13.9,11.8,13.4,21.78,261,2
1003.7,0.24,13.9,11.8,13.4,16.2,220,2
1003.7,0.21,11.2,9.0,14.2,10.9,192,0
1003.7,0.21,11.2,9.0,14.2,34.02,170,2
1003.7,0.21,11.2,9.0,14.2,14.49,150,0
1003.7,0.21,11.2,9.0,14.2,20.93,0,2
1003.7,0.21,11.2,9.0,14.2,11.27,30,0
1003.7,0.21,11.2,9.0,14.2,11.27,90,0
1003.7,0.21,11.2,9.0,14.2,6.44,320,0
1003.7,0.21,11.2,9.0,14.2,6.44,70,0
1003.7,0.21,11.2,9.0,14.2,10.8,9,0
1003.7,0.21,11.2,9.0,14.2,20.93,160,2
1003.7,0.21,11.2,9.0,14.2,21.78,261,2
1003.7,0.21,11.2,9.0,14.2,16.2,220,2
1003.7,2.01,14.5,10.0,15.7,10.9,192,0
1003.7,2.01,14.5,10.0,15.7,34.02,170,2
1003.7,2.01,14.5,10.0,15.7,14.49,150,0
1003.7,2.01,14.5,10.0,15.7,20.93,0,2
1003.7,2.01,14.5,10.0,15.7,11.27,30,0
1003.7,2.01,14.5,10.0,15.7,11.27,90,0
1003.7,2.01,14.5,10.0,15.7,6.44,320,0
1003.7,2.01,14.5,10.0,15.7,6.44,70,0
1003.7,2.01,14.5,10.0,15.7,10.8,9,0
1003.7,2.01,14.5,10.0,15.7,20.93,160,2
1003.7,2.01,14.5,10.0,15.7,21.78,261,2
1003.7,2.01,14.5,10.0,15.7,16.2,220,2
1003.7,0.38,7.4,6.2,3.1,10.9,192,0
1003.7,0.38,7.4,6.2,3.1,34.02,170,2
1003.7,0.38,7.4,6.2,3.1,14.49,150,0
1003.7,0.38,7.4,6.2,3.1,20.93,0,2
1003.7,0.38,7.4,6.2,3.1,11.27,30,0
1003.7,0.38,7.4,6.2,3.1,11.27,90,0
1003.7,0.38,7.4,6.2,3.1,6.44,320,0
1003.7,0.38,7.4,6.2,3.1,6.44,70,0
1003.7,0.38,7.4,6.2,3.1,10.8,9,0
1003.7,0.38,7.4,6.2,3.1,20.93,160,2
1003.7,0.38,7.4,6.2,3.1,21.78,261,2
1003.7,0.38,7.4,6.2,3.1,16.2,220,2
1003.7,1.18,12.0,9.5,16.9,10.9,192,0
1003.7,1.18,12.0,9.5,16.9,34.02,170,2
1003.7,1.18,12.0,9.5,16.9,14.49,150,0
1003.7,1.18,12.0,9.5,16.9,20.93,0,2
1003.7,1.18,12.0,9.5,16.9,11.27,30,0
1003.7,1.18,12.0,9.5,16.9,11.27,90,0
1003.7,1.18,12.0,9.5,16.9,6.44,320,0
1003.7,1.18,12.0,9.5,16.9,6.44,70,0
1003.7,1.18,12.0,9.5,16.9,10.8,9,0
1003.7,1.18,12.0,9.5,16.9,20.93,160,2
1003.7,1.18,12.0,9.5,16.9,21.78,261,2
1003.7,1.18,12.0,9.5,16.9,16.2,220,2
1003.7,0.67,8.7,5.2,10.2,10.9,192,0
1003.7,0.67,8.7,5.2,10.2,34.02,170,2
1003.7,0.67,8.7,5.2,10.2,14.49,150,0
1003.7,0.67,8.7,5.2,10.2,20.93,0,2
1003.7,0.67,8.7,5.2,10.2,11.27,30,0
1003.7,0.67,8.7,5.2,10.2,11.27,90,0
1003.7,0.67,8.7,5.2,10.2,6.44,320,0
1003.7,0.67,8.7,5.2,10.2,6.44,70,0
1003.7,0.67,8.7,5.2,10.2,10.8,9,0
1003.7,0.67,8.7,5.2,10.2,20.93,160,2
1003.7,0.67,8.7,5.2,10.2,21.78,261,2
1003.7,0.67,8.7,5.2,10.2,16.2,220,2
1003.7,0.93,17.2,16.0,21.8,10.9,192,0
1003.7,0.93,17.2,16.0,21.8,34.02,170,2
1003.7,0.93,17.2,16.0,21.8,14.49,150,0
1003.7,0.93,17.2,16.0,21.8,20.93,0,2
1003.7,0.93,17.2,16.0,21.8,11.27,30,0
1003.7,0.93,17.2,16.0,21.8,11.27,90,0
1003.7,0.93,17.2,16.0,21.8,6.44,320,0
1003.7,0.93,17.2,16.0,21.8,6.44,70,0
1003.7,0.93,17.2,16.0,21.8,10.8,9,0
1003.7,0.93,17.2,16.0,21.8,20.93,160,2
1003.7,0.93,17.2,16.0,21.8,21.78,261,2
1003.7,0.93,17.2,16.0,21.8,16.2,220,2
1003.7,0.91,13.4,10.9,16.4,10.9,192,0
1003.7,0.91,13.4,10.9,16.4,34.02,170,2
1003.7,0.91,13.4,10.9,16.4,14.49,150,0
1003.7,0.91,13.4,10.9,16.4,20.93,0,2
1003.7,0.91,13.4,10.9,16.4,11.27,30,0
1003.7,0.91,13.4,10.9,16.4,11.27,90,0
1003.7,0.91,13.4,10.9,16.4,6.44,320,0
1003.7,0.91,13.4,10.9,16.4,6.44,70,0
1003.7,0.91,13.4,10.9,16.4,10.8,9,0
1003.7,0.91,13.4,10.9,16.4,20.93,160,2
1003.7,0.91,13.4,10.9,16.4,21.78,261,2
1003.7,0.91,13.4,10.9,16.4,16.2,220,2
1003.7,0.64,14.2,13.0,16.0,10.9,192,0
1003.7,0.64,14.2,13.0,16.0,34.02,170,2
1003.7,0.64,14.2,13.0,16.0,14.49,150,0
1003.7,0.64,14.2,13.0,16.0,20.93,0,2
1003.7,0.64,14.2,13.0,16.0,11.27,30,0
1003.7,0.64,14.2,13.0,16.0,11.27,90,0
1003.7,0.64,14.2,13.0,16.0,6.44,320,0
1003.7,0.64,14.2,13.0,16.0,6.44,70,0
1003.7,0.64,14.2,13.0,16.0,10.8,9,0
1003.7,0.64,14.2,13.0,16.0,20.93,160,2
1003.7,0.64,14.2,13.0,16.0,21.78,261,2
1003.7,0.64,14.2,13.0,16.0,16.2,220,2
1003.7,0.58,-0.4,-3.0,3.0,10.9,192,0
1003.7,0.58,-0.4,-3.0,3.0,34.02,170,2
1003.7,0.58,-0.4,-3.0,3.0,14.49,150,0
1003.7,0.58,-0.4,-3.0,3.0,20.93,0,2
1003.7,0.58,-0.4,-3.0,3.0,11.27,30,0
1003.7,0.58,-0.4,-3.0,3.0,11.27,90,0
1003.7,0.58,-0.4,-3.0,3.0,6.44,320,0
1003.7,0.58,-0.4,-3.0,3.0,6.44,70,0
1003.7,0.58,-0.4,-3.0,3.0,10.8,9,0
1003.7,0.58,-0.4,-3.0,3.0,20.93,160,2
1003.7,0.58,-0.4,-3.0,3.0,21.78,261,2
1003.7,0.58,-0.4,-3.0,3.0,16.2,220,2
1003.7,0.5,-0.9,-3.0,1.9,10.9,192,0
1003.7,0.5,-0.9,-3.0,1.9,34.02,170,2
1003.7,0.5,-0.9,-3.0,1.9,14.49,150,0
1003.7,0.5,-0.9,-3.0,1.9,20.93,0,2
1003.7,0.5,-0.9,-3.0,1.9,11.27,30,0
1003.7,0.5,-0.9,-3.0,1.9,11.27,90,0
1003.7,0.5,-0.9,-3.0,1.9,6.44,320,0
1003.7,0.5,-0.9,-3.0,1.9,6.44,70,0
1003.7,0.5,-0.9,-3.0,1.9,10.8,9,0
1003.7,0.5,-0.9,-3.0,1.9,20.93,160,2
1003.7,0.5,-0.9,-3.0,1.9,21.78,261,2
1003.7,0.5,-0.9,-3.0,1.9,16.2,220,2
1003.7,0.39,10.1,9.2,12.1,10.9,192,0
1003.7,0.39,10.1,9.2,12.1,34.02,170,2
1003.7,0.39,10.1,9.2,12.1,14.49,150,0
1003.7,0.39,10.1,9.2,12.1,20.93,0,2
1003.7,0.39,10.1,9.2,12.1,11.27,30,0
1003.7,0.39,10.1,9.2,12.1,11.27,90,0
1003.7,0.39,10.1,9.2,12.1,6.44,320,0
1003.7,0.39,10.1,9.2,12.1,6.44,70,0
1003.7,0.39,10.1,9.2,12.1,10.8,9,0
1003.7,0.39,10.1,9.2,12.1,20.93,160,2
1003.7,0.39,10.1,9.2,12.1,21.78,261,2
1003.7,0.39,10.1,9.2,12.1,16.2,220,2
1003.7,0.31,0.5,-1.7,2.1,10.9,192,0
1003.7,0.31,0.5,-1.7,2.1,34.02,170,2
1003.7,0.31,0.5,-1.7,2.1,14.49,150,0
1003.7,0.31,0.5,-1.7,2.1,20.93,0,2
1003.7,0.31,0.5,-1.7,2.1,11.27,30,0
1003.7,0.31,0.5,-1.7,2.1,11.27,90,0
1003.7,0.31,0.5,-1.7,2.1,6.44,320,0
1003.7,0.31,0.5,-1.7,2.1,6.44,70,0
1003.7,0.31,0.5,-1.7,2.1,10.8,9,0
1003.7,0.31,0.5,-1.7,2.1,20.93,160,2
1003.7,0.31,0.5,-1.7,2.1,21.78,261,2
1003.7,0.31,0.5,-1.7,2.1,16.2,220,2
1003.7,0.21,2.2,1.2,3.8,10.9,192,0
1003.7,0.21,2.2,1.2,3.8,34.02,170,2
1003.7,0.21,2.2,1.2,3.8,14.49,150,0
1003.7,0.21,2.2,1.2,3.8,20.93,0,2
1003.7,0.21,2.2,1.2,3.8,11.27,30,0
1003.7,0.21,2.2,1.2,3.8,11.27,90,0
1003.7,0.21,2.2,1.2,3.8,6.44,320,0
1003.7,0.21,2.2,1.2,3.8,6.44,70,0
1003.7,0.21,2.2,1.2,3.8,10.8,9,0
1003.7,0.21,2.2,1.2,3.8,20.93,160,2
1003.7,0.21,2.2,1.2,3.8,21.78,261,2
1003.7,0.21,2.2,1.2,3.8,16.2,220,2
1003.7,0.11,4.0,2.3,5.3,10.9,192,0
1003.7,0.11,4.0,2.3,5.3,34.02,170,2
1003.7,0.11,4.0,2.3,5.3,14.49,150,0
1003.7,0.11,4.0,2.3,5.3,20.93,0,2
1003.7,0.11,4.0,2.3,5.3,11.27,30,0
1003.7,0.11,4.0,2.3,5.3,11.27,90,0
1003.7,0.11,4.0,2.3,5.3,6.44,320,0
1003.7,0.11,4.0,2.3,5.3,6.44,70,0
1003.7,0.11,4.0,2.3,5.3,10.8,9,0
1003.7,0.11,4.0,2.3,5.3,20.93,160,2
1003.7,0.11,4.0,2.3,5.3,21.78,261,2
1003.7,0.11,4.0,2.3,5.3,16.2,220,2
1003.7,0.53,11.6,8.0,15.2,10.9,192,0
1003.7,0.53,11.6,8.0,15.2,34.02,170,2
1003.7,0.53,11.6,8.0,15.2,14.49,150,0
1003.7,0.53,11.6,8.0,15.2,20.93,0,2
1003.7,0.53,11.6,8.0,15.2,11.27,30,0
1003.7,0.53,11.6,8.0,15.2,11.27,90,0
1003.7,0.53,11.6,8.0,15.2,6.44,320,0
1003.7,0.53,11.6,8.0,15.2,6.44,70,0
1003.7,0.53,11.6,8.0,15.2,10.8,9,0
1003.7,0.53,11.6,8.0,15.2,20.93,160,2
1003.7,0.53,11.6,8.0,15.2,21.78,261,2
1003.7,0.53,11.6,8.0,15.2,16.2,220,2
1003.7,0.37,6.5,2.7,8.5,10.9,192,0
1003.7,0.37,6.5,2.7,8.5,34.02,170,2
1003.7,0.37,6.5,2.7,8.5,14.49,150,0
1003.7,0.37,6.5,2.7,8.5,20.93,0,2
1003.7,0.37,6.5,2.7,8.5,11.27,30,0
1003.7,0.37,6.5,2.7,8.5,11.27,90,0
1003.7,0.37,6.5,2.7,8.5,6.44,320,0
1003.7,0.37,6.5,2.7,8.5,6.44,70,0
1003.7,0.37,6.5,2.7,8.5,10.8,9,0
1003.7,0.37,6.5,2.7,8.5,20.93,160,2
1003.7,0.37,6.5,2.7,8.5,21.78,261,2
1003.7,0.37,6.5,2.7,8.5,16.2,220,2
1003.7,0.21,4.5,-0.6,8.1,10.9,192,0
1003.7,0.21,4.5,-0.6,8.1,34.02,170,2
1003.7,0.21,4.5,-0.6,8.1,14.49,150,0
1003.7,0.21,4.5,-0.6,8.1,20.93,0,2
1003.7,0.21,4.5,-0.6,8.1,11.27,30,0
1003.7,0.21,4.5,-0.6,8.1,11.27,90,0
1003.7,0.21,4.5,-0.6,8.1,6.44,320,0
1003.7,0.21,4.5,-0.6,8.1,6.44,70,0
1003.7,0.21,4.5,-0.6,8.1,10.8,9,0
1003.7,0.21,4.5,-0.6,8.1,20.93,160,2
1003.7,0.21,4.5,-0.6,8.1,21.78,261,2
1003.7,0.21,4.5,-0.6,8.1,16.2,220,2
1003.8,1.28,3.8,-1.0,8.5,13.31,107,1
1003.8,1.28,3.8,-1.0,8.5,6.41,216,1
1003.8,1.28,3.8,-1.0,8.5,32.22,150,3
1003.8,1.28,3.8,-1.0,8.5,18.55,205,3
1003.8,1.28,3.8,-1.0,8.5,20.93,150,3
1003.8,1.28,3.8,-1.0,8.5,8.79,357,1
1003.8,1.28,3.8,-1.0,8.5,28.98,300,3
1003.8,1.28,3.8,-1.0,8.5,27.37,320,3
1003.8,1.28,3.8,-1.0,8.5,11.27,330,1
1003.8,1.28,3.8,-1.0,8.5,17.71,150,3
1003.8,1.28,3.8,-1.0,8.5,10.55,89,1
1003.8,1.28,3.8,-1.0,8.5,4.83,150,1
1003.8,1.28,3.8,-1.0,8.5,19.58,43,3
1003.8,1.28,3.8,-1.0,8.5,17.24,160,3
1003.8,1.28,3.8,-1.0,8.5,12.01,331,1
1003.8,1.28,3.8,-1.0,8.5,4.83,180,1
1003.8,0.72,10.7,7.3,12.7,13.31,107,1
1003.8,0.72,10.7,7.3,12.7,6.41,216,1
1003.8,0.72,10.7,7.3,12.7,32.22,150,3
1003.8,0.72,10.7,7.3,12.7,18.55,205,3
1003.8,0.72,10.7,7.3,12.7,20.93,150,3
1003.8,0.72,10.7,7.3,12.7,8.79,357,1
1003.8,0.72,10.7,7.3,12.7,28.98,300,3
1003.8,0.72,10.7,7.3,12.7,27.37,320,3
1003.8,0.72,10.7,7.3,12.7,11.27,330,1
1003.8,0.72,10.7,7.3,12.7,17.71,150,3
1003.8,0.72,10.7,7.3,12.7,10.55,89,1
1003.8,0.72,10.7,7.3,12.7,4.83,150,1
1003.8,0.72,10.7,7.3,12.7,19.58,43,3
1003.8,0.72,10.7,7.3,12.7,17.24,160,3
1003.8,0.72,10.7,7.3,12.7,12.01,331,1
1003.8,0.72,10.7,7.3,12.7,4.83,180,1
1003.8,0.46,0.1,-1.5,3.4,13.31,107,1
1003.8,0.46,0.1,-1.5,3.4,6.41,216,1
1003.8,0.46,0.1,-1.5,3.4,32.22,150,3
1003.8,0.46,0.1,-1.5,3.4,18.55,205,3
1003.8,0.46,0.1,-1.5,3.4,20.93,150,3
1003.8,0.46,0.1,-1.5,3.4,8.79,357,1
1003.8,0.46,0.1,-1.5,3.4,28.98,300,3
1003.8,0.46,0.1,-1.5,3.4,27.37,320,3
1003.8,0.46,0.1,-1.5,3.4,11.27,330,1
1003.8,0.46,0.1,-1.5,3.4,17.71,150,3
1003.8,0.46,0.1,-1.5,3.4,10.55,89,1
1003.8,0.46,0.1,-1.5,3.4,4.83,150,1
1003.8,0.46,0.1,-1.5,3.4,19.58,43,3
1003.8,0.46,0.1,-1.5,3.4,17.24,160,3
1003.8,0.46,0.1,-1.5,3.4,12.01,331,1
1003.8,0.46,0.1,-1.5,3.4,4.83,180,1
1003.8,0.16,5.8,3.6,8.7,13.31,107,1
1003.8,0.16,5.8,3.6,8.7,6.41,216,1
1003.8,0.16,5.8,3.6,8.7,32.22,150,3
1003.8,0.16,5.8,3.6,8.7,18.55,205,3
1003.8,0.16,5.8,3.6,8.7,20.93,150,3
1003.8,0.16,5.8,3.6,8.7,8.79,357,1
1003.8,0.16,5.8,3.6,8.7,28.98,300,3
1003.8,0.16,5.8,3.6,8.7,27.37,320,3
1003.8,0.16,5.8,3.6,8.7,11.27,330,1
1003.8,0.16,5.8,3.6,8.7,17.71,150,3
1003.8,0.16,5.8,3.6,8.7,10.55,89,1
1003.8,0.16,5.8,3.6,8.7,4.83,150,1
1003.8,0.16,5.8,3.6,8.7,19.58,43,3
1003.8,0.16,5.8,3.6,8.7,17.24,160,3
1003.8,0.16,5.8,3.6,8.7,12.01,331,1
1003.8,0.16,5.8,3.6,8.7,4.83,180,1
1003.8,0.51,2.3,-0.8,4.4,13.31,107,1
1003.8,0.51,2.3,-0.8,4.4,6.41,216,1
1003.8,0.51,2.3,-0.8,4.4,32.22,150,3
1003.8,0.51,2.3,-0.8,4.4,18.55,205,3
1003.8,0.51,2.3,-0.8,4.4,20.93,150,3
1003.8,0.51,2.3,-0.8,4.4,8.79,357,1
1003.8,0.51,2.3,-0.8,4.4,28.98,300,3
1003.8,0.51,2.3,-0.8,4.4,27.37,320,3
1003.8,0.51,2.3,-0.8,4.4,11.27,330,1
1003.8,0.51,2.3,-0.8,4.4,17.71,150,3
1003.8,0.51,2.3,-0.8,4.4,10.55,89,1
1003.8,0.51,2.3,-0.8,4.4,4.83,150,1
1003.8,0.51,2.3,-0.8,4.4,19.58,43,3
1003.8,0.51,2.3,-0.8,4.4,17.24,160,3
1003.8,0.51,2.3,-0.8,4.4,12.01,331,1
1003.8,0.51,2.3,-0.8,4.4,4.83,180,1
1003.8,0.55,8.3,6.9,9.7,13.31,107,1
1003.8,0.55,8.3,6.9,9.7,6.41,216,1
1003.8,0.55,8.3,6.9,9.7,32.22,150,3
1003.8,0.55,8.3,6.9,9.7,18.55,205,3
1003.8,0.55,8.3,6.9,9.7,20.93,150,3
1003.8,0.55,8.3,6.9,9.7,8.79,357,1
1003.8,0.55,8.3,6.9,9.7,28.98,300,3
1003.8,0.55,8.3,6.9,9.7,27.37,320,3
1003.8,0.55,8.3,6.9,9.7,11.27,330,1
1003.8,0.55,8.3,6.9,9.7,17.71,150,3
1003.8,0.55,8.3,6.9,9.7,10.55,89,1
1003.8,0.55,8.3,6.9,9.7,4.83,150,1
1003.8,0.55,8.3,6.9,9.7,19.58,43,3
1003.8,0.55,8.3,6.9,9.7,17.24,160,3
1003.8,0.55,8.3,6.9,9.7,12.01,331,1
1003.8,0.55,8.3,6.9,9.7,4.83,180,1
1003.8,0.26,13.5,9.6,13.0,13.31,107,1
1003.8,0.26,13.5,9.6,13.0,6.41,216,1
1003.8,0.26,13.5,9.6,13.0,32.22,150,3
1003.8,0.26,13.5,9.6,13.0,18.55,205,3
1003.8,0.26,13.5,9.6,13.0,20.93,150,3
1003.8,0.26,13.5,9.6,13.0,8.79,357,1
1003.8,0.26,13.5,9.6,13.0,28.98,300,3
1003.8,0.26,13.5,9.6,13.0,27.37,320,3
1003.8,0.26,13.5,9.6,13.0,11.27,330,1
1003.8,0.26,13.5,9.6,13.0,17.71,150,3
1003.8,0.26,13.5,9.6,13.0,10.55,89,1
1003.8,0.26,13.5,9.6,13.0,4.83,150,1
1003.8,0.26,13.5,9.6,13.0,19.58,43,3
1003.8,0.26,13.5,9.6,13.0,17.24,160,3
1003.8,0.26,13.5,9.6,13.0,12.01,331,1
1003.8,0.26,13.5,9.6,13.0,4.83,180,1
1003.8,1.64,19.1,14.9,24.7,13.31,107,1
1003.8,1.64,19.1,14.9,24.7,6.41,216,1
1003.8,1.64,19.1,14.9,24.7,32.22,150,3
1003.8,1.64,19.1,14.9,24.7,18.55,205,3
1003.8,1.64,19.1,14.9,24.7,20.93,150,3
1003.8,1.64,19.1,14.9,24.7,8.79,357,1
1003.8,1.64,19.1,14.9,24.7,28.98,300,3
1003.8,1.64,19.1,14.9,24.7,27.37,320,3
1003.8,1.64,19.1,14.9,24.7,11.27,330,1
1003.8,1.64,19.1,14.9,24.7,17.71,150,3
1003.8,1.64,19.1,14.9,24.7,10.55,89,1
1003.8,1.64,19.1,14.9,24.7,4.83,150,1
1003.8,1.64,19.1,14.9,24.7,19.58,43,3
1003.8,1.64,19.1,14.9,24.7,17.24,160,3
1003.8,1.64,19.1,14.9,24.7,12.01,331,1
1003.8,1.64,19.1,14.9,24.7,4.83,180,1
1003.8,2.4,12.4,4.8,18.3,13.31,107,1
1003.8,2.4,12.4,4.8,18.3,6.41,216,1
1003.8,2.4,12.4,4.8,18.3,32.22,150,3
1003.8,2.4,12.4,4.8,18.3,18.55,205,3
1003.8,2.4,12.4,4.8,18.3,20.93,150,3
1003.8,2.4,12.4,4.8,18.3,8.79,357,1
1003.8,2.4,12.4,4.8,18.3,28.98,300,3
1003.8,2.4,12.4,4.8,18.3,27.37,320,3
1003.8,2.4,12.4,4.8,18.3,11.27,330,1
1003.8,2.4,12.4,4.8,18.3,17.71,150,3
1003.8,2.4,12.4,4.8,18.3,10.55,89,1
1003.8,2.4,12.4,4.8,18.3,4.83,150,1
1003.8,2.4,12.4,4.8,18.3,19.58,43,3
1003.8,2.4,12.4,4.8,18.3,17.24,160,3
1003.8,2.4,12.4,4.8,18.3,12.01,331,1
1003.8,2.4,12.4,4.8,18.3,4.83,180,1
1003.8,1.1,9.7,6.0,14.6,13.31,107,1
1003.8,1.1,9.7,6.0,14.6,6.41,216,1
1003.8,1.1,9.7,6.0,14.6,32.22,150,3
1003.8,1.1,9.7,6.0,14.6,18.55,205,3
1003.8,1.1,9.7,6.0,14.6,20.93,150,3
1003.8,1.1,9.7,6.0,14.6,8.79,357,1
1003.8,1.1,9.7,6.0,14.6,28.98,300,3
1003.8,1.1,9.7,6.0,14.6,27.37,320,3
1003.8,1.1,9.7,6.0,14.6,11.27,330,1
1003.8,1.1,9.7,6.0,14.6,17.71,150,3
1003.8,1.1,9.7,6.0,14.6,10.55,89,1
1003.8,1.1,9.7,6.0,14.6,4.83,150,1
1003.8,1.1,9.7,6.0,14.6,19.58,43,3
1003.8,1.1,9.7,6.0,14.6,17.24,160,3
1003.8,1.1,9.7,6.0,14.6,12.01,331,1
1003.8,1.1,9.7,6.0,14.6,4.83,180,1
1003.8,0.59,6.9,0.2,12.7,13.31,107,1
1003.8,0.59,6.9,0.2,12.7,6.41,216,1
1003.8,0.59,6.9,0.2,12.7,32.22,150,3
1003.8,0.59,6.9,0.2,12.7,18.55,205,3
1003.8,0.59,6.9,0.2,12.7,20.93,150,3
1003.8,0.59,6.9,0.2,12.7,8.79,357,1
1003.8,0.59,6.9,0.2,12.7,28.98,300,3
1003.8,0.59,6.9,0.2,12.7,27.37,320,3
1003.8,0.59,6.9,0.2,12.7,11.27,330,1
1003.8,0.59,6.9,0.2,12.7,17.71,150,3
1003.8,0.59,6.9,0.2,12.7,10.55,89,1
1003.8,0.59,6.9,0.2,12.7,4.83,150,1
1003.8,0.59,6.9,0.2,12.7,19.58,43,3
1003.8,0.59,6.9,0.2,12.7,17.24,160,3
1003.8,0.59,6.9,0.2,12.7,12.01,331,1
1003.8,0.59,6.9,0.2,12.7,4.83,180,1
1003.8,0.78,5.7,0.8,8.7,13.31,107,0
1003.8,0.78,5.7,0.8,8.7,6.41,216,0
1003.8,0.78,5.7,0.8,8.7,32.22,150,2
1003.8,0.78,5.7,0.8,8.7,18.55,205,2
1003.8,0.78,5.7,0.8,8.7,20.93,150,2
1003.8,0.78,5.7,0.8,8.7,8.79,357,0
1003.8,0.78,5.7,0.8,8.7,28.98,300,2
1003.8,0.78,5.7,0.8,8.7,27.37,320,2
1003.8,0.78,5.7,0.8,8.7,11.27,330,0
1003.8,0.78,5.7,0.8,8.7,17.71,150,2
1003.8,0.78,5.7,0.8,8.7,10.55,89,0
1003.8,0.78,5.7,0.8,8.7,4.83,150,0
1003.8,0.78,5.7,0.8,8.7,19.58,43,2
1003.8,0.78,5.7,0.8,8.7,17.24,160,2
1003.8,0.78,5.7,0.8,8.7,12.01,331,0
1003.8,0.78,5.7,0.8,8.7,4.83,180,0
1003.8,1.33,19.2,16.6,21.8,13.31,107,0
1003.8,1.33,19.2,16.6,21.8,6.41,216,0
1003.8,1.33,19.2,16.6,21.8,32.22,150,2
1003.8,1.33,19.2,16.6,21.8,18.55,205,2
1003.8,1.33,19.2,16.6,21.8,20.93,150,2
1003.8,1.33,19.2,16.6,21.8,8.79,357,0
1003.8,1.33,19.2,16.6,21.8,28.98,300,2
1003.8,1.33,19.2,16.6,21.8,27.37,320,2
1003.8,1.33,19.2,16.6,21.8,11.27,330,0
1003.8,1.33,19.2,16.6,21.8,17.71,150,2
1003.8,1.33,19.2,16.6,21.8,10.55,89,0
1003.8,1.33,19.2,16.6,21.8,4.83,150,0
1003.8,1.33,19.2,16.6,21.8,19.58,43,2
1003.8,1.33,19.2,16.6,21.8,17.24,160,2
1003.8,1.33,19.2,16.6,21.8,12.01,331,0
1003.8,1.33,19.2,16.6,21.8,4.83,180,0
1003.8,1.58,11.9,8.3,15.8,13.31,107,0
1003.8,1.58,11.9,8.3,15.8,6.41,216,0
1003.8,1.58,11.9,8.3,15.8,32.22,150,2
1003.8,1.58,11.9,8.3,15.8,18.55,205,2
1003.8,1.58,11.9,8.3,15.8,20.93,150,2
1003.8,1.58,11.9,8.3,15.8,8.79,357,0
1003.8,1.58,11.9,8.3,15.8,28.98,300,2
1003.8,1.58,11.9,8.3,15.8,27.37,320,2
1003.8,1.58,11.9,8.3,15.8,11.27,330,0
1003.8,1.58,11.9,8.3,15.8,17.71,150,2
1003.8,1.58,11.9,8.3,15.8,10.55,89,0
1003.8,1.58,11.9,8.3,15.8,4.83,150,0
1003.8,1.58,11.9,8.3,15.8,19.58,43,2
1003.8,1.58,11.9,8.3,15.8,17.24,160,2
1003.8,1.58,11.9,8.3,15.8,12.01,331,0
1003.8,1.58,11.9,8.3,15.8,4.83,180,0
1003.8,0.36,6.6,6.6,6.8,13.31,107,0
1003.8,0.36,6.6,6.6,6.8,6.41,216,0
1003.8,0.36,6.6,6.6,6.8,32.22,150,2
1003.8,0.36,6.6,6.6,6.8,18.55,205,2
1003.8,0.36,6.6,6.6,6.8,20.93,150,2
1003.8,0.36,6.6,6.6,6.8,8.79,357,0
1003.8,0.36,6.6,6.6,6.8,28.98,300,2
1003.8,0.36,6.6,6.6,6.8,27.37,320,2
1003.8,0.36,6.6,6.6,6.8,11.27,330,0
1003.8,0.36,6.6,6.6,6.8,17.71,150,2
1003.8,0.36,6.6,6.6,6.8,10.55,89,0
1003.8,0.36,6.6,6.6,6.8,4.83,150,0
1003.8,0.36,6.6,6.6,6.8,19.58,43,2
1003.8,0.36,6.6,6.6,6.8,17.24,160,2
1003.8,0.36,6.6,6.6,6.8,12.01,331,0
1003.8,0.36,6.6,6.6,6.8,4.83,180,0
1003.8,0.48,3.8,2.2,5.4,13.31,107,0
1003.8,0.48,3.8,2.2,5.4,6.41,216,0
1003.8,0.48,3.8,2.2,5.4,32.22,150,2
1003.8,0.48,3.8,2.2,5.4,18.55,205,2
1003.8,0.48,3.8,2.2,5.4,20.93,150,2
1003.8,0.48,3.8,2.2,5.4,8.79,357,0
1003.8,0.48,3.8,2.2,5.4,28.98,300,2
1003.8,0.48,3.8,2.2,5.4,27.37,320,2
1003.8,0.48,3.8,2.2,5.4,11.27,330,0
1003.8,0.48,3.8,2.2,5.4,17.71,150,2
1003.8,0.48,3.8,2.2,5.4,10.55,89,0
1003.8,0.48,3.8,2.2,5.4,4.83,150,0
1003.8,0.48,3.8,2.2,5.4,19.58,43,2
1003.8,0.48,3.8,2.2,5.4,17.24,160,2
1003.8,0.48,3.8,2.2,5.4,12.01,331,0
1003.8,0.48,3.8,2.2,5.4,4.83,180,0
1003.8,1.86,18.4,14.0,20.4,13.31,107,0
1003.8,1.86,18.4,14.0,20.4,6.41,216,0
1003.8,1.86,18.4,14.0,20.4,32.22,150,2
1003.8,1.86,18.4,14.0,20.4,18.55,205,2
1003.8,1.86,18.4,14.0,20.4,20.93,150,2
1003.8,1.86,18.4,14.0,20.4,8.79,357,0
1003.8,1.86,18.4,14.0,20.4,28.98,300,2
1003.8,1.86,18.4,14.0,20.4,27.37,320,2
1003.8,1.86,18.4,14.0,20.4,11.27,330,0
1003.8,1.86,18.4,14.0,20.4,17.71,150,2
1003.8,1.86,18.4,14.0,20.4,10.55,89,0
1003.8,1.86,18.4,14.0,20.4,4.83,150,0
1003.8,1.86,18.4,14.0,20.4,19.58,43,2
1003.8,1.86,18.4,14.0,20.4,17.24,160,2
1003.8,1.86,18.4,14.0,20.4,12.01,331,0
1003.8,1.86,18.4,14.0,20.4,4.83,180,0
1003.8,0.29,8.0,6.8,11.1,13.31,107,0
1003.8,0.29,8.0,6.8,11.1,6.41,216,0
1003.8,0.29,8.0,6.8,11.1,32.22,150,2
1003.8,0.29,8.0,6.8,11.1,18.55,205,2
1003.8,0.29,8.0,6.8,11.1,20.93,150,2
1003.8,0.29,8.0,6.8,11.1,8.79,357,0
1003.8,0.29,8.0,6.8,11.1,28.98,300,2
1003.8,0.29,8.0,6.8,11.1,27.37,320,2
1003.8,0.29,8.0,6.8,11.1,11.27,330,0
1003.8,0.29,8.0,6.8,11.1,17.71,150,2
1003.8,0.29,8.0,6.8,11.1,10.55,89,0
1003.8,0.29,8.0,6.8,11.1,4.83,150,0
1003.8,0.29,8.0,6.8,11.1,19.58,43,2
1003.8,0.29,8.0,6.8,11.1,17.24,160,2
1003.8,0.29,8.0,6.8,11.1,12.01,331,0
1003.8,0.29,8.0,6.8,11.1,4.83,180,0
1003.8,0.69,6.2,3.0,8.9,13.31,107,0
1003.8,0.69,6.2,3.0,8.9,6.41,216,0
1003.8,0.69,6.2,3.0,8.9,32.22,150,2
1003.8,0.69,6.2,3.0,8.9,18.55,205,2
1003.8,0.69,6.2,3.0,8.9,20.93,150,2
1003.8,0.69,6.2,3.0,8.9,8.79,357,0
1003.8,0.69,6.2,3.0,8.9,28.98,300,2
1003.8,0.69,6.2,3.0,8.9,27.37,320,2
1003.8,0.69,6.2,3.0,8.9,11.27,330,0
1003.8,0.69,6.2,3.0,8.9,17.71,150,2
1003.8,0.69,6.2,3.0,8.9,10.55,89,0
1003.8,0.69,6.2,3.0,8.9,4.83,150,0
1003.8,0.69,6.2,3.0,8.9,19.58,43,2
1003.8,0.69,6.2,3.0,8.9,17.24,160,2
1003.8,0.69,6.2,3.0,8.9,12.01,331,0
1003.8,0.69,6.2,3.0,8.9,4.83,180,0
1003.8,0.14,5.4,3.6,6.0,13.31,107,0
1003.8,0.14,5.4,3.6,6.0,6.41,216,0
1003.8,0.14,5.4,3.6,6.0,32.22,150,2
1003.8,0.14,5.4,3.6,6.0,18.55,205,2
1003.8,0.14,5.4,3.6,6.0,20.93,150,2
1003.8,0.14,5.4,3.6,6.0,8.79,357,0
1003.8,0.14,5.4,3.6,6.0,28.98,300,2
1003.8,0.14,5.4,3.6,6.0,27.37,320,2
1003.8,0.14,5.4,3.6,6.0,11.27,330,0
1003.8,0.14,5.4,3.6,6.0,17.71,150,2
1003.8,0.14,5.4,3.6,6.0,10.55,89,0
1003.8,0.14,5.4,3.6,6.0,4.83,150,0
1003.8,0.14,5.4,3.6,6.0,19.58,43,2
1003.8,0.14,5.4,3.6,6.0,17.24,160,2
1003.8,0.14,5.4,3.6,6.0,12.01,331,0
1003.8,0.14,5.4,3.6,6.0,4.83,180,0
1003.8,0.68,13.9,11.4,16.8,13.31,107,0
1003.8,0.68,13.9,11.4,16.8,6.41,216,0
1003.8,0.68,13.9,11.4,16.8,32.22,150,2
1003.8,0.68,13.9,11.4,16.8,18.55,205,2
1003.8,0.68,13.9,11.4,16.8,20.93,150,2
1003.8,0.68,13.9,11.4,16.8,8.79,357,0
1003.8,0.68,13.9,11.4,16.8,28.98,300,2
1003.8,0.68,13.9,11.4,16.8,27.37,320,2
1003.8,0.68,13.9,11.4,16.8,11.27,330,0
1003.8,0.68,13.9,11.4,16.8,17.71,150,2
1003.8,0.68,13.9,11.4,16.8,10.55,89,0
1003.8,0.68,13.9,11.4,16.8,4.83,150,0
1003.8,0.68,13.9,11.4,16.8,19.58,43,2
1003.8,0.68,13.9,11.4,16.8,17.24,160,2
1003.8,0.68,13.9,11.4,16.8,12.01,331,0
1003.8,0.68,13.9,11.4,16.8,4.83,180,0
1003.8,1.07,17.3,14.7,20.1,13.31,107,0
1003.8,1.07,17.3,14.7,20.1,6.41,216,0
1003.8,1.07,17.3,14.7,20.1,32.22,150,2
1003.8,1.07,17.3,14.7,20.1,18.55,205,2
1003.8,1.07,17.3,14.7,20.1,20.93,150,2
1003.8,1.07,17.3,14.7,20.1,8.79,357,0
1003.8,1.07,17.3,14.7,20.1,28.98,300,2
1003.8,1.07,17.3,14.7,20.1,27.37,320,2
1003.8,1.07,17.3,14.7,20.1,11.27,330,0
1003.8,1.07,17.3,14.7,20.1,17.71,150,2
1003.8,1.07,17.3,14.7,20.1,10.55,89,0
1003.8,1.07,17.3,14.7,20.1,4.83,150,0
1003.8,1.07,17.3,14.7,20.1,19.58,43,2
1003.8,1.07,17.3,14.7,20.1,17.24,160,2
1003.8,1.07,17.3,14.7,20.1,12.01,331,0
1003.8,1.07,17.3,14.7,20.1,4.83,180,0
1003.8,1.29,14.8,9.9,19.2,13.31,107,0
1003.8,1.29,14.8,9.9,19.2,6.41,216,0
1003.8,1.29,14.8,9.9,19.2,32.22,150,2
1003.8,1.29,14.8,9.9,19.2,18.55,205,2
1003.8,1.29,14.8,9.9,19.2,20.93,150,2
1003.8,1.29,14.8,9.9,19.2,8.79,357,0
1003.8,1.29,14.8,9.9,19.2,28.98,300,2
1003.8,1.29,14.8,9.9,19.2,27.37,320,2
1003.8,1.29,14.8,9.9,19.2,11.27,330,0
1003.8,1.29,14.8,9.9,19.2,17.71,150,2
1003.8,1.29,14.8,9.9,19.2,10.55,89,0
1003.8,1.29,14.8,9.9,19.2,4.83,150,0
1003.8,1.29,14.8,9.9,19.2,19.58,43,2
1003.8,1.29,14.8,9.9,19.2,17.24,160,2
1003.8,1.29,14.8,9.9,19.2,12.01,331,0
1003.8,1.29,14.8,9.9,19.2,4.83,180,0
1003.8,1.67,15.8,13.3,18.5,13.31,107,0
1003.8,1.67,15.8,13.3,18.5,6.41,216,0
1003.8,1.67,15.8,13.3,18.5,32.22,150,2
1003.8,1.67,15.8,13.3,18.5,18.55,205,2
1003.8,1.67,15.8,13.3,18.5,20.93,150,2
1003.8,1.67,15.8,13.3,18.5,8.79,357,0
1003.8,1.67,15.8,13.3,18.5,28.98,300,2
1003.8,1.67,15.8,13.3,18.5,27.37,320,2
1003.8,1.67,15.8,13.3,18.5,11.27,330,0
1003.8,1.67,15.8,13.3,18.5,17.71,150,2
1003.8,1.67,15.8,13.3,18.5,10.55,89,0
1003.8,1.67,15.8,13.3,18.5,4.83,150,0
1003.8,1.67,15.8,13.3,18.5,19.58,43,2
1003.8,1.67,15.8,13.3,18.5,17.24,160,2
1003.8,1.67,15.8,13.3,18.5,12.01,331,0
1003.8,1.67,15.8,13.3,18.5,4.83,180,0
1003.8,0.61,14.4,13.1,16.7,13.31,107,0
1003.8,0.61,14.4,13.1,16.7,6.41,216,0
1003.8,0.61,14.4,13.1,16.7,32.22,150,2
1003.8,0.61,14.4,13.1,16.7,18.55,205,2
1003.8,0.61,14.4,13.1,16.7,20.93,150,2
1003.8,0.61,14.4,13.1,16.7,8.79,357,0
1003.8,0.61,14.4,13.1,16.7,28.98,300,2
1003.8,0.61,14.4,13.1,16.7,27.37,320,2
1003.8,0.61,14.4,13.1,16.7,11.27,330,0
1003.8,0.61,14.4,13.1,16.7,17.71,150,2
1003.8,0.61,14.4,13.1,16.7,10.55,89,0
1003.8,0.61,14.4,13.1,16.7,4.83,150,0
1003.8,0.61,14.4,13.1,16.7,19.58,43,2
1003.8,0.61,14.4,13.1,16.7,17.24,160,2
1003.8,0.61,14.4,13.1,16.7,12.01,331,0
1003.8,0.61,14.4,13.1,16.7,4.83,180,0
1003.8,0.26,14.4,12.9,15.6,13.31,107,0
1003.8,0.26,14.4,12.9,15.6,6.41,216,0
1003.8,0.26,14.4,12.9,15.6,32.22,150,2
1003.8,0.26,14.4,12.9,15.6,18.55,205,2
1003.8,0.26,14.4,12.9,15.6,20.93,150,2
1003.8,0.26,14.4,12.9,15.6,8.79,357,0
1003.8,0.26,14.4,12.9,15.6,28.98,300,2
1003.8,0.26,14.4,12.9,15.6,27.37,320,2
1003.8,0.26,14.4,12.9,15.6,11.27,330,0
1003.8,0.26,14.4,12.9,15.6,17.71,150,2
1003.8,0.26,14.4,12.9,15.6,10.55,89,0
1003.8,0.26,14.4,12.9,15.6,4.83,150,0
1003.8,0.26,14.4,12.9,15.6,19.58,43,2
1003.8,0.26,14.4,12.9,15.6,17.24,160,2
1003.8,0.26,14.4,12.9,15.6,12.01,331,0
1003.8,0.26,14.4,12.9,15.6,4.83,180,0
1003.8,1.52,16.7,11.0,22.9,13.31,107,0
1003.8,1.52,16.7,11.0,22.9,6.41,216,0
1003.8,1.52,16.7,11.0,22.9,32.22,150,2
1003.8,1.52,16.7,11.0,22.9,18.55,205,2
1003.8,1.52,16.7,11.0,22.9,20.93,150,2
1003.8,1.52,16.7,11.0,22.9,8.79,357,0
1003.8,1.52,16.7,11.0,22.9,28.98,300,2
1003.8,1.52,16.7,11.0,22.9,27.37,320,2
1003.8,1.52,16.7,11.0,22.9,11.27,330,0
1003.8,1.52,16.7,11.0,22.9,17.71,150,2
1003.8,1.52,16.7,11.0,22.9,10.55,89,0
1003.8,1.52,16.7,11.0,22.9,4.83,150,0
1003.8,1.52,16.7,11.0,22.9,19.58,43,2
1003.8,1.52,16.7,11.0,22.9,17.24,160,2
1003.8,1.52,16.7,11.0,22.9,12.01,331,0
1003.8,1.52,16.7,11.0,22.9,4.83,180,0
1003.8,1.6,19.3,14.8,24.3,13.31,107,0
1003.8,1.6,19.3,14.8,24.3,6.41,216,0
1003.8,1.6,19.3,14.8,24.3,32.22,150,2
1003.8,1.6,19.3,14.8,24.3,18.55,205,2
1003.8,1.6,19.3,14.8,24.3,20.93,150,2
1003.8,1.6,19.3,14.8,24.3,8.79,357,0
1003.8,1.6,19.3,14.8,24.3,28.98,300,2
1003.8,1.6,19.3,14.8,24.3,27.37,320,2
1003.8,1.6,19.3,14.8,24.3,11.27,330,0
1003.8,1.6,19.3,14.8,24.3,17.71,150,2
1003.8,1.6,19.3,14.8,24.3,10.55,89,0
1003.8,1.6,19.3,14.8,24.3,4.83,150,0
1003.8,1.6,19.3,14.8,24.3,19.58,43,2
1003.8,1.6,19.3,14.8,24.3,17.24,160,2
1003.8,1.6,19.3,14.8,24.3,12.01,331,0
1003.8,1.6,19.3,14.8,24.3,4.83,180,0
1003.8,1.04,4.3,0.6,8.8,13.31,107,0
1003.8,1.04,4.3,0.6,8.8,6.41,216,0
1003.8,1.04,4.3,0.6,8.8,32.22,150,2
1003.8,1.04,4.3,0.6,8.8,18.55,205,2
1003.8,1.04,4.3,0.6,8.8,20.93,150,2
1003.8,1.04,4.3,0.6,8.8,8.79,357,0
1003.8,1.04,4.3,0.6,8.8,28.98,300,2
1003.8,1.04,4.3,0.6,8.8,27.37,320,2
1003.8,1.04,4.3,0.6,8.8,11.27,330,0
1003.8,1.04,4.3,0.6,8.8,17.71,150,2
1003.8,1.04,4.3,0.6,8.8,10.55,89,0
1003.8,1.04,4.3,0.6,8.8,4.83,150,0
1003.8,1.04,4.3,0.6,8.8,19.58,43,2
1003.8,1.04,4.3,0.6,8.8,17.24,160,2
1003.8,1.04,4.3,0.6,8.8,12.01,331,0
1003.8,1.04,4.3,0.6,8.8,4.83,180,0
1003.8,0.67,-0.8,-1.9,1.4,13.31,107,0
1003.8,0.67,-0.8,-1.9,1.4,6.41,216,0
1003.8,0.67,-0.8,-1.9,1.4,32.22,150,2
1003.8,0.67,-0.8,-1.9,1.4,18.55,205,2
1003.8,0.67,-0.8,-1.9,1.4,20.93,150,2
1003.8,0.67,-0.8,-1.9,1.4,8.79,357,0
1003.8,0.67,-0.8,-1.9,1.4,28.98,300,2
1003.8,0.67,-0.8,-1.9,1.4,27.37,320,2
1003.8,0.67,-0.8,-1.9,1.4,11.27,330,0
1003.8,0.67,-0.8,-1.9,1.4,17.71,150,2
1003.8,0.67,-0.8,-1.9,1.4,10.55,89,0
1003.8,0.67,-0.8,-1.9,1.4,4.83,150,0
1003.8,0.67,-0.8,-1.9,1.4,19.58,43,2
1003.8,0.67,-0.8,-1.9,1.4,17.24,160,2
1003.8,0.67,-0.8,-1.9,1.4,12.01,331,0
1003.8,0.67,-0.8,-1.9,1.4,4.83,180,0
1003.8,0.31,7.1,5.3,8.8,13.31,107,0
1003.8,0.31,7.1,5.3,8.8,6.41,216,0
1003.8,0.31,7.1,5.3,8.8,32.22,150,2
1003.8,0.31,7.1,5.3,8.8,18.55,205,2
1003.8,0.31,7.1,5.3,8.8,20.93,150,2
1003.8,0.31,7.1,5.3,8.8,8.79,357,0
1003.8,0.31,7.1,5.3,8.8,28.98,300,2
1003.8,0.31,7.1,5.3,8.8,27.37,320,2
1003.8,0.31,7.1,5.3,8.8,11.27,330,0
1003.8,0.31,7.1,5.3,8.8,17.71,150,2
1003.8,0.31,7.1,5.3,8.8,10.55,89,0
1003.8,0.31,7.1,5.3,8.8,4.83,150,0
1003.8,0.31,7.1,5.3,8.8,19.58,43,2
1003.8,0.31,7.1,5.3,8.8,17.24,160,2
1003.8,0.31,7.1,5.3,8.8,12.01,331,0
1003.8,0.31,7.1,5.3,8.8,4.83,180,0
1003.8,0.14,8.3,6.9,10.6,13.31,107,0
1003.8,0.14,8.3,6.9,10.6,6.41,216,0
1003.8,0.14,8.3,6.9,10.6,32.22,150,2
1003.8,0.14,8.3,6.9,10.6,18.55,205,2
1003.8,0.14,8.3,6.9,10.6,20.93,150,2
1003.8,0.14,8.3,6.9,10.6,8.79,357,0
1003.8,0.14,8.3,6.9,10.6,28.98,300,2
1003.8,0.14,8.3,6.9,10.6,27.37,320,2
1003.8,0.14,8.3,6.9,10.6,11.27,330,0
1003.8,0.14,8.3,6.9,10.6,17.71,150,2
1003.8,0.14,8.3,6.9,10.6,10.55,89,0
1003.8,0.14,8.3,6.9,10.6,4.83,150,0
1003.8,0.14,8.3,6.9,10.6,19.58,43,2
1003.8,0.14,8.3,6.9,10.6,17.24,160,2
1003.8,0.14,8.3,6.9,10.6,12.01,331,0
1003.8,0.14,8.3,6.9,10.6,4.83,180,0
1003.9,1.85,18.8,15.5,23.5,29.01,231,3
1003.9,1.85,18.8,15.5,23.5,16.86,328,3
1003.9,1.85,18.8,15.5,23.5,14.7,352,1
1003.9,1.85,18.8,15.5,23.5,10.9,140,1
1003.9,1.85,18.8,15.5,23.5,23.23,189,3
1003.9,1.85,18.8,15.5,23.5,14.49,230,1
1003.9,1.85,18.8,15.5,23.5,11.27,210,1
1003.9,1.85,18.8,15.5,23.5,28.98,150,3
1003.9,1.85,18.8,15.5,23.5,6.44,330,1
1003.9,1.85,18.8,15.5,23.5,12.88,30,1
1003.9,1.85,18.8,15.5,23.5,20.93,300,3
1003.9,1.85,18.8,15.5,23.5,9.64,156,1
1003.9,1.85,18.8,15.5,23.5,9.45,69,1
1003.9,1.85,18.8,15.5,23.5,2.87,59,1
1003.9,1.85,18.8,15.5,23.5,9.4,300,1
1003.9,1.8,17.1,13.0,22.6,29.01,231,3
1003.9,1.8,17.1,13.0,22.6,16.86,328,3
1003.9,1.8,17.1,13.0,22.6,14.7,352,1
1003.9,1.8,17.1,13.0,22.6,10.9,140,1
1003.9,1.8,17.1,13.0,22.6,23.23,189,3
1003.9,1.8,17.1,13.0,22.6,14.49,230,1
1003.9,1.8,17.1,13.0,22.6,11.27,210,1
1003.9,1.8,17.1,13.0,22.6,28.98,150,3
1003.9,1.8,17.1,13.0,22.6,6.44,330,1
1003.9,1.8,17.1,13.0,22.6,12.88,30,1
1003.9,1.8,17.1,13.0,22.6,20.93,300,3
1003.9,1.8,17.1,13.0,22.6,9.64,156,1
1003.9,1.8,17.1,13.0,22.6,9.45,69,1
1003.9,1.8,17.1,13.0,22.6,2.87,59,1
1003.9,1.8,17.1,13.0,22.6,9.4,300,1
1003.9,0.99,6.0,4.3,10.5,29.01,231,3
1003.9,0.99,6.0,4.3,10.5,16.86,328,3
1003.9,0.99,6.0,4.3,10.5,14.7,352,1
1003.9,0.99,6.0,4.3,10.5,10.9,140,1
1003.9,0.99,6.0,4.3,10.5,23.23,189,3
1003.9,0.99,6.0,4.3,10.5,14.49,230,1
1003.9,0.99,6.0,4.3,10.5,11.27,210,1
1003.9,0.99,6.0,4.3,10.5,28.98,150,3
1003.9,0.99,6.0,4.3,10.5,6.44,330,1
1003.9,0.99,6.0,4.3,10.5,12.88,30,1
1003.9,0.99,6.0,4.3,10.5,20.93,300,3
1003.9,0.99,6.0,4.3,10.5,9.64,156,1
1003.9,0.99,6.0,4.3,10.5,9.45,69,1
1003.9,0.99,6.0,4.3,10.5,2.87,59,1
1003.9,0.99,6.0,4.3,10.5,9.4,300,1
1003.9,2.34,11.5,4.4,17.6,29.01,231,3
1003.9,2.34,11.5,4.4,17.6,16.86,328,3
1003.9,2.34,11.5,4.4,17.6,14.7,352,1
1003.9,2.34,11.5,4.4,17.6,10.9,140,1
1003.9,2.34,11.5,4.4,17.6,23.23,189,3
1003.9,2.34,11.5,4.4,17.6,14.49,230,1
1003.9,2.34,11.5,4.4,17.6,11.27,210,1
1003.9,2.34,11.5,4.4,17.6,28.98,150,3
1003.9,2.34,11.5,4.4,17.6,6.44,330,1
1003.9,2.34,11.5,4.4,17.6,12.88,30,1
1003.9,2.34,11.5,4.4,17.6,20.93,300,3
1003.9,2.34,11.5,4.4,17.6,9.64,156,1
1003.9,2.34,11.5,4.4,17.6,9.45,69,1
1003.9,2.34,11.5,4.4,17.6,2.87,59,1
1003.9,2.34,11.5,4.4,17.6,9.4,300,1
1003.9,0.61,1.1,-2.6,7.5,29.01,231,3
1003.9,0.61,1.1,-2.6,7.5,16.86,328,3
1003.9,0.61,1.1,-2.6,7.5,14.7,352,1
1003.9,0.61,1.1,-2.6,7.5,10.9,140,1
1003.9,0.61,1.1,-2.6,7.5,23.23,189,3
1003.9,0.61,1.1,-2.6,7.5,14.49,230,1
1003.9,0.61,1.1,-2.6,7.5,11.27,210,1
1003.9,0.61,1.1,-2.6,7.5,28.98,150,3
1003.9,0.61,1.1,-2.6,7.5,6.44,330,1
1003.9,0.61,1.1,-2.6,7.5,12.88,30,1
1003.9,0.61,1.1,-2.6,7.5,20.93,300,3
1003.9,0.61,1.1,-2.6,7.5,9.64,156,1
1003.9,0.61,1.1,-2.6,7.5,9.45,69,1
1003.9,0.61,1.1,-2.6,7.5,2.87,59,1
1003.9,0.61,1.1,-2.6,7.5,9.4,300,1
1003.9,1.08,15.5,12.1,20.1,29.01,231,3
1003.9,1.08,15.5,12.1,20.1,16.86,328,3
1003.9,1.08,15.5,12.1,20.1,14.7,352,1
1003.9,1.08,15.5,12.1,20.1,10.9,140,1
1003.9,1.08,15.5,12.1,20.1,23.23,189,3
1003.9,1.08,15.5,12.1,20.1,14.49,230,1
1003.9,1.08,15.5,12.1,20.1,11.27,210,1
1003.9,1.08,15.5,12.1,20.1,28.98,150,3
1003.9,1.08,15.5,12.1,20.1,6.44,330,1
1003.9,1.08,15.5,12.1,20.1,12.88,30,1
1003.9,1.08,15.5,12.1,20.1,20.93,300,3
1003.9,1.08,15.5,12.1,20.1,9.64,156,1
1003.9,1.08,15.5,12.1,20.1,9.45,69,1
1003.9,1.08,15.5,12.1,20.1,2.87,59,1
1003.9,1.08,15.5,12.1,20.1,9.4,300,1
1003.9,1.3,9.7,6.6,13.4,29.01,231,3
1003.9,1.3,9.7,6.6,13.4,16.86,328,3
1003.9,1.3,9.7,6.6,13.4,14.7,352,1
1003.9,1.3,9.7,6.6,13.4,10.9,140,1
1003.9,1.3,9.7,6.6,13.4,23.23,189,3
1003.9,1.3,9.7,6.6,13.4,14.49,230,1
1003.9,1.3,9.7,6.6,13.4,11.27,210,1
1003.9,1.3,9.7,6.6,13.4,28.98,150,3
1003.9,1.3,9.7,6.6,13.4,6.44,330,1
1003.9,1.3,9.7,6.6,13.4,12.88,30,1
1003.9,1.3,9.7,6.6,13.4,20.93,300,3
1003.9,1.3,9.7,6.6,13.4,9.64,156,1
1003.9,1.3,9.7,6.6,13.4,9.45,69,1
1003.9,1.3,9.7,6.6,13.4,2.87,59,1
1003.9,1.3,9.7,6.6,13.4,9.4,300,1
1003.9,1.34,5.2,0.8,10.1,29.01,231,2
1003.9,1.34,5.2,0.8,10.1,16.86,328,2
1003.9,1.34,5.2,0.8,10.1,14.7,352,0
1003.9,1.34,5.2,0.8,10.1,10.9,140,0
1003.9,1.34,5.2,0.8,10.1,23.23,189,2
1003.9,1.34,5.2,0.8,10.1,14.49,230,0
1003.9,1.34,5.2,0.8,10.1,11.27,210,0
1003.9,1.34,5.2,0.8,10.1,28.98,150,2
1003.9,1.34,5.2,0.8,10.1,6.44,330,0
1003.9,1.34,5.2,0.8,10.1,12.88,30,0
1003.9,1.34,5.2,0.8,10.1,20.93,300,2
1003.9,1.34,5.2,0.8,10.1,9.64,156,0
1003.9,1.34,5.2,0.8,10.1,9.45,69,0
1003.9,1.34,5.2,0.8,10.1,2.87,59,0
1003.9,1.34,5.2,0.8,10.1,9.4,300,0
1003.9,0.54,17.4,15.3,19.6,29.01,231,2
1003.9,0.54,17.4,15.3,19.6,16.86,328,2
1003.9,0.54,17.4,15.3,19.6,14.7,352,0
1003.9,0.54,17.4,15.3,19.6,10.9,140,0
1003.9,0.54,17.4,15.3,19.6,23.23,189,2
1003.9,0.54,17.4,15.3,19.6,14.49,230,0
1003.9,0.54,17.4,15.3,19.6,11.27,210,0
1003.9,0.54,17.4,15.3,19.6,28.98,150,2
1003.9,0.54,17.4,15.3,19.6,6.44,330,0
1003.9,0.54,17.4,15.3,19.6,12.88,30,0
1003.9,0.54,17.4,15.3,19.6,20.93,300,2
1003.9,0.54,17.4,15.3,19.6,9.64,156,0
1003.9,0.54,17.4,15.3,19.6,9.45,69,0
1003.9,0.54,17.4,15.3,19.6,2.87,59,0
1003.9,0.54,17.4,15.3,19.6,9.4,300,0
1003.9,0.57,17.9,15.9,19.9,29.01,231,2
1003.9,0.57,17.9,15.9,19.9,16.86,328,2
1003.9,0.57,17.9,15.9,19.9,14.7,352,0
1003.9,0.57,17.9,15.9,19.9,10.9,140,0
1003.9,0.57,17.9,15.9,19.9,23.23,189,2
1003.9,0.57,17.9,15.9,19.9,14.49,230,0
1003.9,0.57,17.9,15.9,19.9,11.27,210,0
1003.9,0.57,17.9,15.9,19.9,28.98,150,2
1003.9,0.57,17.9,15.9,19.9,6.44,330,0
1003.9,0.57,17.9,15.9,19.9,12.88,30,0
1003.9,0.57,17.9,15.9,19.9,20.93,300,2
1003.9,0.57,17.9,15.9,19.9,9.64,156,0
1003.9,0.57,17.9,15.9,19.9,9.45,69,0
1003.9,0.57,17.9,15.9,19.9,2.87,59,0
1003.9,0.57,17.9,15.9,19.9,9.4,300,0
1003.9,0.57,15.7,10.2,17.9,29.01,231,2
1003.9,0.57,15.7,10.2,17.9,16.86,328,2
1003.9,0.57,15.7,10.2,17.9,14.7,352,0
1003.9,0.57,15.7,10.2,17.9,10.9,140,0
1003.9,0.57,15.7,10.2,17.9,23.23,189,2
1003.9,0.57,15.7,10.2,17.9,14.49,230,0
1003.9,0.57,15.7,10.2,17.9,11.27,210,0
1003.9,0.57,15.7,10.2,17.9,28.98,150,2
1003.9,0.57,15.7,10.2,17.9,6.44,330,0
1003.9,0.57,15.7,10.2,17.9,12.88,30,0
1003.9,0.57,15.7,10.2,17.9,20.93,300,2
1003.9,0.57,15.7,10.2,17.9,9.64,156,0
1003.9,0.57,15.7,10.2,17.9,9.45,69,0
1003.9,0.57,15.7,10.2,17.9,2.87,59,0
1003.9,0.57,15.7,10.2,17.9,9.4,300,0
1003.9,0.17,13.6,11.7,15.0,29.01,231,2
1003.9,0.17,13.6,11.7,15.0,16.86,328,2
1003.9,0.17,13.6,11.7,15.0,14.7,352,0
1003.9,0.17,13.6,11.7,15.0,10.9,140,0
1003.9,0.17,13.6,11.7,15.0,23.23,189,2
1003.9,0.17,13.6,11.7,15.0,14.49,230,0
1003.9,0.17,13.6,11.7,15.0,11.27,210,0
1003.9,0.17,13.6,11.7,15.0,28.98,150,2
1003.9,0.17,13.6,11.7,15.0,6.44,330,0
1003.9,0.17,13.6,11.7,15.0,12.88,30,0
1003.9,0.17,13.6,11.7,15.0,20.93,300,2
1003.9,0.17,13.6,11.7,15.0,9.64,156,0
1003.9,0.17,13.6,11.7,15.0,9.45,69,0
1003.9,0.17,13.6,11.7,15.0,2.87,59,0
1003.9,0.17,13.6,11.7,15.0,9.4,300,0
1003.9,1.19,14.4,10.5,18.3,29.01,231,2
1003.9,1.19,14.4,10.5,18.3,16.86,328,2
1003.9,1.19,14.4,10.5,18.3,14.7,352,0
1003.9,1.19,14.4,10.5,18.3,10.9,140,0
1003.9,1.19,14.4,10.5,18.3,23.23,189,2
1003.9,1.19,14.4,10.5,18.3,14.49,230,0
1003.9,1.19,14.4,10.5,18.3,11.27,210,0
1003.9,1.19,14.4,10.5,18.3,28.98,150,2
1003.9,1.19,14.4,10.5,18.3,6.44,330,0
1003.9,1.19,14.4,10.5,18.3,12.88,30,0
1003.9,1.19,14.4,10.5,18.3,20.93,300,2
1003.9,1.19,14.4,10.5,18.3,9.64,156,0
1003.9,1.19,14.4,10.5,18.3,9.45,69,0
1003.9,1.19,14.4,10.5,18.3,2.87,59,0
1003.9,1.19,14.4,10.5,18.3,9.4,300,0
1003.9,1.85,19.7,13.8,30.3,29.01,231,2
1003.9,1.85,19.7,13.8,30.3,16.86,328,2
1003.9,1.85,19.7,13.8,30.3,14.7,352,0
1003.9,1.85,19.7,13.8,30.3,10.9,140,0
1003.9,1.85,19.7,13.8,30.3,23.23,189,2
1003.9,1.85,19.7,13.8,30.3,14.49,230,0
1003.9,1.85,19.7,13.8,30.3,11.27,210,0
1003.9,1.85,19.7,13.8,30.3,28.98,150,2
1003.9,1.85,19.7,13.8,30.3,6.44,330,0
1003.9,1.85,19.7,13.8,30.3,12.88,30,0
1003.9,1.85,19.7,13.8,30.3,20.93,300,2
1003.9,1.85,19.7,13.8,30.3,9.64,156,0
1003.9,1.85,19.7,13.8,30.3,9.45,69,0
1003.9,1.85,19.7,13.8,30.3,2.87,59,0
1003.9,1.85,19.7,13.8,30.3,9.4,300,0
1003.9,1.93,13.9,8.3,20.0,29.01,231,2
1003.9,1.93,13.9,8.3,20.0,16.86,328,2
1003.9,1.93,13.9,8.3,20.0,14.7,352,0
1003.9,1.93,13.9,8.3,20.0,10.9,140,0
1003.9,1.93,13.9,8.3,20.0,23.23,189,2
1003.9,1.93,13.9,8.3,20.0,14.49,230,0
1003.9,1.93,13.9,8.3,20.0,11.27,210,0
1003.9,1.93,13.9,8.3,20.0,28.98,150,2
1003.9,1.93,13.9,8.3,20.0,6.44,330,0
1003.9,1.93,13.9,8.3,20.0,12.88,30,0
1003.9,1.93,13.9,8.3,20.0,20.93,300,2
1003.9,1.93,13.9,8.3,20.0,9.64,156,0
1003.9,1.93,13.9,8.3,20.0,9.45,69,0
1003.9,1.93,13.9,8.3,20.0,2.87,59,0
1003.9,1.93,13.9,8.3,20.0,9.4,300,0
1003.9,0.55,13.3,11.3,17.0,29.01,231,2
1003.9,0.55,13.3,11.3,17.0,16.86,328,2
1003.9,0.55,13.3,11.3,17.0,14.7,352,0
1003.9,0.55,13.3,11.3,17.0,10.9,140,0
1003.9,0.55,13.3,11.3,17.0,23.23,189,2
1003.9,0.55,13.3,11.3,17.0,14.49,230,0
1003.9,0.55,13.3,11.3,17.0,11.27,210,0
1003.9,0.55,13.3,11.3,17.0,28.98,150,2
1003.9,0.55,13.3,11.3,17.0,6.44,330,0
1003.9,0.55,13.3,11.3,17.0,12.88,30,0
1003.9,0.55,13.3,11.3,17.0,20.93,300,2
1003.9,0.55,13.3,11.3,17.0,9.64,156,0
1003.9,0.55,13.3,11.3,17.0,9.45,69,0
1003.9,0.55,13.3,11.3,17.0,2.87,59,0
1003.9,0.55,13.3,11.3,17.0,9.4,300,0
1003.9,0.12,5.6,3.8,6.9,29.01,231,2
1003.9,0.12,5.6,3.8,6.9,16.86,328,2
1003.9,0.12,5.6,3.8,6.9,14.7,352,0
1003.9,0.12,5.6,3.8,6.9,10.9,140,0
1003.9,0.12,5.6,3.8,6.9,23.23,189,2
1003.9,0.12,5.6,3.8,6.9,14.49,230,0
1003.9,0.12,5.6,3.8,6.9,11.27,210,0
1003.9,0.12,5.6,3.8,6.9,28.98,150,2
1003.9,0.12,5.6,3.8,6.9,6.44,330,0
1003.9,0.12,5.6,3.8,6.9,12.88,30,0
1003.9,0.12,5.6,3.8,6.9,20.93,300,2
1003.9,0.12,5.6,3.8,6.9,9.64,156,0
1003.9,0.12,5.6,3.8,6.9,9.45,69,0
1003.9,0.12,5.6,3.8,6.9,2.87,59,0
1003.9,0.12,5.6,3.8,6.9,9.4,300,0
1003.9,0.48,10.2,6.8,12.6,29.01,231,2
1003.9,0.48,10.2,6.8,12.6,16.86,328,2
1003.9,0.48,10.2,6.8,12.6,14.7,352,0
1003.9,0.48,10.2,6.8,12.6,10.9,140,0
1003.9,0.48,10.2,6.8,12.6,23.23,189,2
1003.9,0.48,10.2,6.8,12.6,14.49,230,0
1003.9,0.48,10.2,6.8,12.6,11.27,210,0
1003.9,0.48,10.2,6.8,12.6,28.98,150,2
1003.9,0.48,10.2,6.8,12.6,6.44,330,0
1003.9,0.48,10.2,6.8,12.6,12.88,30,0
1003.9,0.48,10.2,6.8,12.6,20.93,300,2
1003.9,0.48,10.2,6.8,12.6,9.64,156,0
1003.9,0.48,10.2,6.8,12.6,9.45,69,0
1003.9,0.48,10.2,6.8,12.6,2.87,59,0
1003.9,0.48,10.2,6.8,12.6,9.4,300,0
1003.9,0.17,4.4,1.7,5.7,29.01,231,2
1003.9,0.17,4.4,1.7,5.7,16.86,328,2
1003.9,0.17,4.4,1.7,5.7,14.7,352,0
1003.9,0.17,4.4,1.7,5.7,10.9,140,0
1003.9,0.17,4.4,1.7,5.7,23.23,189,2
1003.9,0.17,4.4,1.7,5.7,14.49,230,0
1003.9,0.17,4.4,1.7,5.7,11.27,210,0
1003.9,0.17,4.4,1.7,5.7,28.98,150,2
1003.9,0.17,4.4,1.7,5.7,6.44,330,0
1003.9,0.17,4.4,1.7,5.7,12.88,30,0
1003.9,0.17,4.4,1.7,5.7,20.93,300,2
1003.9,0.17,4.4,1.7,5.7,9.64,156,0
1003.9,0.17,4.4,1.7,5.7,9.45,69,0
1003.9,0.17,4.4,1.7,5.7,2.87,59,0
1003.9,0.17,4.4,1.7,5.7,9.4,300,0
1003.9,0.73,-0.4,-2.5,2.5,29.01,231,2
1003.9,0.73,-0.4,-2.5,2.5,16.86,328,2
1003.9,0.73,-0.4,-2.5,2.5,14.7,352,0
1003.9,0.73,-0.4,-2.5,2.5,10.9,140,0
1003.9,0.73,-0.4,-2.5,2.5,23.23,189,2
1003.9,0.73,-0.4,-2.5,2.5,14.49,230,0
1003.9,0.73,-0.4,-2.5,2.5,11.27,210,0
1003.9,0.73,-0.4,-2.5,2.5,28.98,150,2
1003.9,0.73,-0.4,-2.5,2.5,6.44,330,0
1003.9,0.73,-0.4,-2.5,2.5,12.88,30,0
1003.9,0.73,-0.4,-2.5,2.5,20.93,300,2
1003.9,0.73,-0.4,-2.5,2.5,9.64,156,0
1003.9,0.73,-0.4,-2.5,2.5,9.45,69,0
1003.9,0.73,-0.4,-2.5,2.5,2.87,59,0
1003.9,0.73,-0.4,-2.5,2.5,9.4,300,0
1003.9,0.12,6.3,4.8,7.1,29.01,231,2
1003.9,0.12,6.3,4.8,7.1,16.86,328,2
1003.9,0.12,6.3,4.8,7.1,14.7,352,0
1003.9,0.12,6.3,4.8,7.1,10.9,140,0
1003.9,0.12,6.3,4.8,7.1,23.23,189,2
1003.9,0.12,6.3,4.8,7.1,14.49,230,0
1003.9,0.12,6.3,4.8,7.1,11.27,210,0
1003.9,0.12,6.3,4.8,7.1,28.98,150,2
1003.9,0.12,6.3,4.8,7.1,6.44,330,0
1003.9,0.12,6.3,4.8,7.1,12.88,30,0
1003.9,0.12,6.3,4.8,7.1,20.93,300,2
1003.9,0.12,6.3,4.8,7.1,9.64,156,0
1003.9,0.12,6.3,4.8,7.1,9.45,69,0
1003.9,0.12,6.3,4.8,7.1,2.87,59,0
1003.9,0.12,6.3,4.8,7.1,9.4,300,0
1003.9,0.15,7.4,2.7,10.4,29.01,231,2
1003.9,0.15,7.4,2.7,10.4,16.86,328,2
1003.9,0.15,7.4,2.7,10.4,14.7,352,0
1003.9,0.15,7.4,2.7,10.4,10.9,140,0
1003.9,0.15,7.4,2.7,10.4,23.23,189,2
1003.9,0.15,7.4,2.7,10.4,14.49,230,0
1003.9,0.15,7.4,2.7,10.4,11.27,210,0
1003.9,0.15,7.4,2.7,10.4,28.98,150,2
1003.9,0.15,7.4,2.7,10.4,6.44,330,0
1003.9,0.15,7.4,2.7,10.4,12.88,30,0
1003.9,0.15,7.4,2.7,10.4,20.93,300,2
1003.9,0.15,7.4,2.7,10.4,9.64,156,0
1003.9,0.15,7.4,2.7,10.4,9.45,69,0
1003.9,0.15,7.4,2.7,10.4,2.87,59,0
1003.9,0.15,7.4,2.7,10.4,9.4,300,0
1003.9,0.68,18.7,16.8,20.6,29.01,231,2
1003.9,0.68,18.7,16.8,20.6,16.86,328,2
1003.9,0.68,18.7,16.8,20.6,14.7,352,0
1003.9,0.68,18.7,16.8,20.6,10.9,140,0
1003.9,0.68,18.7,16.8,20.6,23.23,189,2
1003.9,0.68,18.7,16.8,20.6,14.49,230,0
1003.9,0.68,18.7,16.8,20.6,11.27,210,0
1003.9,0.68,18.7,16.8,20.6,28.98,150,2
1003.9,0.68,18.7,16.8,20.6,6.44,330,0
1003.9,0.68,18.7,16.8,20.6,12.88,30,0
1003.9,0.68,18.7,16.8,20.6,20.93,300,2
1003.9,0.68,18.7,16.8,20.6,9.64,156,0
1003.9,0.68,18.7,16.8,20.6,9.45,69,0
1003.9,0.68,18.7,16.8,20.6,2.87,59,0
1003.9,0.68,18.7,16.8,20.6,9.4,300,0
1003.9,1.09,18.3,15.4,21.6,29.01,231,2
1003.9,1.09,18.3,15.4,21.6,16.86,328,2
1003.9,1.09,18.3,15.4,21.6,14.7,352,0
1003.9,1.09,18.3,15.4,21.6,10.9,140,0
1003.9,1.09,18.3,15.4,21.6,23.23,189,2
1003.9,1.09,18.3,15.4,21.6,14.49,230,0
1003.9,1.09,18.3,15.4,21.6,11.27,210,0
1003.9,1.09,18.3,15.4,21.6,28.98,150,2
1003.9,1.09,18.3,15.4,21.6,6.44,330,0
1003.9,1.09,18.3,15.4,21.6,12.88,30,0
1003.9,1.09,18.3,15.4,21.6,20.93,300,2
1003.9,1.09,18.3,15.4,21.6,9.64,156,0
1003.9,1.09,18.3,15.4,21.6,9.45,69,0
1003.9,1.09,18.3,15.4,21.6,2.87,59,0
1003.9,1.09,18.3,15.4,21.6,9.4,300,0
1003.9,0.25,5.2,2.0,7.3,29.01,231,2
1003.9,0.25,5.2,2.0,7.3,16.86,328,2
1003.9,0.25,5.2,2.0,7.3,14.7,352,0
1003.9,0.25,5.2,2.0,7.3,10.9,140,0
1003.9,0.25,5.2,2.0,7.3,23.23,189,2
1003.9,0.25,5.2,2.0,7.3,14.49,230,0
1003.9,0.25,5.2,2.0,7.3,11.27,210,0
1003.9,0.25,5.2,2.0,7.3,28.98,150,2
1003.9,0.25,5.2,2.0,7.3,6.44,330,0
1003.9,0.25,5.2,2.0,7.3,12.88,30,0
1003.9,0.25,5.2,2.0,7.3,20.93,300,2
1003.9,0.25,5.2,2.0,7.3,9.64,156,0
1003.9,0.25,5.2,2.0,7.3,9.45,69,0
1003.9,0.25,5.2,2.0,7.3,2.87,59,0
1003.9,0.25,5.2,2.0,7.3,9.4,300,0
1003.9,0.31,1.5,-1.8,3.2,29.01,231,2
1003.9,0.31,1.5,-1.8,3.2,16.86,328,2
1003.9,0.31,1.5,-1.8,3.2,14.7,352,0
1003.9,0.31,1.5,-1.8,3.2,10.9,140,0
1003.9,0.31,1.5,-1.8,3.2,23.23,189,2
1003.9,0.31,1.5,-1.8,3.2,14.49,230,0
1003.9,0.31,1.5,-1.8,3.2,11.27,210,0
1003.9,0.31,1.5,-1.8,3.2,28.98,150,2
1003.9,0.31,1.5,-1.8,3.2,6.44,330,0
1003.9,0.31,1.5,-1.8,3.2,12.88,30,0
1003.9,0.31,1.5,-1.8,3.2,20.93,300,2
1003.9,0.31,1.5,-1.8,3.2,9.64,156,0
1003.9,0.31,1.5,-1.8,3.2,9.45,69,0
1003.9,0.31,1.5,-1.8,3.2,2.87,59,0
1003.9,0.31,1.5,-1.8,3.2,9.4,300,0
1003.9,0.39,9.8,6.0,12.9,29.01,231,2
1003.9,0.39,9.8,6.0,12.9,16.86,328,2
1003.9,0.39,9.8,6.0,12.9,14.7,352,0
1003.9,0.39,9.8,6.0,12.9,10.9,140,0
1003.9,0.39,9.8,6.0,12.9,23.23,189,2
1003.9,0.39,9.8,6.0,12.9,14.49,230,0
1003.9,0.39,9.8,6.0,12.9,11.27,210,0
1003.9,0.39,9.8,6.0,12.9,28.98,150,2
1003.9,0.39,9.8,6.0,12.9,6.44,330,0
1003.9,0.39,9.8,6.0,12.9,12.88,30,0
1003.9,0.39,9.8,6.0,12.9,20.93,300,2
1003.9,0.39,9.8,6.0,12.9,9.64,156,0
1003.9,0.39,9.8,6.0,12.9,9.45,69,0
1003.9,0.39,9.8,6.0,12.9,2.87,59,0
1003.9,0.39,9.8,6.0,12.9,9.4,300,0
1003.9,1.58,7.8,3.6,13.2,29.01,231,2
1003.9,1.58,7.8,3.6,13.2,16.86,328,2
1003.9,1.58,7.8,3.6,13.2,14.7,352,0
1003.9,1.58,7.8,3.6,13.2,10.9,140,0
1003.9,1.58,7.8,3.6,13.2,23.23,189,2
1003.9,1.58,7.8,3.6,13.2,14.49,230,0
1003.9,1.58,7.8,3.6,13.2,11.27,210,0
1003.9,1.58,7.8,3.6,13.2,28.98,150,2
1003.9,1.58,7.8,3.6,13.2,6.44,330,0
1003.9,1.58,7.8,3.6,13.2,12.88,30,0
1003.9,1.58,7.8,3.6,13.2,20.93,300,2
1003.9,1.58,7.8,3.6,13.2,9.64,156,0
1003.9,1.58,7.8,3.6,13.2,9.45,69,0
1003.9,1.58,7.8,3.6,13.2,2.87,59,0
1003.9,1.58,7.8,3.6,13.2,9.4,300,0
1003.9,0.55,5.1,3.0,7.8,29.01,231,2
1003.9,0.55,5.1,3.0,7.8,16.86,328,2
1003.9,0.55,5.1,3.0,7.8,14.7,352,0
1003.9,0.55,5.1,3.0,7.8,10.9,140,0
1003.9,0.55,5.1,3.0,7.8,23.23,189,2
1003.9,0.55,5.1,3.0,7.8,14.49,230,0
1003.9,0.55,5.1,3.0,7.8,11.27,210,0
1003.9,0.55,5.1,3.0,7.8,28.98,150,2
1003.9,0.55,5.1,3.0,7.8,6.44,330,0
1003.9,0.55,5.1,3.0,7.8,12.88,30,0
1003.9,0.55,5.1,3.0,7.8,20.93,300,2
1003.9,0.55,5.1,3.0,7.8,9.64,156,0
1003.9,0.55,5.1,3.0,7.8,9.45,69,0
1003.9,0.55,5.1,3.0,7.8,2.87,59,0
1003.9,0.55,5.1,3.0,7.8,9.4,300,0
1003.9,1.32,16.2,11.9,22.4,29.01,231,2
1003.9,1.32,16.2,11.9,22.4,16.86,328,2
1003.9,1.32,16.2,11.9,22.4,14.7,352,0
1003.9,1.32,16.2,11.9,22.4,10.9,140,0
1003.9,1.32,16.2,11.9,22.4,23.23,189,2
1003.9,1.32,16.2,11.9,22.4,14.49,230,0
1003.9,1.32,16.2,11.9,22.4,11.27,210,0
1003.9,1.32,16.2,11.9,22.4,28.98,150,2
1003.9,1.32,16.2,11.9,22.4,6.44,330,0
1003.9,1.32,16.2,11.9,22.4,12.88,30,0
1003.9,1.32,16.2,11.9,22.4,20.93,300,2
1003.9,1.32,16.2,11.9,22.4,9.64,156,0
1003.9,1.32,16.2,11.9,22.4,9.45,69,0
1003.9,1.32,16.2,11.9,22.4,2.87,59,0
1003.9,1.32,16.2,11.9,22.4,9.4,300,0
1003.9,1.14,12.4,9.8,17.0,29.01,231,2
1003.9,1.14,12.4,9.8,17.0,16.86,328,2
1003.9,1.14,12.4,9.8,17.0,14.7,352,0
1003.9,1.14,12.4,9.8,17.0,10.9,140,0
1003.9,1.14,12.4,9.8,17.0,23.23,189,2
1003.9,1.14,12.4,9.8,17.0,14.49,230,0
1003.9,1.14,12.4,9.8,17.0,11.27,210,0
1003.9,1.14,12.4,9.8,17.0,28.98,150,2
1003.9,1.14,12.4,9.8,17.0,6.44,330,0
1003.9,1.14,12.4,9.8,17.0,12.88,30,0
1003.9,1.14,12.4,9.8,17.0,20.93,300,2
1003.9,1.14,12.4,9.8,17.0,9.64,156,0
1003.9,1.14,12.4,9.8,17.0,9.45,69,0
1003.9,1.14,12.4,9.8,17.0,2.87,59,0
1003.9,1.14,12.4,9.8,17.0,9.4,300,0
1003.9,1.09,12.7,10.4,14.7,29.01,231,2
1003.9,1.09,12.7,10.4,14.7,16.86,328,2
1003.9,1.09,12.7,10.4,14.7,14.7,352,0
1003.9,1.09,12.7,10.4,14.7,10.9,140,0
1003.9,1.09,12.7,10.4,14.7,23.23,189,2
1003.9,1.09,12.7,10.4,14.7,14.49,230,0
1003.9,1.09,12.7,10.4,14.7,11.27,210,0
1003.9,1.09,12.7,10.4,14.7,28.98,150,2
1003.9,1.09,12.7,10.4,14.7,6.44,330,0
1003.9,1.09,12.7,10.4,14.7,12.88,30,0
1003.9,1.09,12.7,10.4,14.7,20.93,300,2
1003.9,1.09,12.7,10.4,14.7,9.64,156,0
1003.9,1.09,12.7,10.4,14.7,9.45,69,0
1003.9,1.09,12.7,10.4,14.7,2.87,59,0
1003.9,1.09,12.7,10.4,14.7,9.4,300,0
1003.9,0.18,10.7,7.5,12.7,29.01,231,2
1003.9,0.18,10.7,7.5,12.7,16.86,328,2
1003.9,0.18,10.7,7.5,12.7,14.7,352,0
1003.9,0.18,10.7,7.5,12.7,10.9,140,0
1003.9,0.18,10.7,7.5,12.7,23.23,189,2
1003.9,0.18,10.7,7.5,12.7,14.49,230,0
1003.9,0.18,10.7,7.5,12.7,11.27,210,0
1003.9,0.18,10.7,7.5,12.7,28.98,150,2
1003.9,0.18,10.7,7.5,12.7,6.44,330,0
1003.9,0.18,10.7,7.5,12.7,12.88,30,0
1003.9,0.18,10.7,7.5,12.7,20.93,300,2
1003.9,0.18,10.7,7.5,12.7,9.64,156,0
1003.9,0.18,10.7,7.5,12.7,9.45,69,0
1003.9,0.18,10.7,7.5,12.7,2.87,59,0
1003.9,0.18,10.7,7.5,12.7,9.4,300,0
1003.9,0.88,16.8,15.5,18.1,29.01,231,2
1003.9,0.88,16.8,15.5,18.1,16.86,328,2
1003.9,0.88,16.8,15.5,18.1,14.7,352,0
1003.9,0.88,16.8,15.5,18.1,10.9,140,0
1003.9,0.88,16.8,15.5,18.1,23.23,189,2
1003.9,0.88,16.8,15.5,18.1,14.49,230,0
1003.9,0.88,16.8,15.5,18.1,11.27,210,0
1003.9,0.88,16.8,15.5,18.1,28.98,150,2
1003.9,0.88,16.8,15.5,18.1,6.44,330,0
1003.9,0.88,16.8,15.5,18.1,12.88,30,0
1003.9,0.88,16.8,15.5,18.1,20.93,300,2
1003.9,0.88,16.8,15.5,18.1,9.64,156,0
1003.9,0.88,16.8,15.5,18.1,9.45,69,0
1003.9,0.88,16.8,15.5,18.1,2.87,59,0
1003.9,0.88,16.8,15.5,18.1,9.4,300,0
1003.9,0.14,10.4,6.9,13.8,29.01,231,2
1003.9,0.14,10.4,6.9,13.8,16.86,328,2
1003.9,0.14,10.4,6.9,13.8,14.7,352,0
1003.9,0.14,10.4,6.9,13.8,10.9,140,0
1003.9,0.14,10.4,6.9,13.8,23.23,189,2
1003.9,0.14,10.4,6.9,13.8,14.49,230,0
1003.9,0.14,10.4,6.9,13.8,11.27,210,0
1003.9,0.14,10.4,6.9,13.8,28.98,150,2
1003.9,0.14,10.4,6.9,13.8,6.44,330,0
1003.9,0.14,10.4,6.9,13.8,12.88,30,0
1003.9,0.14,10.4,6.9,13.8,20.93,300,2
1003.9,0.14,10.4,6.9,13.8,9.64,156,0
1003.9,0.14,10.4,6.9,13.8,9.45,69,0
1003.9,0.14,10.4,6.9,13.8,2.87,59,0
1003.9,0.14,10.4,6.9,13.8,9.4,300,0
1003.9,0.87,7.7,5.4,11.2,29.01,231,2
1003.9,0.87,7.7,5.4,11.2,16.86,328,2
1003.9,0.87,7.7,5.4,11.2,14.7,352,0
1003.9,0.87,7.7,5.4,11.2,10.9,140,0
1003.9,0.87,7.7,5.4,11.2,23.23,189,2
1003.9,0.87,7.7,5.4,11.2,14.49,230,0
1003.9,0.87,7.7,5.4,11.2,11.27,210,0
1003.9,0.87,7.7,5.4,11.2,28.98,150,2
1003.9,0.87,7.7,5.4,11.2,6.44,330,0
1003.9,0.87,7.7,5.4,11.2,12.88,30,0
1003.9,0.87,7.7,5.4,11.2,20.93,300,2
1003.9,0.87,7.7,5.4,11.2,9.64,156,0
1003.9,0.87,7.7,5.4,11.2,9.45,69,0
1003.9,0.87,7.7,5.4,11.2,2.87,59,0
1003.9,0.87,7.7,5.4,11.2,9.4,300,0
1003.9,0.3,5.9,1.1,9.4,29.01,231,2
1003.9,0.3,5.9,1.1,9.4,16.86,328,2
1003.9,0.3,5.9,1.1,9.4,14.7,352,0
1003.9,0.3,5.9,1.1,9.4,10.9,140,0
1003.9,0.3,5.9,1.1,9.4,23.23,189,2
1003.9,0.3,5.9,1.1,9.4,14.49,230,0
1003.9,0.3,5.9,1.1,9.4,11.27,210,0
1003.9,0.3,5.9,1.1,9.4,28.98,150,2
1003.9,0.3,5.9,1.1,9.4,6.44,330,0
1003.9,0.3,5.9,1.1,9.4,12.88,30,0
1003.9,0.3,5.9,1.1,9.4,20.93,300,2
1003.9,0.3,5.9,1.1,9.4,9.64,156,0
1003.9,0.3,5.9,1.1,9.4,9.45,69,0
1003.9,0.3,5.9,1.1,9.4,2.87,59,0
1003.9,0.3,5.9,1.1,9.4,9.4,300,0
1004.0,0.43,-1.1,-4.4,1.9,25.34,311,3
1004.0,0.43,-1.1,-4.4,1.9,17.85,310,3
1004.0,0.43,-1.1,-4.4,1.9,2.93,179,1
1004.0,0.43,-1.1,-4.4,1.9,6.81,19,1
1004.0,0.43,-1.1,-4.4,1.9,14.33,233,1
1004.0,0.43,-1.1,-4.4,1.9,16.1,0,3
1004.0,0.43,-1.1,-4.4,1.9,27.37,340,3
1004.0,0.43,-1.1,-4.4,1.9,14.49,170,1
1004.0,0.43,-1.1,-4.4,1.9,20.93,170,3
1004.0,0.43,-1.1,-4.4,1.9,17.71,150,3
1004.0,0.43,-1.1,-4.4,1.9,11.19,281,1
1004.0,0.43,-1.1,-4.4,1.9,35.52,302,3
1004.0,0.43,-1.1,-4.4,1.9,7.76,179,1
1004.0,0.43,-1.1,-4.4,1.9,27.39,189,3
1004.0,0.43,-1.1,-4.4,1.9,17.71,260,3
1004.0,0.43,-1.1,-4.4,1.9,9.82,259,1
1004.0,2.6,23.1,20.6,28.2,25.34,311,3
1004.0,2.6,23.1,20.6,28.2,17.85,310,3
1004.0,2.6,23.1,20.6,28.2,2.93,179,1
1004.0,2.6,23.1,20.6,28.2,6.81,19,1
1004.0,2.6,23.1,20.6,28.2,14.33,233,1
1004.0,2.6,23.1,20.6,28.2,16.1,0,3
1004.0,2.6,23.1,20.6,28.2,27.37,340,3
1004.0,2.6,23.1,20.6,28.2,14.49,170,1
1004.0,2.6,23.1,20.6,28.2,20.93,170,3
1004.0,2.6,23.1,20.6,28.2,17.71,150,3
1004.0,2.6,23.1,20.6,28.2,11.19,281,1
1004.0,2.6,23.1,20.6,28.2,35.52,302,3
1004.0,2.6,23.1,20.6,28.2,7.76,179,1
1004.0,2.6,23.1,20.6,28.2,27.39,189,3
1004.0,2.6,23.1,20.6,28.2,17.71,260,3
1004.0,2.6,23.1,20.6,28.2,9.82,259,1
1004.0,2.31,12.9,5.0,19.3,25.34,311,3
1004.0,2.31,12.9,5.0,19.3,17.85,310,3
1004.0,2.31,12.9,5.0,19.3,2.93,179,1
1004.0,2.31,12.9,5.0,19.3,6.81,19,1
1004.0,2.31,12.9,5.0,19.3,14.33,233,1
1004.0,2.31,12.9,5.0,19.3,16.1,0,3
1004.0,2.31,12.9,5.0,19.3,27.37,340,3
1004.0,2.31,12.9,5.0,19.3,14.49,170,1
1004.0,2.31,12.9,5.0,19.3,20.93,170,3
1004.0,2.31,12.9,5.0,19.3,17.71,150,3
1004.0,2.31,12.9,5.0,19.3,11.19,281,1
1004.0,2.31,12.9,5.0,19.3,35.52,302,3
1004.0,2.31,12.9,5.0,19.3,7.76,179,1
1004.0,2.31,12.9,5.0,19.3,27.39,189,3
1004.0,2.31,12.9,5.0,19.3,17.71,260,3
1004.0,2.31,12.9,5.0,19.3,9.82,259,1
1004.0,1.27,15.1,12.3,18.6,25.34,311,3
1004.0,1.27,15.1,12.3,18.6,17.85,310,3
1004.0,1.27,15.1,12.3,18.6,2.93,179,1
1004.0,1.27,15.1,12.3,18.6,6.81,19,1
1004.0,1.27,15.1,12.3,18.6,14.33,233,1
1004.0,1.27,15.1,12.3,18.6,16.1,0,3
1004.0,1.27,15.1,12.3,18.6,27.37,340,3
1004.0,1.27,15.1,12.3,18.6,14.49,170,1
1004.0,1.27,15.1,12.3,18.6,20.93,170,3
1004.0,1.27,15.1,12.3,18.6,17.71,150,3
1004.0,1.27,15.1,12.3,18.6,11.19,281,1
1004.0,1.27,15.1,12.3,18.6,35.52,302,3
1004.0,1.27,15.1,12.3,18.6,7.76,179,1
1004.0,1.27,15.1,12.3,18.6,27.39,189,3
1004.0,1.27,15.1,12.3,18.6,17.71,260,3
1004.0,1.27,15.1,12.3,18.6,9.82,259,1
1004.0,0.35,10.8,9.4,9.5,25.34,311,3
1004.0,0.35,10.8,9.4,9.5,17.85,310,3
1004.0,0.35,10.8,9.4,9.5,2.93,179,1
1004.0,0.35,10.8,9.4,9.5,6.81,19,1
1004.0,0.35,10.8,9.4,9.5,14.33,233,1
1004.0,0.35,10.8,9.4,9.5,16.1,0,3
1004.0,0.35,10.8,9.4,9.5,27.37,340,3
1004.0,0.35,10.8,9.4,9.5,14.49,170,1
1004.0,0.35,10.8,9.4,9.5,20.93,170,3
1004.0,0.35,10.8,9.4,9.5,17.71,150,3
1004.0,0.35,10.8,9.4,9.5,11.19,281,1
1004.0,0.35,10.8,9.4,9.5,35.52,302,3
1004.0,0.35,10.8,9.4,9.5,7.76,179,1
1004.0,0.35,10.8,9.4,9.5,27.39,189,3
1004.0,0.35,10.8,9.4,9.5,17.71,260,3
1004.0,0.35,10.8,9.4,9.5,9.82,259,1
1004.0,1.65,9.5,6.5,10.0,25.34,311,3
1004.0,1.65,9.5,6.5,10.0,17.85,310,3
1004.0,1.65,9.5,6.5,10.0,2.93,179,1
1004.0,1.65,9.5,6.5,10.0,6.81,19,1
1004.0,1.65,9.5,6.5,10.0,14.33,233,1
1004.0,1.65,9.5,6.5,10.0,16.1,0,3
1004.0,1.65,9.5,6.5,10.0,27.37,340,3
1004.0,1.65,9.5,6.5,10.0,14.49,170,1
1004.0,1.65,9.5,6.5,10.0,20.93,170,3
1004.0,1.65,9.5,6.5,10.0,17.71,150,3
1004.0,1.65,9.5,6.5,10.0,11.19,281,1
1004.0,1.65,9.5,6.5,10.0,35.52,302,3
1004.0,1.65,9.5,6.5,10.0,7.76,179,1
1004.0,1.65,9.5,6.5,10.0,27.39,189,3
1004.0,1.65,9.5,6.5,10.0,17.71,260,3
1004.0,1.65,9.5,6.5,10.0,9.82,259,1
1004.0,0.45,9.5,7.2,12.3,25.34,311,3
1004.0,0.45,9.5,7.2,12.3,17.85,310,3
1004.0,0.45,9.5,7.2,12.3,2.93,179,1
1004.0,0.45,9.5,7.2,12.3,6.81,19,1
1004.0,0.45,9.5,7.2,12.3,14.33,233,1
1004.0,0.45,9.5,7.2,12.3,16.1,0,3
1004.0,0.45,9.5,7.2,12.3,27.37,340,3
1004.0,0.45,9.5,7.2,12.3,14.49,170,1
1004.0,0.45,9.5,7.2,12.3,20.93,170,3
1004.0,0.45,9.5,7.2,12.3,17.71,150,3
1004.0,0.45,9.5,7.2,12.3,11.19,281,1
1004.0,0.45,9.5,7.2,12.3,35.52,302,3
1004.0,0.45,9.5,7.2,12.3,7.76,179,1
1004.0,0.45,9.5,7.2,12.3,27.39,189,3
1004.0,0.45,9.5,7.2,12.3,17.71,260,3
1004.0,0.45,9.5,7.2,12.3,9.82,259,1
1004.0,0.22,7.6,4.9,9.6,25.34,311,2
1004.0,0.22,7.6,4.9,9.6,17.85,310,2
1004.0,0.22,7.6,4.9,9.6,2.93,179,0
1004.0,0.22,7.6,4.9,9.6,6.81,19,0
1004.0,0.22,7.6,4.9,9.6,14.33,233,0
1004.0,0.22,7.6,4.9,9.6,16.1,0,2
1004.0,0.22,7.6,4.9,9.6,27.37,340,2
1004.0,0.22,7.6,4.9,9.6,14.49,170,0
1004.0,0.22,7.6,4.9,9.6,20.93,170,2
1004.0,0.22,7.6,4.9,9.6,17.71,150,2
1004.0,0.22,7.6,4.9,9.6,11.19,281,0
1004.0,0.22,7.6,4.9,9.6,35.52,302,2
1004.0,0.22,7.6,4.9,9.6,7.76,179,0
1004.0,0.22,7.6,4.9,9.6,27.39,189,2
1004.0,0.22,7.6,4.9,9.6,17.71,260,2
1004.0,0.22,7.6,4.9,9.6,9.82,259,0
1004.0,1.32,16.5,12.9,20.4,25.34,311,2
1004.0,1.32,16.5,12.9,20.4,17.85,310,2
1004.0,1.32,16.5,12.9,20.4,2.93,179,0
1004.0,1.32,16.5,12.9,20.4,6.81,19,0
1004.0,1.32,16.5,12.9,20.4,14.33,233,0
1004.0,1.32,16.5,12.9,20.4,16.1,0,2
1004.0,1.32,16.5,12.9,20.4,27.37,340,2
1004.0,1.32,16.5,12.9,20.4,14.49,170,0
1004.0,1.32,16.5,12.9,20.4,20.93,170,2
1004.0,1.32,16.5,12.9,20.4,17.71,150,2
1004.0,1.32,16.5,12.9,20.4,11.19,281,0
1004.0,1.32,16.5,12.9,20.4,35.52,302,2
1004.0,1.32,16.5,12.9,20.4,7.76,179,0
1004.0,1.32,16.5,12.9,20.4,27.39,189,2
1004.0,1.32,16.5,12.9,20.4,17.71,260,2
1004.0,1.32,16.5,12.9,20.4,9.82,259,0
1004.0,0.18,8.7,7.8,10.0,25.34,311,2
1004.0,0.18,8.7,7.8,10.0,17.85,310,2
1004.0,0.18,8.7,7.8,10.0,2.93,179,0
1004.0,0.18,8.7,7.8,10.0,6.81,19,0
1004.0,0.18,8.7,7.8,10.0,14.33,233,0
1004.0,0.18,8.7,7.8,10.0,16.1,0,2
1004.0,0.18,8.7,7.8,10.0,27.37,340,2
1004.0,0.18,8.7,7.8,10.0,14.49,170,0
1004.0,0.18,8.7,7.8,10.0,20.93,170,2
1004.0,0.18,8.7,7.8,10.0,17.71,150,2
1004.0,0.18,8.7,7.8,10.0,11.19,281,0
1004.0,0.18,8.7,7.8,10.0,35.52,302,2
1004.0,0.18,8.7,7.8,10.0,7.76,179,0
1004.0,0.18,8.7,7.8,10.0,27.39,189,2
1004.0,0.18,8.7,7.8,10.0,17.71,260,2
1004.0,0.18,8.7,7.8,10.0,9.82,259,0
1004.0,1.22,15.6,13.2,18.1,25.34,311,2
1004.0,1.22,15.6,13.2,18.1,17.85,310,2
1004.0,1.22,15.6,13.2,18.1,2.93,179,0
1004.0,1.22,15.6,13.2,18.1,6.81,19,0
1004.0,1.22,15.6,13.2,18.1,14.33,233,0
1004.0,1.22,15.6,13.2,18.1,16.1,0,2
1004.0,1.22,15.6,13.2,18.1,27.37,340,2
1004.0,1.22,15.6,13.2,18.1,14.49,170,0
1004.0,1.22,15.6,13.2,18.1,20.93,170,2
1004.0,1.22,15.6,13.2,18.1,17.71,150,2
1004.0,1.22,15.6,13.2,18.1,11.19,281,0
1004.0,1.22,15.6,13.2,18.1,35.52,302,2
1004.0,1.22,15.6,13.2,18.1,7.76,179,0
1004.0,1.22,15.6,13.2,18.1,27.39,189,2
1004.0,1.22,15.6,13.2,18.1,17.71,260,2
1004.0,1.22,15.6,13.2,18.1,9.82,259,0
1004.0,0.95,11.4,8.0,17.0,25.34,311,2
1004.0,0.95,11.4,8.0,17.0,17.85,310,2
1004.0,0.95,11.4,8.0,17.0,2.93,179,0
1004.0,0.95,11.4,8.0,17.0,6.81,19,0
1004.0,0.95,11.4,8.0,17.0,14.33,233,0
1004.0,0.95,11.4,8.0,17.0,16.1,0,2
1004.0,0.95,11.4,8.0,17.0,27.37,340,2
1004.0,0.95,11.4,8.0,17.0,14.49,170,0
1004.0,0.95,11.4,8.0,17.0,20.93,170,2
1004.0,0.95,11.4,8.0,17.0,17.71,150,2
1004.0,0.95,11.4,8.0,17.0,11.19,281,0
1004.0,0.95,11.4,8.0,17.0,35.52,302,2
1004.0,0.95,11.4,8.0,17.0,7.76,179,0
1004.0,0.95,11.4,8.0,17.0,27.39,189,2
1004.0,0.95,11.4,8.0,17.0,17.71,260,2
1004.0,0.95,11.4,8.0,17.0,9.82,259,0
1004.0,0.85,8.7,4.5,14.0,25.34,311,2
1004.0,0.85,8.7,4.5,14.0,17.85,310,2
1004.0,0.85,8.7,4.5,14.0,2.93,179,0
1004.0,0.85,8.7,4.5,14.0,6.81,19,0
1004.0,0.85,8.7,4.5,14.0,14.33,233,0
1004.0,0.85,8.7,4.5,14.0,16.1,0,2
1004.0,0.85,8.7,4.5,14.0,27.37,340,2
1004.0,0.85,8.7,4.5,14.0,14.49,170,0
1004.0,0.85,8.7,4.5,14.0,20.93,170,2
1004.0,0.85,8.7,4.5,14.0,17.71,150,2
1004.0,0.85,8.7,4.5,14.0,11.19,281,0
1004.0,0.85,8.7,4.5,14.0,35.52,302,2
1004.0,0.85,8.7,4.5,14.0,7.76,179,0
1004.0,0.85,8.7,4.5,14.0,27.39,189,2
1004.0,0.85,8.7,4.5,14.0,17.71,260,2
1004.0,0.85,8.7,4.5,14.0,9.82,259,0
1004.0,2.8,17.1,13.3,21.7,25.34,311,2
1004.0,2.8,17.1,13.3,21.7,17.85,310,2
1004.0,2.8,17.1,13.3,21.7,2.93,179,0
1004.0,2.8,17.1,13.3,21.7,6.81,19,0
1004.0,2.8,17.1,13.3,21.7,14.33,233,0
1004.0,2.8,17.1,13.3,21.7,16.1,0,2
1004.0,2.8,17.1,13.3,21.7,27.37,340,2
1004.0,2.8,17.1,13.3,21.7,14.49,170,0
1004.0,2.8,17.1,13.3,21.7,20.93,170,2
1004.0,2.8,17.1,13.3,21.7,17.71,150,2
1004.0,2.8,17.1,13.3,21.7,11.19,281,0
1004.0,2.8,17.1,13.3,21.7,35.52,302,2
1004.0,2.8,17.1,13.3,21.7,7.76,179,0
1004.0,2.8,17.1,13.3,21.7,27.39,189,2
1004.0,2.8,17.1,13.3,21.7,17.71,260,2
1004.0,2.8,17.1,13.3,21.7,9.82,259,0
1004.0,2.89,9.7,5.1,13.9,25.34,311,2
1004.0,2.89,9.7,5.1,13.9,17.85,310,2
1004.0,2.89,9.7,5.1,13.9,2.93,179,0
1004.0,2.89,9.7,5.1,13.9,6.81,19,0
1004.0,2.89,9.7,5.1,13.9,14.33,233,0
1004.0,2.89,9.7,5.1,13.9,16.1,0,2
1004.0,2.89,9.7,5.1,13.9,27.37,340,2
1004.0,2.89,9.7,5.1,13.9,14.49,170,0
1004.0,2.89,9.7,5.1,13.9,20.93,170,2
1004.0,2.89,9.7,5.1,13.9,17.71,150,2
1004.0,2.89,9.7,5.1,13.9,11.19,281,0
1004.0,2.89,9.7,5.1,13.9,35.52,302,2
1004.0,2.89,9.7,5.1,13.9,7.76,179,0
1004.0,2.89,9.7,5.1,13.9,27.39,189,2
1004.0,2.89,9.7,5.1,13.9,17.71,260,2
1004.0,2.89,9.7,5.1,13.9,9.82,259,0
1004.0,0.15,5.3,-0.3,7.5,25.34,311,2
1004.0,0.15,5.3,-0.3,7.5,17.85,310,2
1004.0,0.15,5.3,-0.3,7.5,2.93,179,0
1004.0,0.15,5.3,-0.3,7.5,6.81,19,0
1004.0,0.15,5.3,-0.3,7.5,14.33,233,0
1004.0,0.15,5.3,-0.3,7.5,16.1,0,2
1004.0,0.15,5.3,-0.3,7.5,27.37,340,2
1004.0,0.15,5.3,-0.3,7.5,14.49,170,0
1004.0,0.15,5.3,-0.3,7.5,20.93,170,2
1004.0,0.15,5.3,-0.3,7.5,17.71,150,2
1004.0,0.15,5.3,-0.3,7.5,11.19,281,0
1004.0,0.15,5.3,-0.3,7.5,35.52,302,2
1004.0,0.15,5.3,-0.3,7.5,7.76,179,0
1004.0,0.15,5.3,-0.3,7.5,27.39,189,2
1004.0,0.15,5.3,-0.3,7.5,17.71,260,2
1004.0,0.15,5.3,-0.3,7.5,9.82,259,0
1004.0,1.11,9.2,6.4,12.3,25.34,311,2
1004.0,1.11,9.2,6.4,12.3,17.85,310,2
1004.0,1.11,9.2,6.4,12.3,2.93,179,0
1004.0,1.11,9.2,6.4,12.3,6.81,19,0
1004.0,1.11,9.2,6.4,12.3,14.33,233,0
1004.0,1.11,9.2,6.4,12.3,16.1,0,2
1004.0,1.11,9.2,6.4,12.3,27.37,340,2
1004.0,1.11,9.2,6.4,12.3,14.49,170,0
1004.0,1.11,9.2,6.4,12.3,20.93,170,2
1004.0,1.11,9.2,6.4,12.3,17.71,150,2
1004.0,1.11,9.2,6.4,12.3,11.19,281,0
1004.0,1.11,9.2,6.4,12.3,35.52,302,2
1004.0,1.11,9.2,6.4,12.3,7.76,179,0
1004.0,1.11,9.2,6.4,12.3,27.39,189,2
1004.0,1.11,9.2,6.4,12.3,17.71,260,2
1004.0,1.11,9.2,6.4,12.3,9.82,259,0
1004.0,1.12,6.4,3.3,10.2,25.34,311,2
1004.0,1.12,6.4,3.3,10.2,17.85,310,2
1004.0,1.12,6.4,3.3,10.2,2.93,179,0
1004.0,1.12,6.4,3.3,10.2,6.81,19,0
1004.0,1.12,6.4,3.3,10.2,14.33,233,0
1004.0,1.12,6.4,3.3,10.2,16.1,0,2
1004.0,1.12,6.4,3.3,10.2,27.37,340,2
1004.0,1.12,6.4,3.3,10.2,14.49,170,0
1004.0,1.12,6.4,3.3,10.2,20.93,170,2
1004.0,1.12,6.4,3.3,10.2,17.71,150,2
1004.0,1.12,6.4,3.3,10.2,11.19,281,0
1004.0,1.12,6.4,3.3,10.2,35.52,302,2
1004.0,1.12,6.4,3.3,10.2,7.76,179,0
1004.0,1.12,6.4,3.3,10.2,27.39,189,2
1004.0,1.12,6.4,3.3,10.2,17.71,260,2
1004.0,1.12,6.4,3.3,10.2,9.82,259,0
1004.0,0.95,17.1,13.4,21.6,25.34,311,2
1004.0,0.95,17.1,13.4,21.6,17.85,310,2
1004.0,0.95,17.1,13.4,21.6,2.93,179,0
1004.0,0.95,17.1,13.4,21.6,6.81,19,0
1004.0,0.95,17.1,13.4,21.6,14.33,233,0
1004.0,0.95,17.1,13.4,21.6,16.1,0,2
1004.0,0.95,17.1,13.4,21.6,27.37,340,2
1004.0,0.95,17.1,13.4,21.6,14.49,170,0
1004.0,0.95,17.1,13.4,21.6,20.93,170,2
1004.0,0.95,17.1,13.4,21.6,17.71,150,2
1004.0,0.95,17.1,13.4,21.6,11.19,281,0
1004.0,0.95,17.1,13.4,21.6,35.52,302,2
1004.0,0.95,17.1,13.4,21.6,7.76,179,0
1004.0,0.95,17.1,13.4,21.6,27.39,189,2
1004.0,0.95,17.1,13.4,21.6,17.71,260,2
1004.0,0.95,17.1,13.4,21.6,9.82,259,0
1004.0,0.7,16.4,13.3,19.4,25.34,311,2
1004.0,0.7,16.4,13.3,19.4,17.85,310,2
1004.0,0.7,16.4,13.3,19.4,2.93,179,0
1004.0,0.7,16.4,13.3,19.4,6.81,19,0
1004.0,0.7,16.4,13.3,19.4,14.33,233,0
1004.0,0.7,16.4,13.3,19.4,16.1,0,2
1004.0,0.7,16.4,13.3,19.4,27.37,340,2
1004.0,0.7,16.4,13.3,19.4,14.49,170,0
1004.0,0.7,16.4,13.3,19.4,20.93,170,2
1004.0,0.7,16.4,13.3,19.4,17.71,150,2
1004.0,0.7,16.4,13.3,19.4,11.19,281,0
1004.0,0.7,16.4,13.3,19.4,35.52,302,2
1004.0,0.7,16.4,13.3,19.4,7.76,179,0
1004.0,0.7,16.4,13.3,19.4,27.39,189,2
1004.0,0.7,16.4,13.3,19.4,17.71,260,2
1004.0,0.7,16.4,13.3,19.4,9.82,259,0
1004.0,0.27,12.0,10.3,12.1,25.34,311,2
1004.0,0.27,12.0,10.3,12.1,17.85,310,2
1004.0,0.27,12.0,10.3,12.1,2.93,179,0
1004.0,0.27,12.0,10.3,12.1,6.81,19,0
1004.0,0.27,12.0,10.3,12.1,14.33,233,0
1004.0,0.27,12.0,10.3,12.1,16.1,0,2
1004.0,0.27,12.0,10.3,12.1,27.37,340,2
1004.0,0.27,12.0,10.3,12.1,14.49,170,0
1004.0,0.27,12.0,10.3,12.1,20.93,170,2
1004.0,0.27,12.0,10.3,12.1,17.71,150,2
1004.0,0.27,12.0,10.3,12.1,11.19,281,0
1004.0,0.27,12.0,10.3,12.1,35.52,302,2
1004.0,0.27,12.0,10.3,12.1,7.76,179,0
1004.0,0.27,12.0,10.3,12.1,27.39,189,2
1004.0,0.27,12.0,10.3,12.1,17.71,260,2
1004.0,0.27,12.0,10.3,12.1,9.82,259,0
1004.0,1.74,16.8,12.4,21.3,25.34,311,2
1004.0,1.74,16.8,12.4,21.3,17.85,310,2
1004.0,1.74,16.8,12.4,21.3,2.93,179,0
1004.0,1.74,16.8,12.4,21.3,6.81,19,0
1004.0,1.74,16.8,12.4,21.3,14.33,233,0
1004.0,1.74,16.8,12.4,21.3,16.1,0,2
1004.0,1.74,16.8,12.4,21.3,27.37,340,2
1004.0,1.74,16.8,12.4,21.3,14.49,170,0
1004.0,1.74,16.8,12.4,21.3,20.93,170,2
1004.0,1.74,16.8,12.4,21.3,17.71,150,2
1004.0,1.74,16.8,12.4,21.3,11.19,281,0
1004.0,1.74,16.8,12.4,21.3,35.52,302,2
1004.0,1.74,16.8,12.4,21.3,7.76,179,0
1004.0,1.74,16.8,12.4,21.3,27.39,189,2
1004.0,1.74,16.8,12.4,21.3,17.71,260,2
1004.0,1.74,16.8,12.4,21.3,9.82,259,0
1004.0,0.54,11.1,7.7,14.5,25.34,311,2
1004.0,0.54,11.1,7.7,14.5,17.85,310,2
1004.0,0.54,11.1,7.7,14.5,2.93,179,0
1004.0,0.54,11.1,7.7,14.5,6.81,19,0
1004.0,0.54,11.1,7.7,14.5,14.33,233,0
1004.0,0.54,11.1,7.7,14.5,16.1,0,2
1004.0,0.54,11.1,7.7,14.5,27.37,340,2
1004.0,0.54,11.1,7.7,14.5,14.49,170,0
1004.0,0.54,11.1,7.7,14.5,20.93,170,2
1004.0,0.54,11.1,7.7,14.5,17.71,150,2
1004.0,0.54,11.1,7.7,14.5,11.19,281,0
1004.0,0.54,11.1,7.7,14.5,35.52,302,2
1004.0,0.54,11.1,7.7,14.5,7.76,179,0
1004.0,0.54,11.1,7.7,14.5,27.39,189,2
1004.0,0.54,11.1,7.7,14.5,17.71,260,2
1004.0,0.54,11.1,7.7,14.5,9.82,259,0
1004.0,1.61,15.5,12.7,19.8,25.34,311,2
1004.0,1.61,15.5,12.7,19.8,17.85,310,2
1004.0,1.61,15.5,12.7,19.8,2.93,179,0
1004.0,1.61,15.5,12.7,19.8,6.81,19,0
1004.0,1.61,15.5,12.7,19.8,14.33,233,0
1004.0,1.61,15.5,12.7,19.8,16.1,0,2
1004.0,1.61,15.5,12.7,19.8,27.37,340,2
1004.0,1.61,15.5,12.7,19.8,14.49,170,0
1004.0,1.61,15.5,12.7,19.8,20.93,170,2
1004.0,1.61,15.5,12.7,19.8,17.71,150,2
1004.0,1.61,15.5,12.7,19.8,11.19,281,0
1004.0,1.61,15.5,12.7,19.8,35.52,302,2
1004.0,1.61,15.5,12.7,19.8,7.76,179,0
1004.0,1.61,15.5,12.7,19.8,27.39,189,2
1004.0,1.61,15.5,12.7,19.8,17.71,260,2
1004.0,1.61,15.5,12.7,19.8,9.82,259,0
1004.0,0.1,9.2,4.7,12.3,25.34,311,2
1004.0,0.1,9.2,4.7,12.3,17.85,310,2
1004.0,0.1,9.2,4.7,12.3,2.93,179,0
1004.0,0.1,9.2,4.7,12.3,6.81,19,0
1004.0,0.1,9.2,4.7,12.3,14.33,233,0
1004.0,0.1,9.2,4.7,12.3,16.1,0,2
1004.0,0.1,9.2,4.7,12.3,27.37,340,2
1004.0,0.1,9.2,4.7,12.3,14.49,170,0
1004.0,0.1,9.2,4.7,12.3,20.93,170,2
1004.0,0.1,9.2,4.7,12.3,17.71,150,2
1004.0,0.1,9.2,4.7,12.3,11.19,281,0
1004.0,0.1,9.2,4.7,12.3,35.52,302,2
1004.0,0.1,9.2,4.7,12.3,7.76,179,0
1004.0,0.1,9.2,4.7,12.3,27.39,189,2
1004.0,0.1,9.2,4.7,12.3,17.71,260,2
1004.0,0.1,9.2,4.7,12.3,9.82,259,0
1004.0,0.45,8.8,6.7,10.7,25.34,311,2
1004.0,0.45,8.8,6.7,10.7,17.85,310,2
1004.0,0.45,8.8,6.7,10.7,2.93,179,0
1004.0,0.45,8.8,6.7,10.7,6.81,19,0
1004.0,0.45,8.8,6.7,10.7,14.33,233,0
1004.0,0.45,8.8,6.7,10.7,16.1,0,2
1004.0,0.45,8.8,6.7,10.7,27.37,340,2
1004.0,0.45,8.8,6.7,10.7,14.49,170,0
1004.0,0.45,8.8,6.7,10.7,20.93,170,2
1004.0,0.45,8.8,6.7,10.7,17.71,150,2
1004.0,0.45,8.8,6.7,10.7,11.19,281,0
1004.0,0.45,8.8,6.7,10.7,35.52,302,2
1004.0,0.45,8.8,6.7,10.7,7.76,179,0
1004.0,0.45,8.8,6.7,10.7,27.39,189,2
1004.0,0.45,8.8,6.7,10.7,17.71,260,2
1004.0,0.45,8.8,6.7,10.7,9.82,259,0
1004.0,0.7,7.1,3.0,8.5,25.34,311,2
1004.0,0.7,7.1,3.0,8.5,17.85,310,2
1004.0,0.7,7.1,3.0,8.5,2.93,179,0
1004.0,0.7,7.1,3.0,8.5,6.81,19,0
1004.0,0.7,7.1,3.0,8.5,14.33,233,0
1004.0,0.7,7.1,3.0,8.5,16.1,0,2
1004.0,0.7,7.1,3.0,8.5,27.37,340,2
1004.0,0.7,7.1,3.0,8.5,14.49,170,0
1004.0,0.7,7.1,3.0,8.5,20.93,170,2
1004.0,0.7,7.1,3.0,8.5,17.71,150,2
1004.0,0.7,7.1,3.0,8.5,11.19,281,0
1004.0,0.7,7.1,3.0,8.5,35.52,302,2
1004.0,0.7,7.1,3.0,8.5,7.76,179,0
1004.0,0.7,7.1,3.0,8.5,27.39,189,2
1004.0,0.7,7.1,3.0,8.5,17.71,260,2
1004.0,0.7,7.1,3.0,8.5,9.82,259,0
1004.0,0.38,-0.4,-1.5,2.4,25.34,311,2
1004.0,0.38,-0.4,-1.5,2.4,17.85,310,2
1004.0,0.38,-0.4,-1.5,2.4,2.93,179,0
1004.0,0.38,-0.4,-1.5,2.4,6.81,19,0
1004.0,0.38,-0.4,-1.5,2.4,14.33,233,0
1004.0,0.38,-0.4,-1.5,2.4,16.1,0,2
1004.0,0.38,-0.4,-1.5,2.4,27.37,340,2
1004.0,0.38,-0.4,-1.5,2.4,14.49,170,0
1004.0,0.38,-0.4,-1.5,2.4,20.93,170,2
1004.0,0.38,-0.4,-1.5,2.4,17.71,150,2
1004.0,0.38,-0.4,-1.5,2.4,11.19,281,0
1004.0,0.38,-0.4,-1.5,2.4,35.52,302,2
1004.0,0.38,-0.4,-1.5,2.4,7.76,179,0
1004.0,0.38,-0.4,-1.5,2.4,27.39,189,2
1004.0,0.38,-0.4,-1.5,2.4,17.71,260,2
1004.0,0.38,-0.4,-1.5,2.4,9.82,259,0
1004.0,0.5,5.3,-0.4,8.2,25.34,311,2
1004.0,0.5,5.3,-0.4,8.2,17.85,310,2
1004.0,0.5,5.3,-0.4,8.2,2.93,179,0
1004.0,0.5,5.3,-0.4,8.2,6.81,19,0
1004.0,0.5,5.3,-0.4,8.2,14.33,233,0
1004.0,0.5,5.3,-0.4,8.2,16.1,0,2
1004.0,0.5,5.3,-0.4,8.2,27.37,340,2
1004.0,0.5,5.3,-0.4,8.2,14.49,170,0
1004.0,0.5,5.3,-0.4,8.2,20.93,170,2
1004.0,0.5,5.3,-0.4,8.2,17.71,150,2
1004.0,0.5,5.3,-0.4,8.2,11.19,281,0
1004.0,0.5,5.3,-0.4,8.2,35.52,302,2
1004.0,0.5,5.3,-0.4,8.2,7.76,179,0
1004.0,0.5,5.3,-0.4,8.2,27.39,189,2
1004.0,0.5,5.3,-0.4,8.2,17.71,260,2
1004.0,0.5,5.3,-0.4,8.2,9.82,259,0
1004.0,1.68,10.7,6.5,14.7,25.34,311,2
1004.0,1.68,10.7,6.5,14.7,17.85,310,2
1004.0,1.68,10.7,6.5,14.7,2.93,179,0
1004.0,1.68,10.7,6.5,14.7,6.81,19,0
1004.0,1.68,10.7,6.5,14.7,14.33,233,0
1004.0,1.68,10.7,6.5,14.7,16.1,0,2
1004.0,1.68,10.7,6.5,14.7,27.37,340,2
1004.0,1.68,10.7,6.5,14.7,14.49,170,0
1004.0,1.68,10.7,6.5,14.7,20.93,170,2
1004.0,1.68,10.7,6.5,14.7,17.71,150,2
1004.0,1.68,10.7,6.5,14.7,11.19,281,0
1004.0,1.68,10.7,6.5,14.7,35.52,302,2
1004.0,1.68,10.7,6.5,14.7,7.76,179,0
1004.0,1.68,10.7,6.5,14.7,27.39,189,2
1004.0,1.68,10.7,6.5,14.7,17.71,260,2
1004.0,1.68,10.7,6.5,14.7,9.82,259,0
1004.0,0.21,9.6,7.6,11.9,25.34,311,2
1004.0,0.21,9.6,7.6,11.9,17.85,310,2
1004.0,0.21,9.6,7.6,11.9,2.93,179,0
1004.0,0.21,9.6,7.6,11.9,6.81,19,0
1004.0,0.21,9.6,7.6,11.9,14.33,233,0
1004.0,0.21,9.6,7.6,11.9,16.1,0,2
1004.0,0.21,9.6,7.6,11.9,27.37,340,2
1004.0,0.21,9.6,7.6,11.9,14.49,170,0
1004.0,0.21,9.6,7.6,11.9,20.93,170,2
1004.0,0.21,9.6,7.6,11.9,17.71,150,2
1004.0,0.21,9.6,7.6,11.9,11.19,281,0
1004.0,0.21,9.6,7.6,11.9,35.52,302,2
1004.0,0.21,9.6,7.6,11.9,7.76,179,0
1004.0,0.21,9.6,7.6,11.9,27.39,189,2
1004.0,0.21,9.6,7.6,11.9,17.71,260,2
1004.0,0.21,9.6,7.6,11.9,9.82,259,0
1004.0,0.22,6.0,4.7,7.1,25.34,311,2
1004.0,0.22,6.0,4.7,7.1,17.85,310,2
1004.0,0.22,6.0,4.7,7.1,2.93,179,0
1004.0,0.22,6.0,4.7,7.1,6.81,19,0
1004.0,0.22,6.0,4.7,7.1,14.33,233,0
1004.0,0.22,6.0,4.7,7.1,16.1,0,2
1004.0,0.22,6.0,4.7,7.1,27.37,340,2
1004.0,0.22,6.0,4.7,7.1,14.49,170,0
1004.0,0.22,6.0,4.7,7.1,20.93,170,2
1004.0,0.22,6.0,4.7,7.1,17.71,150,2
1004.0,0.22,6.0,4.7,7.1,11.19,281,0
1004.0,0.22,6.0,4.7,7.1,35.52,302,2
1004.0,0.22,6.0,4.7,7.1,7.76,179,0
1004.0,0.22,6.0,4.7,7.1,27.39,189,2
1004.0,0.22,6.0,4.7,7.1,17.71,260,2
1004.0,0.22,6.0,4.7,7.1,9.82,259,0
1004.0,0.69,16.1,15.5,19.3,25.34,311,2
1004.0,0.69,16.1,15.5,19.3,17.85,310,2
1004.0,0.69,16.1,15.5,19.3,2.93,179,0
1004.0,0.69,16.1,15.5,19.3,6.81,19,0
1004.0,0.69,16.1,15.5,19.3,14.33,233,0
1004.0,0.69,16.1,15.5,19.3,16.1,0,2
1004.0,0.69,16.1,15.5,19.3,27.37,340,2
1004.0,0.69,16.1,15.5,19.3,14.49,170,0
1004.0,0.69,16.1,15.5,19.3,20.93,170,2
1004.0,0.69,16.1,15.5,19.3,17.71,150,2
1004.0,0.69,16.1,15.5,19.3,11.19,281,0
1004.0,0.69,16.1,15.5,19.3,35.52,302,2
1004.0,0.69,16.1,15.5,19.3,7.76,179,0
1004.0,0.69,16.1,15.5,19.3,27.39,189,2
1004.0,0.69,16.1,15.5,19.3,17.71,260,2
1004.0,0.69,16.1,15.5,19.3,9.82,259,0
1004.0,0.39,0.6,-0.6,4.1,25.34,311,2
1004.0,0.39,0.6,-0.6,4.1,17.85,310,2
1004.0,0.39,0.6,-0.6,4.1,2.93,179,0
1004.0,0.39,0.6,-0.6,4.1,6.81,19,0
1004.0,0.39,0.6,-0.6,4.1,14.33,233,0
1004.0,0.39,0.6,-0.6,4.1,16.1,0,2
1004.0,0.39,0.6,-0.6,4.1,27.37,340,2
1004.0,0.39,0.6,-0.6,4.1,14.49,170,0
1004.0,0.39,0.6,-0.6,4.1,20.93,170,2
1004.0,0.39,0.6,-0.6,4.1,17.71,150,2
1004.0,0.39,0.6,-0.6,4.1,11.19,281,0
1004.0,0.39,0.6,-0.6,4.1,35.52,302,2
1004.0,0.39,0.6,-0.6,4.1,7.76,179,0
1004.0,0.39,0.6,-0.6,4.1,27.39,189,2
1004.0,0.39,0.6,-0.6,4.1,17.71,260,2
1004.0,0.39,0.6,-0.6,4.1,9.82,259,0
1004.0,0.74,1.4,0.2,2.8,25.34,311,2
1004.0,0.74,1.4,0.2,2.8,17.85,310,2
1004.0,0.74,1.4,0.2,2.8,2.93,179,0
1004.0,0.74,1.4,0.2,2.8,6.81,19,0
1004.0,0.74,1.4,0.2,2.8,14.33,233,0
1004.0,0.74,1.4,0.2,2.8,16.1,0,2
1004.0,0.74,1.4,0.2,2.8,27.37,340,2
1004.0,0.74,1.4,0.2,2.8,14.49,170,0
1004.0,0.74,1.4,0.2,2.8,20.93,170,2
1004.0,0.74,1.4,0.2,2.8,17.71,150,2
1004.0,0.74,1.4,0.2,2.8,11.19,281,0
1004.0,0.74,1.4,0.2,2.8,35.52,302,2
1004.0,0.74,1.4,0.2,2.8,7.76,179,0
1004.0,0.74,1.4,0.2,2.8,27.39,189,2
1004.0,0.74,1.4,0.2,2.8,17.71,260,2
1004.0,0.74,1.4,0.2,2.8,9.82,259,0
1004.0,0.93,13.8,12.0,17.3,25.34,311,2
1004.0,0.93,13.8,12.0,17.3,17.85,310,2
1004.0,0.93,13.8,12.0,17.3,2.93,179,0
1004.0,0.93,13.8,12.0,17.3,6.81,19,0
1004.0,0.93,13.8,12.0,17.3,14.33,233,0
1004.0,0.93,13.8,12.0,17.3,16.1,0,2
1004.0,0.93,13.8,12.0,17.3,27.37,340,2
1004.0,0.93,13.8,12.0,17.3,14.49,170,0
1004.0,0.93,13.8,12.0,17.3,20.93,170,2
1004.0,0.93,13.8,12.0,17.3,17.71,150,2
1004.0,0.93,13.8,12.0,17.3,11.19,281,0
1004.0,0.93,13.8,12.0,17.3,35.52,302,2
1004.0,0.93,13.8,12.0,17.3,7.76,179,0
1004.0,0.93,13.8,12.0,17.3,27.39,189,2
1004.0,0.93,13.8,12.0,17.3,17.71,260,2
1004.0,0.93,13.8,12.0,17.3,9.82,259,0
1004.1,1.86,17.2,10.6,24.4,30.86,349,3
1004.1,1.86,17.2,10.6,24.4,7.08,352,1
1004.1,1.86,17.2,10.6,24.4,5.1,185,1
1004.1,1.86,17.2,10.6,24.4,7.2,133,1
1004.1,1.86,17.2,10.6,24.4,25.76,300,3
1004.1,1.86,17.2,10.6,24.4,4.83,260,1
1004.1,1.86,17.2,10.6,24.4,8.05,340,1
1004.1,1.86,17.2,10.6,24.4,14.49,230,1
1004.1,1.86,17.2,10.6,24.4,17.71,170,3
1004.1,1.86,17.2,10.6,24.4,24.15,170,3
1004.1,1.86,17.2,10.6,24.4,3.22,250,1
1004.1,1.86,17.2,10.6,24.4,11.27,210,1
1004.1,1.86,17.2,10.6,24.4,5.62,121,1
1004.1,1.86,17.2,10.6,24.4,11.04,11,1
1004.1,1.86,17.2,10.6,24.4,8.23,280,1
1004.1,1.86,17.2,10.6,24.4,8.08,144,1
1004.1,1.86,17.2,10.6,24.4,20.93,320,3
1004.1,1.86,17.2,10.6,24.4,9.8,251,1
1004.1,1.86,17.2,10.6,24.4,12.88,170,1
1004.1,1.86,17.2,10.6,24.4,35.42,310,3
1004.1,1.86,17.2,10.6,24.4,9.71,247,1
1004.1,1.86,17.2,10.6,24.4,14.22,232,1
1004.1,2.2,11.1,3.2,19.5,30.86,349,3
1004.1,2.2,11.1,3.2,19.5,7.08,352,1
1004.1,2.2,11.1,3.2,19.5,5.1,185,1
1004.1,2.2,11.1,3.2,19.5,7.2,133,1
1004.1,2.2,11.1,3.2,19.5,25.76,300,3
1004.1,2.2,11.1,3.2,19.5,4.83,260,1
1004.1,2.2,11.1,3.2,19.5,8.05,340,1
1004.1,2.2,11.1,3.2,19.5,14.49,230,1
1004.1,2.2,11.1,3.2,19.5,17.71,170,3
1004.1,2.2,11.1,3.2,19.5,24.15,170,3
1004.1,2.2,11.1,3.2,19.5,3.22,250,1
1004.1,2.2,11.1,3.2,19.5,11.27,210,1
1004.1,2.2,11.1,3.2,19.5,5.62,121,1
1004.1,2.2,11.1,3.2,19.5,11.04,11,1
1004.1,2.2,11.1,3.2,19.5,8.23,280,1
1004.1,2.2,11.1,3.2,19.5,8.08,144,1
1004.1,2.2,11.1,3.2,19.5,20.93,320,3
1004.1,2.2,11.1,3.2,19.5,9.8,251,1
1004.1,2.2,11.1,3.2,19.5,12.88,170,1
1004.1,2.2,11.1,3.2,19.5,35.42,310,3
1004.1,2.2,11.1,3.2,19.5,9.71,247,1
1004.1,2.2,11.1,3.2,19.5,14.22,232,1
1004.1,1.27,12.7,7.7,18.6,30.86,349,3
1004.1,1.27,12.7,7.7,18.6,7.08,352,1
1004.1,1.27,12.7,7.7,18.6,5.1,185,1
1004.1,1.27,12.7,7.7,18.6,7.2,133,1
1004.1,1.27,12.7,7.7,18.6,25.76,300,3
1004.1,1.27,12.7,7.7,18.6,4.83,260,1
1004.1,1.27,12.7,7.7,18.6,8.05,340,1
1004.1,1.27,12.7,7.7,18.6,14.49,230,1
1004.1,1.27,12.7,7.7,18.6,17.71,170,3
1004.1,1.27,12.7,7.7,18.6,24.15,170,3
1004.1,1.27,12.7,7.7,18.6,3.22,250,1
1004.1,1.27,12.7,7.7,18.6,11.27,210,1
1004.1,1.27,12.7,7.7,18.6,5.62,121,1
1004.1,1.27,12.7,7.7,18.6,11.04,11,1
1004.1,1.27,12.7,7.7,18.6,8.23,280,1
1004.1,1.27,12.7,7.7,18.6,8.08,144,1
1004.1,1.27,12.7,7.7,18.6,20.93,320,3
1004.1,1.27,12.7,7.7,18.6,9.8,251,1
1004.1,1.27,12.7,7.7,18.6,12.88,170,1
1004.1,1.27,12.7,7.7,18.6,35.42,310,3
1004.1,1.27,12.7,7.7,18.6,9.71,247,1
1004.1,1.27,12.7,7.7,18.6,14.22,232,1
1004.1,0.43,6.8,2.7,11.6,30.86,349,3
1004.1,0.43,6.8,2.7,11.6,7.08,352,1
1004.1,0.43,6.8,2.7,11.6,5.1,185,1
1004.1,0.43,6.8,2.7,11.6,7.2,133,1
1004.1,0.43,6.8,2.7,11.6,25.76,300,3
1004.1,0.43,6.8,2.7,11.6,4.83,260,1
1004.1,0.43,6.8,2.7,11.6,8.05,340,1
1004.1,0.43,6.8,2.7,11.6,14.49,230,1
1004.1,0.43,6.8,2.7,11.6,17.71,170,3
1004.1,0.43,6.8,2.7,11.6,24.15,170,3
1004.1,0.43,6.8,2.7,11.6,3.22,250,1
1004.1,0.43,6.8,2.7,11.6,11.27,210,1
1004.1,0.43,6.8,2.7,11.6,5.62,121,1
1004.1,0.43,6.8,2.7,11.6,11.04,11,1
1004.1,0.43,6.8,2.7,11.6,8.23,280,1
1004.1,0.43,6.8,2.7,11.6,8.08,144,1
1004.1,0.43,6.8,2.7,11.6,20.93,320,3
1004.1,0.43,6.8,2.7,11.6,9.8,251,1
1004.1,0.43,6.8,2.7,11.6,12.88,170,1
1004.1,0.43,6.8,2.7,11.6,35.42,310,3
1004.1,0.43,6.8,2.7,11.6,9.71,247,1
1004.1,0.43,6.8,2.7,11.6,14.22,232,1
1004.1,2.75,15.1,11.9,17.9,30.86,349,3
1004.1,2.75,15.1,11.9,17.9,7.08,352,1
1004.1,2.75,15.1,11.9,17.9,5.1,185,1
1004.1,2.75,15.1,11.9,17.9,7.2,133,1
1004.1,2.75,15.1,11.9,17.9,25.76,300,3
1004.1,2.75,15.1,11.9,17.9,4.83,260,1
1004.1,2.75,15.1,11.9,17.9,8.05,340,1
1004.1,2.75,15.1,11.9,17.9,14.49,230,1
1004.1,2.75,15.1,11.9,17.9,17.71,170,3
1004.1,2.75,15.1,11.9,17.9,24.15,170,3
1004.1,2.75,15.1,11.9,17.9,3.22,250,1
1004.1,2.75,15.1,11.9,17.9,11.27,210,1
1004.1,2.75,15.1,11.9,17.9,5.62,121,1
1004.1,2.75,15.1,11.9,17.9,11.04,11,1
1004.1,2.75,15.1,11.9,17.9,8.23,280,1
1004.1,2.75,15.1,11.9,17.9,8.08,144,1
1004.1,2.75,15.1,11.9,17.9,20.93,320,3
1004.1,2.75,15.1,11.9,17.9,9.8,251,1
1004.1,2.75,15.1,11.9,17.9,12.88,170,1
1004.1,2.75,15.1,11.9,17.9,35.42,310,3
1004.1,2.75,15.1,11.9,17.9,9.71,247,1
1004.1,2.75,15.1,11.9,17.9,14.22,232,1
1004.1,1.6,9.0,3.2,12.1,30.86,349,3
1004.1,1.6,9.0,3.2,12.1,7.08,352,1
1004.1,1.6,9.0,3.2,12.1,5.1,185,1
1004.1,1.6,9.0,3.2,12.1,7.2,133,1
1004.1,1.6,9.0,3.2,12.1,25.76,300,3
1004.1,1.6,9.0,3.2,12.1,4.83,260,1
1004.1,1.6,9.0,3.2,12.1,8.05,340,1
1004.1,1.6,9.0,3.2,12.1,14.49,230,1
1004.1,1.6,9.0,3.2,12.1,17.71,170,3
1004.1,1.6,9.0,3.2,12.1,24.15,170,3
1004.1,1.6,9.0,3.2,12.1,3.22,250,1
1004.1,1.6,9.0,3.2,12.1,11.27,210,1
1004.1,1.6,9.0,3.2,12.1,5.62,121,1
1004.1,1.6,9.0,3.2,12.1,11.04,11,1
1004.1,1.6,9.0,3.2,12.1,8.23,280,1
1004.1,1.6,9.0,3.2,12.1,8.08,144,1
1004.1,1.6,9.0,3.2,12.1,20.93,320,3
1004.1,1.6,9.0,3.2,12.1,9.8,251,1
1004.1,1.6,9.0,3.2,12.1,12.88,170,1
1004.1,1.6,9.0,3.2,12.1,35.42,310,3
1004.1,1.6,9.0,3.2,12.1,9.71,247,1
1004.1,1.6,9.0,3.2,12.1,14.22,232,1
1004.1,0.81,3.6,0.3,7.7,30.86,349,2
1004.1,0.81,3.6,0.3,7.7,7.08,352,0
1004.1,0.81,3.6,0.3,7.7,5.1,185,0
1004.1,0.81,3.6,0.3,7.7,7.2,133,0
1004.1,0.81,3.6,0.3,7.7,25.76,300,2
1004.1,0.81,3.6,0.3,7.7,4.83,260,0
1004.1,0.81,3.6,0.3,7.7,8.05,340,0
1004.1,0.81,3.6,0.3,7.7,14.49,230,0
1004.1,0.81,3.6,0.3,7.7,17.71,170,2
1004.1,0.81,3.6,0.3,7.7,24.15,170,2
1004.1,0.81,3.6,0.3,7.7,3.22,250,0
1004.1,0.81,3.6,0.3,7.7,11.27,210,0
1004.1,0.81,3.6,0.3,7.7,5.62,121,0
1004.1,0.81,3.6,0.3,7.7,11.04,11,0
1004.1,0.81,3.6,0.3,7.7,8.23,280,0
1004.1,0.81,3.6,0.3,7.7,8.08,144,0
1004.1,0.81,3.6,0.3,7.7,20.93,320,2
1004.1,0.81,3.6,0.3,7.7,9.8,251,0
1004.1,0.81,3.6,0.3,7.7,12.88,170,0
1004.1,0.81,3.6,0.3,7.7,35.42,310,2
1004.1,0.81,3.6,0.3,7.7,9.71,247,0
1004.1,0.81,3.6,0.3,7.7,14.22,232,0
1004.1,0.77,10.5,7.2,15.1,30.86,349,2
1004.1,0.77,10.5,7.2,15.1,7.08,352,0
1004.1,0.77,10.5,7.2,15.1,5.1,185,0
1004.1,0.77,10.5,7.2,15.1,7.2,133,0
1004.1,0.77,10.5,7.2,15.1,25.76,300,2
1004.1,0.77,10.5,7.2,15.1,4.83,260,0
1004.1,0.77,10.5,7.2,15.1,8.05,340,0
1004.1,0.77,10.5,7.2,15.1,14.49,230,0
1004.1,0.77,10.5,7.2,15.1,17.71,170,2
1004.1,0.77,10.5,7.2,15.1,24.15,170,2
1004.1,0.77,10.5,7.2,15.1,3.22,250,0
1004.1,0.77,10.5,7.2,15.1,11.27,210,0
1004.1,0.77,10.5,7.2,15.1,5.62,121,0
1004.1,0.77,10.5,7.2,15.1,11.04,11,0
1004.1,0.77,10.5,7.2,15.1,8.23,280,0
1004.1,0.77,10.5,7.2,15.1,8.08,144,0
1004.1,0.77,10.5,7.2,15.1,20.93,320,2
1004.1,0.77,10.5,7.2,15.1,9.8,251,0
1004.1,0.77,10.5,7.2,15.1,12.88,170,0
1004.1,0.77,10.5,7.2,15.1,35.42,310,2
1004.1,0.77,10.5,7.2,15.1,9.71,247,0
1004.1,0.77,10.5,7.2,15.1,14.22,232,0
1004.1,0.41,7.6,4.9,9.3,30.86,349,2
1004.1,0.41,7.6,4.9,9.3,7.08,352,0
1004.1,0.41,7.6,4.9,9.3,5.1,185,0
1004.1,0.41,7.6,4.9,9.3,7.2,133,0
1004.1,0.41,7.6,4.9,9.3,25.76,300,2
1004.1,0.41,7.6,4.9,9.3,4.83,260,0
1004.1,0.41,7.6,4.9,9.3,8.05,340,0
1004.1,0.41,7.6,4.9,9.3,14.49,230,0
1004.1,0.41,7.6,4.9,9.3,17.71,170,2
1004.1,0.41,7.6,4.9,9.3,24.15,170,2
1004.1,0.41,7.6,4.9,9.3,3.22,250,0
1004.1,0.41,7.6,4.9,9.3,11.27,210,0
1004.1,0.41,7.6,4.9,9.3,5.62,121,0
1004.1,0.41,7.6,4.9,9.3,11.04,11,0
1004.1,0.41,7.6,4.9,9.3,8.23,280,0
1004.1,0.41,7.6,4.9,9.3,8.08,144,0
1004.1,0.41,7.6,4.9,9.3,20.93,320,2
1004.1,0.41,7.6,4.9,9.3,9.8,251,0
1004.1,0.41,7.6,4.9,9.3,12.88,170,0
1004.1,0.41,7.6,4.9,9.3,35.42,310,2
1004.1,0.41,7.6,4.9,9.3,9.71,247,0
1004.1,0.41,7.6,4.9,9.3,14.22,232,0
1004.1,1.02,14.4,9.3,19.1,30.86,349,2
1004.1,1.02,14.4,9.3,19.1,7.08,352,0
1004.1,1.02,14.4,9.3,19.1,5.1,185,0
1004.1,1.02,14.4,9.3,19.1,7.2,133,0
1004.1,1.02,14.4,9.3,19.1,25.76,300,2
1004.1,1.02,14.4,9.3,19.1,4.83,260,0
1004.1,1.02,14.4,9.3,19.1,8.05,340,0
1004.1,1.02,14.4,9.3,19.1,14.49,230,0
1004.1,1.02,14.4,9.3,19.1,17.71,170,2
1004.1,1.02,14.4,9.3,19.1,24.15,170,2
1004.1,1.02,14.4,9.3,19.1,3.22,250,0
1004.1,1.02,14.4,9.3,19.1,11.27,210,0
1004.1,1.02,14.4,9.3,19.1,5.62,121,0
1004.1,1.02,14.4,9.3,19.1,11.04,11,0
1004.1,1.02,14.4,9.3,19.1,8.23,280,0
1004.1,1.02,14.4,9.3,19.1,8.08,144,0
1004.1,1.02,14.4,9.3,19.1,20.93,320,2
1004.1,1.02,14.4,9.3,19.1,9.8,251,0
1004.1,1.02,14.4,9.3,19.1,12.88,170,0
1004.1,1.02,14.4,9.3,19.1,35.42,310,2
1004.1,1.02,14.4,9.3,19.1,9.71,247,0
1004.1,1.02,14.4,9.3,19.1,14.22,232,0
1004.1,1.3,10.7,7.0,17.8,30.86,349,2
1004.1,1.3,10.7,7.0,17.8,7.08,352,0
1004.1,1.3,10.7,7.0,17.8,5.1,185,0
1004.1,1.3,10.7,7.0,17.8,7.2,133,0
1004.1,1.3,10.7,7.0,17.8,25.76,300,2
1004.1,1.3,10.7,7.0,17.8,4.83,260,0
1004.1,1.3,10.7,7.0,17.8,8.05,340,0
1004.1,1.3,10.7,7.0,17.8,14.49,230,0
1004.1,1.3,10.7,7.0,17.8,17.71,170,2
1004.1,1.3,10.7,7.0,17.8,24.15,170,2
1004.1,1.3,10.7,7.0,17.8,3.22,250,0
1004.1,1.3,10.7,7.0,17.8,11.27,210,0
1004.1,1.3,10.7,7.0,17.8,5.62,121,0
1004.1,1.3,10.7,7.0,17.8,11.04,11,0
1004.1,1.3,10.7,7.0,17.8,8.23,280,0
1004.1,1.3,10.7,7.0,17.8,8.08,144,0
1004.1,1.3,10.7,7.0,17.8,20.93,320,2
1004.1,1.3,10.7,7.0,17.8,9.8,251,0
1004.1,1.3,10.7,7.0,17.8,12.88,170,0
1004.1,1.3,10.7,7.0,17.8,35.42,310,2
1004.1,1.3,10.7,7.0,17.8,9.71,247,0
1004.1,1.3,10.7,7.0,17.8,14.22,232,0
1004.1,0.99,11.3,7.9,14.3,30.86,349,2
1004.1,0.99,11.3,7.9,14.3,7.08,352,0
1004.1,0.99,11.3,7.9,14.3,5.1,185,0
1004.1,0.99,11.3,7.9,14.3,7.2,133,0
1004.1,0.99,11.3,7.9,14.3,25.76,300,2
1004.1,0.99,11.3,7.9,14.3,4.83,260,0
1004.1,0.99,11.3,7.9,14.3,8.05,340,0
1004.1,0.99,11.3,7.9,14.3,14.49,230,0
1004.1,0.99,11.3,7.9,14.3,17.71,170,2
1004.1,0.99,11.3,7.9,14.3,24.15,170,2
1004.1,0.99,11.3,7.9,14.3,3.22,250,0
1004.1,0.99,11.3,7.9,14.3,11.27,210,0
1004.1,0.99,11.3,7.9,14.3,5.62,121,0
1004.1,0.99,11.3,7.9,14.3,11.04,11,0
1004.1,0.99,11.3,7.9,14.3,8.23,280,0
1004.1,0.99,11.3,7.9,14.3,8.08,144,0
1004.1,0.99,11.3,7.9,14.3,20.93,320,2
1004.1,0.99,11.3,7.9,14.3,9.8,251,0
1004.1,0.99,11.3,7.9,14.3,12.88,170,0
1004.1,0.99,11.3,7.9,14.3,35.42,310,2
1004.1,0.99,11.3,7.9,14.3,9.71,247,0
1004.1,0.99,11.3,7.9,14.3,14.22,232,0
1004.1,0.13,9.0,4.3,12.4,30.86,349,2
1004.1,0.13,9.0,4.3,12.4,7.08,352,0
1004.1,0.13,9.0,4.3,12.4,5.1,185,0
1004.1,0.13,9.0,4.3,12.4,7.2,133,0
1004.1,0.13,9.0,4.3,12.4,25.76,300,2
1004.1,0.13,9.0,4.3,12.4,4.83,260,0
1004.1,0.13,9.0,4.3,12.4,8.05,340,0
1004.1,0.13,9.0,4.3,12.4,14.49,230,0
1004.1,0.13,9.0,4.3,12.4,17.71,170,2
1004.1,0.13,9.0,4.3,12.4,24.15,170,2
1004.1,0.13,9.0,4.3,12.4,3.22,250,0
1004.1,0.13,9.0,4.3,12.4,11.27,210,0
1004.1,0.13,9.0,4.3,12.4,5.62,121,0
1004.1,0.13,9.0,4.3,12.4,11.04,11,0
1004.1,0.13,9.0,4.3,12.4,8.23,280,0
1004.1,0.13,9.0,4.3,12.4,8.08,144,0
1004.1,0.13,9.0,4.3,12.4,20.93,320,2
1004.1,0.13,9.0,4.3,12.4,9.8,251,0
1004.1,0.13,9.0,4.3,12.4,12.88,170,0
1004.1,0.13,9.0,4.3,12.4,35.42,310,2
1004.1,0.13,9.0,4.3,12.4,9.71,247,0
1004.1,0.13,9.0,4.3,12.4,14.22,232,0
1004.1,0.37,14.0,9.2,17.3,30.86,349,2
1004.1,0.37,14.0,9.2,17.3,7.08,352,0
1004.1,0.37,14.0,9.2,17.3,5.1,185,0
1004.1,0.37,14.0,9.2,17.3,7.2,133,0
1004.1,0.37,14.0,9.2,17.3,25.76,300,2
1004.1,0.37,14.0,9.2,17.3,4.83,260,0
1004.1,0.37,14.0,9.2,17.3,8.05,340,0
1004.1,0.37,14.0,9.2,17.3,14.49,230,0
1004.1,0.37,14.0,9.2,17.3,17.71,170,2
1004.1,0.37,14.0,9.2,17.3,24.15,170,2
1004.1,0.37,14.0,9.2,17.3,3.22,250,0
1004.1,0.37,14.0,9.2,17.3,11.27,210,0
1004.1,0.37,14.0,9.2,17.3,5.62,121,0
1004.1,0.37,14.0,9.2,17.3,11.04,11,0
1004.1,0.37,14.0,9.2,17.3,8.23,280,0
1004.1,0.37,14.0,9.2,17.3,8.08,144,0
1004.1,0.37,14.0,9.2,17.3,20.93,320,2
1004.1,0.37,14.0,9.2,17.3,9.8,251,0
1004.1,0.37,14.0,9.2,17.3,12.88,170,0
1004.1,0.37,14.0,9.2,17.3,35.42,310,2
1004.1,0.37,14.0,9.2,17.3,9.71,247,0
1004.1,0.37,14.0,9.2,17.3,14.22,232,0
1004.1,0.35,2.6,0.7,6.1,30.86,349,2
1004.1,0.35,2.6,0.7,6.1,7.08,352,0
1004.1,0.35,2.6,0.7,6.1,5.1,185,0
1004.1,0.35,2.6,0.7,6.1,7.2,133,0
1004.1,0.35,2.6,0.7,6.1,25.76,300,2
1004.1,0.35,2.6,0.7,6.1,4.83,260,0
1004.1,0.35,2.6,0.7,6.1,8.05,340,0
1004.1,0.35,2.6,0.7,6.1,14.49,230,0
1004.1,0.35,2.6,0.7,6.1,17.71,170,2
1004.1,0.35,2.6,0.7,6.1,24.15,170,2
1004.1,0.35,2.6,0.7,6.1,3.22,250,0
1004.1,0.35,2.6,0.7,6.1,11.27,210,0
1004.1,0.35,2.6,0.7,6.1,5.62,121,0
1004.1,0.35,2.6,0.7,6.1,11.04,11,0
1004.1,0.35,2.6,0.7,6.1,8.23,280,0
1004.1,0.35,2.6,0.7,6.1,8.08,144,0
1004.1,0.35,2.6,0.7,6.1,20.93,320,2
1004.1,0.35,2.6,0.7,6.1,9.8,251,0
1004.1,0.35,2.6,0.7,6.1,12.88,170,0
1004.1,0.35,2.6,0.7,6.1,35.42,310,2
1004.1,0.35,2.6,0.7,6.1,9.71,247,0
1004.1,0.35,2.6,0.7,6.1,14.22,232,0
1004.1,0.38,-2.3,-4.0,-0.6,30.86,349,2
1004.1,0.38,-2.3,-4.0,-0.6,7.08,352,0
1004.1,0.38,-2.3,-4.0,-0.6,5.1,185,0
1004.1,0.38,-2.3,-4.0,-0.6,7.2,133,0
1004.1,0.38,-2.3,-4.0,-0.6,25.76,300,2
1004.1,0.38,-2.3,-4.0,-0.6,4.83,260,0
1004.1,0.38,-2.3,-4.0,-0.6,8.05,340,0
1004.1,0.38,-2.3,-4.0,-0.6,14.49,230,0
1004.1,0.38,-2.3,-4.0,-0.6,17.71,170,2
1004.1,0.38,-2.3,-4.0,-0.6,24.15,170,2
1004.1,0.38,-2.3,-4.0,-0.6,3.22,250,0
1004.1,0.38,-2.3,-4.0,-0.6,11.27,210,0
1004.1,0.38,-2.3,-4.0,-0.6,5.62,121,0
1004.1,0.38,-2.3,-4.0,-0.6,11.04,11,0
1004.1,0.38,-2.3,-4.0,-0.6,8.23,280,0
1004.1,0.38,-2.3,-4.0,-0.6,8.08,144,0
1004.1,0.38,-2.3,-4.0,-0.6,20.93,320,2
1004.1,0.38,-2.3,-4.0,-0.6,9.8,251,0
1004.1,0.38,-2.3,-4.0,-0.6,12.88,170,0
1004.1,0.38,-2.3,-4.0,-0.6,35.42,310,2
1004.1,0.38,-2.3,-4.0,-0.6,9.71,247,0
1004.1,0.38,-2.3,-4.0,-0.6,14.22,232,0
1004.1,0.1,7.3,5.2,9.3,30.86,349,2
1004.1,0.1,7.3,5.2,9.3,7.08,352,0
1004.1,0.1,7.3,5.2,9.3,5.1,185,0
1004.1,0.1,7.3,5.2,9.3,7.2,133,0
1004.1,0.1,7.3,5.2,9.3,25.76,300,2
1004.1,0.1,7.3,5.2,9.3,4.83,260,0
1004.1,0.1,7.3,5.2,9.3,8.05,340,0
1004.1,0.1,7.3,5.2,9.3,14.49,230,0
1004.1,0.1,7.3,5.2,9.3,17.71,170,2
1004.1,0.1,7.3,5.2,9.3,24.15,170,2
1004.1,0.1,7.3,5.2,9.3,3.22,250,0
1004.1,0.1,7.3,5.2,9.3,11.27,210,0
1004.1,0.1,7.3,5.2,9.3,5.62,121,0
1004.1,0.1,7.3,5.2,9.3,11.04,11,0
1004.1,0.1,7.3,5.2,9.3,8.23,280,0
1004.1,0.1,7.3,5.2,9.3,8.08,144,0
1004.1,0.1,7.3,5.2,9.3,20.93,320,2
1004.1,0.1,7.3,5.2,9.3,9.8,251,0
1004.1,0.1,7.3,5.2,9.3,12.88,170,0
1004.1,0.1,7.3,5.2,9.3,35.42,310,2
1004.1,0.1,7.3,5.2,9.3,9.71,247,0
1004.1,0.1,7.3,5.2,9.3,14.22,232,0
1004.1,0.22,7.9,4.7,11.4,30.86,349,2
1004.1,0.22,7.9,4.7,11.4,7.08,352,0
1004.1,0.22,7.9,4.7,11.4,5.1,185,0
1004.1,0.22,7.9,4.7,11.4,7.2,133,0
1004.1,0.22,7.9,4.7,11.4,25.76,300,2
1004.1,0.22,7.9,4.7,11.4,4.83,260,0
1004.1,0.22,7.9,4.7,11.4,8.05,340,0
1004.1,0.22,7.9,4.7,11.4,14.49,230,0
1004.1,0.22,7.9,4.7,11.4,17.71,170,2
1004.1,0.22,7.9,4.7,11.4,24.15,170,2
1004.1,0.22,7.9,4.7,11.4,3.22,250,0
1004.1,0.22,7.9,4.7,11.4,11.27,210,0
1004.1,0.22,7.9,4.7,11.4,5.62,121,0
1004.1,0.22,7.9,4.7,11.4,11.04,11,0
1004.1,0.22,7.9,4.7,11.4,8.23,280,0
1004.1,0.22,7.9,4.7,11.4,8.08,144,0
1004.1,0.22,7.9,4.7,11.4,20.93,320,2
1004.1,0.22,7.9,4.7,11.4,9.8,251,0
1004.1,0.22,7.9,4.7,11.4,12.88,170,0
1004.1,0.22,7.9,4.7,11.4,35.42,310,2
1004.1,0.22,7.9,4.7,11.4,9.71,247,0
1004.1,0.22,7.9,4.7,11.4,14.22,232,0
1004.1,0.46,9.3,5.8,12.1,30.86,349,2
1004.1,0.46,9.3,5.8,12.1,7.08,352,0
1004.1,0.46,9.3,5.8,12.1,5.1,185,0
1004.1,0.46,9.3,5.8,12.1,7.2,133,0
1004.1,0.46,9.3,5.8,12.1,25.76,300,2
1004.1,0.46,9.3,5.8,12.1,4.83,260,0
1004.1,0.46,9.3,5.8,12.1,8.05,340,0
1004.1,0.46,9.3,5.8,12.1,14.49,230,0
1004.1,0.46,9.3,5.8,12.1,17.71,170,2
1004.1,0.46,9.3,5.8,12.1,24.15,170,2
1004.1,0.46,9.3,5.8,12.1,3.22,250,0
1004.1,0.46,9.3,5.8,12.1,11.27,210,0
1004.1,0.46,9.3,5.8,12.1,5.62,121,0
1004.1,0.46,9.3,5.8,12.1,11.04,11,0
1004.1,0.46,9.3,5.8,12.1,8.23,280,0
1004.1,0.46,9.3,5.8,12.1,8.08,144,0
1004.1,0.46,9.3,5.8,12.1,20.93,320,2
1004.1,0.46,9.3,5.8,12.1,9.8,251,0
1004.1,0.46,9.3,5.8,12.1,12.88,170,0
1004.1,0.46,9.3,5.8,12.1,35.42,310,2
1004.1,0.46,9.3,5.8,12.1,9.71,247,0
1004.1,0.46,9.3,5.8,12.1,14.22,232,0
1004.1,0.82,10.8,7.4,13.6,30.86,349,2
1004.1,0.82,10.8,7.4,13.6,7.08,352,0
1004.1,0.82,10.8,7.4,13.6,5.1,185,0
1004.1,0.82,10.8,7.4,13.6,7.2,133,0
1004.1,0.82,10.8,7.4,13.6,25.76,300,2
1004.1,0.82,10.8,7.4,13.6,4.83,260,0
1004.1,0.82,10.8,7.4,13.6,8.05,340,0
1004.1,0.82,10.8,7.4,13.6,14.49,230,0
1004.1,0.82,10.8,7.4,13.6,17.71,170,2
1004.1,0.82,10.8,7.4,13.6,24.15,170,2
1004.1,0.82,10.8,7.4,13.6,3.22,250,0
1004.1,0.82,10.8,7.4,13.6,11.27,210,0
1004.1,0.82,10.8,7.4,13.6,5.62,121,0
1004.1,0.82,10.8,7.4,13.6,11.04,11,0
1004.1,0.82,10.8,7.4,13.6,8.23,280,0
1004.1,0.82,10.8,7.4,13.6,8.08,144,0
1004.1,0.82,10.8,7.4,13.6,20.93,320,2
1004.1,0.82,10.8,7.4,13.6,9.8,251,0
1004.1,0.82,10.8,7.4,13.6,12.88,170,0
1004.1,0.82,10.8,7.4,13.6,35.42,310,2
1004.1,0.82,10.8,7.4,13.6,9.71,247,0
1004.1,0.82,10.8,7.4,13.6,14.22,232,0
1004.1,0.24,11.7,8.9,13.9,30.86,349,2
1004.1,0.24,11.7,8.9,13.9,7.08,352,0
1004.1,0.24,11.7,8.9,13.9,5.1,185,0
1004.1,0.24,11.7,8.9,13.9,7.2,133,0
1004.1,0.24,11.7,8.9,13.9,25.76,300,2
1004.1,0.24,11.7,8.9,13.9,4.83,260,0
1004.1,0.24,11.7,8.9,13.9,8.05,340,0
1004.1,0.24,11.7,8.9,13.9,14.49,230,0
1004.1,0.24,11.7,8.9,13.9,17.71,170,2
1004.1,0.24,11.7,8.9,13.9,24.15,170,2
1004.1,0.24,11.7,8.9,13.9,3.22,250,0
1004.1,0.24,11.7,8.9,13.9,11.27,210,0
1004.1,0.24,11.7,8.9,13.9,5.62,121,0
1004.1,0.24,11.7,8.9,13.9,11.04,11,0
1004.1,0.24,11.7,8.9,13.9,8.23,280,0
1004.1,0.24,11.7,8.9,13.9,8.08,144,0
1004.1,0.24,11.7,8.9,13.9,20.93,320,2
1004.1,0.24,11.7,8.9,13.9,9.8,251,0
1004.1,0.24,11.7,8.9,13.9,12.88,170,0
1004.1,0.24,11.7,8.9,13.9,35.42,310,2
1004.1,0.24,11.7,8.9,13.9,9.71,247,0
1004.1,0.24,11.7,8.9,13.9,14.22,232,0
1004.1,0.35,8.8,8.0,9.5,30.86,349,2
1004.1,0.35,8.8,8.0,9.5,7.08,352,0
1004.1,0.35,8.8,8.0,9.5,5.1,185,0
1004.1,0.35,8.8,8.0,9.5,7.2,133,0
1004.1,0.35,8.8,8.0,9.5,25.76,300,2
1004.1,0.35,8.8,8.0,9.5,4.83,260,0
1004.1,0.35,8.8,8.0,9.5,8.05,340,0
1004.1,0.35,8.8,8.0,9.5,14.49,230,0
1004.1,0.35,8.8,8.0,9.5,17.71,170,2
1004.1,0.35,8.8,8.0,9.5,24.15,170,2
1004.1,0.35,8.8,8.0,9.5,3.22,250,0
1004.1,0.35,8.8,8.0,9.5,11.27,210,0
1004.1,0.35,8.8,8.0,9.5,5.62,121,0
1004.1,0.35,8.8,8.0,9.5,11.04,11,0
1004.1,0.35,8.8,8.0,9.5,8.23,280,0
1004.1,0.35,8.8,8.0,9.5,8.08,144,0
1004.1,0.35,8.8,8.0,9.5,20.93,320,2
1004.1,0.35,8.8,8.0,9.5,9.8,251,0
1004.1,0.35,8.8,8.0,9.5,12.88,170,0
1004.1,0.35,8.8,8.0,9.5,35.42,310,2
1004.1,0.35,8.8,8.0,9.5,9.71,247,0
1004.1,0.35,8.8,8.0,9.5,14.22,232,0
1004.1,0.24,3.7,0.3,6.7,30.86,349,2
1004.1,0.24,3.7,0.3,6.7,7.08,352,0
1004.1,0.24,3.7,0.3,6.7,5.1,185,0
1004.1,0.24,3.7,0.3,6.7,7.2,133,0
1004.1,0.24,3.7,0.3,6.7,25.76,300,2
1004.1,0.24,3.7,0.3,6.7,4.83,260,0
1004.1,0.24,3.7,0.3,6.7,8.05,340,0
1004.1,0.24,3.7,0.3,6.7,14.49,230,0
1004.1,0.24,3.7,0.3,6.7,17.71,170,2
1004.1,0.24,3.7,0.3,6.7,24.15,170,2
1004.1,0.24,3.7,0.3,6.7,3.22,250,0
1004.1,0.24,3.7,0.3,6.7,11.27,210,0
1004.1,0.24,3.7,0.3,6.7,5.62,121,0
1004.1,0.24,3.7,0.3,6.7,11.04,11,0
1004.1,0.24,3.7,0.3,6.7,8.23,280,0
1004.1,0.24,3.7,0.3,6.7,8.08,144,0
1004.1,0.24,3.7,0.3,6.7,20.93,320,2
1004.1,0.24,3.7,0.3,6.7,9.8,251,0
1004.1,0.24,3.7,0.3,6.7,12.88,170,0
1004.1,0.24,3.7,0.3,6.7,35.42,310,2
1004.1,0.24,3.7,0.3,6.7,9.71,247,0
1004.1,0.24,3.7,0.3,6.7,14.22,232,0
1004.1,0.19,11.5,8.8,13.6,30.86,349,2
1004.1,0.19,11.5,8.8,13.6,7.08,352,0
1004.1,0.19,11.5,8.8,13.6,5.1,185,0
1004.1,0.19,11.5,8.8,13.6,7.2,133,0
1004.1,0.19,11.5,8.8,13.6,25.76,300,2
1004.1,0.19,11.5,8.8,13.6,4.83,260,0
1004.1,0.19,11.5,8.8,13.6,8.05,340,0
1004.1,0.19,11.5,8.8,13.6,14.49,230,0
1004.1,0.19,11.5,8.8,13.6,17.71,170,2
1004.1,0.19,11.5,8.8,13.6,24.15,170,2
1004.1,0.19,11.5,8.8,13.6,3.22,250,0
1004.1,0.19,11.5,8.8,13.6,11.27,210,0
1004.1,0.19,11.5,8.8,13.6,5.62,121,0
1004.1,0.19,11.5,8.8,13.6,11.04,11,0
1004.1,0.19,11.5,8.8,13.6,8.23,280,0
1004.1,0.19,11.5,8.8,13.6,8.08,144,0
1004.1,0.19,11.5,8.8,13.6,20.93,320,2
1004.1,0.19,11.5,8.8,13.6,9.8,251,0
1004.1,0.19,11.5,8.8,13.6,12.88,170,0
1004.1,0.19,11.5,8.8,13.6,35.42,310,2
1004.1,0.19,11.5,8.8,13.6,9.71,247,0
1004.1,0.19,11.5,8.8,13.6,14.22,232,0
1004.1,0.81,8.4,6.6,10.1,30.86,349,2
1004.1,0.81,8.4,6.6,10.1,7.08,352,0
1004.1,0.81,8.4,6.6,10.1,5.1,185,0
1004.1,0.81,8.4,6.6,10.1,7.2,133,0
1004.1,0.81,8.4,6.6,10.1,25.76,300,2
1004.1,0.81,8.4,6.6,10.1,4.83,260,0
1004.1,0.81,8.4,6.6,10.1,8.05,340,0
1004.1,0.81,8.4,6.6,10.1,14.49,230,0
1004.1,0.81,8.4,6.6,10.1,17.71,170,2
1004.1,0.81,8.4,6.6,10.1,24.15,170,2
1004.1,0.81,8.4,6.6,10.1,3.22,250,0
1004.1,0.81,8.4,6.6,10.1,11.27,210,0
1004.1,0.81,8.4,6.6,10.1,5.62,121,0
1004.1,0.81,8.4,6.6,10.1,11.04,11,0
1004.1,0.81,8.4,6.6,10.1,8.23,280,0
1004.1,0.81,8.4,6.6,10.1,8.08,144,0
1004.1,0.81,8.4,6.6,10.1,20.93,320,2
1004.1,0.81,8.4,6.6,10.1,9.8,251,0
1004.1,0.81,8.4,6.6,10.1,12.88,170,0
1004.1,0.81,8.4,6.6,10.1,35.42,310,2
1004.1,0.81,8.4,6.6,10.1,9.71,247,0
1004.1,0.81,8.4,6.6,10.1,14.22,232,0
1004.1,0.28,11.1,6.9,16.3,30.86,349,2
1004.1,0.28,11.1,6.9,16.3,7.08,352,0
1004.1,0.28,11.1,6.9,16.3,5.1,185,0
1004.1,0.28,11.1,6.9,16.3,7.2,133,0
1004.1,0.28,11.1,6.9,16.3,25.76,300,2
1004.1,0.28,11.1,6.9,16.3,4.83,260,0
1004.1,0.28,11.1,6.9,16.3,8.05,340,0
1004.1,0.28,11.1,6.9,16.3,14.49,230,0
1004.1,0.28,11.1,6.9,16.3,17.71,170,2
1004.1,0.28,11.1,6.9,16.3,24.15,170,2
1004.1,0.28,11.1,6.9,16.3,3.22,250,0
1004.1,0.28,11.1,6.9,16.3,11.27,210,0
1004.1,0.28,11.1,6.9,16.3,5.62,121,0
1004.1,0.28,11.1,6.9,16.3,11.04,11,0
1004.1,0.28,11.1,6.9,16.3,8.23,280,0
1004.1,0.28,11.1,6.9,16.3,8.08,144,0
1004.1,0.28,11.1,6.9,16.3,20.93,320,2
1004.1,0.28,11.1,6.9,16.3,9.8,251,0
1004.1,0.28,11.1,6.9,16.3,12.88,170,0
1004.1,0.28,11.1,6.9,16.3,35.42,310,2
1004.1,0.28,11.1,6.9,16.3,9.71,247,0
1004.1,0.28,11.1,6.9,16.3,14.22,232,0
1004.1,0.15,6.5,5.8,7.2,30.86,349,2
1004.1,0.15,6.5,5.8,7.2,7.08,352,0
1004.1,0.15,6.5,5.8,7.2,5.1,185,0
1004.1,0.15,6.5,5.8,7.2,7.2,133,0
1004.1,0.15,6.5,5.8,7.2,25.76,300,2
1004.1,0.15,6.5,5.8,7.2,4.83,260,0
1004.1,0.15,6.5,5.8,7.2,8.05,340,0
1004.1,0.15,6.5,5.8,7.2,14.49,230,0
1004.1,0.15,6.5,5.8,7.2,17.71,170,2
1004.1,0.15,6.5,5.8,7.2,24.15,170,2
1004.1,0.15,6.5,5.8,7.2,3.22,250,0
1004.1,0.15,6.5,5.8,7.2,11.27,210,0
1004.1,0.15,6.5,5.8,7.2,5.62,121,0
1004.1,0.15,6.5,5.8,7.2,11.04,11,0
1004.1,0.15,6.5,5.8,7.2,8.23,280,0
1004.1,0.15,6.5,5.8,7.2,8.08,144,0
1004.1,0.15,6.5,5.8,7.2,20.93,320,2
1004.1,0.15,6.5,5.8,7.2,9.8,251,0
1004.1,0.15,6.5,5.8,7.2,12.88,170,0
1004.1,0.15,6.5,5.8,7.2,35.42,310,2
1004.1,0.15,6.5,5.8,7.2,9.71,247,0
1004.1,0.15,6.5,5.8,7.2,14.22,232,0
1004.2,1.2,5.9,1.8,10.0,21.85,222,3
1004.2,1.2,5.9,1.8,10.0,14.02,160,1
1004.2,1.2,5.9,1.8,10.0,11.27,170,1
1004.2,1.2,5.9,1.8,10.0,20.5,327,3
1004.2,1.2,5.9,1.8,10.0,14.02,317,1
1004.2,1.2,5.9,1.8,10.0,17.08,332,3
1004.2,1.2,5.9,1.8,10.0,16.1,330,3
1004.2,1.2,5.9,1.8,10.0,27.37,340,3
1004.2,1.2,5.9,1.8,10.0,30.59,330,3
1004.2,1.2,5.9,1.8,10.0,14.49,160,1
1004.2,1.2,5.9,1.8,10.0,30.59,330,3
1004.2,1.2,5.9,1.8,10.0,16.1,100,3
1004.2,1.2,5.9,1.8,10.0,16.1,170,3
1004.2,1.2,5.9,1.8,10.0,31.22,159,3
1004.2,1.2,5.9,1.8,10.0,5.01,283,1
1004.2,1.2,5.9,1.8,10.0,43.79,170,3
1004.2,1.2,5.9,1.8,10.0,22.54,300,3
1004.2,1.2,5.9,1.8,10.0,28.98,190,3
1004.2,1.2,5.9,1.8,10.0,12.88,70,1
1004.2,1.2,5.9,1.8,10.0,9.68,272,1
1004.2,1.2,5.9,1.8,10.0,2.95,299,1
1004.2,1.2,5.9,1.8,10.0,14.3,321,1
1004.2,1.2,5.9,1.8,10.0,11.22,70,1
1004.2,1.2,5.9,1.8,10.0,23.65,351,3
1004.2,0.63,15.3,12.5,18.2,21.85,222,3
1004.2,0.63,15.3,12.5,18.2,14.02,160,1
1004.2,0.63,15.3,12.5,18.2,11.27,170,1
1004.2,0.63,15.3,12.5,18.2,20.5,327,3
1004.2,0.63,15.3,12.5,18.2,14.02,317,1
1004.2,0.63,15.3,12.5,18.2,17.08,332,3
1004.2,0.63,15.3,12.5,18.2,16.1,330,3
1004.2,0.63,15.3,12.5,18.2,27.37,340,3
1004.2,0.63,15.3,12.5,18.2,30.59,330,3
1004.2,0.63,15.3,12.5,18.2,14.49,160,1
1004.2,0.63,15.3,12.5,18.2,30.59,330,3
1004.2,0.63,15.3,12.5,18.2,16.1,100,3
1004.2,0.63,15.3,12.5,18.2,16.1,170,3
1004.2,0.63,15.3,12.5,18.2,31.22,159,3
1004.2,0.63,15.3,12.5,18.2,5.01,283,1
1004.2,0.63,15.3,12.5,18.2,43.79,170,3
1004.2,0.63,15.3,12.5,18.2,22.54,300,3
1004.2,0.63,15.3,12.5,18.2,28.98,190,3
1004.2,0.63,15.3,12.5,18.2,12.88,70,1
1004.2,0.63,15.3,12.5,18.2,9.68,272,1
1004.2,0.63,15.3,12.5,18.2,2.95,299,1
1004.2,0.63,15.3,12.5,18.2,14.3,321,1
1004.2,0.63,15.3,12.5,18.2,11.22,70,1
1004.2,0.63,15.3,12.5,18.2,23.65,351,3
1004.2,0.42,7.4,5.3,7.1,21.85,222,3
1004.2,0.42,7.4,5.3,7.1,14.02,160,1
1004.2,0.42,7.4,5.3,7.1,11.27,170,1
1004.2,0.42,7.4,5.3,7.1,20.5,327,3
1004.2,0.42,7.4,5.3,7.1,14.02,317,1
1004.2,0.42,7.4,5.3,7.1,17.08,332,3
1004.2,0.42,7.4,5.3,7.1,16.1,330,3
1004.2,0.42,7.4,5.3,7.1,27.37,340,3
1004.2,0.42,7.4,5.3,7.1,30.59,330,3
1004.2,0.42,7.4,5.3,7.1,14.49,160,1
1004.2,0.42,7.4,5.3,7.1,30.59,330,3
1004.2,0.42,7.4,5.3,7.1,16.1,100,3
1004.2,0.42,7.4,5.3,7.1,16.1,170,3
1004.2,0.42,7.4,5.3,7.1,31.22,159,3
1004.2,0.42,7.4,5.3,7.1,5.01,283,1
1004.2,0.42,7.4,5.3,7.1,43.79,170,3
1004.2,0.42,7.4,5.3,7.1,22.54,300,3
1004.2,0.42,7.4,5.3,7.1,28.98,190,3
1004.2,0.42,7.4,5.3,7.1,12.88,70,1
1004.2,0.42,7.4,5.3,7.1,9.68,272,1
1004.2,0.42,7.4,5.3,7.1,2.95,299,1
1004.2,0.42,7.4,5.3,7.1,14.3,321,1
1004.2,0.42,7.4,5.3,7.1,11.22,70,1
1004.2,0.42,7.4,5.3,7.1,23.65,351,3
1004.2,0.82,11.9,8.4,15.4,21.85,222,3
1004.2,0.82,11.9,8.4,15.4,14.02,160,1
1004.2,0.82,11.9,8.4,15.4,11.27,170,1
1004.2,0.82,11.9,8.4,15.4,20.5,327,3
1004.2,0.82,11.9,8.4,15.4,14.02,317,1
1004.2,0.82,11.9,8.4,15.4,17.08,332,3
1004.2,0.82,11.9,8.4,15.4,16.1,330,3
1004.2,0.82,11.9,8.4,15.4,27.37,340,3
1004.2,0.82,11.9,8.4,15.4,30.59,330,3
1004.2,0.82,11.9,8.4,15.4,14.49,160,1
1004.2,0.82,11.9,8.4,15.4,30.59,330,3
1004.2,0.82,11.9,8.4,15.4,16.1,100,3
1004.2,0.82,11.9,8.4,15.4,16.1,170,3
1004.2,0.82,11.9,8.4,15.4,31.22,159,3
1004.2,0.82,11.9,8.4,15.4,5.01,283,1
1004.2,0.82,11.9,8.4,15.4,43.79,170,3
1004.2,0.82,11.9,8.4,15.4,22.54,300,3
1004.2,0.82,11.9,8.4,15.4,28.98,190,3
1004.2,0.82,11.9,8.4,15.4,12.88,70,1
1004.2,0.82,11.9,8.4,15.4,9.68,272,1
1004.2,0.82,11.9,8.4,15.4,2.95,299,1
1004.2,0.82,11.9,8.4,15.4,14.3,321,1
1004.2,0.82,11.9,8.4,15.4,11.22,70,1
1004.2,0.82,11.9,8.4,15.4,23.65,351,3
1004.2,3.16,20.0,11.3,26.5,21.85,222,3
1004.2,3.16,20.0,11.3,26.5,14.02,160,1
1004.2,3.16,20.0,11.3,26.5,11.27,170,1
1004.2,3.16,20.0,11.3,26.5,20.5,327,3
1004.2,3.16,20.0,11.3,26.5,14.02,317,1
1004.2,3.16,20.0,11.3,26.5,17.08,332,3
1004.2,3.16,20.0,11.3,26.5,16.1,330,3
1004.2,3.16,20.0,11.3,26.5,27.37,340,3
1004.2,3.16,20.0,11.3,26.5,30.59,330,3
1004.2,3.16,20.0,11.3,26.5,14.49,160,1
1004.2,3.16,20.0,11.3,26.5,30.59,330,3
1004.2,3.16,20.0,11.3,26.5,16.1,100,3
1004.2,3.16,20.0,11.3,26.5,16.1,170,3
1004.2,3.16,20.0,11.3,26.5,31.22,159,3
1004.2,3.16,20.0,11.3,26.5,5.01,283,1
1004.2,3.16,20.0,11.3,26.5,43.79,170,3
1004.2,3.16,20.0,11.3,26.5,22.54,300,3
1004.2,3.16,20.0,11.3,26.5,28.98,190,3
1004.2,3.16,20.0,11.3,26.5,12.88,70,1
1004.2,3.16,20.0,11.3,26.5,9.68,272,1
1004.2,3.16,20.0,11.3,26.5,2.95,299,1
1004.2,3.16,20.0,11.3,26.5,14.3,321,1
1004.2,3.16,20.0,11.3,26.5,11.22,70,1
1004.2,3.16,20.0,11.3,26.5,23.65,351,3
1004.2,1.73,12.3,4.7,17.6,21.85,222,3
1004.2,1.73,12.3,4.7,17.6,14.02,160,1
1004.2,1.73,12.3,4.7,17.6,11.27,170,1
1004.2,1.73,12.3,4.7,17.6,20.5,327,3
1004.2,1.73,12.3,4.7,17.6,14.02,317,1
1004.2,1.73,12.3,4.7,17.6,17.08,332,3
1004.2,1.73,12.3,4.7,17.6,16.1,330,3
1004.2,1.73,12.3,4.7,17.6,27.37,340,3
1004.2,1.73,12.3,4.7,17.6,30.59,330,3
1004.2,1.73,12.3,4.7,17.6,14.49,160,1
1004.2,1.73,12.3,4.7,17.6,30.59,330,3
1004.2,1.73,12.3,4.7,17.6,16.1,100,3
1004.2,1.73,12.3,4.7,17.6,16.1,170,3
1004.2,1.73,12.3,4.7,17.6,31.22,159,3
1004.2,1.73,12.3,4.7,17.6,5.01,283,1
1004.2,1.73,12.3,4.7,17.6,43.79,170,3
1004.2,1.73,12.3,4.7,17.6,22.54,300,3
1004.2,1.73,12.3,4.7,17.6,28.98,190,3
1004.2,1.73,12.3,4.7,17.6,12.88,70,1
1004.2,1.73,12.3,4.7,17.6,9.68,272,1
1004.2,1.73,12.3,4.7,17.6,2.95,299,1
1004.2,1.73,12.3,4.7,17.6,14.3,321,1
1004.2,1.73,12.3,4.7,17.6,11.22,70,1
1004.2,1.73,12.3,4.7,17.6,23.65,351,3
1004.2,2.57,14.4,7.4,20.4,21.85,222,3
1004.2,2.57,14.4,7.4,20.4,14.02,160,1
1004.2,2.57,14.4,7.4,20.4,11.27,170,1
1004.2,2.57,14.4,7.4,20.4,20.5,327,3
1004.2,2.57,14.4,7.4,20.4,14.02,317,1
1004.2,2.57,14.4,7.4,20.4,17.08,332,3
1004.2,2.57,14.4,7.4,20.4,16.1,330,3
1004.2,2.57,14.4,7.4,20.4,27.37,340,3
1004.2,2.57,14.4,7.4,20.4,30.59,330,3
1004.2,2.57,14.4,7.4,20.4,14.49,160,1
1004.2,2.57,14.4,7.4,20.4,30.59,330,3
1004.2,2.57,14.4,7.4,20.4,16.1,100,3
1004.2,2.57,14.4,7.4,20.4,16.1,170,3
1004.2,2.57,14.4,7.4,20.4,31.22,159,3
1004.2,2.57,14.4,7.4,20.4,5.01,283,1
1004.2,2.57,14.4,7.4,20.4,43.79,170,3
1004.2,2.57,14.4,7.4,20.4,22.54,300,3
1004.2,2.57,14.4,7.4,20.4,28.98,190,3
1004.2,2.57,14.4,7.4,20.4,12.88,70,1
1004.2,2.57,14.4,7.4,20.4,9.68,272,1
1004.2,2.57,14.4,7.4,20.4,2.95,299,1
1004.2,2.57,14.4,7.4,20.4,14.3,321,1
1004.2,2.57,14.4,7.4,20.4,11.22,70,1
1004.2,2.57,14.4,7.4,20.4,23.65,351,3
1004.2,2.34,19.7,14.2,25.5,21.85,222,2
1004.2,2.34,19.7,14.2,25.5,14.02,160,0
1004.2,2.34,19.7,14.2,25.5,11.27,170,0
1004.2,2.34,19.7,14.2,25.5,20.5,327,2
1004.2,2.34,19.7,14.2,25.5,14.02,317,0
1004.2,2.34,19.7,14.2,25.5,17.08,332,2
1004.2,2.34,19.7,14.2,25.5,16.1,330,2
1004.2,2.34,19.7,14.2,25.5,27.37,340,2
1004.2,2.34,19.7,14.2,25.5,30.59,330,2
1004.2,2.34,19.7,14.2,25.5,14.49,160,0
1004.2,2.34,19.7,14.2,25.5,30.59,330,2
1004.2,2.34,19.7,14.2,25.5,16.1,100,2
1004.2,2.34,19.7,14.2,25.5,16.1,170,2
1004.2,2.34,19.7,14.2,25.5,31.22,159,2
1004.2,2.34,19.7,14.2,25.5,5.01,283,0
1004.2,2.34,19.7,14.2,25.5,43.79,170,2
1004.2,2.34,19.7,14.2,25.5,22.54,300,2
1004.2,2.34,19.7,14.2,25.5,28.98,190,2
1004.2,2.34,19.7,14.2,25.5,12.88,70,0
1004.2,2.34,19.7,14.2,25.5,9.68,272,0
1004.2,2.34,19.7,14.2,25.5,2.95,299,0
1004.2,2.34,19.7,14.2,25.5,14.3,321,0
1004.2,2.34,19.7,14.2,25.5,11.22,70,0
1004.2,2.34,19.7,14.2,25.5,23.65,351,2
1004.2,1.53,15.4,11.1,19.0,21.85,222,2
1004.2,1.53,15.4,11.1,19.0,14.02,160,0
1004.2,1.53,15.4,11.1,19.0,11.27,170,0
1004.2,1.53,15.4,11.1,19.0,20.5,327,2
1004.2,1.53,15.4,11.1,19.0,14.02,317,0
1004.2,1.53,15.4,11.1,19.0,17.08,332,2
1004.2,1.53,15.4,11.1,19.0,16.1,330,2
1004.2,1.53,15.4,11.1,19.0,27.37,340,2
1004.2,1.53,15.4,11.1,19.0,30.59,330,2
1004.2,1.53,15.4,11.1,19.0,14.49,160,0
1004.2,1.53,15.4,11.1,19.0,30.59,330,2
1004.2,1.53,15.4,11.1,19.0,16.1,100,2
1004.2,1.53,15.4,11.1,19.0,16.1,170,2
1004.2,1.53,15.4,11.1,19.0,31.22,159,2
1004.2,1.53,15.4,11.1,19.0,5.01,283,0
1004.2,1.53,15.4,11.1,19.0,43.79,170,2
1004.2,1.53,15.4,11.1,19.0,22.54,300,2
1004.2,1.53,15.4,11.1,19.0,28.98,190,2
1004.2,1.53,15.4,11.1,19.0,12.88,70,0
1004.2,1.53,15.4,11.1,19.0,9.68,272,0
1004.2,1.53,15.4,11.1,19.0,2.95,299,0
1004.2,1.53,15.4,11.1,19.0,14.3,321,0
1004.2,1.53,15.4,11.1,19.0,11.22,70,0
1004.2,1.53,15.4,11.1,19.0,23.65,351,2
1004.2,0.96,9.8,4.4,10.5,21.85,222,2
1004.2,0.96,9.8,4.4,10.5,14.02,160,0
1004.2,0.96,9.8,4.4,10.5,11.27,170,0
1004.2,0.96,9.8,4.4,10.5,20.5,327,2
1004.2,0.96,9.8,4.4,10.5,14.02,317,0
1004.2,0.96,9.8,4.4,10.5,17.08,332,2
1004.2,0.96,9.8,4.4,10.5,16.1,330,2
1004.2,0.96,9.8,4.4,10.5,27.37,340,2
1004.2,0.96,9.8,4.4,10.5,30.59,330,2
1004.2,0.96,9.8,4.4,10.5,14.49,160,0
1004.2,0.96,9.8,4.4,10.5,30.59,330,2
1004.2,0.96,9.8,4.4,10.5,16.1,100,2
1004.2,0.96,9.8,4.4,10.5,16.1,170,2
1004.2,0.96,9.8,4.4,10.5,31.22,159,2
1004.2,0.96,9.8,4.4,10.5,5.01,283,0
1004.2,0.96,9.8,4.4,10.5,43.79,170,2
1004.2,0.96,9.8,4.4,10.5,22.54,300,2
1004.2,0.96,9.8,4.4,10.5,28.98,190,2
1004.2,0.96,9.8,4.4,10.5,12.88,70,0
1004.2,0.96,9.8,4.4,10.5,9.68,272,0
1004.2,0.96,9.8,4.4,10.5,2.95,299,0
1004.2,0.96,9.8,4.4,10.5,14.3,321,0
1004.2,0.96,9.8,4.4,10.5,11.22,70,0
1004.2,0.96,9.8,4.4,10.5,23.65,351,2
1004.2,0.2,8.1,6.0,8.8,21.85,222,2
1004.2,0.2,8.1,6.0,8.8,14.02,160,0
1004.2,0.2,8.1,6.0,8.8,11.27,170,0
1004.2,0.2,8.1,6.0,8.8,20.5,327,2
1004.2,0.2,8.1,6.0,8.8,14.02,317,0
1004.2,0.2,8.1,6.0,8.8,17.08,332,2
1004.2,0.2,8.1,6.0,8.8,16.1,330,2
1004.2,0.2,8.1,6.0,8.8,27.37,340,2
1004.2,0.2,8.1,6.0,8.8,30.59,330,2
1004.2,0.2,8.1,6.0,8.8,14.49,160,0
1004.2,0.2,8.1,6.0,8.8,30.59,330,2
1004.2,0.2,8.1,6.0,8.8,16.1,100,2
1004.2,0.2,8.1,6.0,8.8,16.1,170,2
1004.2,0.2,8.1,6.0,8.8,31.22,159,2
1004.2,0.2,8.1,6.0,8.8,5.01,283,0
1004.2,0.2,8.1,6.0,8.8,43.79,170,2
1004.2,0.2,8.1,6.0,8.8,22.54,300,2
1004.2,0.2,8.1,6.0,8.8,28.98,190,2
1004.2,0.2,8.1,6.0,8.8,12.88,70,0
1004.2,0.2,8.1,6.0,8.8,9.68,272,0
1004.2,0.2,8.1,6.0,8.8,2.95,299,0
1004.2,0.2,8.1,6.0,8.8,14.3,321,0
1004.2,0.2,8.1,6.0,8.8,11.22,70,0
1004.2,0.2,8.1,6.0,8.8,23.65,351,2
1004.2,0.47,0.6,-1.5,2.4,21.85,222,2
1004.2,0.47,0.6,-1.5,2.4,14.02,160,0
1004.2,0.47,0.6,-1.5,2.4,11.27,170,0
1004.2,0.47,0.6,-1.5,2.4,20.5,327,2
1004.2,0.47,0.6,-1.5,2.4,14.02,317,0
1004.2,0.47,0.6,-1.5,2.4,17.08,332,2
1004.2,0.47,0.6,-1.5,2.4,16.1,330,2
1004.2,0.47,0.6,-1.5,2.4,27.37,340,2
1004.2,0.47,0.6,-1.5,2.4,30.59,330,2
1004.2,0.47,0.6,-1.5,2.4,14.49,160,0
1004.2,0.47,0.6,-1.5,2.4,30.59,330,2
1004.2,0.47,0.6,-1.5,2.4,16.1,100,2
1004.2,0.47,0.6,-1.5,2.4,16.1,170,2
1004.2,0.47,0.6,-1.5,2.4,31.22,159,2
1004.2,0.47,0.6,-1.5,2.4,5.01,283,0
1004.2,0.47,0.6,-1.5,2.4,43.79,170,2
1004.2,0.47,0.6,-1.5,2.4,22.54,300,2
1004.2,0.47,0.6,-1.5,2.4,28.98,190,2
1004.2,0.47,0.6,-1.5,2.4,12.88,70,0
1004.2,0.47,0.6,-1.5,2.4,9.68,272,0
1004.2,0.47,0.6,-1.5,2.4,2.95,299,0
1004.2,0.47,0.6,-1.5,2.4,14.3,321,0
1004.2,0.47,0.6,-1.5,2.4,11.22,70,0
1004.2,0.47,0.6,-1.5,2.4,23.65,351,2
1004.2,0.4,11.6,10.4,13.5,21.85,222,2
1004.2,0.4,11.6,10.4,13.5,14.02,160,0
1004.2,0.4,11.6,10.4,13.5,11.27,170,0
1004.2,0.4,11.6,10.4,13.5,20.5,327,2
1004.2,0.4,11.6,10.4,13.5,14.02,317,0
1004.2,0.4,11.6,10.4,13.5,17.08,332,2
1004.2,0.4,11.6,10.4,13.5,16.1,330,2
1004.2,0.4,11.6,10.4,13.5,27.37,340,2
1004.2,0.4,11.6,10.4,13.5,30.59,330,2
1004.2,0.4,11.6,10.4,13.5,14.49,160,0
1004.2,0.4,11.6,10.4,13.5,30.59,330,2
1004.2,0.4,11.6,10.4,13.5,16.1,100,2
1004.2,0.4,11.6,10.4,13.5,16.1,170,2
1004.2,0.4,11.6,10.4,13.5,31.22,159,2
1004.2,0.4,11.6,10.4,13.5,5.01,283,0
1004.2,0.4,11.6,10.4,13.5,43.79,170,2
1004.2,0.4,11.6,10.4,13.5,22.54,300,2
1004.2,0.4,11.6,10.4,13.5,28.98,190,2
1004.2,0.4,11.6,10.4,13.5,12.88,70,0
1004.2,0.4,11.6,10.4,13.5,9.68,272,0
1004.2,0.4,11.6,10.4,13.5,2.95,299,0
1004.2,0.4,11.6,10.4,13.5,14.3,321,0
1004.2,0.4,11.6,10.4,13.5,11.22,70,0
1004.2,0.4,11.6,10.4,13.5,23.65,351,2
1004.2,0.13,9.8,7.4,11.7,21.85,222,2
1004.2,0.13,9.8,7.4,11.7,14.02,160,0
1004.2,0.13,9.8,7.4,11.7,11.27,170,0
1004.2,0.13,9.8,7.4,11.7,20.5,327,2
1004.2,0.13,9.8,7.4,11.7,14.02,317,0
1004.2,0.13,9.8,7.4,11.7,17.08,332,2
1004.2,0.13,9.8,7.4,11.7,16.1,330,2
1004.2,0.13,9.8,7.4,11.7,27.37,340,2
1004.2,0.13,9.8,7.4,11.7,30.59,330,2
1004.2,0.13,9.8,7.4,11.7,14.49,160,0
1004.2,0.13,9.8,7.4,11.7,30.59,330,2
1004.2,0.13,9.8,7.4,11.7,16.1,100,2
1004.2,0.13,9.8,7.4,11.7,16.1,170,2
1004.2,0.13,9.8,7.4,11.7,31.22,159,2
1004.2,0.13,9.8,7.4,11.7,5.01,283,0
1004.2,0.13,9.8,7.4,11.7,43.79,170,2
1004.2,0.13,9.8,7.4,11.7,22.54,300,2
1004.2,0.13,9.8,7.4,11.7,28.98,190,2
1004.2,0.13,9.8,7.4,11.7,12.88,70,0
1004.2,0.13,9.8,7.4,11.7,9.68,272,0
1004.2,0.13,9.8,7.4,11.7,2.95,299,0
1004.2,0.13,9.8,7.4,11.7,14.3,321,0
1004.2,0.13,9.8,7.4,11.7,11.22,70,0
1004.2,0.13,9.8,7.4,11.7,23.65,351,2
1004.2,1.32,20.7,17.7,27.0,21.85,222,2
1004.2,1.32,20.7,17.7,27.0,14.02,160,0
1004.2,1.32,20.7,17.7,27.0,11.27,170,0
1004.2,1.32,20.7,17.7,27.0,20.5,327,2
1004.2,1.32,20.7,17.7,27.0,14.02,317,0
1004.2,1.32,20.7,17.7,27.0,17.08,332,2
1004.2,1.32,20.7,17.7,27.0,16.1,330,2
1004.2,1.32,20.7,17.7,27.0,27.37,340,2
1004.2,1.32,20.7,17.7,27.0,30.59,330,2
1004.2,1.32,20.7,17.7,27.0,14.49,160,0
1004.2,1.32,20.7,17.7,27.0,30.59,330,2
1004.2,1.32,20.7,17.7,27.0,16.1,100,2
1004.2,1.32,20.7,17.7,27.0,16.1,170,2
1004.2,1.32,20.7,17.7,27.0,31.22,159,2
1004.2,1.32,20.7,17.7,27.0,5.01,283,0
1004.2,1.32,20.7,17.7,27.0,43.79,170,2
1004.2,1.32,20.7,17.7,27.0,22.54,300,2
1004.2,1.32,20.7,17.7,27.0,28.98,190,2
1004.2,1.32,20.7,17.7,27.0,12.88,70,0
1004.2,1.32,20.7,17.7,27.0,9.68,272,0
1004.2,1.32,20.7,17.7,27.0,2.95,299,0
1004.2,1.32,20.7,17.7,27.0,14.3,321,0
1004.2,1.32,20.7,17.7,27.0,11.22,70,0
1004.2,1.32,20.7,17.7,27.0,23.65,351,2
1004.2,0.91,16.5,14.0,19.7,21.85,222,2
1004.2,0.91,16.5,14.0,19.7,14.02,160,0
1004.2,0.91,16.5,14.0,19.7,11.27,170,0
1004.2,0.91,16.5,14.0,19.7,20.5,327,2
1004.2,0.91,16.5,14.0,19.7,14.02,317,0
1004.2,0.91,16.5,14.0,19.7,17.08,332,2
1004.2,0.91,16.5,14.0,19.7,16.1,330,2
1004.2,0.91,16.5,14.0,19.7,27.37,340,2
1004.2,0.91,16.5,14.0,19.7,30.59,330,2
1004.2,0.91,16.5,14.0,19.7,14.49,160,0
1004.2,0.91,16.5,14.0,19.7,30.59,330,2
1004.2,0.91,16.5,14.0,19.7,16.1,100,2
1004.2,0.91,16.5,14.0,19.7,16.1,170,2
1004.2,0.91,16.5,14.0,19.7,31.22,159,2
1004.2,0.91,16.5,14.0,19.7,5.01,283,0
1004.2,0.91,16.5,14.0,19.7,43.79,170,2
1004.2,0.91,16.5,14.0,19.7,22.54,300,2
1004.2,0.91,16.5,14.0,19.7,28.98,190,2
1004.2,0.91,16.5,14.0,19.7,12.88,70,0
1004.2,0.91,16.5,14.0,19.7,9.68,272,0
1004.2,0.91,16.5,14.0,19.7,2.95,299,0
1004.2,0.91,16.5,14.0,19.7,14.3,321,0
1004.2,0.91,16.5,14.0,19.7,11.22,70,0
1004.2,0.91,16.5,14.0,19.7,23.65,351,2
1004.2,1.2,15.5,13.5,18.9,21.85,222,2
1004.2,1.2,15.5,13.5,18.9,14.02,160,0
1004.2,1.2,15.5,13.5,18.9,11.27,170,0
1004.2,1.2,15.5,13.5,18.9,20.5,327,2
1004.2,1.2,15.5,13.5,18.9,14.02,317,0
1004.2,1.2,15.5,13.5,18.9,17.08,332,2
1004.2,1.2,15.5,13.5,18.9,16.1,330,2
1004.2,1.2,15.5,13.5,18.9,27.37,340,2
1004.2,1.2,15.5,13.5,18.9,30.59,330,2
1004.2,1.2,15.5,13.5,18.9,14.49,160,0
1004.2,1.2,15.5,13.5,18.9,30.59,330,2
1004.2,1.2,15.5,13.5,18.9,16.1,100,2
1004.2,1.2,15.5,13.5,18.9,16.1,170,2
1004.2,1.2,15.5,13.5,18.9,31.22,159,2
1004.2,1.2,15.5,13.5,18.9,5.01,283,0
1004.2,1.2,15.5,13.5,18.9,43.79,170,2
1004.2,1.2,15.5,13.5,18.9,22.54,300,2
1004.2,1.2,15.5,13.5,18.9,28.98,190,2
1004.2,1.2,15.5,13.5,18.9,12.88,70,0
1004.2,1.2,15.5,13.5,18.9,9.68,272,0
1004.2,1.2,15.5,13.5,18.9,2.95,299,0
1004.2,1.2,15.5,13.5,18.9,14.3,321,0
1004.2,1.2,15.5,13.5,18.9,11.22,70,0
1004.2,1.2,15.5,13.5,18.9,23.65,351,2
1004.2,0.94,16.1,12.6,20.5,21.85,222,2
1004.2,0.94,16.1,12.6,20.5,14.02,160,0
1004.2,0.94,16.1,12.6,20.5,11.27,170,0
1004.2,0.94,16.1,12.6,20.5,20.5,327,2
1004.2,0.94,16.1,12.6,20.5,14.02,317,0
1004.2,0.94,16.1,12.6,20.5,17.08,332,2
1004.2,0.94,16.1,12.6,20.5,16.1,330,2
1004.2,0.94,16.1,12.6,20.5,27.37,340,2
1004.2,0.94,16.1,12.6,20.5,30.59,330,2
1004.2,0.94,16.1,12.6,20.5,14.49,160,0
1004.2,0.94,16.1,12.6,20.5,30.59,330,2
1004.2,0.94,16.1,12.6,20.5,16.1,100,2
1004.2,0.94,16.1,12.6,20.5,16.1,170,2
1004.2,0.94,16.1,12.6,20.5,31.22,159,2
1004.2,0.94,16.1,12.6,20.5,5.01,283,0
1004.2,0.94,16.1,12.6,20.5,43.79,170,2
1004.2,0.94,16.1,12.6,20.5,22.54,300,2
1004.2,0.94,16.1,12.6,20.5,28.98,190,2
1004.2,0.94,16.1,12.6,20.5,12.88,70,0
1004.2,0.94,16.1,12.6,20.5,9.68,272,0
1004.2,0.94,16.1,12.6,20.5,2.95,299,0
1004.2,0.94,16.1,12.6,20.5,14.3,321,0
1004.2,0.94,16.1,12.6,20.5,11.22,70,0
1004.2,0.94,16.1,12.6,20.5,23.65,351,2
1004.2,1.33,15.1,11.7,19.2,21.85,222,2
1004.2,1.33,15.1,11.7,19.2,14.02,160,0
1004.2,1.33,15.1,11.7,19.2,11.27,170,0
1004.2,1.33,15.1,11.7,19.2,20.5,327,2
1004.2,1.33,15.1,11.7,19.2,14.02,317,0
1004.2,1.33,15.1,11.7,19.2,17.08,332,2
1004.2,1.33,15.1,11.7,19.2,16.1,330,2
1004.2,1.33,15.1,11.7,19.2,27.37,340,2
1004.2,1.33,15.1,11.7,19.2,30.59,330,2
1004.2,1.33,15.1,11.7,19.2,14.49,160,0
1004.2,1.33,15.1,11.7,19.2,30.59,330,2
1004.2,1.33,15.1,11.7,19.2,16.1,100,2
1004.2,1.33,15.1,11.7,19.2,16.1,170,2
1004.2,1.33,15.1,11.7,19.2,31.22,159,2
1004.2,1.33,15.1,11.7,19.2,5.01,283,0
1004.2,1.33,15.1,11.7,19.2,43.79,170,2
1004.2,1.33,15.1,11.7,19.2,22.54,300,2
1004.2,1.33,15.1,11.7,19.2,28.98,190,2
1004.2,1.33,15.1,11.7,19.2,12.88,70,0
1004.2,1.33,15.1,11.7,19.2,9.68,272,0
1004.2,1.33,15.1,11.7,19.2,2.95,299,0
1004.2,1.33,15.1,11.7,19.2,14.3,321,0
1004.2,1.33,15.1,11.7,19.2,11.22,70,0
1004.2,1.33,15.1,11.7,19.2,23.65,351,2
1004.2,0.26,5.2,2.5,7.4,21.85,222,2
1004.2,0.26,5.2,2.5,7.4,14.02,160,0
1004.2,0.26,5.2,2.5,7.4,11.27,170,0
1004.2,0.26,5.2,2.5,7.4,20.5,327,2
1004.2,0.26,5.2,2.5,7.4,14.02,317,0
1004.2,0.26,5.2,2.5,7.4,17.08,332,2
1004.2,0.26,5.2,2.5,7.4,16.1,330,2
1004.2,0.26,5.2,2.5,7.4,27.37,340,2
1004.2,0.26,5.2,2.5,7.4,30.59,330,2
1004.2,0.26,5.2,2.5,7.4,14.49,160,0
1004.2,0.26,5.2,2.5,7.4,30.59,330,2
1004.2,0.26,5.2,2.5,7.4,16.1,100,2
1004.2,0.26,5.2,2.5,7.4,16.1,170,2
1004.2,0.26,5.2,2.5,7.4,31.22,159,2
1004.2,0.26,5.2,2.5,7.4,5.01,283,0
1004.2,0.26,5.2,2.5,7.4,43.79,170,2
1004.2,0.26,5.2,2.5,7.4,22.54,300,2
1004.2,0.26,5.2,2.5,7.4,28.98,190,2
1004.2,0.26,5.2,2.5,7.4,12.88,70,0
1004.2,0.26,5.2,2.5,7.4,9.68,272,0
1004.2,0.26,5.2,2.5,7.4,2.95,299,0
1004.2,0.26,5.2,2.5,7.4,14.3,321,0
1004.2,0.26,5.2,2.5,7.4,11.22,70,0
1004.2,0.26,5.2,2.5,7.4,23.65,351,2
1004.2,0.31,4.5,0.2,8.7,21.85,222,2
1004.2,0.31,4.5,0.2,8.7,14.02,160,0
1004.2,0.31,4.5,0.2,8.7,11.27,170,0
1004.2,0.31,4.5,0.2,8.7,20.5,327,2
1004.2,0.31,4.5,0.2,8.7,14.02,317,0
1004.2,0.31,4.5,0.2,8.7,17.08,332,2
1004.2,0.31,4.5,0.2,8.7,16.1,330,2
1004.2,0.31,4.5,0.2,8.7,27.37,340,2
1004.2,0.31,4.5,0.2,8.7,30.59,330,2
1004.2,0.31,4.5,0.2,8.7,14.49,160,0
1004.2,0.31,4.5,0.2,8.7,30.59,330,2
1004.2,0.31,4.5,0.2,8.7,16.1,100,2
1004.2,0.31,4.5,0.2,8.7,16.1,170,2
1004.2,0.31,4.5,0.2,8.7,31.22,159,2
1004.2,0.31,4.5,0.2,8.7,5.01,283,0
1004.2,0.31,4.5,0.2,8.7,43.79,170,2
1004.2,0.31,4.5,0.2,8.7,22.54,300,2
1004.2,0.31,4.5,0.2,8.7,28.98,190,2
1004.2,0.31,4.5,0.2,8.7,12.88,70,0
1004.2,0.31,4.5,0.2,8.7,9.68,272,0
1004.2,0.31,4.5,0.2,8.7,2.95,299,0
1004.2,0.31,4.5,0.2,8.7,14.3,321,0
1004.2,0.31,4.5,0.2,8.7,11.22,70,0
1004.2,0.31,4.5,0.2,8.7,23.65,351,2
1004.2,1.49,17.3,14.0,19.9,21.85,222,2
1004.2,1.49,17.3,14.0,19.9,14.02,160,0
1004.2,1.49,17.3,14.0,19.9,11.27,170,0
1004.2,1.49,17.3,14.0,19.9,20.5,327,2
1004.2,1.49,17.3,14.0,19.9,14.02,317,0
1004.2,1.49,17.3,14.0,19.9,17.08,332,2
1004.2,1.49,17.3,14.0,19.9,16.1,330,2
1004.2,1.49,17.3,14.0,19.9,27.37,340,2
1004.2,1.49,17.3,14.0,19.9,30.59,330,2
1004.2,1.49,17.3,14.0,19.9,14.49,160,0
1004.2,1.49,17.3,14.0,19.9,30.59,330,2
1004.2,1.49,17.3,14.0,19.9,16.1,100,2
1004.2,1.49,17.3,14.0,19.9,16.1,170,2
1004.2,1.49,17.3,14.0,19.9,31.22,159,2
1004.2,1.49,17.3,14.0,19.9,5.01,283,0
1004.2,1.49,17.3,14.0,19.9,43.79,170,2
1004.2,1.49,17.3,14.0,19.9,22.54,300,2
1004.2,1.49,17.3,14.0,19.9,28.98,190,2
1004.2,1.49,17.3,14.0,19.9,12.88,70,0
1004.2,1.49,17.3,14.0,19.9,9.68,272,0
1004.2,1.49,17.3,14.0,19.9,2.95,299,0
1004.2,1.49,17.3,14.0,19.9,14.3,321,0
1004.2,1.49,17.3,14.0,19.9,11.22,70,0
1004.2,1.49,17.3,14.0,19.9,23.65,351,2
1004.2,0.25,5.1,4.3,7.3,21.85,222,2
1004.2,0.25,5.1,4.3,7.3,14.02,160,0
1004.2,0.25,5.1,4.3,7.3,11.27,170,0
1004.2,0.25,5.1,4.3,7.3,20.5,327,2
1004.2,0.25,5.1,4.3,7.3,14.02,317,0
1004.2,0.25,5.1,4.3,7.3,17.08,332,2
1004.2,0.25,5.1,4.3,7.3,16.1,330,2
1004.2,0.25,5.1,4.3,7.3,27.37,340,2
1004.2,0.25,5.1,4.3,7.3,30.59,330,2
1004.2,0.25,5.1,4.3,7.3,14.49,160,0
1004.2,0.25,5.1,4.3,7.3,30.59,330,2
1004.2,0.25,5.1,4.3,7.3,16.1,100,2
1004.2,0.25,5.1,4.3,7.3,16.1,170,2
1004.2,0.25,5.1,4.3,7.3,31.22,159,2
1004.2,0.25,5.1,4.3,7.3,5.01,283,0
1004.2,0.25,5.1,4.3,7.3,43.79,170,2
1004.2,0.25,5.1,4.3,7.3,22.54,300,2
1004.2,0.25,5.1,4.3,7.3,28.98,190,2
1004.2,0.25,5.1,4.3,7.3,12.88,70,0
1004.2,0.25,5.1,4.3,7.3,9.68,272,0
1004.2,0.25,5.1,4.3,7.3,2.95,299,0
1004.2,0.25,5.1,4.3,7.3,14.3,321,0
1004.2,0.25,5.1,4.3,7.3,11.22,70,0
1004.2,0.25,5.1,4.3,7.3,23.65,351,2
1004.2,0.21,4.9,0.9,8.4,21.85,222,2
1004.2,0.21,4.9,0.9,8.4,14.02,160,0
1004.2,0.21,4.9,0.9,8.4,11.27,170,0
1004.2,0.21,4.9,0.9,8.4,20.5,327,2
1004.2,0.21,4.9,0.9,8.4,14.02,317,0
1004.2,0.21,4.9,0.9,8.4,17.08,332,2
1004.2,0.21,4.9,0.9,8.4,16.1,330,2
1004.2,0.21,4.9,0.9,8.4,27.37,340,2
1004.2,0.21,4.9,0.9,8.4,30.59,330,2
1004.2,0.21,4.9,0.9,8.4,14.49,160,0
1004.2,0.21,4.9,0.9,8.4,30.59,330,2
1004.2,0.21,4.9,0.9,8.4,16.1,100,2
1004.2,0.21,4.9,0.9,8.4,16.1,170,2
1004.2,0.21,4.9,0.9,8.4,31.22,159,2
1004.2,0.21,4.9,0.9,8.4,5.01,283,0
1004.2,0.21,4.9,0.9,8.4,43.79,170,2
1004.2,0.21,4.9,0.9,8.4,22.54,300,2
1004.2,0.21,4.9,0.9,8.4,28.98,190,2
1004.2,0.21,4.9,0.9,8.4,12.88,70,0
1004.2,0.21,4.9,0.9,8.4,9.68,272,0
1004.2,0.21,4.9,0.9,8.4,2.95,299,0
1004.2,0.21,4.9,0.9,8.4,14.3,321,0
1004.2,0.21,4.9,0.9,8.4,11.22,70,0
1004.2,0.21,4.9,0.9,8.4,23.65,351,2
1004.2,0.43,7.3,4.3,10.1,21.85,222,2
1004.2,0.43,7.3,4.3,10.1,14.02,160,0
1004.2,0.43,7.3,4.3,10.1,11.27,170,0
1004.2,0.43,7.3,4.3,10.1,20.5,327,2
1004.2,0.43,7.3,4.3,10.1,14.02,317,0
1004.2,0.43,7.3,4.3,10.1,17.08,332,2
1004.2,0.43,7.3,4.3,10.1,16.1,330,2
1004.2,0.43,7.3,4.3,10.1,27.37,340,2
1004.2,0.43,7.3,4.3,10.1,30.59,330,2
1004.2,0.43,7.3,4.3,10.1,14.49,160,0
1004.2,0.43,7.3,4.3,10.1,30.59,330,2
1004.2,0.43,7.3,4.3,10.1,16.1,100,2
1004.2,0.43,7.3,4.3,10.1,16.1,170,2
1004.2,0.43,7.3,4.3,10.1,31.22,159,2
1004.2,0.43,7.3,4.3,10.1,5.01,283,0
1004.2,0.43,7.3,4.3,10.1,43.79,170,2
1004.2,0.43,7.3,4.3,10.1,22.54,300,2
1004.2,0.43,7.3,4.3,10.1,28.98,190,2
1004.2,0.43,7.3,4.3,10.1,12.88,70,0
1004.2,0.43,7.3,4.3,10.1,9.68,272,0
1004.2,0.43,7.3,4.3,10.1,2.95,299,0
1004.2,0.43,7.3,4.3,10.1,14.3,321,0
1004.2,0.43,7.3,4.3,10.1,11.22,70,0
1004.2,0.43,7.3,4.3,10.1,23.65,351,2
1004.2,0.67,9.2,7.5,11.7,21.85,222,2
1004.2,0.67,9.2,7.5,11.7,14.02,160,0
1004.2,0.67,9.2,7.5,11.7,11.27,170,0
1004.2,0.67,9.2,7.5,11.7,20.5,327,2
1004.2,0.67,9.2,7.5,11.7,14.02,317,0
1004.2,0.67,9.2,7.5,11.7,17.08,332,2
1004.2,0.67,9.2,7.5,11.7,16.1,330,2
1004.2,0.67,9.2,7.5,11.7,27.37,340,2
1004.2,0.67,9.2,7.5,11.7,30.59,330,2
1004.2,0.67,9.2,7.5,11.7,14.49,160,0
1004.2,0.67,9.2,7.5,11.7,30.59,330,2
1004.2,0.67,9.2,7.5,11.7,16.1,100,2
1004.2,0.67,9.2,7.5,11.7,16.1,170,2
1004.2,0.67,9.2,7.5,11.7,31.22,159,2
1004.2,0.67,9.2,7.5,11.7,5.01,283,0
1004.2,0.67,9.2,7.5,11.7,43.79,170,2
1004.2,0.67,9.2,7.5,11.7,22.54,300,2
1004.2,0.67,9.2,7.5,11.7,28.98,190,2
1004.2,0.67,9.2,7.5,11.7,12.88,70,0
1004.2,0.67,9.2,7.5,11.7,9.68,272,0
1004.2,0.67,9.2,7.5,11.7,2.95,299,0
1004.2,0.67,9.2,7.5,11.7,14.3,321,0
1004.2,0.67,9.2,7.5,11.7,11.22,70,0
1004.2,0.67,9.2,7.5,11.7,23.65,351,2
1004.2,0.6,15.5,10.2,20.5,21.85,222,2
1004.2,0.6,15.5,10.2,20.5,14.02,160,0
1004.2,0.6,15.5,10.2,20.5,11.27,170,0
1004.2,0.6,15.5,10.2,20.5,20.5,327,2
1004.2,0.6,15.5,10.2,20.5,14.02,317,0
1004.2,0.6,15.5,10.2,20.5,17.08,332,2
1004.2,0.6,15.5,10.2,20.5,16.1,330,2
1004.2,0.6,15.5,10.2,20.5,27.37,340,2
1004.2,0.6,15.5,10.2,20.5,30.59,330,2
1004.2,0.6,15.5,10.2,20.5,14.49,160,0
1004.2,0.6,15.5,10.2,20.5,30.59,330,2
1004.2,0.6,15.5,10.2,20.5,16.1,100,2
1004.2,0.6,15.5,10.2,20.5,16.1,170,2
1004.2,0.6,15.5,10.2,20.5,31.22,159,2
1004.2,0.6,15.5,10.2,20.5,5.01,283,0
1004.2,0.6,15.5,10.2,20.5,43.79,170,2
1004.2,0.6,15.5,10.2,20.5,22.54,300,2
1004.2,0.6,15.5,10.2,20.5,28.98,190,2
1004.2,0.6,15.5,10.2,20.5,12.88,70,0
1004.2,0.6,15.5,10.2,20.5,9.68,272,0
1004.2,0.6,15.5,10.2,20.5,2.95,299,0
1004.2,0.6,15.5,10.2,20.5,14.3,321,0
1004.2,0.6,15.5,10.2,20.5,11.22,70,0
1004.2,0.6,15.5,10.2,20.5,23.65,351,2
1004.2,0.61,5.8,4.9,7.0,21.85,222,2
1004.2,0.61,5.8,4.9,7.0,14.02,160,0
1004.2,0.61,5.8,4.9,7.0,11.27,170,0
1004.2,0.61,5.8,4.9,7.0,20.5,327,2
1004.2,0.61,5.8,4.9,7.0,14.02,317,0
1004.2,0.61,5.8,4.9,7.0,17.08,332,2
1004.2,0.61,5.8,4.9,7.0,16.1,330,2
1004.2,0.61,5.8,4.9,7.0,27.37,340,2
1004.2,0.61,5.8,4.9,7.0,30.59,330,2
1004.2,0.61,5.8,4.9,7.0,14.49,160,0
1004.2,0.61,5.8,4.9,7.0,30.59,330,2
1004.2,0.61,5.8,4.9,7.0,16.1,100,2
1004.2,0.61,5.8,4.9,7.0,16.1,170,2
1004.2,0.61,5.8,4.9,7.0,31.22,159,2
1004.2,0.61,5.8,4.9,7.0,5.01,283,0
1004.2,0.61,5.8,4.9,7.0,43.79,170,2
1004.2,0.61,5.8,4.9,7.0,22.54,300,2
1004.2,0.61,5.8,4.9,7.0,28.98,190,2
1004.2,0.61,5.8,4.9,7.0,12.88,70,0
1004.2,0.61,5.8,4.9,7.0,9.68,272,0
1004.2,0.61,5.8,4.9,7.0,2.95,299,0
1004.2,0.61,5.8,4.9,7.0,14.3,321,0
1004.2,0.61,5.8,4.9,7.0,11.22,70,0
1004.2,0.61,5.8,4.9,7.0,23.65,351,2
1004.2,0.19,5.4,4.1,7.4,21.85,222,2
1004.2,0.19,5.4,4.1,7.4,14.02,160,0
1004.2,0.19,5.4,4.1,7.4,11.27,170,0
1004.2,0.19,5.4,4.1,7.4,20.5,327,2
1004.2,0.19,5.4,4.1,7.4,14.02,317,0
1004.2,0.19,5.4,4.1,7.4,17.08,332,2
1004.2,0.19,5.4,4.1,7.4,16.1,330,2
1004.2,0.19,5.4,4.1,7.4,27.37,340,2
1004.2,0.19,5.4,4.1,7.4,30.59,330,2
1004.2,0.19,5.4,4.1,7.4,14.49,160,0
1004.2,0.19,5.4,4.1,7.4,30.59,330,2
1004.2,0.19,5.4,4.1,7.4,16.1,100,2
1004.2,0.19,5.4,4.1,7.4,16.1,170,2
1004.2,0.19,5.4,4.1,7.4,31.22,159,2
1004.2,0.19,5.4,4.1,7.4,5.01,283,0
1004.2,0.19,5.4,4.1,7.4,43.79,170,2
1004.2,0.19,5.4,4.1,7.4,22.54,300,2
1004.2,0.19,5.4,4.1,7.4,28.98,190,2
1004.2,0.19,5.4,4.1,7.4,12.88,70,0
1004.2,0.19,5.4,4.1,7.4,9.68,272,0
1004.2,0.19,5.4,4.1,7.4,2.95,299,0
1004.2,0.19,5.4,4.1,7.4,14.3,321,0
1004.2,0.19,5.4,4.1,7.4,11.22,70,0
1004.2,0.19,5.4,4.1,7.4,23.65,351,2
1004.2,0.58,4.7,2.5,7.0,21.85,222,2
1004.2,0.58,4.7,2.5,7.0,14.02,160,0
1004.2,0.58,4.7,2.5,7.0,11.27,170,0
1004.2,0.58,4.7,2.5,7.0,20.5,327,2
1004.2,0.58,4.7,2.5,7.0,14.02,317,0
1004.2,0.58,4.7,2.5,7.0,17.08,332,2
1004.2,0.58,4.7,2.5,7.0,16.1,330,2
1004.2,0.58,4.7,2.5,7.0,27.37,340,2
1004.2,0.58,4.7,2.5,7.0,30.59,330,2
1004.2,0.58,4.7,2.5,7.0,14.49,160,0
1004.2,0.58,4.7,2.5,7.0,30.59,330,2
1004.2,0.58,4.7,2.5,7.0,16.1,100,2
1004.2,0.58,4.7,2.5,7.0,16.1,170,2
1004.2,0.58,4.7,2.5,7.0,31.22,159,2
1004.2,0.58,4.7,2.5,7.0,5.01,283,0
1004.2,0.58,4.7,2.5,7.0,43.79,170,2
1004.2,0.58,4.7,2.5,7.0,22.54,300,2
1004.2,0.58,4.7,2.5,7.0,28.98,190,2
1004.2,0.58,4.7,2.5,7.0,12.88,70,0
1004.2,0.58,4.7,2.5,7.0,9.68,272,0
1004.2,0.58,4.7,2.5,7.0,2.95,299,0
1004.2,0.58,4.7,2.5,7.0,14.3,321,0
1004.2,0.58,4.7,2.5,7.0,11.22,70,0
1004.2,0.58,4.7,2.5,7.0,23.65,351,2
1004.2,0.89,7.1,6.2,7.7,21.85,222,2
1004.2,0.89,7.1,6.2,7.7,14.02,160,0
1004.2,0.89,7.1,6.2,7.7,11.27,170,0
1004.2,0.89,7.1,6.2,7.7,20.5,327,2
1004.2,0.89,7.1,6.2,7.7,14.02,317,0
1004.2,0.89,7.1,6.2,7.7,17.08,332,2
1004.2,0.89,7.1,6.2,7.7,16.1,330,2
1004.2,0.89,7.1,6.2,7.7,27.37,340,2
1004.2,0.89,7.1,6.2,7.7,30.59,330,2
1004.2,0.89,7.1,6.2,7.7,14.49,160,0
1004.2,0.89,7.1,6.2,7.7,30.59,330,2
1004.2,0.89,7.1,6.2,7.7,16.1,100,2
1004.2,0.89,7.1,6.2,7.7,16.1,170,2
1004.2,0.89,7.1,6.2,7.7,31.22,159,2
1004.2,0.89,7.1,6.2,7.7,5.01,283,0
1004.2,0.89,7.1,6.2,7.7,43.79,170,2
1004.2,0.89,7.1,6.2,7.7,22.54,300,2
1004.2,0.89,7.1,6.2,7.7,28.98,190,2
1004.2,0.89,7.1,6.2,7.7,12.88,70,0
1004.2,0.89,7.1,6.2,7.7,9.68,272,0
1004.2,0.89,7.1,6.2,7.7,2.95,299,0
1004.2,0.89,7.1,6.2,7.7,14.3,321,0
1004.2,0.89,7.1,6.2,7.7,11.22,70,0
1004.2,0.89,7.1,6.2,7.7,23.65,351,2
1004.3,0.37,1.7,-2.2,5.0,14.91,9,1
1004.3,0.37,1.7,-2.2,5.0,21.41,311,3
1004.3,0.37,1.7,-2.2,5.0,4.64,300,1
1004.3,0.37,1.7,-2.2,5.0,12.53,171,1
1004.3,0.37,1.7,-2.2,5.0,35.42,140,3
1004.3,0.37,1.7,-2.2,5.0,12.88,160,1
1004.3,0.37,1.7,-2.2,5.0,24.15,320,3
1004.3,0.37,1.7,-2.2,5.0,28.98,280,3
1004.3,0.37,1.7,-2.2,5.0,11.27,170,1
1004.3,0.37,1.7,-2.2,5.0,8.05,40,1
1004.3,0.37,1.7,-2.2,5.0,24.15,290,3
1004.3,0.37,1.7,-2.2,5.0,0.0,0,1
1004.3,0.37,1.7,-2.2,5.0,45.08,320,3
1004.3,0.37,1.7,-2.2,5.0,20.04,254,3
1004.3,0.37,1.7,-2.2,5.0,11.27,170,1
1004.3,0.37,1.7,-2.2,5.0,22.54,300,3
1004.3,0.37,1.7,-2.2,5.0,11.27,200,1
1004.3,0.37,1.7,-2.2,5.0,14.49,90,1
1004.3,0.37,1.7,-2.2,5.0,20.93,320,3
1004.3,0.37,1.7,-2.2,5.0,9.63,223,1
1004.3,0.37,1.7,-2.2,5.0,31.2,300,3
1004.3,0.37,1.7,-2.2,5.0,12.25,200,1
1004.3,0.97,4.7,1.4,9.6,14.91,9,1
1004.3,0.97,4.7,1.4,9.6,21.41,311,3
1004.3,0.97,4.7,1.4,9.6,4.64,300,1
1004.3,0.97,4.7,1.4,9.6,12.53,171,1
1004.3,0.97,4.7,1.4,9.6,35.42,140,3
1004.3,0.97,4.7,1.4,9.6,12.88,160,1
1004.3,0.97,4.7,1.4,9.6,24.15,320,3
1004.3,0.97,4.7,1.4,9.6,28.98,280,3
1004.3,0.97,4.7,1.4,9.6,11.27,170,1
1004.3,0.97,4.7,1.4,9.6,8.05,40,1
1004.3,0.97,4.7,1.4,9.6,24.15,290,3
1004.3,0.97,4.7,1.4,9.6,0.0,0,1
1004.3,0.97,4.7,1.4,9.6,45.08,320,3
1004.3,0.97,4.7,1.4,9.6,20.04,254,3
1004.3,0.97,4.7,1.4,9.6,11.27,170,1
1004.3,0.97,4.7,1.4,9.6,22.54,300,3
1004.3,0.97,4.7,1.4,9.6,11.27,200,1
1004.3,0.97,4.7,1.4,9.6,14.49,90,1
1004.3,0.97,4.7,1.4,9.6,20.93,320,3
1004.3,0.97,4.7,1.4,9.6,9.63,223,1
1004.3,0.97,4.7,1.4,9.6,31.2,300,3
1004.3,0.97,4.7,1.4,9.6,12.25,200,1
1004.3,0.62,2.9,-0.8,6.8,14.91,9,1
1004.3,0.62,2.9,-0.8,6.8,21.41,311,3
1004.3,0.62,2.9,-0.8,6.8,4.64,300,1
1004.3,0.62,2.9,-0.8,6.8,12.53,171,1
1004.3,0.62,2.9,-0.8,6.8,35.42,140,3
1004.3,0.62,2.9,-0.8,6.8,12.88,160,1
1004.3,0.62,2.9,-0.8,6.8,24.15,320,3
1004.3,0.62,2.9,-0.8,6.8,28.98,280,3
1004.3,0.62,2.9,-0.8,6.8,11.27,170,1
1004.3,0.62,2.9,-0.8,6.8,8.05,40,1
1004.3,0.62,2.9,-0.8,6.8,24.15,290,3
1004.3,0.62,2.9,-0.8,6.8,0.0,0,1
1004.3,0.62,2.9,-0.8,6.8,45.08,320,3
1004.3,0.62,2.9,-0.8,6.8,20.04,254,3
1004.3,0.62,2.9,-0.8,6.8,11.27,170,1
1004.3,0.62,2.9,-0.8,6.8,22.54,300,3
1004.3,0.62,2.9,-0.8,6.8,11.27,200,1
1004.3,0.62,2.9,-0.8,6.8,14.49,90,1
1004.3,0.62,2.9,-0.8,6.8,20.93,320,3
1004.3,0.62,2.9,-0.8,6.8,9.63,223,1
1004.3,0.62,2.9,-0.8,6.8,31.2,300,3
1004.3,0.62,2.9,-0.8,6.8,12.25,200,1
1004.3,2.73,25.8,18.6,33.9,14.91,9,1
1004.3,2.73,25.8,18.6,33.9,21.41,311,3
1004.3,2.73,25.8,18.6,33.9,4.64,300,1
1004.3,2.73,25.8,18.6,33.9,12.53,171,1
1004.3,2.73,25.8,18.6,33.9,35.42,140,3
1004.3,2.73,25.8,18.6,33.9,12.88,160,1
1004.3,2.73,25.8,18.6,33.9,24.15,320,3
1004.3,2.73,25.8,18.6,33.9,28.98,280,3
1004.3,2.73,25.8,18.6,33.9,11.27,170,1
1004.3,2.73,25.8,18.6,33.9,8.05,40,1
1004.3,2.73,25.8,18.6,33.9,24.15,290,3
1004.3,2.73,25.8,18.6,33.9,0.0,0,1
1004.3,2.73,25.8,18.6,33.9,45.08,320,3
1004.3,2.73,25.8,18.6,33.9,20.04,254,3
1004.3,2.73,25.8,18.6,33.9,11.27,170,1
1004.3,2.73,25.8,18.6,33.9,22.54,300,3
1004.3,2.73,25.8,18.6,33.9,11.27,200,1
1004.3,2.73,25.8,18.6,33.9,14.49,90,1
1004.3,2.73,25.8,18.6,33.9,20.93,320,3
1004.3,2.73,25.8,18.6,33.9,9.63,223,1
1004.3,2.73,25.8,18.6,33.9,31.2,300,3
1004.3,2.73,25.8,18.6,33.9,12.25,200,1
1004.3,2.52,20.4,14.3,25.6,14.91,9,1
1004.3,2.52,20.4,14.3,25.6,21.41,311,3
1004.3,2.52,20.4,14.3,25.6,4.64,300,1
1004.3,2.52,20.4,14.3,25.6,12.53,171,1
1004.3,2.52,20.4,14.3,25.6,35.42,140,3
1004.3,2.52,20.4,14.3,25.6,12.88,160,1
1004.3,2.52,20.4,14.3,25.6,24.15,320,3
1004.3,2.52,20.4,14.3,25.6,28.98,280,3
1004.3,2.52,20.4,14.3,25.6,11.27,170,1
1004.3,2.52,20.4,14.3,25.6,8.05,40,1
1004.3,2.52,20.4,14.3,25.6,24.15,290,3
1004.3,2.52,20.4,14.3,25.6,0.0,0,1
1004.3,2.52,20.4,14.3,25.6,45.08,320,3
1004.3,2.52,20.4,14.3,25.6,20.04,254,3
1004.3,2.52,20.4,14.3,25.6,11.27,170,1
1004.3,2.52,20.4,14.3,25.6,22.54,300,3
1004.3,2.52,20.4,14.3,25.6,11.27,200,1
1004.3,2.52,20.4,14.3,25.6,14.49,90,1
1004.3,2.52,20.4,14.3,25.6,20.93,320,3
1004.3,2.52,20.4,14.3,25.6,9.63,223,1
1004.3,2.52,20.4,14.3,25.6,31.2,300,3
1004.3,2.52,20.4,14.3,25.6,12.25,200,1
1004.3,0.71,10.1,8.1,13.1,14.91,9,1
1004.3,0.71,10.1,8.1,13.1,21.41,311,3
1004.3,0.71,10.1,8.1,13.1,4.64,300,1
1004.3,0.71,10.1,8.1,13.1,12.53,171,1
1004.3,0.71,10.1,8.1,13.1,35.42,140,3
1004.3,0.71,10.1,8.1,13.1,12.88,160,1
1004.3,0.71,10.1,8.1,13.1,24.15,320,3
1004.3,0.71,10.1,8.1,13.1,28.98,280,3
1004.3,0.71,10.1,8.1,13.1,11.27,170,1
1004.3,0.71,10.1,8.1,13.1,8.05,40,1
1004.3,0.71,10.1,8.1,13.1,24.15,290,3
1004.3,0.71,10.1,8.1,13.1,0.0,0,1
1004.3,0.71,10.1,8.1,13.1,45.08,320,3
1004.3,0.71,10.1,8.1,13.1,20.04,254,3
1004.3,0.71,10.1,8.1,13.1,11.27,170,1
1004.3,0.71,10.1,8.1,13.1,22.54,300,3
1004.3,0.71,10.1,8.1,13.1,11.27,200,1
1004.3,0.71,10.1,8.1,13.1,14.49,90,1
1004.3,0.71,10.1,8.1,13.1,20.93,320,3
1004.3,0.71,10.1,8.1,13.1,9.63,223,1
1004.3,0.71,10.1,8.1,13.1,31.2,300,3
1004.3,0.71,10.1,8.1,13.1,12.25,200,1
1004.3,1.26,13.2,7.7,15.3,14.91,9,1
1004.3,1.26,13.2,7.7,15.3,21.41,311,3
1004.3,1.26,13.2,7.7,15.3,4.64,300,1
1004.3,1.26,13.2,7.7,15.3,12.53,171,1
1004.3,1.26,13.2,7.7,15.3,35.42,140,3
1004.3,1.26,13.2,7.7,15.3,12.88,160,1
1004.3,1.26,13.2,7.7,15.3,24.15,320,3
1004.3,1.26,13.2,7.7,15.3,28.98,280,3
1004.3,1.26,13.2,7.7,15.3,11.27,170,1
1004.3,1.26,13.2,7.7,15.3,8.05,40,1
1004.3,1.26,13.2,7.7,15.3,24.15,290,3
1004.3,1.26,13.2,7.7,15.3,0.0,0,1
1004.3,1.26,13.2,7.7,15.3,45.08,320,3
1004.3,1.26,13.2,7.7,15.3,20.04,254,3
1004.3,1.26,13.2,7.7,15.3,11.27,170,1
1004.3,1.26,13.2,7.7,15.3,22.54,300,3
1004.3,1.26,13.2,7.7,15.3,11.27,200,1
1004.3,1.26,13.2,7.7,15.3,14.49,90,1
1004.3,1.26,13.2,7.7,15.3,20.93,320,3
1004.3,1.26,13.2,7.7,15.3,9.63,223,1
1004.3,1.26,13.2,7.7,15.3,31.2,300,3
1004.3,1.26,13.2,7.7,15.3,12.25,200,1
1004.3,2.38,10.4,5.5,14.6,14.91,9,0
1004.3,2.38,10.4,5.5,14.6,21.41,311,2
1004.3,2.38,10.4,5.5,14.6,4.64,300,0
1004.3,2.38,10.4,5.5,14.6,12.53,171,0
1004.3,2.38,10.4,5.5,14.6,35.42,140,2
1004.3,2.38,10.4,5.5,14.6,12.88,160,0
1004.3,2.38,10.4,5.5,14.6,24.15,320,2
1004.3,2.38,10.4,5.5,14.6,28.98,280,2
1004.3,2.38,10.4,5.5,14.6,11.27,170,0
1004.3,2.38,10.4,5.5,14.6,8.05,40,0
1004.3,2.38,10.4,5.5,14.6,24.15,290,2
1004.3,2.38,10.4,5.5,14.6,0.0,0,0
1004.3,2.38,10.4,5.5,14.6,45.08,320,2
1004.3,2.38,10.4,5.5,14.6,20.04,254,2
1004.3,2.38,10.4,5.5,14.6,11.27,170,0
1004.3,2.38,10.4,5.5,14.6,22.54,300,2
1004.3,2.38,10.4,5.5,14.6,11.27,200,0
1004.3,2.38,10.4,5.5,14.6,14.49,90,0
1004.3,2.38,10.4,5.5,14.6,20.93,320,2
1004.3,2.38,10.4,5.5,14.6,9.63,223,0
1004.3,2.38,10.4,5.5,14.6,31.2,300,2
1004.3,2.38,10.4,5.5,14.6,12.25,200,0
1004.3,1.15,18.8,13.2,24.1,14.91,9,0
1004.3,1.15,18.8,13.2,24.1,21.41,311,2
1004.3,1.15,18.8,13.2,24.1,4.64,300,0
1004.3,1.15,18.8,13.2,24.1,12.53,171,0
1004.3,1.15,18.8,13.2,24.1,35.42,140,2
1004.3,1.15,18.8,13.2,24.1,12.88,160,0
1004.3,1.15,18.8,13.2,24.1,24.15,320,2
1004.3,1.15,18.8,13.2,24.1,28.98,280,2
1004.3,1.15,18.8,13.2,24.1,11.27,170,0
1004.3,1.15,18.8,13.2,24.1,8.05,40,0
1004.3,1.15,18.8,13.2,24.1,24.15,290,2
1004.3,1.15,18.8,13.2,24.1,0.0,0,0
1004.3,1.15,18.8,13.2,24.1,45.08,320,2
1004.3,1.15,18.8,13.2,24.1,20.04,254,2
1004.3,1.15,18.8,13.2,24.1,11.27,170,0
1004.3,1.15,18.8,13.2,24.1,22.54,300,2
1004.3,1.15,18.8,13.2,24.1,11.27,200,0
1004.3,1.15,18.8,13.2,24.1,14.49,90,0
1004.3,1.15,18.8,13.2,24.1,20.93,320,2
1004.3,1.15,18.8,13.2,24.1,9.63,223,0
1004.3,1.15,18.8,13.2,24.1,31.2,300,2
1004.3,1.15,18.8,13.2,24.1,12.25,200,0
1004.3,1.63,13.3,7.6,19.6,14.91,9,0
1004.3,1.63,13.3,7.6,19.6,21.41,311,2
1004.3,1.63,13.3,7.6,19.6,4.64,300,0
1004.3,1.63,13.3,7.6,19.6,12.53,171,0
1004.3,1.63,13.3,7.6,19.6,35.42,140,2
1004.3,1.63,13.3,7.6,19.6,12.88,160,0
1004.3,1.63,13.3,7.6,19.6,24.15,320,2
1004.3,1.63,13.3,7.6,19.6,28.98,280,2
1004.3,1.63,13.3,7.6,19.6,11.27,170,0
1004.3,1.63,13.3,7.6,19.6,8.05,40,0
1004.3,1.63,13.3,7.6,19.6,24.15,290,2
1004.3,1.63,13.3,7.6,19.6,0.0,0,0
1004.3,1.63,13.3,7.6,19.6,45.08,320,2
1004.3,1.63,13.3,7.6,19.6,20.04,254,2
1004.3,1.63,13.3,7.6,19.6,11.27,170,0
1004.3,1.63,13.3,7.6,19.6,22.54,300,2
1004.3,1.63,13.3,7.6,19.6,11.27,200,0
1004.3,1.63,13.3,7.6,19.6,14.49,90,0
1004.3,1.63,13.3,7.6,19.6,20.93,320,2
1004.3,1.63,13.3,7.6,19.6,9.63,223,0
1004.3,1.63,13.3,7.6,19.6,31.2,300,2
1004.3,1.63,13.3,7.6,19.6,12.25,200,0
1004.3,1.72,12.8,9.4,17.6,14.91,9,0
1004.3,1.72,12.8,9.4,17.6,21.41,311,2
1004.3,1.72,12.8,9.4,17.6,4.64,300,0
1004.3,1.72,12.8,9.4,17.6,12.53,171,0
1004.3,1.72,12.8,9.4,17.6,35.42,140,2
1004.3,1.72,12.8,9.4,17.6,12.88,160,0
1004.3,1.72,12.8,9.4,17.6,24.15,320,2
1004.3,1.72,12.8,9.4,17.6,28.98,280,2
1004.3,1.72,12.8,9.4,17.6,11.27,170,0
1004.3,1.72,12.8,9.4,17.6,8.05,40,0
1004.3,1.72,12.8,9.4,17.6,24.15,290,2
1004.3,1.72,12.8,9.4,17.6,0.0,0,0
1004.3,1.72,12.8,9.4,17.6,45.08,320,2
1004.3,1.72,12.8,9.4,17.6,20.04,254,2
1004.3,1.72,12.8,9.4,17.6,11.27,170,0
1004.3,1.72,12.8,9.4,17.6,22.54,300,2
1004.3,1.72,12.8,9.4,17.6,11.27,200,0
1004.3,1.72,12.8,9.4,17.6,14.49,90,0
1004.3,1.72,12.8,9.4,17.6,20.93,320,2
1004.3,1.72,12.8,9.4,17.6,9.63,223,0
1004.3,1.72,12.8,9.4,17.6,31.2,300,2
1004.3,1.72,12.8,9.4,17.6,12.25,200,0
1004.3,1.96,18.4,15.5,19.1,14.91,9,0
1004.3,1.96,18.4,15.5,19.1,21.41,311,2
1004.3,1.96,18.4,15.5,19.1,4.64,300,0
1004.3,1.96,18.4,15.5,19.1,12.53,171,0
1004.3,1.96,18.4,15.5,19.1,35.42,140,2
1004.3,1.96,18.4,15.5,19.1,12.88,160,0
1004.3,1.96,18.4,15.5,19.1,24.15,320,2
1004.3,1.96,18.4,15.5,19.1,28.98,280,2
1004.3,1.96,18.4,15.5,19.1,11.27,170,0
1004.3,1.96,18.4,15.5,19.1,8.05,40,0
1004.3,1.96,18.4,15.5,19.1,24.15,290,2
1004.3,1.96,18.4,15.5,19.1,0.0,0,0
1004.3,1.96,18.4,15.5,19.1,45.08,320,2
1004.3,1.96,18.4,15.5,19.1,20.04,254,2
1004.3,1.96,18.4,15.5,19.1,11.27,170,0
1004.3,1.96,18.4,15.5,19.1,22.54,300,2
1004.3,1.96,18.4,15.5,19.1,11.27,200,0
1004.3,1.96,18.4,15.5,19.1,14.49,90,0
1004.3,1.96,18.4,15.5,19.1,20.93,320,2
1004.3,1.96,18.4,15.5,19.1,9.63,223,0
1004.3,1.96,18.4,15.5,19.1,31.2,300,2
1004.3,1.96,18.4,15.5,19.1,12.25,200,0
1004.3,0.77,12.6,9.3,15.8,14.91,9,0
1004.3,0.77,12.6,9.3,15.8,21.41,311,2
1004.3,0.77,12.6,9.3,15.8,4.64,300,0
1004.3,0.77,12.6,9.3,15.8,12.53,171,0
1004.3,0.77,12.6,9.3,15.8,35.42,140,2
1004.3,0.77,12.6,9.3,15.8,12.88,160,0
1004.3,0.77,12.6,9.3,15.8,24.15,320,2
1004.3,0.77,12.6,9.3,15.8,28.98,280,2
1004.3,0.77,12.6,9.3,15.8,11.27,170,0
1004.3,0.77,12.6,9.3,15.8,8.05,40,0
1004.3,0.77,12.6,9.3,15.8,24.15,290,2
1004.3,0.77,12.6,9.3,15.8,0.0,0,0
1004.3,0.77,12.6,9.3,15.8,45.08,320,2
1004.3,0.77,12.6,9.3,15.8,20.04,254,2
1004.3,0.77,12.6,9.3,15.8,11.27,170,0
1004.3,0.77,12.6,9.3,15.8,22.54,300,2
1004.3,0.77,12.6,9.3,15.8,11.27,200,0
1004.3,0.77,12.6,9.3,15.8,14.49,90,0
1004.3,0.77,12.6,9.3,15.8,20.93,320,2
1004.3,0.77,12.6,9.3,15.8,9.63,223,0
1004.3,0.77,12.6,9.3,15.8,31.2,300,2
1004.3,0.77,12.6,9.3,15.8,12.25,200,0
1004.3,0.33,3.7,1.1,7.4,14.91,9,0
1004.3,0.33,3.7,1.1,7.4,21.41,311,2
1004.3,0.33,3.7,1.1,7.4,4.64,300,0
1004.3,0.33,3.7,1.1,7.4,12.53,171,0
1004.3,0.33,3.7,1.1,7.4,35.42,140,2
1004.3,0.33,3.7,1.1,7.4,12.88,160,0
1004.3,0.33,3.7,1.1,7.4,24.15,320,2
1004.3,0.33,3.7,1.1,7.4,28.98,280,2
1004.3,0.33,3.7,1.1,7.4,11.27,170,0
1004.3,0.33,3.7,1.1,7.4,8.05,40,0
1004.3,0.33,3.7,1.1,7.4,24.15,290,2
1004.3,0.33,3.7,1.1,7.4,0.0,0,0
1004.3,0.33,3.7,1.1,7.4,45.08,320,2
1004.3,0.33,3.7,1.1,7.4,20.04,254,2
1004.3,0.33,3.7,1.1,7.4,11.27,170,0
1004.3,0.33,3.7,1.1,7.4,22.54,300,2
1004.3,0.33,3.7,1.1,7.4,11.27,200,0
1004.3,0.33,3.7,1.1,7.4,14.49,90,0
1004.3,0.33,3.7,1.1,7.4,20.93,320,2
1004.3,0.33,3.7,1.1,7.4,9.63,223,0
1004.3,0.33,3.7,1.1,7.4,31.2,300,2
1004.3,0.33,3.7,1.1,7.4,12.25,200,0
1004.3,0.67,9.6,6.8,14.6,14.91,9,0
1004.3,0.67,9.6,6.8,14.6,21.41,311,2
1004.3,0.67,9.6,6.8,14.6,4.64,300,0
1004.3,0.67,9.6,6.8,14.6,12.53,171,0
1004.3,0.67,9.6,6.8,14.6,35.42,140,2
1004.3,0.67,9.6,6.8,14.6,12.88,160,0
1004.3,0.67,9.6,6.8,14.6,24.15,320,2
1004.3,0.67,9.6,6.8,14.6,28.98,280,2
1004.3,0.67,9.6,6.8,14.6,11.27,170,0
1004.3,0.67,9.6,6.8,14.6,8.05,40,0
1004.3,0.67,9.6,6.8,14.6,24.15,290,2
1004.3,0.67,9.6,6.8,14.6,0.0,0,0
1004.3,0.67,9.6,6.8,14.6,45.08,320,2
1004.3,0.67,9.6,6.8,14.6,20.04,254,2
1004.3,0.67,9.6,6.8,14.6,11.27,170,0
1004.3,0.67,9.6,6.8,14.6,22.54,300,2
1004.3,0.67,9.6,6.8,14.6,11.27,200,0
1004.3,0.67,9.6,6.8,14.6,14.49,90,0
1004.3,0.67,9.6,6.8,14.6,20.93,320,2
1004.3,0.67,9.6,6.8,14.6,9.63,223,0
1004.3,0.67,9.6,6.8,14.6,31.2,300,2
1004.3,0.67,9.6,6.8,14.6,12.25,200,0
1004.3,1.44,14.6,12.4,18.8,14.91,9,0
1004.3,1.44,14.6,12.4,18.8,21.41,311,2
1004.3,1.44,14.6,12.4,18.8,4.64,300,0
1004.3,1.44,14.6,12.4,18.8,12.53,171,0
1004.3,1.44,14.6,12.4,18.8,35.42,140,2
1004.3,1.44,14.6,12.4,18.8,12.88,160,0
1004.3,1.44,14.6,12.4,18.8,24.15,320,2
1004.3,1.44,14.6,12.4,18.8,28.98,280,2
1004.3,1.44,14.6,12.4,18.8,11.27,170,0
1004.3,1.44,14.6,12.4,18.8,8.05,40,0
1004.3,1.44,14.6,12.4,18.8,24.15,290,2
1004.3,1.44,14.6,12.4,18.8,0.0,0,0
1004.3,1.44,14.6,12.4,18.8,45.08,320,2
1004.3,1.44,14.6,12.4,18.8,20.04,254,2
1004.3,1.44,14.6,12.4,18.8,11.27,170,0
1004.3,1.44,14.6,12.4,18.8,22.54,300,2
1004.3,1.44,14.6,12.4,18.8,11.27,200,0
1004.3,1.44,14.6,12.4,18.8,14.49,90,0
1004.3,1.44,14.6,12.4,18.8,20.93,320,2
1004.3,1.44,14.6,12.4,18.8,9.63,223,0
1004.3,1.44,14.6,12.4,18.8,31.2,300,2
1004.3,1.44,14.6,12.4,18.8,12.25,200,0
1004.3,0.29,7.6,5.5,9.7,14.91,9,0
1004.3,0.29,7.6,5.5,9.7,21.41,311,2
1004.3,0.29,7.6,5.5,9.7,4.64,300,0
1004.3,0.29,7.6,5.5,9.7,12.53,171,0
1004.3,0.29,7.6,5.5,9.7,35.42,140,2
1004.3,0.29,7.6,5.5,9.7,12.88,160,0
1004.3,0.29,7.6,5.5,9.7,24.15,320,2
1004.3,0.29,7.6,5.5,9.7,28.98,280,2
1004.3,0.29,7.6,5.5,9.7,11.27,170,0
1004.3,0.29,7.6,5.5,9.7,8.05,40,0
1004.3,0.29,7.6,5.5,9.7,24.15,290,2
1004.3,0.29,7.6,5.5,9.7,0.0,0,0
1004.3,0.29,7.6,5.5,9.7,45.08,320,2
1004.3,0.29,7.6,5.5,9.7,20.04,254,2
1004.3,0.29,7.6,5.5,9.7,11.27,170,0
1004.3,0.29,7.6,5.5,9.7,22.54,300,2
1004.3,0.29,7.6,5.5,9.7,11.27,200,0
1004.3,0.29,7.6,5.5,9.7,14.49,90,0
1004.3,0.29,7.6,5.5,9.7,20.93,320,2
1004.3,0.29,7.6,5.5,9.7,9.63,223,0
1004.3,0.29,7.6,5.5,9.7,31.2,300,2
1004.3,0.29,7.6,5.5,9.7,12.25,200,0
1004.3,1.11,13.1,10.9,15.1,14.91,9,0
1004.3,1.11,13.1,10.9,15.1,21.41,311,2
1004.3,1.11,13.1,10.9,15.1,4.64,300,0
1004.3,1.11,13.1,10.9,15.1,12.53,171,0
1004.3,1.11,13.1,10.9,15.1,35.42,140,2
1004.3,1.11,13.1,10.9,15.1,12.88,160,0
1004.3,1.11,13.1,10.9,15.1,24.15,320,2
1004.3,1.11,13.1,10.9,15.1,28.98,280,2
1004.3,1.11,13.1,10.9,15.1,11.27,170,0
1004.3,1.11,13.1,10.9,15.1,8.05,40,0
1004.3,1.11,13.1,10.9,15.1,24.15,290,2
1004.3,1.11,13.1,10.9,15.1,0.0,0,0
1004.3,1.11,13.1,10.9,15.1,45.08,320,2
1004.3,1.11,13.1,10.9,15.1,20.04,254,2
1004.3,1.11,13.1,10.9,15.1,11.27,170,0
1004.3,1.11,13.1,10.9,15.1,22.54,300,2
1004.3,1.11,13.1,10.9,15.1,11.27,200,0
1004.3,1.11,13.1,10.9,15.1,14.49,90,0
1004.3,1.11,13.1,10.9,15.1,20.93,320,2
1004.3,1.11,13.1,10.9,15.1,9.63,223,0
1004.3,1.11,13.1,10.9,15.1,31.2,300,2
1004.3,1.11,13.1,10.9,15.1,12.25,200,0
1004.3,1.16,12.9,10.5,15.3,14.91,9,0
1004.3,1.16,12.9,10.5,15.3,21.41,311,2
1004.3,1.16,12.9,10.5,15.3,4.64,300,0
1004.3,1.16,12.9,10.5,15.3,12.53,171,0
1004.3,1.16,12.9,10.5,15.3,35.42,140,2
1004.3,1.16,12.9,10.5,15.3,12.88,160,0
1004.3,1.16,12.9,10.5,15.3,24.15,320,2
1004.3,1.16,12.9,10.5,15.3,28.98,280,2
1004.3,1.16,12.9,10.5,15.3,11.27,170,0
1004.3,1.16,12.9,10.5,15.3,8.05,40,0
1004.3,1.16,12.9,10.5,15.3,24.15,290,2
1004.3,1.16,12.9,10.5,15.3,0.0,0,0
1004.3,1.16,12.9,10.5,15.3,45.08,320,2
1004.3,1.16,12.9,10.5,15.3,20.04,254,2
1004.3,1.16,12.9,10.5,15.3,11.27,170,0
1004.3,1.16,12.9,10.5,15.3,22.54,300,2
1004.3,1.16,12.9,10.5,15.3,11.27,200,0
1004.3,1.16,12.9,10.5,15.3,14.49,90,0
1004.3,1.16,12.9,10.5,15.3,20.93,320,2
1004.3,1.16,12.9,10.5,15.3,9.63,223,0
1004.3,1.16,12.9,10.5,15.3,31.2,300,2
1004.3,1.16,12.9,10.5,15.3,12.25,200,0
1004.3,0.36,4.3,2.6,6.2,14.91,9,0
1004.3,0.36,4.3,2.6,6.2,21.41,311,2
1004.3,0.36,4.3,2.6,6.2,4.64,300,0
1004.3,0.36,4.3,2.6,6.2,12.53,171,0
1004.3,0.36,4.3,2.6,6.2,35.42,140,2
1004.3,0.36,4.3,2.6,6.2,12.88,160,0
1004.3,0.36,4.3,2.6,6.2,24.15,320,2
1004.3,0.36,4.3,2.6,6.2,28.98,280,2
1004.3,0.36,4.3,2.6,6.2,11.27,170,0
1004.3,0.36,4.3,2.6,6.2,8.05,40,0
1004.3,0.36,4.3,2.6,6.2,24.15,290,2
1004.3,0.36,4.3,2.6,6.2,0.0,0,0
1004.3,0.36,4.3,2.6,6.2,45.08,320,2
1004.3,0.36,4.3,2.6,6.2,20.04,254,2
1004.3,0.36,4.3,2.6,6.2,11.27,170,0
1004.3,0.36,4.3,2.6,6.2,22.54,300,2
1004.3,0.36,4.3,2.6,6.2,11.27,200,0
1004.3,0.36,4.3,2.6,6.2,14.49,90,0
1004.3,0.36,4.3,2.6,6.2,20.93,320,2
1004.3,0.36,4.3,2.6,6.2,9.63,223,0
1004.3,0.36,4.3,2.6,6.2,31.2,300,2
1004.3,0.36,4.3,2.6,6.2,12.25,200,0
1004.3,1.83,20.8,17.5,27.1,14.91,9,0
1004.3,1.83,20.8,17.5,27.1,21.41,311,2
1004.3,1.83,20.8,17.5,27.1,4.64,300,0
1004.3,1.83,20.8,17.5,27.1,12.53,171,0
1004.3,1.83,20.8,17.5,27.1,35.42,140,2
1004.3,1.83,20.8,17.5,27.1,12.88,160,0
1004.3,1.83,20.8,17.5,27.1,24.15,320,2
1004.3,1.83,20.8,17.5,27.1,28.98,280,2
1004.3,1.83,20.8,17.5,27.1,11.27,170,0
1004.3,1.83,20.8,17.5,27.1,8.05,40,0
1004.3,1.83,20.8,17.5,27.1,24.15,290,2
1004.3,1.83,20.8,17.5,27.1,0.0,0,0
1004.3,1.83,20.8,17.5,27.1,45.08,320,2
1004.3,1.83,20.8,17.5,27.1,20.04,254,2
1004.3,1.83,20.8,17.5,27.1,11.27,170,0
1004.3,1.83,20.8,17.5,27.1,22.54,300,2
1004.3,1.83,20.8,17.5,27.1,11.27,200,0
1004.3,1.83,20.8,17.5,27.1,14.49,90,0
1004.3,1.83,20.8,17.5,27.1,20.93,320,2
1004.3,1.83,20.8,17.5,27.1,9.63,223,0
1004.3,1.83,20.8,17.5,27.1,31.2,300,2
1004.3,1.83,20.8,17.5,27.1,12.25,200,0
1004.3,1.29,10.9,7.6,16.8,14.91,9,0
1004.3,1.29,10.9,7.6,16.8,21.41,311,2
1004.3,1.29,10.9,7.6,16.8,4.64,300,0
1004.3,1.29,10.9,7.6,16.8,12.53,171,0
1004.3,1.29,10.9,7.6,16.8,35.42,140,2
1004.3,1.29,10.9,7.6,16.8,12.88,160,0
1004.3,1.29,10.9,7.6,16.8,24.15,320,2
1004.3,1.29,10.9,7.6,16.8,28.98,280,2
1004.3,1.29,10.9,7.6,16.8,11.27,170,0
1004.3,1.29,10.9,7.6,16.8,8.05,40,0
1004.3,1.29,10.9,7.6,16.8,24.15,290,2
1004.3,1.29,10.9,7.6,16.8,0.0,0,0
1004.3,1.29,10.9,7.6,16.8,45.08,320,2
1004.3,1.29,10.9,7.6,16.8,20.04,254,2
1004.3,1.29,10.9,7.6,16.8,11.27,170,0
1004.3,1.29,10.9,7.6,16.8,22.54,300,2
1004.3,1.29,10.9,7.6,16.8,11.27,200,0
1004.3,1.29,10.9,7.6,16.8,14.49,90,0
1004.3,1.29,10.9,7.6,16.8,20.93,320,2
1004.3,1.29,10.9,7.6,16.8,9.63,223,0
1004.3,1.29,10.9,7.6,16.8,31.2,300,2
1004.3,1.29,10.9,7.6,16.8,12.25,200,0
1004.3,0.46,8.6,5.5,11.0,14.91,9,0
1004.3,0.46,8.6,5.5,11.0,21.41,311,2
1004.3,0.46,8.6,5.5,11.0,4.64,300,0
1004.3,0.46,8.6,5.5,11.0,12.53,171,0
1004.3,0.46,8.6,5.5,11.0,35.42,140,2
1004.3,0.46,8.6,5.5,11.0,12.88,160,0
1004.3,0.46,8.6,5.5,11.0,24.15,320,2
1004.3,0.46,8.6,5.5,11.0,28.98,280,2
1004.3,0.46,8.6,5.5,11.0,11.27,170,0
1004.3,0.46,8.6,5.5,11.0,8.05,40,0
1004.3,0.46,8.6,5.5,11.0,24.15,290,2
1004.3,0.46,8.6,5.5,11.0,0.0,0,0
1004.3,0.46,8.6,5.5,11.0,45.08,320,2
1004.3,0.46,8.6,5.5,11.0,20.04,254,2
1004.3,0.46,8.6,5.5,11.0,11.27,170,0
1004.3,0.46,8.6,5.5,11.0,22.54,300,2
1004.3,0.46,8.6,5.5,11.0,11.27,200,0
1004.3,0.46,8.6,5.5,11.0,14.49,90,0
1004.3,0.46,8.6,5.5,11.0,20.93,320,2
1004.3,0.46,8.6,5.5,11.0,9.63,223,0
1004.3,0.46,8.6,5.5,11.0,31.2,300,2
1004.3,0.46,8.6,5.5,11.0,12.25,200,0
1004.3,0.74,17.1,14.2,19.4,14.91,9,0
1004.3,0.74,17.1,14.2,19.4,21.41,311,2
1004.3,0.74,17.1,14.2,19.4,4.64,300,0
1004.3,0.74,17.1,14.2,19.4,12.53,171,0
1004.3,0.74,17.1,14.2,19.4,35.42,140,2
1004.3,0.74,17.1,14.2,19.4,12.88,160,0
1004.3,0.74,17.1,14.2,19.4,24.15,320,2
1004.3,0.74,17.1,14.2,19.4,28.98,280,2
1004.3,0.74,17.1,14.2,19.4,11.27,170,0
1004.3,0.74,17.1,14.2,19.4,8.05,40,0
1004.3,0.74,17.1,14.2,19.4,24.15,290,2
1004.3,0.74,17.1,14.2,19.4,0.0,0,0
1004.3,0.74,17.1,14.2,19.4,45.08,320,2
1004.3,0.74,17.1,14.2,19.4,20.04,254,2
1004.3,0.74,17.1,14.2,19.4,11.27,170,0
1004.3,0.74,17.1,14.2,19.4,22.54,300,2
1004.3,0.74,17.1,14.2,19.4,11.27,200,0
1004.3,0.74,17.1,14.2,19.4,14.49,90,0
1004.3,0.74,17.1,14.2,19.4,20.93,320,2
1004.3,0.74,17.1,14.2,19.4,9.63,223,0
1004.3,0.74,17.1,14.2,19.4,31.2,300,2
1004.3,0.74,17.1,14.2,19.4,12.25,200,0
1004.3,0.2,4.7,0.7,8.9,14.91,9,0
1004.3,0.2,4.7,0.7,8.9,21.41,311,2
1004.3,0.2,4.7,0.7,8.9,4.64,300,0
1004.3,0.2,4.7,0.7,8.9,12.53,171,0
1004.3,0.2,4.7,0.7,8.9,35.42,140,2
1004.3,0.2,4.7,0.7,8.9,12.88,160,0
1004.3,0.2,4.7,0.7,8.9,24.15,320,2
1004.3,0.2,4.7,0.7,8.9,28.98,280,2
1004.3,0.2,4.7,0.7,8.9,11.27,170,0
1004.3,0.2,4.7,0.7,8.9,8.05,40,0
1004.3,0.2,4.7,0.7,8.9,24.15,290,2
1004.3,0.2,4.7,0.7,8.9,0.0,0,0
1004.3,0.2,4.7,0.7,8.9,45.08,320,2
1004.3,0.2,4.7,0.7,8.9,20.04,254,2
1004.3,0.2,4.7,0.7,8.9,11.27,170,0
1004.3,0.2,4.7,0.7,8.9,22.54,300,2
1004.3,0.2,4.7,0.7,8.9,11.27,200,0
1004.3,0.2,4.7,0.7,8.9,14.49,90,0
1004.3,0.2,4.7,0.7,8.9,20.93,320,2
1004.3,0.2,4.7,0.7,8.9,9.63,223,0
1004.3,0.2,4.7,0.7,8.9,31.2,300,2
1004.3,0.2,4.7,0.7,8.9,12.25,200,0
1004.3,0.05,-0.3,-3.2,2.8,14.91,9,0
1004.3,0.05,-0.3,-3.2,2.8,21.41,311,2
1004.3,0.05,-0.3,-3.2,2.8,4.64,300,0
1004.3,0.05,-0.3,-3.2,2.8,12.53,171,0
1004.3,0.05,-0.3,-3.2,2.8,35.42,140,2
1004.3,0.05,-0.3,-3.2,2.8,12.88,160,0
1004.3,0.05,-0.3,-3.2,2.8,24.15,320,2
1004.3,0.05,-0.3,-3.2,2.8,28.98,280,2
1004.3,0.05,-0.3,-3.2,2.8,11.27,170,0
1004.3,0.05,-0.3,-3.2,2.8,8.05,40,0
1004.3,0.05,-0.3,-3.2,2.8,24.15,290,2
1004.3,0.05,-0.3,-3.2,2.8,0.0,0,0
1004.3,0.05,-0.3,-3.2,2.8,45.08,320,2
1004.3,0.05,-0.3,-3.2,2.8,20.04,254,2
1004.3,0.05,-0.3,-3.2,2.8,11.27,170,0
1004.3,0.05,-0.3,-3.2,2.8,22.54,300,2
1004.3,0.05,-0.3,-3.2,2.8,11.27,200,0
1004.3,0.05,-0.3,-3.2,2.8,14.49,90,0
1004.3,0.05,-0.3,-3.2,2.8,20.93,320,2
1004.3,0.05,-0.3,-3.2,2.8,9.63,223,0
1004.3,0.05,-0.3,-3.2,2.8,31.2,300,2
1004.3,0.05,-0.3,-3.2,2.8,12.25,200,0
1004.3,0.26,9.9,8.4,11.6,14.91,9,0
1004.3,0.26,9.9,8.4,11.6,21.41,311,2
1004.3,0.26,9.9,8.4,11.6,4.64,300,0
1004.3,0.26,9.9,8.4,11.6,12.53,171,0
1004.3,0.26,9.9,8.4,11.6,35.42,140,2
1004.3,0.26,9.9,8.4,11.6,12.88,160,0
1004.3,0.26,9.9,8.4,11.6,24.15,320,2
1004.3,0.26,9.9,8.4,11.6,28.98,280,2
1004.3,0.26,9.9,8.4,11.6,11.27,170,0
1004.3,0.26,9.9,8.4,11.6,8.05,40,0
1004.3,0.26,9.9,8.4,11.6,24.15,290,2
1004.3,0.26,9.9,8.4,11.6,0.0,0,0
1004.3,0.26,9.9,8.4,11.6,45.08,320,2
1004.3,0.26,9.9,8.4,11.6,20.04,254,2
1004.3,0.26,9.9,8.4,11.6,11.27,170,0
1004.3,0.26,9.9,8.4,11.6,22.54,300,2
1004.3,0.26,9.9,8.4,11.6,11.27,200,0
1004.3,0.26,9.9,8.4,11.6,14.49,90,0
1004.3,0.26,9.9,8.4,11.6,20.93,320,2
1004.3,0.26,9.9,8.4,11.6,9.63,223,0
1004.3,0.26,9.9,8.4,11.6,31.2,300,2
1004.3,0.26,9.9,8.4,11.6,12.25,200,0
1004.3,0.15,7.3,4.3,9.6,14.91,9,0
1004.3,0.15,7.3,4.3,9.6,21.41,311,2
1004.3,0.15,7.3,4.3,9.6,4.64,300,0
1004.3,0.15,7.3,4.3,9.6,12.53,171,0
1004.3,0.15,7.3,4.3,9.6,35.42,140,2
1004.3,0.15,7.3,4.3,9.6,12.88,160,0
1004.3,0.15,7.3,4.3,9.6,24.15,320,2
1004.3,0.15,7.3,4.3,9.6,28.98,280,2
1004.3,0.15,7.3,4.3,9.6,11.27,170,0
1004.3,0.15,7.3,4.3,9.6,8.05,40,0
1004.3,0.15,7.3,4.3,9.6,24.15,290,2
1004.3,0.15,7.3,4.3,9.6,0.0,0,0
1004.3,0.15,7.3,4.3,9.6,45.08,320,2
1004.3,0.15,7.3,4.3,9.6,20.04,254,2
1004.3,0.15,7.3,4.3,9.6,11.27,170,0
1004.3,0.15,7.3,4.3,9.6,22.54,300,2
1004.3,0.15,7.3,4.3,9.6,11.27,200,0
1004.3,0.15,7.3,4.3,9.6,14.49,90,0
1004.3,0.15,7.3,4.3,9.6,20.93,320,2
1004.3,0.15,7.3,4.3,9.6,9.63,223,0
1004.3,0.15,7.3,4.3,9.6,31.2,300,2
1004.3,0.15,7.3,4.3,9.6,12.25,200,0
1004.3,0.22,7.5,2.5,9.8,14.91,9,0
1004.3,0.22,7.5,2.5,9.8,21.41,311,2
1004.3,0.22,7.5,2.5,9.8,4.64,300,0
1004.3,0.22,7.5,2.5,9.8,12.53,171,0
1004.3,0.22,7.5,2.5,9.8,35.42,140,2
1004.3,0.22,7.5,2.5,9.8,12.88,160,0
1004.3,0.22,7.5,2.5,9.8,24.15,320,2
1004.3,0.22,7.5,2.5,9.8,28.98,280,2
1004.3,0.22,7.5,2.5,9.8,11.27,170,0
1004.3,0.22,7.5,2.5,9.8,8.05,40,0
1004.3,0.22,7.5,2.5,9.8,24.15,290,2
1004.3,0.22,7.5,2.5,9.8,0.0,0,0
1004.3,0.22,7.5,2.5,9.8,45.08,320,2
1004.3,0.22,7.5,2.5,9.8,20.04,254,2
1004.3,0.22,7.5,2.5,9.8,11.27,170,0
1004.3,0.22,7.5,2.5,9.8,22.54,300,2
1004.3,0.22,7.5,2.5,9.8,11.27,200,0
1004.3,0.22,7.5,2.5,9.8,14.49,90,0
1004.3,0.22,7.5,2.5,9.8,20.93,320,2
1004.3,0.22,7.5,2.5,9.8,9.63,223,0
1004.3,0.22,7.5,2.5,9.8,31.2,300,2
1004.3,0.22,7.5,2.5,9.8,12.25,200,0
1004.3,0.58,15.0,13.5,16.6,14.91,9,0
1004.3,0.58,15.0,13.5,16.6,21.41,311,2
1004.3,0.58,15.0,13.5,16.6,4.64,300,0
1004.3,0.58,15.0,13.5,16.6,12.53,171,0
1004.3,0.58,15.0,13.5,16.6,35.42,140,2
1004.3,0.58,15.0,13.5,16.6,12.88,160,0
1004.3,0.58,15.0,13.5,16.6,24.15,320,2
1004.3,0.58,15.0,13.5,16.6,28.98,280,2
1004.3,0.58,15.0,13.5,16.6,11.27,170,0
1004.3,0.58,15.0,13.5,16.6,8.05,40,0
1004.3,0.58,15.0,13.5,16.6,24.15,290,2
1004.3,0.58,15.0,13.5,16.6,0.0,0,0
1004.3,0.58,15.0,13.5,16.6,45.08,320,2
1004.3,0.58,15.0,13.5,16.6,20.04,254,2
1004.3,0.58,15.0,13.5,16.6,11.27,170,0
1004.3,0.58,15.0,13.5,16.6,22.54,300,2
1004.3,0.58,15.0,13.5,16.6,11.27,200,0
1004.3,0.58,15.0,13.5,16.6,14.49,90,0
1004.3,0.58,15.0,13.5,16.6,20.93,320,2
1004.3,0.58,15.0,13.5,16.6,9.63,223,0
1004.3,0.58,15.0,13.5,16.6,31.2,300,2
1004.3,0.58,15.0,13.5,16.6,12.25,200,0
1004.3,0.13,4.4,2.5,5.3,14.91,9,0
1004.3,0.13,4.4,2.5,5.3,21.41,311,2
1004.3,0.13,4.4,2.5,5.3,4.64,300,0
1004.3,0.13,4.4,2.5,5.3,12.53,171,0
1004.3,0.13,4.4,2.5,5.3,35.42,140,2
1004.3,0.13,4.4,2.5,5.3,12.88,160,0
1004.3,0.13,4.4,2.5,5.3,24.15,320,2
1004.3,0.13,4.4,2.5,5.3,28.98,280,2
1004.3,0.13,4.4,2.5,5.3,11.27,170,0
1004.3,0.13,4.4,2.5,5.3,8.05,40,0
1004.3,0.13,4.4,2.5,5.3,24.15,290,2
1004.3,0.13,4.4,2.5,5.3,0.0,0,0
1004.3,0.13,4.4,2.5,5.3,45.08,320,2
1004.3,0.13,4.4,2.5,5.3,20.04,254,2
1004.3,0.13,4.4,2.5,5.3,11.27,170,0
1004.3,0.13,4.4,2.5,5.3,22.54,300,2
1004.3,0.13,4.4,2.5,5.3,11.27,200,0
1004.3,0.13,4.4,2.5,5.3,14.49,90,0
1004.3,0.13,4.4,2.5,5.3,20.93,320,2
1004.3,0.13,4.4,2.5,5.3,9.63,223,0
1004.3,0.13,4.4,2.5,5.3,31.2,300,2
1004.3,0.13,4.4,2.5,5.3,12.25,200,0
1004.3,0.25,11.0,9.4,14.3,14.91,9,0
1004.3,0.25,11.0,9.4,14.3,21.41,311,2
1004.3,0.25,11.0,9.4,14.3,4.64,300,0
1004.3,0.25,11.0,9.4,14.3,12.53,171,0
1004.3,0.25,11.0,9.4,14.3,35.42,140,2
1004.3,0.25,11.0,9.4,14.3,12.88,160,0
1004.3,0.25,11.0,9.4,14.3,24.15,320,2
1004.3,0.25,11.0,9.4,14.3,28.98,280,2
1004.3,0.25,11.0,9.4,14.3,11.27,170,0
1004.3,0.25,11.0,9.4,14.3,8.05,40,0
1004.3,0.25,11.0,9.4,14.3,24.15,290,2
1004.3,0.25,11.0,9.4,14.3,0.0,0,0
1004.3,0.25,11.0,9.4,14.3,45.08,320,2
1004.3,0.25,11.0,9.4,14.3,20.04,254,2
1004.3,0.25,11.0,9.4,14.3,11.27,170,0
1004.3,0.25,11.0,9.4,14.3,22.54,300,2
1004.3,0.25,11.0,9.4,14.3,11.27,200,0
1004.3,0.25,11.0,9.4,14.3,14.49,90,0
1004.3,0.25,11.0,9.4,14.3,20.93,320,2
1004.3,0.25,11.0,9.4,14.3,9.63,223,0
1004.3,0.25,11.0,9.4,14.3,31.2,300,2
1004.3,0.25,11.0,9.4,14.3,12.25,200,0
1004.4,0.75,3.5,1.1,8.7,3.74,276,1
1004.4,0.75,3.5,1.1,8.7,13.41,328,1
1004.4,0.75,3.5,1.1,8.7,3.62,222,1
1004.4,0.75,3.5,1.1,8.7,14.35,151,1
1004.4,0.75,3.5,1.1,8.7,41.86,150,3
1004.4,0.75,3.5,1.1,8.7,38.64,160,3
1004.4,0.75,3.5,1.1,8.7,25.76,70,3
1004.4,0.75,3.5,1.1,8.7,22.54,170,3
1004.4,0.75,3.5,1.1,8.7,0.0,0,1
1004.4,0.75,3.5,1.1,8.7,20.5,329,3
1004.4,0.75,3.5,1.1,8.7,14.49,160,1
1004.4,0.75,3.5,1.1,8.7,8.24,112,1
1004.4,0.75,3.5,1.1,8.7,11.27,110,1
1004.4,0.75,3.5,1.1,8.7,3.22,0,1
1004.4,0.75,3.5,1.1,8.7,41.52,312,3
1004.4,0.75,3.5,1.1,8.7,17.71,120,3
1004.4,0.75,3.5,1.1,8.7,14.25,227,1
1004.4,0.75,3.5,1.1,8.7,9.66,300,1
1004.4,0.75,3.5,1.1,8.7,11.27,210,1
1004.4,0.75,3.5,1.1,8.7,3.22,10,1
1004.4,0.75,3.5,1.1,8.7,20.87,351,3
1004.4,0.75,3.5,1.1,8.7,7.79,221,1
1004.4,0.4,2.6,-2.5,7.3,3.74,276,1
1004.4,0.4,2.6,-2.5,7.3,13.41,328,1
1004.4,0.4,2.6,-2.5,7.3,3.62,222,1
1004.4,0.4,2.6,-2.5,7.3,14.35,151,1
1004.4,0.4,2.6,-2.5,7.3,41.86,150,3
1004.4,0.4,2.6,-2.5,7.3,38.64,160,3
1004.4,0.4,2.6,-2.5,7.3,25.76,70,3
1004.4,0.4,2.6,-2.5,7.3,22.54,170,3
1004.4,0.4,2.6,-2.5,7.3,0.0,0,1
1004.4,0.4,2.6,-2.5,7.3,20.5,329,3
1004.4,0.4,2.6,-2.5,7.3,14.49,160,1
1004.4,0.4,2.6,-2.5,7.3,8.24,112,1
1004.4,0.4,2.6,-2.5,7.3,11.27,110,1
1004.4,0.4,2.6,-2.5,7.3,3.22,0,1
1004.4,0.4,2.6,-2.5,7.3,41.52,312,3
1004.4,0.4,2.6,-2.5,7.3,17.71,120,3
1004.4,0.4,2.6,-2.5,7.3,14.25,227,1
1004.4,0.4,2.6,-2.5,7.3,9.66,300,1
1004.4,0.4,2.6,-2.5,7.3,11.27,210,1
1004.4,0.4,2.6,-2.5,7.3,3.22,10,1
1004.4,0.4,2.6,-2.5,7.3,20.87,351,3
1004.4,0.4,2.6,-2.5,7.3,7.79,221,1
1004.4,0.37,10.8,8.3,9.4,3.74,276,1
1004.4,0.37,10.8,8.3,9.4,13.41,328,1
1004.4,0.37,10.8,8.3,9.4,3.62,222,1
1004.4,0.37,10.8,8.3,9.4,14.35,151,1
1004.4,0.37,10.8,8.3,9.4,41.86,150,3
1004.4,0.37,10.8,8.3,9.4,38.64,160,3
1004.4,0.37,10.8,8.3,9.4,25.76,70,3
1004.4,0.37,10.8,8.3,9.4,22.54,170,3
1004.4,0.37,10.8,8.3,9.4,0.0,0,1
1004.4,0.37,10.8,8.3,9.4,20.5,329,3
1004.4,0.37,10.8,8.3,9.4,14.49,160,1
1004.4,0.37,10.8,8.3,9.4,8.24,112,1
1004.4,0.37,10.8,8.3,9.4,11.27,110,1
1004.4,0.37,10.8,8.3,9.4,3.22,0,1
1004.4,0.37,10.8,8.3,9.4,41.52,312,3
1004.4,0.37,10.8,8.3,9.4,17.71,120,3
1004.4,0.37,10.8,8.3,9.4,14.25,227,1
1004.4,0.37,10.8,8.3,9.4,9.66,300,1
1004.4,0.37,10.8,8.3,9.4,11.27,210,1
1004.4,0.37,10.8,8.3,9.4,3.22,10,1
1004.4,0.37,10.8,8.3,9.4,20.87,351,3
1004.4,0.37,10.8,8.3,9.4,7.79,221,1
1004.4,0.2,8.1,6.1,11.2,3.74,276,1
1004.4,0.2,8.1,6.1,11.2,13.41,328,1
1004.4,0.2,8.1,6.1,11.2,3.62,222,1
1004.4,0.2,8.1,6.1,11.2,14.35,151,1
1004.4,0.2,8.1,6.1,11.2,41.86,150,3
1004.4,0.2,8.1,6.1,11.2,38.64,160,3
1004.4,0.2,8.1,6.1,11.2,25.76,70,3
1004.4,0.2,8.1,6.1,11.2,22.54,170,3
1004.4,0.2,8.1,6.1,11.2,0.0,0,1
1004.4,0.2,8.1,6.1,11.2,20.5,329,3
1004.4,0.2,8.1,6.1,11.2,14.49,160,1
1004.4,0.2,8.1,6.1,11.2,8.24,112,1
1004.4,0.2,8.1,6.1,11.2,11.27,110,1
1004.4,0.2,8.1,6.1,11.2,3.22,0,1
1004.4,0.2,8.1,6.1,11.2,41.52,312,3
1004.4,0.2,8.1,6.1,11.2,17.71,120,3
1004.4,0.2,8.1,6.1,11.2,14.25,227,1
1004.4,0.2,8.1,6.1,11.2,9.66,300,1
1004.4,0.2,8.1,6.1,11.2,11.27,210,1
1004.4,0.2,8.1,6.1,11.2,3.22,10,1
1004.4,0.2,8.1,6.1,11.2,20.87,351,3
1004.4,0.2,8.1,6.1,11.2,7.79,221,1
1004.4,2.59,19.1,14.6,27.0,3.74,276,1
1004.4,2.59,19.1,14.6,27.0,13.41,328,1
1004.4,2.59,19.1,14.6,27.0,3.62,222,1
1004.4,2.59,19.1,14.6,27.0,14.35,151,1
1004.4,2.59,19.1,14.6,27.0,41.86,150,3
1004.4,2.59,19.1,14.6,27.0,38.64,160,3
1004.4,2.59,19.1,14.6,27.0,25.76,70,3
1004.4,2.59,19.1,14.6,27.0,22.54,170,3
1004.4,2.59,19.1,14.6,27.0,0.0,0,1
1004.4,2.59,19.1,14.6,27.0,20.5,329,3
1004.4,2.59,19.1,14.6,27.0,14.49,160,1
1004.4,2.59,19.1,14.6,27.0,8.24,112,1
1004.4,2.59,19.1,14.6,27.0,11.27,110,1
1004.4,2.59,19.1,14.6,27.0,3.22,0,1
1004.4,2.59,19.1,14.6,27.0,41.52,312,3
1004.4,2.59,19.1,14.6,27.0,17.71,120,3
1004.4,2.59,19.1,14.6,27.0,14.25,227,1
1004.4,2.59,19.1,14.6,27.0,9.66,300,1
1004.4,2.59,19.1,14.6,27.0,11.27,210,1
1004.4,2.59,19.1,14.6,27.0,3.22,10,1
1004.4,2.59,19.1,14.6,27.0,20.87,351,3
1004.4,2.59,19.1,14.6,27.0,7.79,221,1
1004.4,2.77,12.4,4.5,19.1,3.74,276,1
1004.4,2.77,12.4,4.5,19.1,13.41,328,1
1004.4,2.77,12.4,4.5,19.1,3.62,222,1
1004.4,2.77,12.4,4.5,19.1,14.35,151,1
1004.4,2.77,12.4,4.5,19.1,41.86,150,3
1004.4,2.77,12.4,4.5,19.1,38.64,160,3
1004.4,2.77,12.4,4.5,19.1,25.76,70,3
1004.4,2.77,12.4,4.5,19.1,22.54,170,3
1004.4,2.77,12.4,4.5,19.1,0.0,0,1
1004.4,2.77,12.4,4.5,19.1,20.5,329,3
1004.4,2.77,12.4,4.5,19.1,14.49,160,1
1004.4,2.77,12.4,4.5,19.1,8.24,112,1
1004.4,2.77,12.4,4.5,19.1,11.27,110,1
1004.4,2.77,12.4,4.5,19.1,3.22,0,1
1004.4,2.77,12.4,4.5,19.1,41.52,312,3
1004.4,2.77,12.4,4.5,19.1,17.71,120,3
1004.4,2.77,12.4,4.5,19.1,14.25,227,1
1004.4,2.77,12.4,4.5,19.1,9.66,300,1
1004.4,2.77,12.4,4.5,19.1,11.27,210,1
1004.4,2.77,12.4,4.5,19.1,3.22,10,1
1004.4,2.77,12.4,4.5,19.1,20.87,351,3
1004.4,2.77,12.4,4.5,19.1,7.79,221,1
1004.4,2.79,11.1,4.9,20.2,3.74,276,1
1004.4,2.79,11.1,4.9,20.2,13.41,328,1
1004.4,2.79,11.1,4.9,20.2,3.62,222,1
1004.4,2.79,11.1,4.9,20.2,14.35,151,1
1004.4,2.79,11.1,4.9,20.2,41.86,150,3
1004.4,2.79,11.1,4.9,20.2,38.64,160,3
1004.4,2.79,11.1,4.9,20.2,25.76,70,3
1004.4,2.79,11.1,4.9,20.2,22.54,170,3
1004.4,2.79,11.1,4.9,20.2,0.0,0,1
1004.4,2.79,11.1,4.9,20.2,20.5,329,3
1004.4,2.79,11.1,4.9,20.2,14.49,160,1
1004.4,2.79,11.1,4.9,20.2,8.24,112,1
1004.4,2.79,11.1,4.9,20.2,11.27,110,1
1004.4,2.79,11.1,4.9,20.2,3.22,0,1
1004.4,2.79,11.1,4.9,20.2,41.52,312,3
1004.4,2.79,11.1,4.9,20.2,17.71,120,3
1004.4,2.79,11.1,4.9,20.2,14.25,227,1
1004.4,2.79,11.1,4.9,20.2,9.66,300,1
1004.4,2.79,11.1,4.9,20.2,11.27,210,1
1004.4,2.79,11.1,4.9,20.2,3.22,10,1
1004.4,2.79,11.1,4.9,20.2,20.87,351,3
1004.4,2.79,11.1,4.9,20.2,7.79,221,1
1004.4,0.78,3.7,2.2,8.6,3.74,276,1
1004.4,0.78,3.7,2.2,8.6,13.41,328,1
1004.4,0.78,3.7,2.2,8.6,3.62,222,1
1004.4,0.78,3.7,2.2,8.6,14.35,151,1
1004.4,0.78,3.7,2.2,8.6,41.86,150,3
1004.4,0.78,3.7,2.2,8.6,38.64,160,3
1004.4,0.78,3.7,2.2,8.6,25.76,70,3
1004.4,0.78,3.7,2.2,8.6,22.54,170,3
1004.4,0.78,3.7,2.2,8.6,0.0,0,1
1004.4,0.78,3.7,2.2,8.6,20.5,329,3
1004.4,0.78,3.7,2.2,8.6,14.49,160,1
1004.4,0.78,3.7,2.2,8.6,8.24,112,1
1004.4,0.78,3.7,2.2,8.6,11.27,110,1
1004.4,0.78,3.7,2.2,8.6,3.22,0,1
1004.4,0.78,3.7,2.2,8.6,41.52,312,3
1004.4,0.78,3.7,2.2,8.6,17.71,120,3
1004.4,0.78,3.7,2.2,8.6,14.25,227,1
1004.4,0.78,3.7,2.2,8.6,9.66,300,1
1004.4,0.78,3.7,2.2,8.6,11.27,210,1
1004.4,0.78,3.7,2.2,8.6,3.22,10,1
1004.4,0.78,3.7,2.2,8.6,20.87,351,3
1004.4,0.78,3.7,2.2,8.6,7.79,221,1
1004.4,0.76,6.7,4.0,10.5,3.74,276,1
1004.4,0.76,6.7,4.0,10.5,13.41,328,1
1004.4,0.76,6.7,4.0,10.5,3.62,222,1
1004.4,0.76,6.7,4.0,10.5,14.35,151,1
1004.4,0.76,6.7,4.0,10.5,41.86,150,3
1004.4,0.76,6.7,4.0,10.5,38.64,160,3
1004.4,0.76,6.7,4.0,10.5,25.76,70,3
1004.4,0.76,6.7,4.0,10.5,22.54,170,3
1004.4,0.76,6.7,4.0,10.5,0.0,0,1
1004.4,0.76,6.7,4.0,10.5,20.5,329,3
1004.4,0.76,6.7,4.0,10.5,14.49,160,1
1004.4,0.76,6.7,4.0,10.5,8.24,112,1
1004.4,0.76,6.7,4.0,10.5,11.27,110,1
1004.4,0.76,6.7,4.0,10.5,3.22,0,1
1004.4,0.76,6.7,4.0,10.5,41.52,312,3
1004.4,0.76,6.7,4.0,10.5,17.71,120,3
1004.4,0.76,6.7,4.0,10.5,14.25,227,1
1004.4,0.76,6.7,4.0,10.5,9.66,300,1
1004.4,0.76,6.7,4.0,10.5,11.27,210,1
1004.4,0.76,6.7,4.0,10.5,3.22,10,1
1004.4,0.76,6.7,4.0,10.5,20.87,351,3
1004.4,0.76,6.7,4.0,10.5,7.79,221,1
1004.4,0.99,12.1,9.5,14.1,3.74,276,0
1004.4,0.99,12.1,9.5,14.1,13.41,328,0
1004.4,0.99,12.1,9.5,14.1,3.62,222,0
1004.4,0.99,12.1,9.5,14.1,14.35,151,0
1004.4,0.99,12.1,9.5,14.1,41.86,150,2
1004.4,0.99,12.1,9.5,14.1,38.64,160,2
1004.4,0.99,12.1,9.5,14.1,25.76,70,2
1004.4,0.99,12.1,9.5,14.1,22.54,170,2
1004.4,0.99,12.1,9.5,14.1,0.0,0,0
1004.4,0.99,12.1,9.5,14.1,20.5,329,2
1004.4,0.99,12.1,9.5,14.1,14.49,160,0
1004.4,0.99,12.1,9.5,14.1,8.24,112,0
1004.4,0.99,12.1,9.5,14.1,11.27,110,0
1004.4,0.99,12.1,9.5,14.1,3.22,0,0
1004.4,0.99,12.1,9.5,14.1,41.52,312,2
1004.4,0.99,12.1,9.5,14.1,17.71,120,2
1004.4,0.99,12.1,9.5,14.1,14.25,227,0
1004.4,0.99,12.1,9.5,14.1,9.66,300,0
1004.4,0.99,12.1,9.5,14.1,11.27,210,0
1004.4,0.99,12.1,9.5,14.1,3.22,10,0
1004.4,0.99,12.1,9.5,14.1,20.87,351,2
1004.4,0.99,12.1,9.5,14.1,7.79,221,0
1004.4,0.41,3.0,0.5,6.7,3.74,276,0
1004.4,0.41,3.0,0.5,6.7,13.41,328,0
1004.4,0.41,3.0,0.5,6.7,3.62,222,0
1004.4,0.41,3.0,0.5,6.7,14.35,151,0
1004.4,0.41,3.0,0.5,6.7,41.86,150,2
1004.4,0.41,3.0,0.5,6.7,38.64,160,2
1004.4,0.41,3.0,0.5,6.7,25.76,70,2
1004.4,0.41,3.0,0.5,6.7,22.54,170,2
1004.4,0.41,3.0,0.5,6.7,0.0,0,0
1004.4,0.41,3.0,0.5,6.7,20.5,329,2
1004.4,0.41,3.0,0.5,6.7,14.49,160,0
1004.4,0.41,3.0,0.5,6.7,8.24,112,0
1004.4,0.41,3.0,0.5,6.7,11.27,110,0
1004.4,0.41,3.0,0.5,6.7,3.22,0,0
1004.4,0.41,3.0,0.5,6.7,41.52,312,2
1004.4,0.41,3.0,0.5,6.7,17.71,120,2
1004.4,0.41,3.0,0.5,6.7,14.25,227,0
1004.4,0.41,3.0,0.5,6.7,9.66,300,0
1004.4,0.41,3.0,0.5,6.7,11.27,210,0
1004.4,0.41,3.0,0.5,6.7,3.22,10,0
1004.4,0.41,3.0,0.5,6.7,20.87,351,2
1004.4,0.41,3.0,0.5,6.7,7.79,221,0
1004.4,0.49,13.5,12.5,20.2,3.74,276,0
1004.4,0.49,13.5,12.5,20.2,13.41,328,0
1004.4,0.49,13.5,12.5,20.2,3.62,222,0
1004.4,0.49,13.5,12.5,20.2,14.35,151,0
1004.4,0.49,13.5,12.5,20.2,41.86,150,2
1004.4,0.49,13.5,12.5,20.2,38.64,160,2
1004.4,0.49,13.5,12.5,20.2,25.76,70,2
1004.4,0.49,13.5,12.5,20.2,22.54,170,2
1004.4,0.49,13.5,12.5,20.2,0.0,0,0
1004.4,0.49,13.5,12.5,20.2,20.5,329,2
1004.4,0.49,13.5,12.5,20.2,14.49,160,0
1004.4,0.49,13.5,12.5,20.2,8.24,112,0
1004.4,0.49,13.5,12.5,20.2,11.27,110,0
1004.4,0.49,13.5,12.5,20.2,3.22,0,0
1004.4,0.49,13.5,12.5,20.2,41.52,312,2
1004.4,0.49,13.5,12.5,20.2,17.71,120,2
1004.4,0.49,13.5,12.5,20.2,14.25,227,0
1004.4,0.49,13.5,12.5,20.2,9.66,300,0
1004.4,0.49,13.5,12.5,20.2,11.27,210,0
1004.4,0.49,13.5,12.5,20.2,3.22,10,0
1004.4,0.49,13.5,12.5,20.2,20.87,351,2
1004.4,0.49,13.5,12.5,20.2,7.79,221,0
1004.4,0.15,13.9,12.2,15.3,3.74,276,0
1004.4,0.15,13.9,12.2,15.3,13.41,328,0
1004.4,0.15,13.9,12.2,15.3,3.62,222,0
1004.4,0.15,13.9,12.2,15.3,14.35,151,0
1004.4,0.15,13.9,12.2,15.3,41.86,150,2
1004.4,0.15,13.9,12.2,15.3,38.64,160,2
1004.4,0.15,13.9,12.2,15.3,25.76,70,2
1004.4,0.15,13.9,12.2,15.3,22.54,170,2
1004.4,0.15,13.9,12.2,15.3,0.0,0,0
1004.4,0.15,13.9,12.2,15.3,20.5,329,2
1004.4,0.15,13.9,12.2,15.3,14.49,160,0
1004.4,0.15,13.9,12.2,15.3,8.24,112,0
1004.4,0.15,13.9,12.2,15.3,11.27,110,0
1004.4,0.15,13.9,12.2,15.3,3.22,0,0
1004.4,0.15,13.9,12.2,15.3,41.52,312,2
1004.4,0.15,13.9,12.2,15.3,17.71,120,2
1004.4,0.15,13.9,12.2,15.3,14.25,227,0
1004.4,0.15,13.9,12.2,15.3,9.66,300,0
1004.4,0.15,13.9,12.2,15.3,11.27,210,0
1004.4,0.15,13.9,12.2,15.3,3.22,10,0
1004.4,0.15,13.9,12.2,15.3,20.87,351,2
1004.4,0.15,13.9,12.2,15.3,7.79,221,0
1004.4,0.17,7.9,5.8,10.0,3.74,276,0
1004.4,0.17,7.9,5.8,10.0,13.41,328,0
1004.4,0.17,7.9,5.8,10.0,3.62,222,0
1004.4,0.17,7.9,5.8,10.0,14.35,151,0
1004.4,0.17,7.9,5.8,10.0,41.86,150,2
1004.4,0.17,7.9,5.8,10.0,38.64,160,2
1004.4,0.17,7.9,5.8,10.0,25.76,70,2
1004.4,0.17,7.9,5.8,10.0,22.54,170,2
1004.4,0.17,7.9,5.8,10.0,0.0,0,0
1004.4,0.17,7.9,5.8,10.0,20.5,329,2
1004.4,0.17,7.9,5.8,10.0,14.49,160,0
1004.4,0.17,7.9,5.8,10.0,8.24,112,0
1004.4,0.17,7.9,5.8,10.0,11.27,110,0
1004.4,0.17,7.9,5.8,10.0,3.22,0,0
1004.4,0.17,7.9,5.8,10.0,41.52,312,2
1004.4,0.17,7.9,5.8,10.0,17.71,120,2
1004.4,0.17,7.9,5.8,10.0,14.25,227,0
1004.4,0.17,7.9,5.8,10.0,9.66,300,0
1004.4,0.17,7.9,5.8,10.0,11.27,210,0
1004.4,0.17,7.9,5.8,10.0,3.22,10,0
1004.4,0.17,7.9,5.8,10.0,20.87,351,2
1004.4,0.17,7.9,5.8,10.0,7.79,221,0
1004.4,0.58,9.9,8.1,12.9,3.74,276,0
1004.4,0.58,9.9,8.1,12.9,13.41,328,0
1004.4,0.58,9.9,8.1,12.9,3.62,222,0
1004.4,0.58,9.9,8.1,12.9,14.35,151,0
1004.4,0.58,9.9,8.1,12.9,41.86,150,2
1004.4,0.58,9.9,8.1,12.9,38.64,160,2
1004.4,0.58,9.9,8.1,12.9,25.76,70,2
1004.4,0.58,9.9,8.1,12.9,22.54,170,2
1004.4,0.58,9.9,8.1,12.9,0.0,0,0
1004.4,0.58,9.9,8.1,12.9,20.5,329,2
1004.4,0.58,9.9,8.1,12.9,14.49,160,0
1004.4,0.58,9.9,8.1,12.9,8.24,112,0
1004.4,0.58,9.9,8.1,12.9,11.27,110,0
1004.4,0.58,9.9,8.1,12.9,3.22,0,0
1004.4,0.58,9.9,8.1,12.9,41.52,312,2
1004.4,0.58,9.9,8.1,12.9,17.71,120,2
1004.4,0.58,9.9,8.1,12.9,14.25,227,0
1004.4,0.58,9.9,8.1,12.9,9.66,300,0
1004.4,0.58,9.9,8.1,12.9,11.27,210,0
1004.4,0.58,9.9,8.1,12.9,3.22,10,0
1004.4,0.58,9.9,8.1,12.9,20.87,351,2
1004.4,0.58,9.9,8.1,12.9,7.79,221,0
1004.4,0.34,4.7,1.0,8.8,3.74,276,0
1004.4,0.34,4.7,1.0,8.8,13.41,328,0
1004.4,0.34,4.7,1.0,8.8,3.62,222,0
1004.4,0.34,4.7,1.0,8.8,14.35,151,0
1004.4,0.34,4.7,1.0,8.8,41.86,150,2
1004.4,0.34,4.7,1.0,8.8,38.64,160,2
1004.4,0.34,4.7,1.0,8.8,25.76,70,2
1004.4,0.34,4.7,1.0,8.8,22.54,170,2
1004.4,0.34,4.7,1.0,8.8,0.0,0,0
1004.4,0.34,4.7,1.0,8.8,20.5,329,2
1004.4,0.34,4.7,1.0,8.8,14.49,160,0
1004.4,0.34,4.7,1.0,8.8,8.24,112,0
1004.4,0.34,4.7,1.0,8.8,11.27,110,0
1004.4,0.34,4.7,1.0,8.8,3.22,0,0
1004.4,0.34,4.7,1.0,8.8,41.52,312,2
1004.4,0.34,4.7,1.0,8.8,17.71,120,2
1004.4,0.34,4.7,1.0,8.8,14.25,227,0
1004.4,0.34,4.7,1.0,8.8,9.66,300,0
1004.4,0.34,4.7,1.0,8.8,11.27,210,0
1004.4,0.34,4.7,1.0,8.8,3.22,10,0
1004.4,0.34,4.7,1.0,8.8,20.87,351,2
1004.4,0.34,4.7,1.0,8.8,7.79,221,0
1004.4,0.63,9.2,4.9,14.7,3.74,276,0
1004.4,0.63,9.2,4.9,14.7,13.41,328,0
1004.4,0.63,9.2,4.9,14.7,3.62,222,0
1004.4,0.63,9.2,4.9,14.7,14.35,151,0
1004.4,0.63,9.2,4.9,14.7,41.86,150,2
1004.4,0.63,9.2,4.9,14.7,38.64,160,2
1004.4,0.63,9.2,4.9,14.7,25.76,70,2
1004.4,0.63,9.2,4.9,14.7,22.54,170,2
1004.4,0.63,9.2,4.9,14.7,0.0,0,0
1004.4,0.63,9.2,4.9,14.7,20.5,329,2
1004.4,0.63,9.2,4.9,14.7,14.49,160,0
1004.4,0.63,9.2,4.9,14.7,8.24,112,0
1004.4,0.63,9.2,4.9,14.7,11.27,110,0
1004.4,0.63,9.2,4.9,14.7,3.22,0,0
1004.4,0.63,9.2,4.9,14.7,41.52,312,2
1004.4,0.63,9.2,4.9,14.7,17.71,120,2
1004.4,0.63,9.2,4.9,14.7,14.25,227,0
1004.4,0.63,9.2,4.9,14.7,9.66,300,0
1004.4,0.63,9.2,4.9,14.7,11.27,210,0
1004.4,0.63,9.2,4.9,14.7,3.22,10,0
1004.4,0.63,9.2,4.9,14.7,20.87,351,2
1004.4,0.63,9.2,4.9,14.7,7.79,221,0
1004.4,0.59,17.6,13.4,22.1,3.74,276,0
1004.4,0.59,17.6,13.4,22.1,13.41,328,0
1004.4,0.59,17.6,13.4,22.1,3.62,222,0
1004.4,0.59,17.6,13.4,22.1,14.35,151,0
1004.4,0.59,17.6,13.4,22.1,41.86,150,2
1004.4,0.59,17.6,13.4,22.1,38.64,160,2
1004.4,0.59,17.6,13.4,22.1,25.76,70,2
1004.4,0.59,17.6,13.4,22.1,22.54,170,2
1004.4,0.59,17.6,13.4,22.1,0.0,0,0
1004.4,0.59,17.6,13.4,22.1,20.5,329,2
1004.4,0.59,17.6,13.4,22.1,14.49,160,0
1004.4,0.59,17.6,13.4,22.1,8.24,112,0
1004.4,0.59,17.6,13.4,22.1,11.27,110,0
1004.4,0.59,17.6,13.4,22.1,3.22,0,0
1004.4,0.59,17.6,13.4,22.1,41.52,312,2
1004.4,0.59,17.6,13.4,22.1,17.71,120,2
1004.4,0.59,17.6,13.4,22.1,14.25,227,0
1004.4,0.59,17.6,13.4,22.1,9.66,300,0
1004.4,0.59,17.6,13.4,22.1,11.27,210,0
1004.4,0.59,17.6,13.4,22.1,3.22,10,0
1004.4,0.59,17.6,13.4,22.1,20.87,351,2
1004.4,0.59,17.6,13.4,22.1,7.79,221,0
1004.4,0.23,10.3,6.6,11.9,3.74,276,0
1004.4,0.23,10.3,6.6,11.9,13.41,328,0
1004.4,0.23,10.3,6.6,11.9,3.62,222,0
1004.4,0.23,10.3,6.6,11.9,14.35,151,0
1004.4,0.23,10.3,6.6,11.9,41.86,150,2
1004.4,0.23,10.3,6.6,11.9,38.64,160,2
1004.4,0.23,10.3,6.6,11.9,25.76,70,2
1004.4,0.23,10.3,6.6,11.9,22.54,170,2
1004.4,0.23,10.3,6.6,11.9,0.0,0,0
1004.4,0.23,10.3,6.6,11.9,20.5,329,2
1004.4,0.23,10.3,6.6,11.9,14.49,160,0
1004.4,0.23,10.3,6.6,11.9,8.24,112,0
1004.4,0.23,10.3,6.6,11.9,11.27,110,0
1004.4,0.23,10.3,6.6,11.9,3.22,0,0
1004.4,0.23,10.3,6.6,11.9,41.52,312,2
1004.4,0.23,10.3,6.6,11.9,17.71,120,2
1004.4,0.23,10.3,6.6,11.9,14.25,227,0
1004.4,0.23,10.3,6.6,11.9,9.66,300,0
1004.4,0.23,10.3,6.6,11.9,11.27,210,0
1004.4,0.23,10.3,6.6,11.9,3.22,10,0
1004.4,0.23,10.3,6.6,11.9,20.87,351,2
1004.4,0.23,10.3,6.6,11.9,7.79,221,0
1004.4,1.32,16.5,11.6,22.8,3.74,276,0
1004.4,1.32,16.5,11.6,22.8,13.41,328,0
1004.4,1.32,16.5,11.6,22.8,3.62,222,0
1004.4,1.32,16.5,11.6,22.8,14.35,151,0
1004.4,1.32,16.5,11.6,22.8,41.86,150,2
1004.4,1.32,16.5,11.6,22.8,38.64,160,2
1004.4,1.32,16.5,11.6,22.8,25.76,70,2
1004.4,1.32,16.5,11.6,22.8,22.54,170,2
1004.4,1.32,16.5,11.6,22.8,0.0,0,0
1004.4,1.32,16.5,11.6,22.8,20.5,329,2
1004.4,1.32,16.5,11.6,22.8,14.49,160,0
1004.4,1.32,16.5,11.6,22.8,8.24,112,0
1004.4,1.32,16.5,11.6,22.8,11.27,110,0
1004.4,1.32,16.5,11.6,22.8,3.22,0,0
1004.4,1.32,16.5,11.6,22.8,41.52,312,2
1004.4,1.32,16.5,11.6,22.8,17.71,120,2
1004.4,1.32,16.5,11.6,22.8,14.25,227,0
1004.4,1.32,16.5,11.6,22.8,9.66,300,0
1004.4,1.32,16.5,11.6,22.8,11.27,210,0
1004.4,1.32,16.5,11.6,22.8,3.22,10,0
1004.4,1.32,16.5,11.6,22.8,20.87,351,2
1004.4,1.32,16.5,11.6,22.8,7.79,221,0
1004.4,0.07,3.3,2.0,6.6,3.74,276,0
1004.4,0.07,3.3,2.0,6.6,13.41,328,0
1004.4,0.07,3.3,2.0,6.6,3.62,222,0
1004.4,0.07,3.3,2.0,6.6,14.35,151,0
1004.4,0.07,3.3,2.0,6.6,41.86,150,2
1004.4,0.07,3.3,2.0,6.6,38.64,160,2
1004.4,0.07,3.3,2.0,6.6,25.76,70,2
1004.4,0.07,3.3,2.0,6.6,22.54,170,2
1004.4,0.07,3.3,2.0,6.6,0.0,0,0
1004.4,0.07,3.3,2.0,6.6,20.5,329,2
1004.4,0.07,3.3,2.0,6.6,14.49,160,0
1004.4,0.07,3.3,2.0,6.6,8.24,112,0
1004.4,0.07,3.3,2.0,6.6,11.27,110,0
1004.4,0.07,3.3,2.0,6.6,3.22,0,0
1004.4,0.07,3.3,2.0,6.6,41.52,312,2
1004.4,0.07,3.3,2.0,6.6,17.71,120,2
1004.4,0.07,3.3,2.0,6.6,14.25,227,0
1004.4,0.07,3.3,2.0,6.6,9.66,300,0
1004.4,0.07,3.3,2.0,6.6,11.27,210,0
1004.4,0.07,3.3,2.0,6.6,3.22,10,0
1004.4,0.07,3.3,2.0,6.6,20.87,351,2
1004.4,0.07,3.3,2.0,6.6,7.79,221,0
1004.4,1.12,11.2,8.8,15.6,3.74,276,0
1004.4,1.12,11.2,8.8,15.6,13.41,328,0
1004.4,1.12,11.2,8.8,15.6,3.62,222,0
1004.4,1.12,11.2,8.8,15.6,14.35,151,0
1004.4,1.12,11.2,8.8,15.6,41.86,150,2
1004.4,1.12,11.2,8.8,15.6,38.64,160,2
1004.4,1.12,11.2,8.8,15.6,25.76,70,2
1004.4,1.12,11.2,8.8,15.6,22.54,170,2
1004.4,1.12,11.2,8.8,15.6,0.0,0,0
1004.4,1.12,11.2,8.8,15.6,20.5,329,2
1004.4,1.12,11.2,8.8,15.6,14.49,160,0
1004.4,1.12,11.2,8.8,15.6,8.24,112,0
1004.4,1.12,11.2,8.8,15.6,11.27,110,0
1004.4,1.12,11.2,8.8,15.6,3.22,0,0
1004.4,1.12,11.2,8.8,15.6,41.52,312,2
1004.4,1.12,11.2,8.8,15.6,17.71,120,2
1004.4,1.12,11.2,8.8,15.6,14.25,227,0
1004.4,1.12,11.2,8.8,15.6,9.66,300,0
1004.4,1.12,11.2,8.8,15.6,11.27,210,0
1004.4,1.12,11.2,8.8,15.6,3.22,10,0
1004.4,1.12,11.2,8.8,15.6,20.87,351,2
1004.4,1.12,11.2,8.8,15.6,7.79,221,0
1004.4,0.53,3.7,1.4,6.5,3.74,276,0
1004.4,0.53,3.7,1.4,6.5,13.41,328,0
1004.4,0.53,3.7,1.4,6.5,3.62,222,0
1004.4,0.53,3.7,1.4,6.5,14.35,151,0
1004.4,0.53,3.7,1.4,6.5,41.86,150,2
1004.4,0.53,3.7,1.4,6.5,38.64,160,2
1004.4,0.53,3.7,1.4,6.5,25.76,70,2
1004.4,0.53,3.7,1.4,6.5,22.54,170,2
1004.4,0.53,3.7,1.4,6.5,0.0,0,0
1004.4,0.53,3.7,1.4,6.5,20.5,329,2
1004.4,0.53,3.7,1.4,6.5,14.49,160,0
1004.4,0.53,3.7,1.4,6.5,8.24,112,0
1004.4,0.53,3.7,1.4,6.5,11.27,110,0
1004.4,0.53,3.7,1.4,6.5,3.22,0,0
1004.4,0.53,3.7,1.4,6.5,41.52,312,2
1004.4,0.53,3.7,1.4,6.5,17.71,120,2
1004.4,0.53,3.7,1.4,6.5,14.25,227,0
1004.4,0.53,3.7,1.4,6.5,9.66,300,0
1004.4,0.53,3.7,1.4,6.5,11.27,210,0
1004.4,0.53,3.7,1.4,6.5,3.22,10,0
1004.4,0.53,3.7,1.4,6.5,20.87,351,2
1004.4,0.53,3.7,1.4,6.5,7.79,221,0
1004.4,1.59,14.0,11.8,17.5,3.74,276,0
1004.4,1.59,14.0,11.8,17.5,13.41,328,0
1004.4,1.59,14.0,11.8,17.5,3.62,222,0
1004.4,1.59,14.0,11.8,17.5,14.35,151,0
1004.4,1.59,14.0,11.8,17.5,41.86,150,2
1004.4,1.59,14.0,11.8,17.5,38.64,160,2
1004.4,1.59,14.0,11.8,17.5,25.76,70,2
1004.4,1.59,14.0,11.8,17.5,22.54,170,2
1004.4,1.59,14.0,11.8,17.5,0.0,0,0
1004.4,1.59,14.0,11.8,17.5,20.5,329,2
1004.4,1.59,14.0,11.8,17.5,14.49,160,0
1004.4,1.59,14.0,11.8,17.5,8.24,112,0
1004.4,1.59,14.0,11.8,17.5,11.27,110,0
1004.4,1.59,14.0,11.8,17.5,3.22,0,0
1004.4,1.59,14.0,11.8,17.5,41.52,312,2
1004.4,1.59,14.0,11.8,17.5,17.71,120,2
1004.4,1.59,14.0,11.8,17.5,14.25,227,0
1004.4,1.59,14.0,11.8,17.5,9.66,300,0
1004.4,1.59,14.0,11.8,17.5,11.27,210,0
1004.4,1.59,14.0,11.8,17.5,3.22,10,0
1004.4,1.59,14.0,11.8,17.5,20.87,351,2
1004.4,1.59,14.0,11.8,17.5,7.79,221,0
1004.4,0.72,5.1,2.7,8.6,3.74,276,0
1004.4,0.72,5.1,2.7,8.6,13.41,328,0
1004.4,0.72,5.1,2.7,8.6,3.62,222,0
1004.4,0.72,5.1,2.7,8.6,14.35,151,0
1004.4,0.72,5.1,2.7,8.6,41.86,150,2
1004.4,0.72,5.1,2.7,8.6,38.64,160,2
1004.4,0.72,5.1,2.7,8.6,25.76,70,2
1004.4,0.72,5.1,2.7,8.6,22.54,170,2
1004.4,0.72,5.1,2.7,8.6,0.0,0,0
1004.4,0.72,5.1,2.7,8.6,20.5,329,2
1004.4,0.72,5.1,2.7,8.6,14.49,160,0
1004.4,0.72,5.1,2.7,8.6,8.24,112,0
1004.4,0.72,5.1,2.7,8.6,11.27,110,0
1004.4,0.72,5.1,2.7,8.6,3.22,0,0
1004.4,0.72,5.1,2.7,8.6,41.52,312,2
1004.4,0.72,5.1,2.7,8.6,17.71,120,2
1004.4,0.72,5.1,2.7,8.6,14.25,227,0
1004.4,0.72,5.1,2.7,8.6,9.66,300,0
1004.4,0.72,5.1,2.7,8.6,11.27,210,0
1004.4,0.72,5.1,2.7,8.6,3.22,10,0
1004.4,0.72,5.1,2.7,8.6,20.87,351,2
1004.4,0.72,5.1,2.7,8.6,7.79,221,0
1004.4,0.77,6.2,3.6,9.4,3.74,276,0
1004.4,0.77,6.2,3.6,9.4,13.41,328,0
1004.4,0.77,6.2,3.6,9.4,3.62,222,0
1004.4,0.77,6.2,3.6,9.4,14.35,151,0
1004.4,0.77,6.2,3.6,9.4,41.86,150,2
1004.4,0.77,6.2,3.6,9.4,38.64,160,2
1004.4,0.77,6.2,3.6,9.4,25.76,70,2
1004.4,0.77,6.2,3.6,9.4,22.54,170,2
1004.4,0.77,6.2,3.6,9.4,0.0,0,0
1004.4,0.77,6.2,3.6,9.4,20.5,329,2
1004.4,0.77,6.2,3.6,9.4,14.49,160,0
1004.4,0.77,6.2,3.6,9.4,8.24,112,0
1004.4,0.77,6.2,3.6,9.4,11.27,110,0
1004.4,0.77,6.2,3.6,9.4,3.22,0,0
1004.4,0.77,6.2,3.6,9.4,41.52,312,2
1004.4,0.77,6.2,3.6,9.4,17.71,120,2
1004.4,0.77,6.2,3.6,9.4,14.25,227,0
1004.4,0.77,6.2,3.6,9.4,9.66,300,0
1004.4,0.77,6.2,3.6,9.4,11.27,210,0
1004.4,0.77,6.2,3.6,9.4,3.22,10,0
1004.4,0.77,6.2,3.6,9.4,20.87,351,2
1004.4,0.77,6.2,3.6,9.4,7.79,221,0
1004.4,1.22,13.1,8.5,19.1,3.74,276,0
1004.4,1.22,13.1,8.5,19.1,13.41,328,0
1004.4,1.22,13.1,8.5,19.1,3.62,222,0
1004.4,1.22,13.1,8.5,19.1,14.35,151,0
1004.4,1.22,13.1,8.5,19.1,41.86,150,2
1004.4,1.22,13.1,8.5,19.1,38.64,160,2
1004.4,1.22,13.1,8.5,19.1,25.76,70,2
1004.4,1.22,13.1,8.5,19.1,22.54,170,2
1004.4,1.22,13.1,8.5,19.1,0.0,0,0
1004.4,1.22,13.1,8.5,19.1,20.5,329,2
1004.4,1.22,13.1,8.5,19.1,14.49,160,0
1004.4,1.22,13.1,8.5,19.1,8.24,112,0
1004.4,1.22,13.1,8.5,19.1,11.27,110,0
1004.4,1.22,13.1,8.5,19.1,3.22,0,0
1004.4,1.22,13.1,8.5,19.1,41.52,312,2
1004.4,1.22,13.1,8.5,19.1,17.71,120,2
1004.4,1.22,13.1,8.5,19.1,14.25,227,0
1004.4,1.22,13.1,8.5,19.1,9.66,300,0
1004.4,1.22,13.1,8.5,19.1,11.27,210,0
1004.4,1.22,13.1,8.5,19.1,3.22,10,0
1004.4,1.22,13.1,8.5,19.1,20.87,351,2
1004.4,1.22,13.1,8.5,19.1,7.79,221,0
1004.4,0.18,0.6,-0.5,4.0,3.74,276,0
1004.4,0.18,0.6,-0.5,4.0,13.41,328,0
1004.4,0.18,0.6,-0.5,4.0,3.62,222,0
1004.4,0.18,0.6,-0.5,4.0,14.35,151,0
1004.4,0.18,0.6,-0.5,4.0,41.86,150,2
1004.4,0.18,0.6,-0.5,4.0,38.64,160,2
1004.4,0.18,0.6,-0.5,4.0,25.76,70,2
1004.4,0.18,0.6,-0.5,4.0,22.54,170,2
1004.4,0.18,0.6,-0.5,4.0,0.0,0,0
1004.4,0.18,0.6,-0.5,4.0,20.5,329,2
1004.4,0.18,0.6,-0.5,4.0,14.49,160,0
1004.4,0.18,0.6,-0.5,4.0,8.24,112,0
1004.4,0.18,0.6,-0.5,4.0,11.27,110,0
1004.4,0.18,0.6,-0.5,4.0,3.22,0,0
1004.4,0.18,0.6,-0.5,4.0,41.52,312,2
1004.4,0.18,0.6,-0.5,4.0,17.71,120,2
1004.4,0.18,0.6,-0.5,4.0,14.25,227,0
1004.4,0.18,0.6,-0.5,4.0,9.66,300,0
1004.4,0.18,0.6,-0.5,4.0,11.27,210,0
1004.4,0.18,0.6,-0.5,4.0,3.22,10,0
1004.4,0.18,0.6,-0.5,4.0,20.87,351,2
1004.4,0.18,0.6,-0.5,4.0,7.79,221,0
1004.4,0.15,9.9,7.2,12.7,3.74,276,0
1004.4,0.15,9.9,7.2,12.7,13.41,328,0
1004.4,0.15,9.9,7.2,12.7,3.62,222,0
1004.4,0.15,9.9,7.2,12.7,14.35,151,0
1004.4,0.15,9.9,7.2,12.7,41.86,150,2
1004.4,0.15,9.9,7.2,12.7,38.64,160,2
1004.4,0.15,9.9,7.2,12.7,25.76,70,2
1004.4,0.15,9.9,7.2,12.7,22.54,170,2
1004.4,0.15,9.9,7.2,12.7,0.0,0,0
1004.4,0.15,9.9,7.2,12.7,20.5,329,2
1004.4,0.15,9.9,7.2,12.7,14.49,160,0
1004.4,0.15,9.9,7.2,12.7,8.24,112,0
1004.4,0.15,9.9,7.2,12.7,11.27,110,0
1004.4,0.15,9.9,7.2,12.7,3.22,0,0
1004.4,0.15,9.9,7.2,12.7,41.52,312,2
1004.4,0.15,9.9,7.2,12.7,17.71,120,2
1004.4,0.15,9.9,7.2,12.7,14.25,227,0
1004.4,0.15,9.9,7.2,12.7,9.66,300,0
1004.4,0.15,9.9,7.2,12.7,11.27,210,0
1004.4,0.15,9.9,7.2,12.7,3.22,10,0
1004.4,0.15,9.9,7.2,12.7,20.87,351,2
1004.4,0.15,9.9,7.2,12.7,7.79,221,0
1004.4,0.61,11.2,8.2,13.6,3.74,276,0
1004.4,0.61,11.2,8.2,13.6,13.41,328,0
1004.4,0.61,11.2,8.2,13.6,3.62,222,0
1004.4,0.61,11.2,8.2,13.6,14.35,151,0
1004.4,0.61,11.2,8.2,13.6,41.86,150,2
1004.4,0.61,11.2,8.2,13.6,38.64,160,2
1004.4,0.61,11.2,8.2,13.6,25.76,70,2
1004.4,0.61,11.2,8.2,13.6,22.54,170,2
1004.4,0.61,11.2,8.2,13.6,0.0,0,0
1004.4,0.61,11.2,8.2,13.6,20.5,329,2
1004.4,0.61,11.2,8.2,13.6,14.49,160,0
1004.4,0.61,11.2,8.2,13.6,8.24,112,0
1004.4,0.61,11.2,8.2,13.6,11.27,110,0
1004.4,0.61,11.2,8.2,13.6,3.22,0,0
1004.4,0.61,11.2,8.2,13.6,41.52,312,2
1004.4,0.61,11.2,8.2,13.6,17.71,120,2
1004.4,0.61,11.2,8.2,13.6,14.25,227,0
1004.4,0.61,11.2,8.2,13.6,9.66,300,0
1004.4,0.61,11.2,8.2,13.6,11.27,210,0
1004.4,0.61,11.2,8.2,13.6,3.22,10,0
1004.4,0.61,11.2,8.2,13.6,20.87,351,2
1004.4,0.61,11.2,8.2,13.6,7.79,221,0
1004.4,0.17,3.5,-1.2,6.0,3.74,276,0
1004.4,0.17,3.5,-1.2,6.0,13.41,328,0
1004.4,0.17,3.5,-1.2,6.0,3.62,222,0
1004.4,0.17,3.5,-1.2,6.0,14.35,151,0
1004.4,0.17,3.5,-1.2,6.0,41.86,150,2
1004.4,0.17,3.5,-1.2,6.0,38.64,160,2
1004.4,0.17,3.5,-1.2,6.0,25.76,70,2
1004.4,0.17,3.5,-1.2,6.0,22.54,170,2
1004.4,0.17,3.5,-1.2,6.0,0.0,0,0
1004.4,0.17,3.5,-1.2,6.0,20.5,329,2
1004.4,0.17,3.5,-1.2,6.0,14.49,160,0
1004.4,0.17,3.5,-1.2,6.0,8.24,112,0
1004.4,0.17,3.5,-1.2,6.0,11.27,110,0
